id,nom,pays_code,pays_nom,langue,type_media,famille_media,thematique_media,couverture_geo,url,groupe_media,ville,periodicite,source_liste,priorite_rp
MED-BE-0001,Belga,BE,Belgique,fr,AGENCES,Agences de presse,Actualités-Infos Générales,Nationale,https://www.belganewsagency.eu/,Belga News Agency,Bruxelles,Continu,SEED,1
MED-BE-0002,De Morgen,BE,Belgique,nl,PRESSE,PQN (Quotidiens nationaux),Actualités-Infos Générales,Nationale,https://www.demorgen.be,DPG Media,Bruxelles,Quotidien,SEED,1
MED-BE-0003,De Standaard,BE,Belgique,nl,PRESSE,PQN (Quotidiens nationaux),Actualités-Infos Générales,Nationale,https://www.standaard.be,Mediahuis,Bruxelles,Quotidien,SEED,1
MED-BE-0004,De Tijd,BE,Belgique,nl,PRESSE,Médias professionnels,Economie - Services,Nationale,https://www.tijd.be,Mediafin (Rossel / Roularta),Bruxelles,Quotidien,SEED,1
MED-BE-0005,Het Laatste Nieuws,BE,Belgique,nl,PRESSE,PQN (Quotidiens nationaux),Actualités-Infos Générales,Nationale,https://www.hln.be,DPG Media,Anvers,Quotidien,SEED,1
MED-BE-0006,Het Nieuwsblad,BE,Belgique,nl,PRESSE,PQN (Quotidiens nationaux),Actualités-Infos Générales,Nationale,https://www.nieuwsblad.be,Mediahuis,Anvers,Quotidien,SEED,1
MED-BE-0007,La Libre Belgique,BE,Belgique,fr,PRESSE,PQN (Quotidiens nationaux),Actualités-Infos Générales,Nationale,https://www.lalibre.be,IPM Group,Bruxelles,Quotidien,SEED,1
MED-BE-0008,L'Echo,BE,Belgique,fr,PRESSE,Médias professionnels,Economie - Services,Nationale,https://www.lecho.be,Mediafin (Rossel / Roularta),Bruxelles,Quotidien,SEED,1
MED-BE-0009,Le Soir,BE,Belgique,fr,PRESSE,PQN (Quotidiens nationaux),Actualités-Infos Générales,Nationale,https://www.lesoir.be,Groupe Rossel,Bruxelles,Quotidien,SEED,1
MED-BE-0010,RTBF / La Une,BE,Belgique,fr,TV,TV Grandes Chaînes,Actualités-Infos Générales,Nationale,https://www.rtbf.be,RTBF,Bruxelles,Continu,SEED,1
MED-BE-0011,RTL-TVI,BE,Belgique,fr,TV,TV Grandes Chaînes,Actualités-Infos Générales,Nationale,https://www.rtl.be,RTL Belgium,Bruxelles,Continu,SEED,1
MED-BE-0012,VRT NWS,BE,Belgique,nl,TV,TV Grandes Chaînes,Actualités-Infos Générales,Nationale,https://www.vrt.be/vrtnws,VRT,Bruxelles,Continu,SEED,1
MED-BE-0013,VTM,BE,Belgique,nl,TV,TV Grandes Chaînes,Actualités-Infos Générales,Nationale,https://www.vtm.be,DPG Media,Vilvoorde,Continu,SEED,1
MED-BE-0014,7sur7,BE,Belgique,fr,WEB,Médias d'information générale (hors PQN),Actualités-Infos Générales,Nationale,https://www.7sur7.be,DPG Media,Anvers,Continu,SEED,2
MED-BE-0015,Bel RTL,BE,Belgique,fr,RADIO,Radios Nationales,Actualités-Infos Générales,Nationale,https://www.belrtl.be,RTL Belgium,Bruxelles,Continu,SEED,2
MED-BE-0016,BRUZZ,BE,Belgique,nl,WEB,Médias régionaux (hors PQR),Actualités-Infos Générales,Régionale/Départementale,https://www.bruzz.be,Vlaams-Brusselse Media,Bruxelles,Continu,SEED,2
MED-BE-0017,Gazet van Antwerpen,BE,Belgique,nl,PRESSE,PQR/PQD (Quotidiens régionaux),Actualités-Infos Générales,Régionale/Départementale,https://www.gva.be,Mediahuis,Anvers,Quotidien,SEED,2
MED-BE-0018,Het Belang van Limburg,BE,Belgique,nl,PRESSE,PQR/PQD (Quotidiens régionaux),Actualités-Infos Générales,Régionale/Départementale,https://www.hbvl.be,Mediahuis,Hasselt,Quotidien,SEED,2
MED-BE-0019,Knack,BE,Belgique,nl,PRESSE,Médias d'information générale (hors PQN),Actualités-Infos Générales,Nationale,https://www.knack.be,Roularta Media Group,Bruxelles,Hebdomadaire,SEED,2
MED-BE-0020,La DH / La Dernière Heure,BE,Belgique,fr,PRESSE,PQN (Quotidiens nationaux),Actualités-Infos Générales,Nationale,https://www.dhnet.be,IPM Group,Bruxelles,Quotidien,SEED,2
MED-BE-0021,La Première,BE,Belgique,fr,RADIO,Radios Nationales,Actualités-Infos Générales,Nationale,https://www.rtbf.be/lapremiere,RTBF,Bruxelles,Continu,SEED,2
MED-BE-0022,L'Avenir,BE,Belgique,fr,PRESSE,PQR/PQD (Quotidiens régionaux),Actualités-Infos Générales,Régionale/Départementale,https://www.lavenir.net,IPM Group,Namur,Quotidien,SEED,2
MED-BE-0023,Le Vif,BE,Belgique,fr,PRESSE,Médias d'information générale (hors PQN),Actualités-Infos Générales,Nationale,https://www.levif.be,Roularta Media Group,Bruxelles,Hebdomadaire,SEED,2
MED-BE-0024,LN24,BE,Belgique,fr,TV,TV Grandes Chaînes,Actualités-Infos Générales,Nationale,https://www.ln24.be,IPM Group,Bruxelles,Continu,SEED,2
MED-BE-0025,Radio 1,BE,Belgique,nl,RADIO,Radios Nationales,Actualités-Infos Générales,Nationale,https://www.radio1.be,VRT,Bruxelles,Continu,SEED,2
MED-BE-0026,Sudinfo,BE,Belgique,fr,PRESSE,PQR/PQD (Quotidiens régionaux),Actualités-Infos Générales,Régionale/Départementale,https://www.sudinfo.be,Groupe Rossel,Liège,Quotidien,SEED,2
MED-BE-0027,Trends / Trends-Tendances,BE,Belgique,nl,PRESSE,Médias professionnels,Economie - Services,Nationale,https://www.trends.be,Roularta Media Group,Bruxelles,Hebdomadaire,SEED,2
MED-BE-0028,Apache,BE,Belgique,nl,WEB,Médias d'information générale (hors PQN),Actualités-Infos Générales,Nationale,https://www.apache.be,Apache,Anvers,Continu,SEED,3
MED-BE-0029,GrenzEcho,BE,Belgique,de,PRESSE,PQR/PQD (Quotidiens régionaux),Actualités-Infos Générales,Régionale/Départementale,https://www.grenzecho.net,Grenz-Echo / Groupe Rossel,Eupen,Quotidien,SEED,3
MED-BE-0030,Metro Belgique,BE,Belgique,fr,PRESSE,PQN (Quotidiens nationaux),Actualités-Infos Générales,Nationale,https://www.metrotime.be,Groupe Rossel,Bruxelles,Quotidien,SEED,3
MED-BE-0031,Qmusic,BE,Belgique,nl,RADIO,Radios Nationales,Actualités-Infos Générales,Nationale,https://qmusic.be,DPG Media,Vilvoorde,Continu,SEED,3
MED-BE-0032,Radio Contact,BE,Belgique,fr,RADIO,Radios Nationales,Actualités-Infos Générales,Nationale,https://www.radiocontact.be,RTL Belgium,Bruxelles,Continu,SEED,3
MED-BE-0033,100.5 Das Hitradio,BE,Belgique,nl,RADIO,Radios Régionales,Actualités-Infos Générales,Régionale/Départementale,https://en.wikipedia.org/wiki/100.5_Das_Hitradio,,,,WIKIPEDIA,3
MED-BE-0034,21News,BE,Belgique,nl,WEB,Médias d'information générale (hors PQN),Actualités-Infos Générales,Nationale,https://en.wikipedia.org/wiki/21News,,,,WIKIPEDIA,3
MED-BE-0035,24h01,BE,Belgique,nl,PRESSE,Médias d'information générale (hors PQN),Actualités-Infos Générales,Nationale,https://en.wikipedia.org/wiki/24h01,,,,WIKIPEDIA,3
MED-BE-0036,4fm,BE,Belgique,nl,RADIO,Radios Régionales,Actualités-Infos Générales,Régionale/Départementale,https://nl.wikipedia.org/wiki/4fm,,,,WIKIPEDIA,3
MED-BE-0037,927Live,BE,Belgique,nl,RADIO,Radios Régionales,Actualités-Infos Générales,Régionale/Départementale,https://nl.wikipedia.org/wiki/927Live,,,,WIKIPEDIA,3
MED-BE-0038,Aan de Schreve,BE,Belgique,nl,PRESSE,Médias d'information générale (hors PQN),Actualités-Infos Générales,Nationale,https://nl.wikipedia.org/wiki/Aan_de_Schreve,,,,WIKIPEDIA,3
MED-BE-0039,AB3,BE,Belgique,fr,TV,TV Grandes Chaînes,Actualités-Infos Générales,Nationale,https://fr.wikipedia.org/wiki/AB3,,,,WIKIPEDIA,3
MED-BE-0040,AB4,BE,Belgique,fr,TV,TV Grandes Chaînes,Actualités-Infos Générales,Nationale,https://fr.wikipedia.org/wiki/AB4,,,,WIKIPEDIA,3
MED-BE-0041,ABX,BE,Belgique,fr,TV,TV Grandes Chaînes,Actualités-Infos Générales,Nationale,https://fr.wikipedia.org/wiki/ABX_%28cha%C3%AEne_de_t%C3%A9l%C3%A9vision%29,,,,WIKIPEDIA,3
MED-BE-0042,Actua TV,BE,Belgique,fr,TV,TV Grandes Chaînes,Actualités-Infos Générales,Nationale,https://fr.wikipedia.org/wiki/Actua_TV,,,,WIKIPEDIA,3
MED-BE-0043,Actustar,BE,Belgique,nl,PRESSE,Médias d'information générale (hors PQN),Actualités-Infos Générales,Nationale,https://en.wikipedia.org/wiki/Actustar,,,,WIKIPEDIA,3
MED-BE-0044,Aéro Magazine,BE,Belgique,fr,PRESSE,Médias d'information générale (hors PQN),Actualités-Infos Générales,Nationale,https://fr.wikipedia.org/wiki/A%C3%A9ro_Magazine,,,,WIKIPEDIA,3
MED-BE-0045,Akkoord,BE,Belgique,nl,PRESSE,Médias d'information générale (hors PQN),Actualités-Infos Générales,Nationale,https://nl.wikipedia.org/wiki/Akkoord_%28contactblad%29,,,,WIKIPEDIA,3
MED-BE-0046,Aktief,BE,Belgique,nl,PRESSE,Médias d'information générale (hors PQN),Actualités-Infos Générales,Nationale,https://nl.wikipedia.org/wiki/Aktief,,,,WIKIPEDIA,3
MED-BE-0047,Albania,BE,Belgique,nl,PRESSE,Médias d'information générale (hors PQN),Actualités-Infos Générales,Nationale,https://en.wikipedia.org/wiki/Albania_%28periodical%29,,,,WIKIPEDIA,3
MED-BE-0048,A Magazine,BE,Belgique,nl,PRESSE,Médias d'information générale (hors PQN),Actualités-Infos Générales,Nationale,https://nl.wikipedia.org/wiki/A_Magazine,,,,WIKIPEDIA,3
MED-BE-0049,Antwerpen 1,BE,Belgique,nl,RADIO,Radios Régionales,Actualités-Infos Générales,Régionale/Départementale,https://nl.wikipedia.org/wiki/Antwerpen_1,,,,WIKIPEDIA,3
MED-BE-0050,Antwerpen FM,BE,Belgique,nl,RADIO,Radios Régionales,Actualités-Infos Générales,Régionale/Départementale,https://nl.wikipedia.org/wiki/Antwerpen_FM,,,,WIKIPEDIA,3
MED-BE-0051,Apache.be,BE,Belgique,nl,WEB,Médias d'information générale (hors PQN),Actualités-Infos Générales,Nationale,https://en.wikipedia.org/wiki/Apache.be,,,,WIKIPEDIA,3
MED-BE-0052,Approches,BE,Belgique,nl,PRESSE,Médias d'information générale (hors PQN),Actualités-Infos Générales,Nationale,https://nl.wikipedia.org/wiki/Approches,,,,WIKIPEDIA,3
MED-BE-0053,Artsenkrant,BE,Belgique,nl,PRESSE,PQN (Quotidiens nationaux),Actualités-Infos Générales,Nationale,https://nl.wikipedia.org/wiki/Artsenkrant,,,,WIKIPEDIA,3
MED-BE-0054,Association pour la libération des ondes,BE,Belgique,fr,RADIO,Radios Régionales,Actualités-Infos Générales,Régionale/Départementale,https://fr.wikipedia.org/wiki/Association_pour_la_lib%C3%A9ration_des_ondes,,,,WIKIPEDIA,3
MED-BE-0055,À Suivre,BE,Belgique,nl,PRESSE,Médias d'information générale (hors PQN),Actualités-Infos Générales,Nationale,https://en.wikipedia.org/wiki/%C3%80_Suivre,,,,WIKIPEDIA,3
MED-BE-0056,ATV,BE,Belgique,nl,TV,TV Grandes Chaînes,Actualités-Infos Générales,Nationale,https://nl.wikipedia.org/wiki/ATV_%28Antwerpse_televisie%29,,,,WIKIPEDIA,3
MED-BE-0057,AutoGids,BE,Belgique,nl,PRESSE,Médias d'information générale (hors PQN),Actualités-Infos Générales,Nationale,https://nl.wikipedia.org/wiki/AutoGids,,,,WIKIPEDIA,3
MED-BE-0058,Auvio Kids TV,BE,Belgique,fr,TV,TV Grandes Chaînes,Actualités-Infos Générales,Nationale,https://fr.wikipedia.org/wiki/Auvio_Kids_TV,,,,WIKIPEDIA,3
MED-BE-0059,AVS,BE,Belgique,nl,TV,TV Grandes Chaînes,Actualités-Infos Générales,Nationale,https://nl.wikipedia.org/wiki/AVS_%28televisiezender%29,,,,WIKIPEDIA,3
MED-BE-0060,Back To The Roots,BE,Belgique,nl,PRESSE,Médias d'information générale (hors PQN),Actualités-Infos Générales,Nationale,https://nl.wikipedia.org/wiki/Back_To_The_Roots,,,,WIKIPEDIA,3
MED-BE-0061,Bahamontes,BE,Belgique,nl,PRESSE,Médias d'information générale (hors PQN),Actualités-Infos Générales,Nationale,https://nl.wikipedia.org/wiki/Bahamontes,,,,WIKIPEDIA,3
MED-BE-0062,BBC NL,BE,Belgique,fr,TV,TV Grandes Chaînes,Actualités-Infos Générales,Nationale,https://fr.wikipedia.org/wiki/BBC_NL,,,,WIKIPEDIA,3
MED-BE-0063,Be 1,BE,Belgique,fr,TV,TV Grandes Chaînes,Actualités-Infos Générales,Nationale,https://fr.wikipedia.org/wiki/Be_1,,,,WIKIPEDIA,3
MED-BE-0064,Belgische Radio- en Televisieomroep,BE,Belgique,fr,RADIO,Radios Régionales,Actualités-Infos Générales,Régionale/Départementale,https://fr.wikipedia.org/wiki/Belgische_Radio-_en_Televisieomroep,,,,WIKIPEDIA,3
MED-BE-0065,Belgium,BE,Belgique,fr,RADIO,Radios Régionales,Actualités-Infos Générales,Régionale/Départementale,https://fr.wikipedia.org/wiki/Belgium_%28journal%29,,,,WIKIPEDIA,3
MED-BE-0066,Beter Bouwen & Verbouwen,BE,Belgique,nl,PRESSE,Médias d'information générale (hors PQN),Actualités-Infos Générales,Nationale,https://nl.wikipedia.org/wiki/Beter_Bouwen_%26_Verbouwen,,,,WIKIPEDIA,3
MED-BE-0067,BFM Belgium,BE,Belgique,nl,RADIO,Radios Régionales,Actualités-Infos Générales,Régionale/Départementale,https://en.wikipedia.org/wiki/BFM_Belgium,,,,WIKIPEDIA,3
MED-BE-0068,Biekorf,BE,Belgique,nl,PRESSE,Médias d'information générale (hors PQN),Actualités-Infos Générales,Nationale,https://nl.wikipedia.org/wiki/Biekorf_%28tijdschrift%29,,,,WIKIPEDIA,3
MED-BE-0069,Bij de Haard,BE,Belgique,nl,PRESSE,Médias d'information générale (hors PQN),Actualités-Infos Générales,Nationale,https://nl.wikipedia.org/wiki/Bij_de_Haard_%28tijdschrift%29,,,,WIKIPEDIA,3
MED-BE-0070,Blik,BE,Belgique,nl,PRESSE,Médias d'information générale (hors PQN),Actualités-Infos Générales,Nationale,https://nl.wikipedia.org/wiki/Blik_%28tijdschrift%29,,,,WIKIPEDIA,3
MED-BE-0071,Blokwatch,BE,Belgique,nl,WEB,Médias d'information générale (hors PQN),Actualités-Infos Générales,Nationale,https://en.wikipedia.org/wiki/Blokwatch,,,,WIKIPEDIA,3
MED-BE-0072,BNL,BE,Belgique,nl,RADIO,Radios Régionales,Actualités-Infos Générales,Régionale/Départementale,https://nl.wikipedia.org/wiki/BNL,,,,WIKIPEDIA,3
MED-BE-0073,Boer&Tuinder,BE,Belgique,nl,PRESSE,Médias d'information générale (hors PQN),Actualités-Infos Générales,Nationale,https://nl.wikipedia.org/wiki/Boer%26Tuinder,,,,WIKIPEDIA,3
MED-BE-0074,Boukè,BE,Belgique,fr,TV,TV Régionales,Actualités-Infos Générales,Régionale/Départementale,https://fr.wikipedia.org/wiki/Bouk%C3%A8,,,,WIKIPEDIA,3
MED-BE-0075,Bravo!,BE,Belgique,nl,PRESSE,Médias d'information générale (hors PQN),Actualités-Infos Générales,Nationale,https://nl.wikipedia.org/wiki/Bravo%21_%28striptijdschrift%29,,,,WIKIPEDIA,3
MED-BE-0076,BRF1,BE,Belgique,nl,RADIO,Radios Régionales,Actualités-Infos Générales,Régionale/Départementale,https://en.wikipedia.org/wiki/BRF1,,,,WIKIPEDIA,3
MED-BE-0077,BRF Fernsehen,BE,Belgique,fr,TV,TV Grandes Chaînes,Actualités-Infos Générales,Nationale,https://fr.wikipedia.org/wiki/BRF_Fernsehen,,,,WIKIPEDIA,3
MED-BE-0078,Brood & Rozen,BE,Belgique,nl,PRESSE,Médias d'information générale (hors PQN),Actualités-Infos Générales,Nationale,https://nl.wikipedia.org/wiki/Brood_%26_Rozen,,,,WIKIPEDIA,3
MED-BE-0079,BRTN TV2,BE,Belgique,nl,TV,TV Grandes Chaînes,Actualités-Infos Générales,Nationale,https://nl.wikipedia.org/wiki/BRTN_TV2,,,,WIKIPEDIA,3
MED-BE-0080,Brüsseler Zeitung,BE,Belgique,de,PRESSE,PQR/PQD (Quotidiens régionaux),Actualités-Infos Générales,Régionale/Départementale,https://de.wikipedia.org/wiki/Br%C3%BCsseler_Zeitung,,,,WIKIPEDIA,3
MED-BE-0081,Brusselse cahiers,BE,Belgique,nl,PRESSE,Médias d'information générale (hors PQN),Actualités-Infos Générales,Nationale,https://nl.wikipedia.org/wiki/Brusselse_cahiers,,,,WIKIPEDIA,3
MED-BE-0082,BX1,BE,Belgique,fr,TV,TV Régionales,Actualités-Infos Générales,Régionale/Départementale,https://fr.wikipedia.org/wiki/BX1,,,,WIKIPEDIA,3
MED-BE-0083,Campagne des V,BE,Belgique,fr,RADIO,Radios Régionales,Actualités-Infos Générales,Régionale/Départementale,https://fr.wikipedia.org/wiki/Campagne_des_V,,,,WIKIPEDIA,3
MED-BE-0084,Canal Zoom,BE,Belgique,fr,TV,TV Régionales,Actualités-Infos Générales,Régionale/Départementale,https://fr.wikipedia.org/wiki/Canal_Zoom,,,,WIKIPEDIA,3
MED-BE-0085,Canvas+,BE,Belgique,nl,TV,TV Grandes Chaînes,Actualités-Infos Générales,Nationale,https://nl.wikipedia.org/wiki/Canvas%2B,,,,WIKIPEDIA,3
MED-BE-0086,Carrefour,BE,Belgique,nl,PRESSE,Médias d'information générale (hors PQN),Actualités-Infos Générales,Nationale,https://nl.wikipedia.org/wiki/Carrefour_%28tijdschrift%29,,,,WIKIPEDIA,3
MED-BE-0087,C-Dance,BE,Belgique,nl,RADIO,Radios Régionales,Actualités-Infos Générales,Régionale/Départementale,https://en.wikipedia.org/wiki/C-Dance,,,,WIKIPEDIA,3
MED-BE-0088,Champagne FM,BE,Belgique,fr,RADIO,Radios Régionales,Actualités-Infos Générales,Régionale/Départementale,https://fr.wikipedia.org/wiki/Champagne_FM,,,,WIKIPEDIA,3
MED-BE-0089,Charlie Magazine,BE,Belgique,nl,PRESSE,Médias d'information générale (hors PQN),Actualités-Infos Générales,Nationale,https://nl.wikipedia.org/wiki/Charlie_Magazine,,,,WIKIPEDIA,3
MED-BE-0090,Chérie FM Belgique,BE,Belgique,fr,RADIO,Radios Régionales,Actualités-Infos Générales,Régionale/Départementale,https://fr.wikipedia.org/wiki/Ch%C3%A9rie_FM_Belgique,,,,WIKIPEDIA,3
MED-BE-0091,Ciné Télé Revue,BE,Belgique,nl,PRESSE,Médias d'information générale (hors PQN),Actualités-Infos Générales,Nationale,https://en.wikipedia.org/wiki/Cin%C3%A9_T%C3%A9l%C3%A9_Revue,,,,WIKIPEDIA,3
MED-BE-0092,Cineuropa,BE,Belgique,nl,WEB,Médias d'information générale (hors PQN),Actualités-Infos Générales,Nationale,https://en.wikipedia.org/wiki/Cineuropa,,,,WIKIPEDIA,3
MED-BE-0093,Classic 21,BE,Belgique,nl,RADIO,Radios Régionales,Actualités-Infos Générales,Régionale/Départementale,https://en.wikipedia.org/wiki/Classic_21,,,,WIKIPEDIA,3
MED-BE-0094,Clickx,BE,Belgique,nl,PRESSE,Médias d'information générale (hors PQN),Actualités-Infos Générales,Nationale,https://nl.wikipedia.org/wiki/Clickx,,,,WIKIPEDIA,3
MED-BE-0095,ClubFM,BE,Belgique,nl,RADIO,Radios Régionales,Actualités-Infos Générales,Régionale/Départementale,https://nl.wikipedia.org/wiki/ClubFM,,,,WIKIPEDIA,3
MED-BE-0096,Combat,BE,Belgique,nl,PRESSE,Médias d'information générale (hors PQN),Actualités-Infos Générales,Nationale,https://nl.wikipedia.org/wiki/Combat_%28tijdschrift%29,,,,WIKIPEDIA,3
MED-BE-0097,Conseil supérieur de l'audiovisuel,BE,Belgique,fr,RADIO,Radios Régionales,Actualités-Infos Générales,Régionale/Départementale,https://fr.wikipedia.org/wiki/Conseil_sup%C3%A9rieur_de_l%27audiovisuel_%28Belgique%29,,,,WIKIPEDIA,3
MED-BE-0098,Cool FM,BE,Belgique,nl,RADIO,Radios Régionales,Actualités-Infos Générales,Régionale/Départementale,https://nl.wikipedia.org/wiki/Cool_FM,,,,WIKIPEDIA,3
MED-BE-0099,Crazy FM,BE,Belgique,nl,RADIO,Radios Régionales,Actualités-Infos Générales,Régionale/Départementale,https://nl.wikipedia.org/wiki/Crazy_FM,,,,WIKIPEDIA,3
MED-BE-0100,Crooze FM,BE,Belgique,nl,RADIO,Radios Régionales,Actualités-Infos Générales,Régionale/Départementale,https://en.wikipedia.org/wiki/Crooze_FM,,,,WIKIPEDIA,3
MED-BE-0101,DAZN,BE,Belgique,fr,TV,TV Grandes Chaînes,Actualités-Infos Générales,Nationale,https://fr.wikipedia.org/wiki/DAZN_%28Belgique%29,,,,WIKIPEDIA,3
MED-BE-0102,De Beiaard,BE,Belgique,nl,PRESSE,PQR/PQD (Quotidiens régionaux),Actualités-Infos Générales,Régionale/Départementale,https://nl.wikipedia.org/wiki/De_Beiaard_%28Zottegem%29,,,,WIKIPEDIA,3
MED-BE-0103,De Belgische Socialist,BE,Belgique,nl,PRESSE,Médias d'information générale (hors PQN),Actualités-Infos Générales,Nationale,https://nl.wikipedia.org/wiki/De_Belgische_Socialist,,,,WIKIPEDIA,3
MED-BE-0104,De Blauwe Wimpel,BE,Belgique,nl,PRESSE,Médias d'information générale (hors PQN),Actualités-Infos Générales,Nationale,https://nl.wikipedia.org/wiki/De_Blauwe_Wimpel,,,,WIKIPEDIA,3
MED-BE-0105,De Boerin,BE,Belgique,nl,PRESSE,Médias d'information générale (hors PQN),Actualités-Infos Générales,Nationale,https://nl.wikipedia.org/wiki/De_Boerin,,,,WIKIPEDIA,3
MED-BE-0106,De Bond,BE,Belgique,nl,PRESSE,Médias d'information générale (hors PQN),Actualités-Infos Générales,Nationale,https://nl.wikipedia.org/wiki/De_Bond_%28weekblad%29,,,,WIKIPEDIA,3
MED-BE-0107,De Finale,BE,Belgique,nl,TV,TV Grandes Chaînes,Actualités-Infos Générales,Nationale,https://nl.wikipedia.org/wiki/De_Finale,,,,WIKIPEDIA,3
MED-BE-0108,De Financieel-Economische Tijd,BE,Belgique,nl,PRESSE,Médias régionaux (hors PQR),Actualités-Infos Générales,Régionale/Départementale,https://nl.wikipedia.org/wiki/De_Financieel-Economische_Tijd,,,,WIKIPEDIA,3
MED-BE-0109,De Geïllustreerde Kinderwereld,BE,Belgique,nl,PRESSE,Médias d'information générale (hors PQN),Actualités-Infos Générales,Nationale,https://nl.wikipedia.org/wiki/De_Ge%C3%AFllustreerde_Kinderwereld,,,,WIKIPEDIA,3
MED-BE-0110,De Gentenaar,BE,Belgique,nl,PRESSE,PQR/PQD (Quotidiens régionaux),Actualités-Infos Générales,Régionale/Départementale,https://nl.wikipedia.org/wiki/De_Gentenaar,,,,WIKIPEDIA,3
MED-BE-0111,De Gulden Passer,BE,Belgique,nl,PRESSE,Médias d'information générale (hors PQN),Actualités-Infos Générales,Nationale,https://nl.wikipedia.org/wiki/De_Gulden_Passer,,,,WIKIPEDIA,3
MED-BE-0112,De Haardvriend,BE,Belgique,nl,PRESSE,Médias d'information générale (hors PQN),Actualités-Infos Générales,Nationale,https://nl.wikipedia.org/wiki/De_Haardvriend,,,,WIKIPEDIA,3
MED-BE-0113,De Kindervriend,BE,Belgique,nl,PRESSE,Médias d'information générale (hors PQN),Actualités-Infos Générales,Nationale,https://nl.wikipedia.org/wiki/De_Kindervriend,,,,WIKIPEDIA,3
MED-BE-0114,De Kruisbanier,BE,Belgique,nl,PRESSE,Médias d'information générale (hors PQN),Actualités-Infos Générales,Nationale,https://nl.wikipedia.org/wiki/De_Kruisbanier,,,,WIKIPEDIA,3
MED-BE-0115,De lage landen,BE,Belgique,nl,PRESSE,Médias d'information générale (hors PQN),Actualités-Infos Générales,Nationale,https://nl.wikipedia.org/wiki/De_lage_landen_%28tijdschrift%29,,,,WIKIPEDIA,3
MED-BE-0116,De Leiegouw,BE,Belgique,nl,PRESSE,Médias d'information générale (hors PQN),Actualités-Infos Générales,Nationale,https://nl.wikipedia.org/wiki/De_Leiegouw_%28tijdschrift%29,,,,WIKIPEDIA,3
MED-BE-0117,De Lloyd,BE,Belgique,nl,PRESSE,PQR/PQD (Quotidiens régionaux),Actualités-Infos Générales,Régionale/Départementale,https://nl.wikipedia.org/wiki/De_Lloyd,,,,WIKIPEDIA,3
MED-BE-0118,De Magneet,BE,Belgique,nl,PRESSE,Médias d'information générale (hors PQN),Actualités-Infos Générales,Nationale,https://nl.wikipedia.org/wiki/De_Magneet,,,,WIKIPEDIA,3
MED-BE-0119,De Nieuwe Werker,BE,Belgique,nl,PRESSE,Médias d'information générale (hors PQN),Actualités-Infos Générales,Nationale,https://nl.wikipedia.org/wiki/De_Nieuwe_Werker,,,,WIKIPEDIA,3
MED-BE-0120,De Nieuwsgierige Hasselaar,BE,Belgique,nl,PRESSE,PQR/PQD (Quotidiens régionaux),Actualités-Infos Générales,Régionale/Départementale,https://nl.wikipedia.org/wiki/De_Nieuwsgierige_Hasselaar,,,,WIKIPEDIA,3
MED-BE-0121,Derlike,BE,Belgique,nl,PRESSE,Médias d'information générale (hors PQN),Actualités-Infos Générales,Nationale,https://nl.wikipedia.org/wiki/Derlike_%28tijdschrift%29,,,,WIKIPEDIA,3
MED-BE-0122,De Stem der Belgen,BE,Belgique,nl,PRESSE,PQR/PQD (Quotidiens régionaux),Actualités-Infos Générales,Régionale/Départementale,https://nl.wikipedia.org/wiki/De_Stem_der_Belgen,,,,WIKIPEDIA,3
MED-BE-0123,De stoeten Ostendenoare,BE,Belgique,nl,PRESSE,Médias d'information générale (hors PQN),Actualités-Infos Générales,Nationale,https://nl.wikipedia.org/wiki/De_stoeten_Ostendenoare,,,,WIKIPEDIA,3
MED-BE-0124,Deutsche-Brüsseler-Zeitung,BE,Belgique,nl,PRESSE,PQR/PQD (Quotidiens régionaux),Actualités-Infos Générales,Régionale/Départementale,https://nl.wikipedia.org/wiki/Deutsche-Br%C3%BCsseler-Zeitung,,,,WIKIPEDIA,3
MED-BE-0125,De Vlaamsche Stem,BE,Belgique,nl,PRESSE,PQR/PQD (Quotidiens régionaux),Actualités-Infos Générales,Régionale/Départementale,https://nl.wikipedia.org/wiki/De_Vlaamsche_Stem,,,,WIKIPEDIA,3
MED-BE-0126,De Vrouw,BE,Belgique,nl,PRESSE,Médias d'information générale (hors PQN),Actualités-Infos Générales,Nationale,https://nl.wikipedia.org/wiki/De_Vrouw_%28socialistisch_maandblad%29,,,,WIKIPEDIA,3
MED-BE-0127,De Wandelvogel,BE,Belgique,nl,PRESSE,Médias d'information générale (hors PQN),Actualités-Infos Générales,Nationale,https://nl.wikipedia.org/wiki/De_Wandelvogel,,,,WIKIPEDIA,3
MED-BE-0128,De Zondag,BE,Belgique,nl,PRESSE,PQR/PQD (Quotidiens régionaux),Actualités-Infos Générales,Régionale/Départementale,https://nl.wikipedia.org/wiki/De_Zondag,,,,WIKIPEDIA,3
MED-BE-0129,Dichtbij,BE,Belgique,nl,PRESSE,Médias d'information générale (hors PQN),Actualités-Infos Générales,Nationale,https://nl.wikipedia.org/wiki/Dichtbij,,,,WIKIPEDIA,3
MED-BE-0130,Digther,BE,Belgique,nl,PRESSE,Médias d'information générale (hors PQN),Actualités-Infos Générales,Nationale,https://nl.wikipedia.org/wiki/Digther,,,,WIKIPEDIA,3
MED-BE-0131,Dimanche,BE,Belgique,nl,PRESSE,Médias d'information générale (hors PQN),Actualités-Infos Générales,Nationale,https://nl.wikipedia.org/wiki/Dimanche,,,,WIKIPEDIA,3
MED-BE-0132,Disney Jr.,BE,Belgique,fr,TV,TV Câble/Sat,Actualités-Infos Générales,Nationale,https://fr.wikipedia.org/wiki/Disney_Jr._%28Belgique%29,,,,WIKIPEDIA,3
MED-BE-0133,Distributiesteun voor kranten en tijdschriften,BE,Belgique,nl,PRESSE,PQR/PQD (Quotidiens régionaux),Actualités-Infos Générales,Régionale/Départementale,https://nl.wikipedia.org/wiki/Distributiesteun_voor_kranten_en_tijdschriften,,,,WIKIPEDIA,3
MED-BE-0134,Donna,BE,Belgique,nl,RADIO,Radios Régionales,Actualités-Infos Générales,Régionale/Départementale,https://nl.wikipedia.org/wiki/Donna_%28Belgisch_radiostation%29,,,,WIKIPEDIA,3
MED-BE-0135,Donna hitbits,BE,Belgique,nl,RADIO,Radios Régionales,Actualités-Infos Générales,Régionale/Départementale,https://nl.wikipedia.org/wiki/Donna_hitbits,,,,WIKIPEDIA,3
MED-BE-0136,Durendal,BE,Belgique,nl,PRESSE,Médias d'information générale (hors PQN),Actualités-Infos Générales,Nationale,https://en.wikipedia.org/wiki/Durendal_%28magazine%29,,,,WIKIPEDIA,3
MED-BE-0137,DW B,BE,Belgique,nl,PRESSE,Médias d'information générale (hors PQN),Actualités-Infos Générales,Nationale,https://en.wikipedia.org/wiki/DW_B,,,,WIKIPEDIA,3
MED-BE-0138,Écho de la Sambre,BE,Belgique,nl,PRESSE,Médias régionaux (hors PQR),Actualités-Infos Générales,Régionale/Départementale,https://en.wikipedia.org/wiki/%C3%89cho_de_la_Sambre,,,,WIKIPEDIA,3
MED-BE-0139,Eclips TV,BE,Belgique,nl,TV,TV Grandes Chaînes,Actualités-Infos Générales,Nationale,https://nl.wikipedia.org/wiki/Eclips_TV,,,,WIKIPEDIA,3
MED-BE-0140,E.K. TV,BE,Belgique,fr,TV,TV Grandes Chaînes,Actualités-Infos Générales,Nationale,https://fr.wikipedia.org/wiki/E.K._TV,,,,WIKIPEDIA,3
MED-BE-0141,Elga,BE,Belgique,nl,PRESSE,Médias d'information générale (hors PQN),Actualités-Infos Générales,Nationale,https://nl.wikipedia.org/wiki/Elga_%28tijdschrift%29,,,,WIKIPEDIA,3
MED-BE-0142,Entrées libres,BE,Belgique,fr,PRESSE,Médias d'information générale (hors PQN),Actualités-Infos Générales,Nationale,https://fr.wikipedia.org/wiki/Entr%C3%A9es_libres,,,,WIKIPEDIA,3
MED-BE-0143,E!Sharp,BE,Belgique,nl,PRESSE,Médias d'information générale (hors PQN),Actualités-Infos Générales,Nationale,https://en.wikipedia.org/wiki/E%21Sharp,,,,WIKIPEDIA,3
MED-BE-0144,Esperanzah!,BE,Belgique,nl,RADIO,Radios Régionales,Actualités-Infos Générales,Régionale/Départementale,https://en.wikipedia.org/wiki/Esperanzah%21,,,,WIKIPEDIA,3
MED-BE-0145,Etcetera,BE,Belgique,nl,PRESSE,Médias d'information générale (hors PQN),Actualités-Infos Générales,Nationale,https://nl.wikipedia.org/wiki/Etcetera_%28tijdschrift%29,,,,WIKIPEDIA,3
MED-BE-0146,EUobserver,BE,Belgique,nl,PRESSE,Médias régionaux (hors PQR),Actualités-Infos Générales,Régionale/Départementale,https://en.wikipedia.org/wiki/EUobserver,,,,WIKIPEDIA,3
MED-BE-0147,Eupener Zeitung,BE,Belgique,de,PRESSE,PQR/PQD (Quotidiens régionaux),Actualités-Infos Générales,Régionale/Départementale,https://de.wikipedia.org/wiki/Eupener_Zeitung,,,,WIKIPEDIA,3
MED-BE-0148,Europolitics,BE,Belgique,nl,PRESSE,Médias régionaux (hors PQR),Actualités-Infos Générales,Régionale/Départementale,https://en.wikipedia.org/wiki/Europolitics,,,,WIKIPEDIA,3
MED-BE-0149,Evita,BE,Belgique,nl,PRESSE,Médias d'information générale (hors PQN),Actualités-Infos Générales,Nationale,https://nl.wikipedia.org/wiki/Evita_%28tijdschrift%29,,,,WIKIPEDIA,3
MED-BE-0150,Expreszo,BE,Belgique,nl,PRESSE,Médias d'information générale (hors PQN),Actualités-Infos Générales,Nationale,https://en.wikipedia.org/wiki/Expreszo,,,,WIKIPEDIA,3
MED-BE-0151,EXQI FM,BE,Belgique,nl,RADIO,Radios Régionales,Actualités-Infos Générales,Régionale/Départementale,https://nl.wikipedia.org/wiki/EXQI_FM,,,,WIKIPEDIA,3
MED-BE-0152,FamilyRadio,BE,Belgique,nl,RADIO,Radios Régionales,Actualités-Infos Générales,Régionale/Départementale,https://nl.wikipedia.org/wiki/FamilyRadio,,,,WIKIPEDIA,3
MED-BE-0153,Fantasy Classic Gold Radio,BE,Belgique,nl,RADIO,Radios Régionales,Actualités-Infos Générales,Régionale/Départementale,https://nl.wikipedia.org/wiki/Fantasy_Classic_Gold_Radio,,,,WIKIPEDIA,3
MED-BE-0154,Femmes d'Aujourd'hui,BE,Belgique,nl,PRESSE,Médias d'information générale (hors PQN),Actualités-Infos Générales,Nationale,https://en.wikipedia.org/wiki/Femmes_d%27Aujourd%27hui,,,,WIKIPEDIA,3
MED-BE-0155,Fifty & me,BE,Belgique,nl,PRESSE,Médias d'information générale (hors PQN),Actualités-Infos Générales,Nationale,https://nl.wikipedia.org/wiki/Fifty_%26_me,,,,WIKIPEDIA,3
MED-BE-0156,Filosofie Magazine,BE,Belgique,nl,PRESSE,Médias d'information générale (hors PQN),Actualités-Infos Générales,Nationale,https://nl.wikipedia.org/wiki/Filosofie_Magazine,,,,WIKIPEDIA,3
MED-BE-0157,Fire,BE,Belgique,nl,PRESSE,Médias d'information générale (hors PQN),Actualités-Infos Générales,Nationale,https://en.wikipedia.org/wiki/Fire_%28magazine%29,,,,WIKIPEDIA,3
MED-BE-0158,Fit & Gezond,BE,Belgique,nl,PRESSE,Médias d'information générale (hors PQN),Actualités-Infos Générales,Nationale,https://nl.wikipedia.org/wiki/Fit_%26_Gezond,,,,WIKIPEDIA,3
MED-BE-0159,Flair,BE,Belgique,fr,PRESSE,Médias d'information générale (hors PQN),Actualités-Infos Générales,Nationale,https://fr.wikipedia.org/wiki/Flair_%28magazine%29,,,,WIKIPEDIA,3
MED-BE-0160,Flore des Serres et des Jardins de l'Europe,BE,Belgique,nl,PRESSE,Médias d'information générale (hors PQN),Actualités-Infos Générales,Nationale,https://en.wikipedia.org/wiki/Flore_des_Serres_et_des_Jardins_de_l%27Europe,,,,WIKIPEDIA,3
MED-BE-0161,FM Brussel,BE,Belgique,nl,RADIO,Radios Régionales,Actualités-Infos Générales,Régionale/Départementale,https://nl.wikipedia.org/wiki/FM_Brussel,,,,WIKIPEDIA,3
MED-BE-0162,Focus-WTV,BE,Belgique,nl,TV,TV Grandes Chaînes,Actualités-Infos Générales,Nationale,https://nl.wikipedia.org/wiki/Focus-WTV,,,,WIKIPEDIA,3
MED-BE-0163,Formule J,BE,Belgique,fr,RADIO,Radios Régionales,Actualités-Infos Générales,Régionale/Départementale,https://fr.wikipedia.org/wiki/Formule_J,,,,WIKIPEDIA,3
MED-BE-0164,Forumopera.com,BE,Belgique,nl,PRESSE,Médias d'information générale (hors PQN),Actualités-Infos Générales,Nationale,https://en.wikipedia.org/wiki/Forumopera.com,,,,WIKIPEDIA,3
MED-BE-0165,Fun Radio,BE,Belgique,nl,RADIO,Radios Régionales,Actualités-Infos Générales,Régionale/Départementale,https://en.wikipedia.org/wiki/Fun_Radio_%28Belgium%29,,,,WIKIPEDIA,3
MED-BE-0166,Gael,BE,Belgique,nl,PRESSE,Médias d'information générale (hors PQN),Actualités-Infos Générales,Nationale,https://en.wikipedia.org/wiki/Gael_%28magazine%29,,,,WIKIPEDIA,3
MED-BE-0167,Gameplay,BE,Belgique,nl,PRESSE,Médias d'information générale (hors PQN),Actualités-Infos Générales,Nationale,https://nl.wikipedia.org/wiki/Gameplay_%28tijdschrift%29,,,,WIKIPEDIA,3
MED-BE-0168,Gazette van Ghendt,BE,Belgique,nl,PRESSE,Médias régionaux (hors PQR),Actualités-Infos Générales,Régionale/Départementale,https://en.wikipedia.org/wiki/Gazette_van_Ghendt,,,,WIKIPEDIA,3
MED-BE-0169,Gazet van Mechelen,BE,Belgique,nl,PRESSE,Médias régionaux (hors PQR),Actualités-Infos Générales,Régionale/Départementale,https://nl.wikipedia.org/wiki/Gazet_van_Mechelen,,,,WIKIPEDIA,3
MED-BE-0170,Geel FM,BE,Belgique,nl,RADIO,Radios Régionales,Actualités-Infos Générales,Régionale/Départementale,https://nl.wikipedia.org/wiki/Geel_FM,,,,WIKIPEDIA,3
MED-BE-0171,Genootschap voor Geschiedenis te Brugge,BE,Belgique,nl,PRESSE,Médias d'information générale (hors PQN),Actualités-Infos Générales,Nationale,https://nl.wikipedia.org/wiki/Genootschap_voor_Geschiedenis_te_Brugge,,,,WIKIPEDIA,3
MED-BE-0172,Ghendtsche Post-Tydinghen,BE,Belgique,nl,PRESSE,Médias régionaux (hors PQR),Actualités-Infos Générales,Régionale/Départementale,https://en.wikipedia.org/wiki/Ghendtsche_Post-Tydinghen,,,,WIKIPEDIA,3
MED-BE-0173,Gids op Maatschappelijk Gebied,BE,Belgique,nl,PRESSE,Médias d'information générale (hors PQN),Actualités-Infos Générales,Nationale,https://nl.wikipedia.org/wiki/Gids_op_Maatschappelijk_Gebied,,,,WIKIPEDIA,3
MED-BE-0174,Gierik & Nieuw Vlaams Tijdschrift,BE,Belgique,nl,PRESSE,Médias d'information générale (hors PQN),Actualités-Infos Générales,Nationale,https://nl.wikipedia.org/wiki/Gierik_%26_Nieuw_Vlaams_Tijdschrift,,,,WIKIPEDIA,3
MED-BE-0175,Goedele,BE,Belgique,nl,PRESSE,Médias d'information générale (hors PQN),Actualités-Infos Générales,Nationale,https://nl.wikipedia.org/wiki/Goedele_%28tijdschrift%29,,,,WIKIPEDIA,3
MED-BE-0176,Goed Nieuws voor de Vrouw,BE,Belgique,nl,PRESSE,Médias d'information générale (hors PQN),Actualités-Infos Générales,Nationale,https://nl.wikipedia.org/wiki/Goed_Nieuws_voor_de_Vrouw,,,,WIKIPEDIA,3
MED-BE-0177,Goldies Radio,BE,Belgique,nl,RADIO,Radios Régionales,Actualités-Infos Générales,Régionale/Départementale,https://nl.wikipedia.org/wiki/Goldies_Radio,,,,WIKIPEDIA,3
MED-BE-0178,Gonzo,BE,Belgique,nl,PRESSE,Médias d'information générale (hors PQN),Actualités-Infos Générales,Nationale,https://en.wikipedia.org/wiki/Gonzo_%28magazine%29,,,,WIKIPEDIA,3
MED-BE-0179,Gooya,BE,Belgique,nl,WEB,Médias d'information générale (hors PQN),Actualités-Infos Générales,Nationale,https://en.wikipedia.org/wiki/Gooya,,,,WIKIPEDIA,3
MED-BE-0180,Green European Journal,BE,Belgique,nl,PRESSE,Médias d'information générale (hors PQN),Actualités-Infos Générales,Nationale,https://en.wikipedia.org/wiki/Green_European_Journal,,,,WIKIPEDIA,3
MED-BE-0181,Grinta!,BE,Belgique,nl,PRESSE,Médias d'information générale (hors PQN),Actualités-Infos Générales,Nationale,https://nl.wikipedia.org/wiki/Grinta%21,,,,WIKIPEDIA,3
MED-BE-0182,Gwenved,BE,Belgique,nl,PRESSE,Médias d'information générale (hors PQN),Actualités-Infos Générales,Nationale,https://nl.wikipedia.org/wiki/Gwenved,,,,WIKIPEDIA,3
MED-BE-0183,H ART,BE,Belgique,nl,PRESSE,Médias d'information générale (hors PQN),Actualités-Infos Générales,Nationale,https://nl.wikipedia.org/wiki/H_ART,,,,WIKIPEDIA,3
MED-BE-0184,Het Gebied van Staden,BE,Belgique,nl,PRESSE,Médias d'information générale (hors PQN),Actualités-Infos Générales,Nationale,https://nl.wikipedia.org/wiki/Het_Gebied_van_Staden,,,,WIKIPEDIA,3
MED-BE-0185,Het Houtland,BE,Belgique,nl,PRESSE,Médias d'information générale (hors PQN),Actualités-Infos Générales,Nationale,https://nl.wikipedia.org/wiki/Het_Houtland,,,,WIKIPEDIA,3
MED-BE-0186,Het Mannekensblad,BE,Belgique,nl,PRESSE,Médias d'information générale (hors PQN),Actualités-Infos Générales,Nationale,https://nl.wikipedia.org/wiki/Het_Mannekensblad,,,,WIKIPEDIA,3
MED-BE-0187,Het Modeblad,BE,Belgique,nl,PRESSE,Médias d'information générale (hors PQN),Actualités-Infos Générales,Nationale,https://nl.wikipedia.org/wiki/Het_Modeblad,,,,WIKIPEDIA,3
MED-BE-0188,Het Nieuws van den Dag,BE,Belgique,nl,PRESSE,Médias régionaux (hors PQR),Actualités-Infos Générales,Régionale/Départementale,https://nl.wikipedia.org/wiki/Het_Nieuws_van_den_Dag_%28Belgi%C3%AB%29,,,,WIKIPEDIA,3
MED-BE-0189,Het Rijk der Vrouw,BE,Belgique,nl,PRESSE,Médias d'information générale (hors PQN),Actualités-Infos Générales,Nationale,https://en.wikipedia.org/wiki/Het_Rijk_der_Vrouw,,,,WIKIPEDIA,3
MED-BE-0190,Het Visserijblad,BE,Belgique,nl,PRESSE,Médias d'information générale (hors PQN),Actualités-Infos Générales,Nationale,https://nl.wikipedia.org/wiki/Het_Visserijblad,,,,WIKIPEDIA,3
MED-BE-0191,Het Volk,BE,Belgique,nl,PRESSE,Médias régionaux (hors PQR),Actualités-Infos Générales,Régionale/Départementale,https://en.wikipedia.org/wiki/Het_Volk_%28newspaper%29,,,,WIKIPEDIA,3
MED-BE-0192,Het Vrije Woord,BE,Belgique,nl,PRESSE,Médias régionaux (hors PQR),Actualités-Infos Générales,Régionale/Départementale,https://en.wikipedia.org/wiki/Het_Vrije_Woord_%28Belgian_newspaper%29,,,,WIKIPEDIA,3
MED-BE-0193,HGTV,BE,Belgique,nl,TV,TV Grandes Chaînes,Actualités-Infos Générales,Nationale,https://nl.wikipedia.org/wiki/HGTV,,,,WIKIPEDIA,3
MED-BE-0194,Hit fm,BE,Belgique,nl,RADIO,Radios Régionales,Actualités-Infos Générales,Régionale/Départementale,https://nl.wikipedia.org/wiki/Hit_fm,,,,WIKIPEDIA,3
MED-BE-0195,Horizon,BE,Belgique,nl,PRESSE,Médias d'information générale (hors PQN),Actualités-Infos Générales,Nationale,https://en.wikipedia.org/wiki/Horizon_%28online_magazine%29,,,,WIKIPEDIA,3
MED-BE-0196,Horizontaal,BE,Belgique,nl,PRESSE,Médias d'information générale (hors PQN),Actualités-Infos Générales,Nationale,https://nl.wikipedia.org/wiki/Horizontaal_%28tijdschrift%29,,,,WIKIPEDIA,3
MED-BE-0197,Humo,BE,Belgique,nl,PRESSE,Médias d'information générale (hors PQN),Actualités-Infos Générales,Nationale,https://en.wikipedia.org/wiki/Humo_%28magazine%29,,,,WIKIPEDIA,3
MED-BE-0198,Industrial Engineering News Europe,BE,Belgique,nl,PRESSE,Médias professionnels,Actualités-Infos Générales,Nationale,https://en.wikipedia.org/wiki/Industrial_Engineering_News_Europe,,,,WIKIPEDIA,3
MED-BE-0199,Institut des services communs,BE,Belgique,fr,RADIO,Radios Régionales,Actualités-Infos Générales,Régionale/Départementale,https://fr.wikipedia.org/wiki/Institut_des_services_communs,,,,WIKIPEDIA,3
MED-BE-0200,Institut national de radiodiffusion,BE,Belgique,fr,RADIO,Radios Régionales,Actualités-Infos Générales,Régionale/Départementale,https://fr.wikipedia.org/wiki/Institut_national_de_radiodiffusion,,,,WIKIPEDIA,3
MED-BE-0201,ISEL Magazine,BE,Belgique,nl,PRESSE,Médias d'information générale (hors PQN),Actualités-Infos Générales,Nationale,https://nl.wikipedia.org/wiki/ISEL_Magazine,,,,WIKIPEDIA,3
MED-BE-0202,Jazz Club de Belgique,BE,Belgique,nl,PRESSE,Médias associatifs,Actualités-Infos Générales,Nationale,https://nl.wikipedia.org/wiki/Jazz_Club_de_Belgique,,,,WIKIPEDIA,3
MED-BE-0203,Jet FM,BE,Belgique,fr,RADIO,Radios Régionales,Actualités-Infos Générales,Régionale/Départementale,https://fr.wikipedia.org/wiki/Jet_FM_%28Belgique%29,,,,WIKIPEDIA,3
MED-BE-0204,Jeugdtijdschrift,BE,Belgique,nl,PRESSE,Médias d'information générale (hors PQN),Actualités-Infos Générales,Nationale,https://nl.wikipedia.org/wiki/Jeugdtijdschrift,,,,WIKIPEDIA,3
MED-BE-0205,Jobat,BE,Belgique,nl,PRESSE,PQR/PQD (Quotidiens régionaux),Actualités-Infos Générales,Régionale/Départementale,https://nl.wikipedia.org/wiki/Jobat_%28job_board%29,,,,WIKIPEDIA,3
MED-BE-0206,Joe,BE,Belgique,nl,RADIO,Radios Régionales,Actualités-Infos Générales,Régionale/Départementale,https://en.wikipedia.org/wiki/Joe_%28Belgian_radio_station%29,,,,WIKIPEDIA,3
MED-BE-0207,Joepie,BE,Belgique,nl,PRESSE,Médias d'information générale (hors PQN),Actualités-Infos Générales,Nationale,https://en.wikipedia.org/wiki/Joepie,,,,WIKIPEDIA,3
MED-BE-0208,Journal,BE,Belgique,de,PRESSE,PQR/PQD (Quotidiens régionaux),Actualités-Infos Générales,Régionale/Départementale,https://de.wikipedia.org/wiki/Journal_%28Br%C3%BCssel%29,,,,WIKIPEDIA,3
MED-BE-0209,Journal de Bruxelles,BE,Belgique,nl,PRESSE,Médias régionaux (hors PQR),Actualités-Infos Générales,Régionale/Départementale,https://en.wikipedia.org/wiki/Journal_de_Bruxelles,,,,WIKIPEDIA,3
MED-BE-0210,Journal des Correspondances,BE,Belgique,nl,PRESSE,Médias d'information générale (hors PQN),Actualités-Infos Générales,Nationale,https://nl.wikipedia.org/wiki/Journal_des_Correspondances,,,,WIKIPEDIA,3
MED-BE-0211,Journal des tribunaux,BE,Belgique,nl,PRESSE,Médias d'information générale (hors PQN),Actualités-Infos Générales,Nationale,https://nl.wikipedia.org/wiki/Journal_des_tribunaux,,,,WIKIPEDIA,3
MED-BE-0212,Journal historique et littéraire,BE,Belgique,nl,PRESSE,Médias d'information générale (hors PQN),Actualités-Infos Générales,Nationale,https://en.wikipedia.org/wiki/Journal_historique_et_litt%C3%A9raire,,,,WIKIPEDIA,3
MED-BE-0213,Kadanza,BE,Belgique,nl,TV,TV Grandes Chaînes,Actualités-Infos Générales,Nationale,https://nl.wikipedia.org/wiki/Kadanza,,,,WIKIPEDIA,3
MED-BE-0214,Kasteel d'Ursel Magazine,BE,Belgique,nl,PRESSE,Médias d'information générale (hors PQN),Actualités-Infos Générales,Nationale,https://nl.wikipedia.org/wiki/Kasteel_d%27Ursel_Magazine,,,,WIKIPEDIA,3
MED-BE-0215,Kerstessay,BE,Belgique,nl,PRESSE,Médias régionaux (hors PQR),Actualités-Infos Générales,Régionale/Départementale,https://nl.wikipedia.org/wiki/Kerstessay,,,,WIKIPEDIA,3
MED-BE-0216,Ketnet,BE,Belgique,nl,TV,TV Grandes Chaînes,Actualités-Infos Générales,Nationale,https://nl.wikipedia.org/wiki/Ketnet,,,,WIKIPEDIA,3
MED-BE-0217,KIDDO,BE,Belgique,nl,PRESSE,Médias d'information générale (hors PQN),Actualités-Infos Générales,Nationale,https://nl.wikipedia.org/wiki/KIDDO,,,,WIKIPEDIA,3
MED-BE-0218,Kidz RTL,BE,Belgique,fr,TV,TV Grandes Chaînes,Actualités-Infos Générales,Nationale,https://fr.wikipedia.org/wiki/Kidz_RTL,,,,WIKIPEDIA,3
MED-BE-0219,Kindertijd,BE,Belgique,nl,PRESSE,Médias d'information générale (hors PQN),Actualités-Infos Générales,Nationale,https://nl.wikipedia.org/wiki/Kindertijd_%28tijdschrift%29,,,,WIKIPEDIA,3
MED-BE-0220,Kinderwereld,BE,Belgique,nl,PRESSE,Médias d'information générale (hors PQN),Actualités-Infos Générales,Nationale,https://nl.wikipedia.org/wiki/Kinderwereld,,,,WIKIPEDIA,3
MED-BE-0221,Klara,BE,Belgique,nl,RADIO,Radios Régionales,Actualités-Infos Générales,Régionale/Départementale,https://en.wikipedia.org/wiki/Klara_%28radio_station%29,,,,WIKIPEDIA,3
MED-BE-0222,Klara continuo,BE,Belgique,nl,RADIO,Radios Régionales,Actualités-Infos Générales,Régionale/Départementale,https://en.wikipedia.org/wiki/Klara_continuo,,,,WIKIPEDIA,3
MED-BE-0223,Klasse,BE,Belgique,nl,PRESSE,Médias d'information générale (hors PQN),Actualités-Infos Générales,Nationale,https://nl.wikipedia.org/wiki/Klasse_%28tijdschrift%29,,,,WIKIPEDIA,3
MED-BE-0224,Kranten in Brugge,BE,Belgique,nl,PRESSE,PQR/PQD (Quotidiens régionaux),Actualités-Infos Générales,Régionale/Départementale,https://nl.wikipedia.org/wiki/Kranten_in_Brugge,,,,WIKIPEDIA,3
MED-BE-0225,Krant van West-Vlaanderen,BE,Belgique,nl,PRESSE,PQR/PQD (Quotidiens régionaux),Actualités-Infos Générales,Régionale/Départementale,https://nl.wikipedia.org/wiki/Krant_van_West-Vlaanderen,,,,WIKIPEDIA,3
MED-BE-0226,Kuifje,BE,Belgique,nl,PRESSE,Médias d'information générale (hors PQN),Actualités-Infos Générales,Nationale,https://nl.wikipedia.org/wiki/Kuifje_%28weekblad%29,,,,WIKIPEDIA,3
MED-BE-0227,La Belgique judiciaire,BE,Belgique,nl,PRESSE,Médias d'information générale (hors PQN),Actualités-Infos Générales,Nationale,https://nl.wikipedia.org/wiki/La_Belgique_judiciaire,,,,WIKIPEDIA,3
MED-BE-0228,La Capitale,BE,Belgique,nl,PRESSE,Médias régionaux (hors PQR),Actualités-Infos Générales,Régionale/Départementale,https://en.wikipedia.org/wiki/La_Capitale,,,,WIKIPEDIA,3
MED-BE-0229,Lacht,BE,Belgique,fr,TV,TV Grandes Chaînes,Actualités-Infos Générales,Nationale,https://fr.wikipedia.org/wiki/Lacht,,,,WIKIPEDIA,3
MED-BE-0230,La Dernière Heure,BE,Belgique,nl,PRESSE,PQR/PQD (Quotidiens régionaux),Actualités-Infos Générales,Régionale/Départementale,https://nl.wikipedia.org/wiki/La_Derni%C3%A8re_Heure,,,,WIKIPEDIA,3
MED-BE-0231,La Dernière Heure/Les Sports,BE,Belgique,de,PRESSE,PQR/PQD (Quotidiens régionaux),Actualités-Infos Générales,Régionale/Départementale,https://de.wikipedia.org/wiki/La_Derni%C3%A8re_Heure/Les_Sports,,,,WIKIPEDIA,3
MED-BE-0232,La Deux,BE,Belgique,fr,TV,TV Grandes Chaînes,Actualités-Infos Générales,Nationale,https://fr.wikipedia.org/wiki/La_Deux,,,,WIKIPEDIA,3
MED-BE-0233,La DH Les Sports+,BE,Belgique,nl,PRESSE,Médias régionaux (hors PQR),Actualités-Infos Générales,Régionale/Départementale,https://en.wikipedia.org/wiki/La_DH_Les_Sports%2B,,,,WIKIPEDIA,3
MED-BE-0234,La Fédération Artistique,BE,Belgique,nl,PRESSE,Médias d'information générale (hors PQN),Actualités-Infos Générales,Nationale,https://nl.wikipedia.org/wiki/La_F%C3%A9d%C3%A9ration_Artistique,,,,WIKIPEDIA,3
MED-BE-0235,La Feuille Illustrée,BE,Belgique,nl,PRESSE,Médias d'information générale (hors PQN),Actualités-Infos Générales,Nationale,https://nl.wikipedia.org/wiki/La_Feuille_Illustr%C3%A9e,,,,WIKIPEDIA,3
MED-BE-0236,La Jeune Belgique,BE,Belgique,nl,PRESSE,Médias d'information générale (hors PQN),Actualités-Infos Générales,Nationale,https://en.wikipedia.org/wiki/La_Jeune_Belgique,,,,WIKIPEDIA,3
MED-BE-0237,La Meuse,BE,Belgique,nl,PRESSE,Médias régionaux (hors PQR),Actualités-Infos Générales,Régionale/Départementale,https://en.wikipedia.org/wiki/La_Meuse_%28newspaper%29,,,,WIKIPEDIA,3
MED-BE-0238,Landschapskrant,BE,Belgique,nl,PRESSE,PQN (Quotidiens nationaux),Actualités-Infos Générales,Nationale,https://nl.wikipedia.org/wiki/Landschapskrant,,,,WIKIPEDIA,3
MED-BE-0239,La Nouvelle Gazette,BE,Belgique,nl,PRESSE,PQR/PQD (Quotidiens régionaux),Actualités-Infos Générales,Régionale/Départementale,https://nl.wikipedia.org/wiki/La_Nouvelle_Gazette,,,,WIKIPEDIA,3
MED-BE-0240,La Petite Voix des Belges,BE,Belgique,nl,PRESSE,Médias régionaux (hors PQR),Actualités-Infos Générales,Régionale/Départementale,https://en.wikipedia.org/wiki/La_Petite_Voix_des_Belges,,,,WIKIPEDIA,3
MED-BE-0241,La Revue Musicale Belge,BE,Belgique,nl,PRESSE,Médias d'information générale (hors PQN),Actualités-Infos Générales,Nationale,https://nl.wikipedia.org/wiki/La_Revue_Musicale_Belge,,,,WIKIPEDIA,3
MED-BE-0242,L'Art libre,BE,Belgique,nl,PRESSE,Médias d'information générale (hors PQN),Actualités-Infos Générales,Nationale,https://en.wikipedia.org/wiki/L%27Art_libre,,,,WIKIPEDIA,3
MED-BE-0243,L'Art Moderne,BE,Belgique,nl,PRESSE,Médias d'information générale (hors PQN),Actualités-Infos Générales,Nationale,https://en.wikipedia.org/wiki/L%27Art_Moderne,,,,WIKIPEDIA,3
MED-BE-0244,La Société Nouvelle,BE,Belgique,nl,PRESSE,Médias d'information générale (hors PQN),Actualités-Infos Générales,Nationale,https://nl.wikipedia.org/wiki/La_Soci%C3%A9t%C3%A9_Nouvelle,,,,WIKIPEDIA,3
MED-BE-0245,La Trois,BE,Belgique,fr,TV,TV Grandes Chaînes,Actualités-Infos Générales,Nationale,https://fr.wikipedia.org/wiki/La_Trois,,,,WIKIPEDIA,3
MED-BE-0246,La Une,BE,Belgique,fr,TV,TV Grandes Chaînes,Actualités-Infos Générales,Nationale,https://fr.wikipedia.org/wiki/La_Une,,,,WIKIPEDIA,3
MED-BE-0247,Lava,BE,Belgique,nl,PRESSE,Médias d'information générale (hors PQN),Actualités-Infos Générales,Nationale,https://nl.wikipedia.org/wiki/Lava_%28Belgisch_tijdschrift%29,,,,WIKIPEDIA,3
MED-BE-0248,La Voix des Belges,BE,Belgique,nl,PRESSE,Médias régionaux (hors PQR),Actualités-Infos Générales,Régionale/Départementale,https://en.wikipedia.org/wiki/La_Voix_des_Belges,,,,WIKIPEDIA,3
MED-BE-0249,La Voix du Peuple,BE,Belgique,nl,PRESSE,Médias d'information générale (hors PQN),Actualités-Infos Générales,Nationale,https://nl.wikipedia.org/wiki/La_Voix_du_Peuple,,,,WIKIPEDIA,3
MED-BE-0250,La Wallonie,BE,Belgique,nl,PRESSE,Médias d'information générale (hors PQN),Actualités-Infos Générales,Nationale,https://en.wikipedia.org/wiki/La_Wallonie,,,,WIKIPEDIA,3
MED-BE-0251,Le Carnet et les Instants,BE,Belgique,fr,PRESSE,Médias d'information générale (hors PQN),Actualités-Infos Générales,Nationale,https://fr.wikipedia.org/wiki/Le_Carnet_et_les_Instants,,,,WIKIPEDIA,3
MED-BE-0252,Le Catholique des Pays-Bas,BE,Belgique,nl,PRESSE,Médias régionaux (hors PQR),Actualités-Infos Générales,Régionale/Départementale,https://en.wikipedia.org/wiki/Le_Catholique_des_Pays-Bas,,,,WIKIPEDIA,3
MED-BE-0253,Le Communiste,BE,Belgique,nl,PRESSE,Médias régionaux (hors PQR),Actualités-Infos Générales,Régionale/Départementale,https://en.wikipedia.org/wiki/Le_Communiste,,,,WIKIPEDIA,3
MED-BE-0254,Le Congo illustré,BE,Belgique,nl,PRESSE,Médias d'information générale (hors PQN),Actualités-Infos Générales,Nationale,https://en.wikipedia.org/wiki/Le_Congo_illustr%C3%A9,,,,WIKIPEDIA,3
MED-BE-0255,Le Diable au Corps,BE,Belgique,nl,PRESSE,Médias d'information générale (hors PQN),Actualités-Infos Générales,Nationale,https://nl.wikipedia.org/wiki/Le_Diable_au_Corps_%28tijdschrift%29,,,,WIKIPEDIA,3
MED-BE-0256,Le Guide musical,BE,Belgique,nl,PRESSE,Médias d'information générale (hors PQN),Actualités-Infos Générales,Nationale,https://en.wikipedia.org/wiki/Le_Guide_musical,,,,WIKIPEDIA,3
MED-BE-0257,Le mouvement antiesclavagiste,BE,Belgique,nl,PRESSE,Médias d'information générale (hors PQN),Actualités-Infos Générales,Nationale,https://nl.wikipedia.org/wiki/Le_mouvement_antiesclavagiste,,,,WIKIPEDIA,3
MED-BE-0258,Le Mouvement Géographique,BE,Belgique,nl,PRESSE,Médias d'information générale (hors PQN),Actualités-Infos Générales,Nationale,https://en.wikipedia.org/wiki/Le_Mouvement_G%C3%A9ographique,,,,WIKIPEDIA,3
MED-BE-0259,L'Émulation,BE,Belgique,nl,PRESSE,Médias d'information générale (hors PQN),Actualités-Infos Générales,Nationale,https://nl.wikipedia.org/wiki/L%27%C3%89mulation,,,,WIKIPEDIA,3
MED-BE-0260,Leo De Bock,BE,Belgique,nl,TV,TV Grandes Chaînes,Actualités-Infos Générales,Nationale,https://nl.wikipedia.org/wiki/Leo_De_Bock,,,,WIKIPEDIA,3
MED-BE-0261,Le Pays Réel,BE,Belgique,nl,PRESSE,Médias régionaux (hors PQR),Actualités-Infos Générales,Régionale/Départementale,https://en.wikipedia.org/wiki/Le_Pays_R%C3%A9el,,,,WIKIPEDIA,3
MED-BE-0262,Le Petit Vingtième,BE,Belgique,nl,PRESSE,Médias d'information générale (hors PQN),Actualités-Infos Générales,Nationale,https://en.wikipedia.org/wiki/Le_Petit_Vingti%C3%A8me,,,,WIKIPEDIA,3
MED-BE-0263,Le Peuple,BE,Belgique,nl,PRESSE,Médias régionaux (hors PQR),Actualités-Infos Générales,Régionale/Départementale,https://en.wikipedia.org/wiki/Le_Peuple,,,,WIKIPEDIA,3
MED-BE-0264,Le Prolétaire,BE,Belgique,nl,PRESSE,Médias d'information générale (hors PQN),Actualités-Infos Générales,Nationale,https://nl.wikipedia.org/wiki/Le_Prol%C3%A9taire_%28Belgi%C3%AB%29,,,,WIKIPEDIA,3
MED-BE-0265,Le Thyrse,BE,Belgique,nl,PRESSE,Médias d'information générale (hors PQN),Actualités-Infos Générales,Nationale,https://nl.wikipedia.org/wiki/Le_Thyrse,,,,WIKIPEDIA,3
MED-BE-0266,Le Timbre-Poste,BE,Belgique,nl,PRESSE,Médias d'information générale (hors PQN),Actualités-Infos Générales,Nationale,https://en.wikipedia.org/wiki/Le_Timbre-Poste,,,,WIKIPEDIA,3
MED-BE-0267,Le Trombone illustré,BE,Belgique,nl,PRESSE,Médias d'information générale (hors PQN),Actualités-Infos Générales,Nationale,https://nl.wikipedia.org/wiki/Le_Trombone_illustr%C3%A9,,,,WIKIPEDIA,3
MED-BE-0268,Le Vif/L'Express,BE,Belgique,nl,PRESSE,Médias d'information générale (hors PQN),Actualités-Infos Générales,Nationale,https://en.wikipedia.org/wiki/Le_Vif/L%27Express,,,,WIKIPEDIA,3
MED-BE-0269,Libelle,BE,Belgique,nl,PRESSE,Médias d'information générale (hors PQN),Actualités-Infos Générales,Nationale,https://en.wikipedia.org/wiki/Libelle_%28Belgian_magazine%29,,,,WIKIPEDIA,3
MED-BE-0270,Lijst van Nederlandstalige vrouwentijdschriften,BE,Belgique,nl,PRESSE,Médias d'information générale (hors PQN),Actualités-Infos Générales,Nationale,https://nl.wikipedia.org/wiki/Lijst_van_Nederlandstalige_vrouwentijdschriften,,,,WIKIPEDIA,3
MED-BE-0271,Lijst van radiozenders in België,BE,Belgique,nl,RADIO,Radios Régionales,Actualités-Infos Générales,Régionale/Départementale,https://nl.wikipedia.org/wiki/Lijst_van_radiozenders_in_Belgi%C3%AB,,,,WIKIPEDIA,3
MED-BE-0272,Lijst van televisiekanalen in België,BE,Belgique,nl,TV,TV Grandes Chaînes,Actualités-Infos Générales,Nationale,https://nl.wikipedia.org/wiki/Lijst_van_televisiekanalen_in_Belgi%C3%AB,,,,WIKIPEDIA,3
MED-BE-0273,Lijst van tijdschriften in België,BE,Belgique,nl,PRESSE,Médias d'information générale (hors PQN),Actualités-Infos Générales,Nationale,https://nl.wikipedia.org/wiki/Lijst_van_tijdschriften_in_Belgi%C3%AB,,,,WIKIPEDIA,3
MED-BE-0274,Lilith,BE,Belgique,fr,PRESSE,Médias d'information générale (hors PQN),Actualités-Infos Générales,Nationale,https://fr.wikipedia.org/wiki/Lilith_%28magazine%29,,,,WIKIPEDIA,3
MED-BE-0275,L'Illustration Européenne,BE,Belgique,nl,PRESSE,Médias d'information générale (hors PQN),Actualités-Infos Générales,Nationale,https://en.wikipedia.org/wiki/L%27Illustration_Europ%C3%A9enne,,,,WIKIPEDIA,3
MED-BE-0276,L'Indépendance Belge,BE,Belgique,nl,PRESSE,Médias régionaux (hors PQR),Actualités-Infos Générales,Régionale/Départementale,https://en.wikipedia.org/wiki/L%27Ind%C3%A9pendance_Belge,,,,WIKIPEDIA,3
MED-BE-0277,LINK,BE,Belgique,nl,PRESSE,Médias d'information générale (hors PQN),Actualités-Infos Générales,Nationale,https://nl.wikipedia.org/wiki/LINK_%28tijdschrift%29,,,,WIKIPEDIA,3
MED-BE-0278,L'Instant,BE,Belgique,nl,PRESSE,Médias d'information générale (hors PQN),Actualités-Infos Générales,Nationale,https://nl.wikipedia.org/wiki/L%27Instant,,,,WIKIPEDIA,3
MED-BE-0279,Liste belgischer Zeitungen,BE,Belgique,de,PRESSE,PQR/PQD (Quotidiens régionaux),Actualités-Infos Générales,Régionale/Départementale,https://de.wikipedia.org/wiki/Liste_belgischer_Zeitungen,,,,WIKIPEDIA,3
MED-BE-0280,Lola,BE,Belgique,nl,PRESSE,Médias d'information générale (hors PQN),Actualités-Infos Générales,Nationale,https://nl.wikipedia.org/wiki/Lola_%28tijdschrift%29,,,,WIKIPEDIA,3
MED-BE-0281,Marcel De Sutter,BE,Belgique,fr,RADIO,Radios Régionales,Actualités-Infos Générales,Régionale/Départementale,https://fr.wikipedia.org/wiki/Marcel_De_Sutter,,,,WIKIPEDIA,3
MED-BE-0282,Marie Clap’ Sabots,BE,Belgique,fr,RADIO,Radios Régionales,Actualités-Infos Générales,Régionale/Départementale,https://fr.wikipedia.org/wiki/Marie_Clap%E2%80%99_Sabots,,,,WIKIPEDIA,3
MED-BE-0283,Marion,BE,Belgique,fr,RADIO,Radios Régionales,Actualités-Infos Générales,Régionale/Départementale,https://fr.wikipedia.org/wiki/Marion_%28humoriste%29,,,,WIKIPEDIA,3
MED-BE-0284,Matélé,BE,Belgique,fr,TV,TV Régionales,Actualités-Infos Générales,Régionale/Départementale,https://fr.wikipedia.org/wiki/Mat%C3%A9l%C3%A9_%28cha%C3%AEne_de_t%C3%A9l%C3%A9vision_belge%29,,,,WIKIPEDIA,3
MED-BE-0285,MCM,BE,Belgique,fr,TV,TV Grandes Chaînes,Actualités-Infos Générales,Nationale,https://fr.wikipedia.org/wiki/MCM_%28Belgique%29,,,,WIKIPEDIA,3
MED-BE-0286,Medialaan,BE,Belgique,fr,RADIO,Radios Régionales,Actualités-Infos Générales,Régionale/Départementale,https://fr.wikipedia.org/wiki/Medialaan,,,,WIKIPEDIA,3
MED-BE-0287,Médor,BE,Belgique,fr,PRESSE,Médias d'information générale (hors PQN),Actualités-Infos Générales,Nationale,https://fr.wikipedia.org/wiki/M%C3%A9dor_%28magazine%29,,,,WIKIPEDIA,3
MED-BE-0288,Meervoud,BE,Belgique,nl,PRESSE,Médias d'information générale (hors PQN),Actualités-Infos Générales,Nationale,https://nl.wikipedia.org/wiki/Meervoud_%28tijdschrift%29,,,,WIKIPEDIA,3
MED-BE-0289,MENT TV,BE,Belgique,nl,TV,TV Grandes Chaînes,Actualités-Infos Générales,Nationale,https://nl.wikipedia.org/wiki/MENT_TV,,,,WIKIPEDIA,3
MED-BE-0290,Metro,BE,Belgique,nl,PRESSE,Médias régionaux (hors PQR),Actualités-Infos Générales,Régionale/Départementale,https://en.wikipedia.org/wiki/Metro_%28Belgian_newspaper%29,,,,WIKIPEDIA,3
MED-BE-0291,Metropolys,BE,Belgique,fr,RADIO,Radios Régionales,Actualités-Infos Générales,Régionale/Départementale,https://fr.wikipedia.org/wiki/Metropolys_%28nationale%29,,,,WIKIPEDIA,3
MED-BE-0292,Mickey Magazine,BE,Belgique,nl,PRESSE,Médias d'information générale (hors PQN),Actualités-Infos Générales,Nationale,https://nl.wikipedia.org/wiki/Mickey_Magazine,,,,WIKIPEDIA,3
MED-BE-0293,MIG,BE,Belgique,nl,RADIO,Radios Régionales,Actualités-Infos Générales,Régionale/Départementale,https://nl.wikipedia.org/wiki/MIG_%28radio%29,,,,WIKIPEDIA,3
MED-BE-0294,Mimo,BE,Belgique,nl,PRESSE,Médias d'information générale (hors PQN),Actualités-Infos Générales,Nationale,https://nl.wikipedia.org/wiki/Mimo_%28tijdschrift%29,,,,WIKIPEDIA,3
MED-BE-0295,Mimosa,BE,Belgique,nl,PRESSE,Médias d'information générale (hors PQN),Actualités-Infos Générales,Nationale,https://nl.wikipedia.org/wiki/Mimosa_%28tijdschrift%29,,,,WIKIPEDIA,3
MED-BE-0296,Mint,BE,Belgique,fr,RADIO,Radios Régionales,Actualités-Infos Générales,Régionale/Départementale,https://fr.wikipedia.org/wiki/Mint_%28radio%29,,,,WIKIPEDIA,3
MED-BE-0297,MNM,BE,Belgique,nl,RADIO,Radios Régionales,Actualités-Infos Générales,Régionale/Départementale,https://en.wikipedia.org/wiki/MNM_%28radio_station%29,,,,WIKIPEDIA,3
MED-BE-0298,MNM Hits,BE,Belgique,nl,RADIO,Radios Régionales,Actualités-Infos Générales,Régionale/Départementale,https://en.wikipedia.org/wiki/MNM_Hits,,,,WIKIPEDIA,3
MED-BE-0299,Modelspoormagazine,BE,Belgique,nl,PRESSE,Médias d'information générale (hors PQN),Actualités-Infos Générales,Nationale,https://nl.wikipedia.org/wiki/Modelspoormagazine,,,,WIKIPEDIA,3
MED-BE-0300,Monato,BE,Belgique,nl,PRESSE,Médias d'information générale (hors PQN),Actualités-Infos Générales,Nationale,https://en.wikipedia.org/wiki/Monato,,,,WIKIPEDIA,3
MED-BE-0301,Mondiaal Nieuws,BE,Belgique,nl,PRESSE,Médias d'information générale (hors PQN),Actualités-Infos Générales,Nationale,https://en.wikipedia.org/wiki/Mondiaal_Nieuws,,,,WIKIPEDIA,3
MED-BE-0302,More,BE,Belgique,nl,PRESSE,Médias d'information générale (hors PQN),Actualités-Infos Générales,Nationale,https://en.wikipedia.org/wiki/More_%28Belgian_magazine%29,,,,WIKIPEDIA,3
MED-BE-0303,Motoren & Toerisme,BE,Belgique,nl,PRESSE,Médias d'information générale (hors PQN),Actualités-Infos Générales,Nationale,https://nl.wikipedia.org/wiki/Motoren_%26_Toerisme,,,,WIKIPEDIA,3
MED-BE-0304,MotorRijder Magazine,BE,Belgique,nl,PRESSE,Médias d'information générale (hors PQN),Actualités-Infos Générales,Nationale,https://nl.wikipedia.org/wiki/MotorRijder_Magazine,,,,WIKIPEDIA,3
MED-BE-0305,Moustique,BE,Belgique,nl,PRESSE,Médias d'information générale (hors PQN),Actualités-Infos Générales,Nationale,https://en.wikipedia.org/wiki/Moustique,,,,WIKIPEDIA,3
MED-BE-0306,MTV,BE,Belgique,fr,TV,TV Grandes Chaînes,Actualités-Infos Générales,Nationale,https://fr.wikipedia.org/wiki/MTV_%28Belgique_francophone%29,,,,WIKIPEDIA,3
MED-BE-0307,MTV Vlaanderen,BE,Belgique,nl,TV,TV Grandes Chaînes,Actualités-Infos Générales,Nationale,https://nl.wikipedia.org/wiki/MTV_Vlaanderen,,,,WIKIPEDIA,3
MED-BE-0308,Musiq'3,BE,Belgique,nl,RADIO,Radios Régionales,Actualités-Infos Générales,Régionale/Départementale,https://en.wikipedia.org/wiki/Musiq%273,,,,WIKIPEDIA,3
MED-BE-0309,Nachtwacht: De dag van de bloedmaan,BE,Belgique,nl,TV,TV Grandes Chaînes,Actualités-Infos Générales,Nationale,https://nl.wikipedia.org/wiki/Nachtwacht%3A_De_dag_van_de_bloedmaan,,,,WIKIPEDIA,3
MED-BE-0310,Nachtwacht: De poort der zielen,BE,Belgique,nl,TV,TV Grandes Chaînes,Actualités-Infos Générales,Nationale,https://nl.wikipedia.org/wiki/Nachtwacht%3A_De_poort_der_zielen,,,,WIKIPEDIA,3
MED-BE-0311,Neohumanisme,BE,Belgique,nl,PRESSE,Médias d'information générale (hors PQN),Actualités-Infos Générales,Nationale,https://nl.wikipedia.org/wiki/Neohumanisme_%28tijdschrift%29,,,,WIKIPEDIA,3
MED-BE-0312,Nickelodeon,BE,Belgique,fr,TV,TV Grandes Chaînes,Actualités-Infos Générales,Nationale,https://fr.wikipedia.org/wiki/Nickelodeon_%28Belgique_francophone%29,,,,WIKIPEDIA,3
MED-BE-0313,Nick Jr.,BE,Belgique,nl,TV,TV Grandes Chaînes,Actualités-Infos Générales,Nationale,https://nl.wikipedia.org/wiki/Nick_Jr._%28Vlaanderen%29,,,,WIKIPEDIA,3
MED-BE-0314,Nidal van Rijn,BE,Belgique,nl,TV,TV Grandes Chaînes,Actualités-Infos Générales,Nationale,https://nl.wikipedia.org/wiki/Nidal_van_Rijn,,,,WIKIPEDIA,3
MED-BE-0315,Nieuws+,BE,Belgique,nl,RADIO,Radios Régionales,Actualités-Infos Générales,Régionale/Départementale,https://en.wikipedia.org/wiki/Nieuws%2B,,,,WIKIPEDIA,3
MED-BE-0316,Njam!,BE,Belgique,nl,TV,TV Grandes Chaînes,Actualités-Infos Générales,Nationale,https://nl.wikipedia.org/wiki/Njam%21,,,,WIKIPEDIA,3
MED-BE-0317,Nostalgie,BE,Belgique,nl,RADIO,Radios Régionales,Actualités-Infos Générales,Régionale/Départementale,https://en.wikipedia.org/wiki/Nostalgie_%28Flanders%29,,,,WIKIPEDIA,3
MED-BE-0318,Notélé,BE,Belgique,fr,TV,TV Régionales,Actualités-Infos Générales,Régionale/Départementale,https://fr.wikipedia.org/wiki/Not%C3%A9l%C3%A9,,,,WIKIPEDIA,3
MED-BE-0319,NRJ,BE,Belgique,nl,RADIO,Radios Régionales,Actualités-Infos Générales,Régionale/Départementale,https://en.wikipedia.org/wiki/NRJ_%28Belgium%29,,,,WIKIPEDIA,3
MED-BE-0320,NRJ België,BE,Belgique,nl,RADIO,Radios Régionales,Actualités-Infos Générales,Régionale/Départementale,https://nl.wikipedia.org/wiki/NRJ_Belgi%C3%AB,,,,WIKIPEDIA,3
MED-BE-0321,NRJ Hits TV,BE,Belgique,fr,TV,TV Grandes Chaînes,Actualités-Infos Générales,Nationale,https://fr.wikipedia.org/wiki/NRJ_Hits_TV,,,,WIKIPEDIA,3
MED-BE-0322,NY,BE,Belgique,nl,PRESSE,Médias d'information générale (hors PQN),Actualités-Infos Générales,Nationale,https://nl.wikipedia.org/wiki/NY_%28tijdschrift%29,,,,WIKIPEDIA,3
MED-BE-0323,Ohee,BE,Belgique,nl,PRESSE,Médias d'information générale (hors PQN),Actualités-Infos Générales,Nationale,https://nl.wikipedia.org/wiki/Ohee,,,,WIKIPEDIA,3
MED-BE-0324,Oikos,BE,Belgique,nl,PRESSE,Médias d'information générale (hors PQN),Actualités-Infos Générales,Nationale,https://nl.wikipedia.org/wiki/Oikos_%28sociaal-ecologische_denktank_en_tijdschrift%29,,,,WIKIPEDIA,3
MED-BE-0325,Onderox,BE,Belgique,nl,PRESSE,Médias d'information générale (hors PQN),Actualités-Infos Générales,Nationale,https://nl.wikipedia.org/wiki/Onderox,,,,WIKIPEDIA,3
MED-BE-0326,PAN,BE,Belgique,nl,PRESSE,Médias d'information générale (hors PQN),Actualités-Infos Générales,Nationale,https://nl.wikipedia.org/wiki/PAN_%28weekblad%29,,,,WIKIPEDIA,3
MED-BE-0327,Pasicrisie,BE,Belgique,nl,PRESSE,Médias d'information générale (hors PQN),Actualités-Infos Générales,Nationale,https://nl.wikipedia.org/wiki/Pasicrisie,,,,WIKIPEDIA,3
MED-BE-0328,Pastoralia,BE,Belgique,nl,PRESSE,Médias d'information générale (hors PQN),Actualités-Infos Générales,Nationale,https://nl.wikipedia.org/wiki/Pastoralia,,,,WIKIPEDIA,3
MED-BE-0329,Paul Michel Gabriel Lévy,BE,Belgique,fr,RADIO,Radios Régionales,Actualités-Infos Générales,Régionale/Départementale,https://fr.wikipedia.org/wiki/Paul_Michel_Gabriel_L%C3%A9vy,,,,WIKIPEDIA,3
MED-BE-0330,PCMag,BE,Belgique,nl,PRESSE,Médias d'information générale (hors PQN),Actualités-Infos Générales,Nationale,https://en.wikipedia.org/wiki/PCMag,,,,WIKIPEDIA,3
MED-BE-0331,Pickx+,BE,Belgique,fr,TV,TV Grandes Chaînes,Actualités-Infos Générales,Nationale,https://fr.wikipedia.org/wiki/Pickx%2B,,,,WIKIPEDIA,3
MED-BE-0332,PlattelandsTV,BE,Belgique,nl,TV,TV Grandes Chaînes,Actualités-Infos Générales,Nationale,https://nl.wikipedia.org/wiki/PlattelandsTV,,,,WIKIPEDIA,3
MED-BE-0333,Play,BE,Belgique,nl,TV,TV Grandes Chaînes,Actualités-Infos Générales,Nationale,https://nl.wikipedia.org/wiki/Play_%28Vlaamse_televisiezender%29,,,,WIKIPEDIA,3
MED-BE-0334,Plus Magazine,BE,Belgique,nl,PRESSE,Médias d'information générale (hors PQN),Actualités-Infos Générales,Nationale,https://nl.wikipedia.org/wiki/Plus_Magazine,,,,WIKIPEDIA,3
MED-BE-0335,P-Magazine,BE,Belgique,nl,PRESSE,Médias d'information générale (hors PQN),Actualités-Infos Générales,Nationale,https://en.wikipedia.org/wiki/P-Magazine,,,,WIKIPEDIA,3
MED-BE-0336,Poëziekrant,BE,Belgique,nl,PRESSE,PQN (Quotidiens nationaux),Actualités-Infos Générales,Nationale,https://nl.wikipedia.org/wiki/Po%C3%ABziekrant,,,,WIKIPEDIA,3
MED-BE-0337,PoPolsku,BE,Belgique,nl,PRESSE,PQR/PQD (Quotidiens régionaux),Actualités-Infos Générales,Régionale/Départementale,https://nl.wikipedia.org/wiki/PoPolsku,,,,WIKIPEDIA,3
MED-BE-0338,Pourquoi pas ?,BE,Belgique,fr,PRESSE,Médias d'information générale (hors PQN),Actualités-Infos Générales,Nationale,https://fr.wikipedia.org/wiki/Pourquoi_pas_%3F_%28magazine%29,,,,WIKIPEDIA,3
MED-BE-0339,Primo Magazine & TV gids,BE,Belgique,nl,PRESSE,Médias d'information générale (hors PQN),Actualités-Infos Générales,Nationale,https://nl.wikipedia.org/wiki/Primo_Magazine_%26_TV_gids,,,,WIKIPEDIA,3
MED-BE-0340,Processing and Control News Europe,BE,Belgique,nl,PRESSE,Médias d'information générale (hors PQN),Actualités-Infos Générales,Nationale,https://en.wikipedia.org/wiki/Processing_and_Control_News_Europe,,,,WIKIPEDIA,3
MED-BE-0341,Pure,BE,Belgique,nl,RADIO,Radios Régionales,Actualités-Infos Générales,Régionale/Départementale,https://en.wikipedia.org/wiki/Pure_%28Belgian_radio_station%29,,,,WIKIPEDIA,3
MED-BE-0342,Qmusic TV,BE,Belgique,nl,TV,TV Grandes Chaînes,Actualités-Infos Générales,Nationale,https://nl.wikipedia.org/wiki/Qmusic_TV,,,,WIKIPEDIA,3
MED-BE-0343,Qu4tre Liège Média,BE,Belgique,fr,TV,TV Régionales,Actualités-Infos Générales,Régionale/Départementale,https://fr.wikipedia.org/wiki/Qu4tre_Li%C3%A8ge_M%C3%A9dia,,,,WIKIPEDIA,3
MED-BE-0344,Radio,BE,Belgique,nl,PRESSE,Médias d'information générale (hors PQN),Actualités-Infos Générales,Nationale,https://en.wikipedia.org/wiki/Radio_%28Belgium%29,,,,WIKIPEDIA,3
MED-BE-0345,Radio 1212,BE,Belgique,nl,RADIO,Radios Régionales,Actualités-Infos Générales,Régionale/Départementale,https://nl.wikipedia.org/wiki/Radio_1212,,,,WIKIPEDIA,3
MED-BE-0346,Radio 2,BE,Belgique,nl,RADIO,Radios Régionales,Actualités-Infos Générales,Régionale/Départementale,https://en.wikipedia.org/wiki/Radio_2_%28Belgium%29,,,,WIKIPEDIA,3
MED-BE-0347,Radio 2 in Oost-Vlaanderen,BE,Belgique,nl,RADIO,Radios Régionales,Actualités-Infos Générales,Régionale/Départementale,https://nl.wikipedia.org/wiki/Radio_2_in_Oost-Vlaanderen,,,,WIKIPEDIA,3
MED-BE-0348,Radio 2 Limburg,BE,Belgique,nl,RADIO,Radios Régionales,Actualités-Infos Générales,Régionale/Départementale,https://nl.wikipedia.org/wiki/Radio_2_Limburg,,,,WIKIPEDIA,3
MED-BE-0349,Radio 2 Vlaams-Brabant,BE,Belgique,nl,RADIO,Radios Régionales,Actualités-Infos Générales,Régionale/Départementale,https://nl.wikipedia.org/wiki/Radio_2_Vlaams-Brabant,,,,WIKIPEDIA,3
MED-BE-0350,Radio 2 West-Vlaanderen,BE,Belgique,nl,RADIO,Radios Régionales,Actualités-Infos Générales,Régionale/Départementale,https://nl.wikipedia.org/wiki/Radio_2_West-Vlaanderen,,,,WIKIPEDIA,3
MED-BE-0351,Radio Accent,BE,Belgique,nl,RADIO,Radios Régionales,Actualités-Infos Générales,Régionale/Départementale,https://nl.wikipedia.org/wiki/Radio_Accent,,,,WIKIPEDIA,3
MED-BE-0352,Radio Antwerpen,BE,Belgique,nl,RADIO,Radios Régionales,Actualités-Infos Générales,Régionale/Départementale,https://nl.wikipedia.org/wiki/Radio_Antwerpen,,,,WIKIPEDIA,3
MED-BE-0353,Radio Atlantis,BE,Belgique,nl,RADIO,Radios Régionales,Actualités-Infos Générales,Régionale/Départementale,https://nl.wikipedia.org/wiki/Radio_Atlantis_%28Belgi%C3%AB%29,,,,WIKIPEDIA,3
MED-BE-0354,Radio België,BE,Belgique,nl,RADIO,Radios Régionales,Actualités-Infos Générales,Régionale/Départementale,https://nl.wikipedia.org/wiki/Radio_Belgi%C3%AB,,,,WIKIPEDIA,3
MED-BE-0355,Radio Belgique,BE,Belgique,nl,RADIO,Radios Régionales,Actualités-Infos Générales,Régionale/Départementale,https://en.wikipedia.org/wiki/Radio_Belgique,,,,WIKIPEDIA,3
MED-BE-0356,Radio BEMBEM,BE,Belgique,nl,RADIO,Radios Régionales,Actualités-Infos Générales,Régionale/Départementale,https://nl.wikipedia.org/wiki/Radio_BEMBEM,,,,WIKIPEDIA,3
MED-BE-0357,Radio Benelux,BE,Belgique,nl,RADIO,Radios Régionales,Actualités-Infos Générales,Régionale/Départementale,https://nl.wikipedia.org/wiki/Radio_Benelux,,,,WIKIPEDIA,3
MED-BE-0358,Radio Centraal,BE,Belgique,nl,RADIO,Radios Régionales,Actualités-Infos Générales,Régionale/Départementale,https://en.wikipedia.org/wiki/Radio_Centraal,,,,WIKIPEDIA,3
MED-BE-0359,Radio Damara,BE,Belgique,nl,RADIO,Radios Régionales,Actualités-Infos Générales,Régionale/Départementale,https://nl.wikipedia.org/wiki/Radio_Damara,,,,WIKIPEDIA,3
MED-BE-0360,Radio Distel,BE,Belgique,nl,RADIO,Radios Régionales,Actualités-Infos Générales,Régionale/Départementale,https://nl.wikipedia.org/wiki/Radio_Distel,,,,WIKIPEDIA,3
MED-BE-0361,Radio Donna,BE,Belgique,fr,RADIO,Radios Régionales,Actualités-Infos Générales,Régionale/Départementale,https://fr.wikipedia.org/wiki/Radio_Donna,,,,WIKIPEDIA,3
MED-BE-0362,Radio EVRO,BE,Belgique,nl,RADIO,Radios Régionales,Actualités-Infos Générales,Régionale/Départementale,https://nl.wikipedia.org/wiki/Radio_EVRO,,,,WIKIPEDIA,3
MED-BE-0363,Radio Gemini,BE,Belgique,nl,RADIO,Radios Régionales,Actualités-Infos Générales,Régionale/Départementale,https://nl.wikipedia.org/wiki/Radio_Gemini,,,,WIKIPEDIA,3
MED-BE-0364,Radio in the Flemish Community,BE,Belgique,nl,RADIO,Radios Régionales,Actualités-Infos Générales,Régionale/Départementale,https://en.wikipedia.org/wiki/Radio_in_the_Flemish_Community,,,,WIKIPEDIA,3
MED-BE-0365,Radio Judaïca,BE,Belgique,nl,RADIO,Radios Régionales,Actualités-Infos Générales,Régionale/Départementale,https://en.wikipedia.org/wiki/Radio_Juda%C3%AFca,,,,WIKIPEDIA,3
MED-BE-0366,Radio libre en Belgique,BE,Belgique,fr,RADIO,Radios Régionales,Actualités-Infos Générales,Régionale/Départementale,https://fr.wikipedia.org/wiki/Radio_libre_en_Belgique,,,,WIKIPEDIA,3
MED-BE-0367,Radio Loksbergen,BE,Belgique,nl,RADIO,Radios Régionales,Actualités-Infos Générales,Régionale/Départementale,https://nl.wikipedia.org/wiki/Radio_Loksbergen,,,,WIKIPEDIA,3
MED-BE-0368,Radio Maeva,BE,Belgique,nl,RADIO,Radios Régionales,Actualités-Infos Générales,Régionale/Départementale,https://nl.wikipedia.org/wiki/Radio_Maeva,,,,WIKIPEDIA,3
MED-BE-0369,Radio Magdalena,BE,Belgique,nl,RADIO,Radios Régionales,Actualités-Infos Générales,Régionale/Départementale,https://nl.wikipedia.org/wiki/Radio_Magdalena,,,,WIKIPEDIA,3
MED-BE-0370,Radio Mango,BE,Belgique,nl,RADIO,Radios Régionales,Actualités-Infos Générales,Régionale/Départementale,https://nl.wikipedia.org/wiki/Radio_Mango,,,,WIKIPEDIA,3
MED-BE-0371,Radio Maria,BE,Belgique,nl,RADIO,Radios Régionales,Actualités-Infos Générales,Régionale/Départementale,https://en.wikipedia.org/wiki/Radio_Maria,,,,WIKIPEDIA,3
MED-BE-0372,Radio Maria België,BE,Belgique,nl,RADIO,Radios Régionales,Actualités-Infos Générales,Régionale/Départementale,https://nl.wikipedia.org/wiki/Radio_Maria_Belgi%C3%AB,,,,WIKIPEDIA,3
MED-BE-0373,Radio Mi Amigo,BE,Belgique,nl,RADIO,Radios Régionales,Actualités-Infos Générales,Régionale/Départementale,https://nl.wikipedia.org/wiki/Radio_Mi_Amigo,,,,WIKIPEDIA,3
MED-BE-0374,Radio Minerva,BE,Belgique,nl,RADIO,Radios Régionales,Actualités-Infos Générales,Régionale/Départementale,https://nl.wikipedia.org/wiki/Radio_Minerva,,,,WIKIPEDIA,3
MED-BE-0375,Radio Noorderkempen,BE,Belgique,nl,RADIO,Radios Régionales,Actualités-Infos Générales,Régionale/Départementale,https://nl.wikipedia.org/wiki/Radio_Noorderkempen,,,,WIKIPEDIA,3
MED-BE-0376,Radio Reflex,BE,Belgique,nl,RADIO,Radios Régionales,Actualités-Infos Générales,Régionale/Départementale,https://nl.wikipedia.org/wiki/Radio_Reflex,,,,WIKIPEDIA,3
MED-BE-0377,Radio Scorpio,BE,Belgique,nl,RADIO,Radios Régionales,Actualités-Infos Générales,Régionale/Départementale,https://nl.wikipedia.org/wiki/Radio_Scorpio,,,,WIKIPEDIA,3
MED-BE-0378,Radio Spes,BE,Belgique,nl,RADIO,Radios Régionales,Actualités-Infos Générales,Régionale/Départementale,https://nl.wikipedia.org/wiki/Radio_Spes,,,,WIKIPEDIA,3
MED-BE-0379,Radio Studio One,BE,Belgique,fr,RADIO,Radios Régionales,Actualités-Infos Générales,Régionale/Départementale,https://fr.wikipedia.org/wiki/Radio_Studio_One,,,,WIKIPEDIA,3
MED-BE-0380,Radio Tornado,BE,Belgique,nl,RADIO,Radios Régionales,Actualités-Infos Générales,Régionale/Départementale,https://nl.wikipedia.org/wiki/Radio_Tornado,,,,WIKIPEDIA,3
MED-BE-0381,Radio Vlaanderen Internationaal,BE,Belgique,nl,RADIO,Radios Régionales,Actualités-Infos Générales,Régionale/Départementale,https://en.wikipedia.org/wiki/Radio_Vlaanderen_Internationaal,,,,WIKIPEDIA,3
MED-BE-0382,Recherches husserliennes,BE,Belgique,nl,PRESSE,Médias d'information générale (hors PQN),Actualités-Infos Générales,Nationale,https://en.wikipedia.org/wiki/Recherches_husserliennes,,,,WIKIPEDIA,3
MED-BE-0383,Regenbogen in Rwanda,BE,Belgique,nl,TV,TV Grandes Chaînes,Actualités-Infos Générales,Nationale,https://nl.wikipedia.org/wiki/Regenbogen_in_Rwanda,,,,WIKIPEDIA,3
MED-BE-0384,Rekto:verso,BE,Belgique,nl,PRESSE,Médias d'information générale (hors PQN),Actualités-Infos Générales,Nationale,https://nl.wikipedia.org/wiki/Rekto%3Averso,,,,WIKIPEDIA,3
MED-BE-0385,Revue belge,BE,Belgique,fr,PRESSE,Médias d'information générale (hors PQN),Actualités-Infos Générales,Nationale,https://fr.wikipedia.org/wiki/Revue_belge,,,,WIKIPEDIA,3
MED-BE-0386,Revue catholique des idées et des faits,BE,Belgique,nl,PRESSE,Médias d'information générale (hors PQN),Actualités-Infos Générales,Nationale,https://en.wikipedia.org/wiki/Revue_catholique_des_id%C3%A9es_et_des_faits,,,,WIKIPEDIA,3
MED-BE-0387,Revue de Belgique,BE,Belgique,nl,PRESSE,Médias d'information générale (hors PQN),Actualités-Infos Générales,Nationale,https://nl.wikipedia.org/wiki/Revue_de_Belgique,,,,WIKIPEDIA,3
MED-BE-0388,Revue de Bruxelles,BE,Belgique,nl,PRESSE,Médias d'information générale (hors PQN),Actualités-Infos Générales,Nationale,https://en.wikipedia.org/wiki/Revue_de_Bruxelles,,,,WIKIPEDIA,3
MED-BE-0389,RGR fm,BE,Belgique,nl,RADIO,Radios Régionales,Actualités-Infos Générales,Régionale/Départementale,https://nl.wikipedia.org/wiki/RGR_fm,,,,WIKIPEDIA,3
MED-BE-0390,Ring,BE,Belgique,nl,TV,TV Grandes Chaînes,Actualités-Infos Générales,Nationale,https://nl.wikipedia.org/wiki/Ring_%28televisiezender%29,,,,WIKIPEDIA,3
MED-BE-0391,Robbedoes,BE,Belgique,nl,PRESSE,Médias d'information générale (hors PQN),Actualités-Infos Générales,Nationale,https://nl.wikipedia.org/wiki/Robbedoes_%28blad%29,,,,WIKIPEDIA,3
MED-BE-0392,Rond den Heerd,BE,Belgique,nl,PRESSE,Médias d'information générale (hors PQN),Actualités-Infos Générales,Nationale,https://en.wikipedia.org/wiki/Rond_den_Heerd,,,,WIKIPEDIA,3
MED-BE-0393,Rondom,BE,Belgique,nl,PRESSE,PQR/PQD (Quotidiens régionaux),Actualités-Infos Générales,Régionale/Départementale,https://nl.wikipedia.org/wiki/Rondom,,,,WIKIPEDIA,3
MED-BE-0394,Rosita,BE,Belgique,nl,PRESSE,Médias d'information générale (hors PQN),Actualités-Infos Générales,Nationale,https://nl.wikipedia.org/wiki/Rosita_%28Vlaams_tijdschrift%29,,,,WIKIPEDIA,3
MED-BE-0395,RTBF,BE,Belgique,nl,WEB,Médias d'information générale (hors PQN),Actualités-Infos Générales,Nationale,https://en.wikipedia.org/wiki/RTBF,,,,WIKIPEDIA,3
MED-BE-0396,RTBF International,BE,Belgique,nl,RADIO,Radios Régionales,Actualités-Infos Générales,Régionale/Départementale,https://en.wikipedia.org/wiki/RTBF_International,,,,WIKIPEDIA,3
MED-BE-0397,RTBF Sat,BE,Belgique,fr,TV,TV Câble/Sat,Actualités-Infos Générales,Nationale,https://fr.wikipedia.org/wiki/RTBF_Sat,,,,WIKIPEDIA,3
MED-BE-0398,RTD info,BE,Belgique,nl,PRESSE,Médias d'information générale (hors PQN),Actualités-Infos Générales,Nationale,https://en.wikipedia.org/wiki/RTD_info,,,,WIKIPEDIA,3
MED-BE-0399,RTL club,BE,Belgique,fr,TV,TV Grandes Chaînes,Actualités-Infos Générales,Nationale,https://fr.wikipedia.org/wiki/RTL_club,,,,WIKIPEDIA,3
MED-BE-0400,RTL District,BE,Belgique,fr,TV,TV Grandes Chaînes,Actualités-Infos Générales,Nationale,https://fr.wikipedia.org/wiki/RTL_District,,,,WIKIPEDIA,3
MED-BE-0401,RTL Plug,BE,Belgique,fr,TV,TV Grandes Chaînes,Actualités-Infos Générales,Nationale,https://fr.wikipedia.org/wiki/RTL_Plug,,,,WIKIPEDIA,3
MED-BE-0402,RTV,BE,Belgique,nl,TV,TV Grandes Chaînes,Actualités-Infos Générales,Nationale,https://nl.wikipedia.org/wiki/RTV_%28Belgi%C3%AB%29,,,,WIKIPEDIA,3
MED-BE-0403,Sabato,BE,Belgique,nl,PRESSE,Médias d'information générale (hors PQN),Actualités-Infos Générales,Nationale,https://nl.wikipedia.org/wiki/Sabato,,,,WIKIPEDIA,3
MED-BE-0404,Sara De Paduwa,BE,Belgique,fr,RADIO,Radios Régionales,Actualités-Infos Générales,Régionale/Départementale,https://fr.wikipedia.org/wiki/Sara_De_Paduwa,,,,WIKIPEDIA,3
MED-BE-0405,Saskia De Ville,BE,Belgique,fr,RADIO,Radios Régionales,Actualités-Infos Générales,Régionale/Départementale,https://fr.wikipedia.org/wiki/Saskia_De_Ville,,,,WIKIPEDIA,3
MED-BE-0406,SBS Belgium,BE,Belgique,fr,TV,TV Grandes Chaînes,Actualités-Infos Générales,Nationale,https://fr.wikipedia.org/wiki/SBS_Belgium,,,,WIKIPEDIA,3
MED-BE-0407,Scherper,BE,Belgique,nl,PRESSE,Médias d'information générale (hors PQN),Actualités-Infos Générales,Nationale,https://nl.wikipedia.org/wiki/Scherper_%28tijdschrift%29,,,,WIKIPEDIA,3
MED-BE-0408,Secessie,BE,Belgique,fr,PRESSE,Médias d'information générale (hors PQN),Actualités-Infos Générales,Nationale,https://fr.wikipedia.org/wiki/Secessie,,,,WIKIPEDIA,3
MED-BE-0409,Seizoenen,BE,Belgique,nl,PRESSE,Médias d'information générale (hors PQN),Actualités-Infos Générales,Nationale,https://nl.wikipedia.org/wiki/Seizoenen_%28tijdschrift%29,,,,WIKIPEDIA,3
MED-BE-0410,Shoot Magazine,BE,Belgique,nl,PRESSE,Médias d'information générale (hors PQN),Actualités-Infos Générales,Nationale,https://nl.wikipedia.org/wiki/Shoot_Magazine,,,,WIKIPEDIA,3
MED-BE-0411,ShortsTV,BE,Belgique,fr,TV,TV Grandes Chaînes,Actualités-Infos Générales,Nationale,https://fr.wikipedia.org/wiki/ShortsTV,,,,WIKIPEDIA,3
MED-BE-0412,S.I.S Radio,BE,Belgique,fr,RADIO,Radios Régionales,Actualités-Infos Générales,Régionale/Départementale,https://fr.wikipedia.org/wiki/S.I.S_Radio,,,,WIKIPEDIA,3
MED-BE-0413,Snoecks,BE,Belgique,nl,PRESSE,Médias d'information générale (hors PQN),Actualités-Infos Générales,Nationale,https://en.wikipedia.org/wiki/Snoecks,,,,WIKIPEDIA,3
MED-BE-0414,Socialistische Arbeiders Radio-Omroep voor Vlaanderen,BE,Belgique,nl,RADIO,Radios Régionales,Actualités-Infos Générales,Régionale/Départementale,https://nl.wikipedia.org/wiki/Socialistische_Arbeiders_Radio-Omroep_voor_Vlaanderen,,,,WIKIPEDIA,3
MED-BE-0415,Sociologie Magazine,BE,Belgique,nl,PRESSE,Médias d'information générale (hors PQN),Actualités-Infos Générales,Nationale,https://nl.wikipedia.org/wiki/Sociologie_Magazine,,,,WIKIPEDIA,3
MED-BE-0416,Soir Mag,BE,Belgique,fr,PRESSE,Médias d'information générale (hors PQN),Actualités-Infos Générales,Nationale,https://fr.wikipedia.org/wiki/Soir_Mag,,,,WIKIPEDIA,3
MED-BE-0417,Sonuma,BE,Belgique,fr,RADIO,Radios Régionales,Actualités-Infos Générales,Régionale/Départementale,https://fr.wikipedia.org/wiki/Sonuma,,,,WIKIPEDIA,3
MED-BE-0418,Spirou,BE,Belgique,nl,PRESSE,Médias d'information générale (hors PQN),Actualités-Infos Générales,Nationale,https://en.wikipedia.org/wiki/Spirou_%28magazine%29,,,,WIKIPEDIA,3
MED-BE-0419,Spoorwegjournaal,BE,Belgique,nl,PRESSE,Médias d'information générale (hors PQN),Actualités-Infos Générales,Nationale,https://nl.wikipedia.org/wiki/Spoorwegjournaal,,,,WIKIPEDIA,3
MED-BE-0420,Sport/Foot Magazine,BE,Belgique,fr,PRESSE,Médias d'information générale (hors PQN),Actualités-Infos Générales,Nationale,https://fr.wikipedia.org/wiki/Sport/Foot_Magazine,,,,WIKIPEDIA,3
MED-BE-0421,Sportleven,BE,Belgique,nl,PRESSE,Médias d'information générale (hors PQN),Actualités-Infos Générales,Nationale,https://nl.wikipedia.org/wiki/Sportleven,,,,WIKIPEDIA,3
MED-BE-0422,Sporza,BE,Belgique,nl,RADIO,Radios Régionales,Actualités-Infos Générales,Régionale/Départementale,https://en.wikipedia.org/wiki/Sporza,,,,WIKIPEDIA,3
MED-BE-0423,Standaard der Letteren,BE,Belgique,nl,PRESSE,Médias régionaux (hors PQR),Actualités-Infos Générales,Régionale/Départementale,https://nl.wikipedia.org/wiki/Standaard_der_Letteren,,,,WIKIPEDIA,3
MED-BE-0424,Steps City Magazine,BE,Belgique,nl,PRESSE,Médias d'information générale (hors PQN),Actualités-Infos Générales,Nationale,https://nl.wikipedia.org/wiki/Steps_City_Magazine,,,,WIKIPEDIA,3
MED-BE-0425,Stipkrant,BE,Belgique,nl,PRESSE,PQN (Quotidiens nationaux),Actualités-Infos Générales,Nationale,https://nl.wikipedia.org/wiki/Stipkrant,,,,WIKIPEDIA,3
MED-BE-0426,Story FM,BE,Belgique,nl,RADIO,Radios Régionales,Actualités-Infos Générales,Régionale/Départementale,https://nl.wikipedia.org/wiki/Story_FM,,,,WIKIPEDIA,3
MED-BE-0427,Streven,BE,Belgique,nl,PRESSE,Médias d'information générale (hors PQN),Actualités-Infos Générales,Nationale,https://nl.wikipedia.org/wiki/Streven,,,,WIKIPEDIA,3
MED-BE-0428,Stripgids,BE,Belgique,nl,PRESSE,Médias d'information générale (hors PQN),Actualités-Infos Générales,Nationale,https://nl.wikipedia.org/wiki/Stripgids,,,,WIKIPEDIA,3
MED-BE-0429,Studio 100 TV,BE,Belgique,nl,TV,TV Grandes Chaînes,Actualités-Infos Générales,Nationale,https://nl.wikipedia.org/wiki/Studio_100_TV,,,,WIKIPEDIA,3
MED-BE-0430,St. Vither Zeitung,BE,Belgique,de,PRESSE,PQR/PQD (Quotidiens régionaux),Actualités-Infos Générales,Régionale/Départementale,https://de.wikipedia.org/wiki/St._Vither_Zeitung,,,,WIKIPEDIA,3
MED-BE-0431,SudPresse,BE,Belgique,nl,PRESSE,PQR/PQD (Quotidiens régionaux),Actualités-Infos Générales,Régionale/Départementale,https://nl.wikipedia.org/wiki/SudPresse,,,,WIKIPEDIA,3
MED-BE-0432,Sud Radio,BE,Belgique,nl,RADIO,Radios Régionales,Actualités-Infos Générales,Régionale/Départementale,https://nl.wikipedia.org/wiki/Sud_Radio_%28Belgi%C3%AB%29,,,,WIKIPEDIA,3
MED-BE-0433,Suske en Wiske,BE,Belgique,nl,PRESSE,Médias d'information générale (hors PQN),Actualités-Infos Générales,Nationale,https://nl.wikipedia.org/wiki/Suske_en_Wiske_%28tijdschrift%29,,,,WIKIPEDIA,3
MED-BE-0434,Suske en Wiske Weekblad,BE,Belgique,nl,PRESSE,Médias d'information générale (hors PQN),Actualités-Infos Générales,Nationale,https://en.wikipedia.org/wiki/Suske_en_Wiske_Weekblad,,,,WIKIPEDIA,3
MED-BE-0435,Team U.P.,BE,Belgique,nl,TV,TV Grandes Chaînes,Actualités-Infos Générales,Nationale,https://nl.wikipedia.org/wiki/Team_U.P.,,,,WIKIPEDIA,3
MED-BE-0436,Technische Revue,BE,Belgique,nl,PRESSE,Médias d'information générale (hors PQN),Actualités-Infos Générales,Nationale,https://en.wikipedia.org/wiki/Technische_Revue,,,,WIKIPEDIA,3
MED-BE-0437,TeKoS,BE,Belgique,nl,PRESSE,Médias d'information générale (hors PQN),Actualités-Infos Générales,Nationale,https://en.wikipedia.org/wiki/TeKoS,,,,WIKIPEDIA,3
MED-BE-0438,Télé-compact,BE,Belgique,nl,PRESSE,Médias d'information générale (hors PQN),Actualités-Infos Générales,Nationale,https://nl.wikipedia.org/wiki/T%C3%A9l%C3%A9-compact,,,,WIKIPEDIA,3
MED-BE-0439,Télé MB,BE,Belgique,fr,TV,TV Régionales,Actualités-Infos Générales,Régionale/Départementale,https://fr.wikipedia.org/wiki/T%C3%A9l%C3%A9_MB,,,,WIKIPEDIA,3
MED-BE-0440,Télémoustique,BE,Belgique,nl,PRESSE,Médias d'information générale (hors PQN),Actualités-Infos Générales,Nationale,https://nl.wikipedia.org/wiki/T%C3%A9l%C3%A9moustique,,,,WIKIPEDIA,3
MED-BE-0441,Télépro,BE,Belgique,nl,PRESSE,Médias d'information générale (hors PQN),Actualités-Infos Générales,Nationale,https://en.wikipedia.org/wiki/T%C3%A9l%C3%A9pro,,,,WIKIPEDIA,3
MED-BE-0442,Télésambre,BE,Belgique,fr,TV,TV Régionales,Actualités-Infos Générales,Régionale/Départementale,https://fr.wikipedia.org/wiki/T%C3%A9l%C3%A9sambre,,,,WIKIPEDIA,3
MED-BE-0443,Testaankoop,BE,Belgique,nl,PRESSE,Médias d'information générale (hors PQN),Actualités-Infos Générales,Nationale,https://nl.wikipedia.org/wiki/Testaankoop_%28tijdschrift%29,,,,WIKIPEDIA,3
MED-BE-0444,TeVe-Blad,BE,Belgique,nl,PRESSE,Médias d'information générale (hors PQN),Actualités-Infos Générales,Nationale,https://nl.wikipedia.org/wiki/TeVe-Blad,,,,WIKIPEDIA,3
MED-BE-0445,The Brussels Times,BE,Belgique,nl,PRESSE,Médias d'information générale (hors PQN),Actualités-Infos Générales,Nationale,https://en.wikipedia.org/wiki/The_Brussels_Times,,,,WIKIPEDIA,3
MED-BE-0446,The Bulletin,BE,Belgique,nl,PRESSE,Médias d'information générale (hors PQN),Actualités-Infos Générales,Nationale,https://en.wikipedia.org/wiki/The_Bulletin_%28Belgian_magazine%29,,,,WIKIPEDIA,3
MED-BE-0447,The Courier,BE,Belgique,nl,PRESSE,Médias d'information générale (hors PQN),Actualités-Infos Générales,Nationale,https://en.wikipedia.org/wiki/The_Courier_%28ACP-EU%29,,,,WIKIPEDIA,3
MED-BE-0448,The Literary Magnet,BE,Belgique,nl,PRESSE,Médias d'information générale (hors PQN),Actualités-Infos Générales,Nationale,https://en.wikipedia.org/wiki/The_Literary_Magnet,,,,WIKIPEDIA,3
MED-BE-0449,The Parliament Magazine,BE,Belgique,nl,PRESSE,Médias d'information générale (hors PQN),Actualités-Infos Générales,Nationale,https://en.wikipedia.org/wiki/The_Parliament_Magazine,,,,WIKIPEDIA,3
MED-BE-0450,The Word,BE,Belgique,nl,PRESSE,Médias d'information générale (hors PQN),Actualités-Infos Générales,Nationale,https://en.wikipedia.org/wiki/The_Word_%28Belgian_magazine%29,,,,WIKIPEDIA,3
MED-BE-0451,TiensTiens,BE,Belgique,nl,PRESSE,PQR/PQD (Quotidiens régionaux),Actualités-Infos Générales,Régionale/Départementale,https://nl.wikipedia.org/wiki/TiensTiens,,,,WIKIPEDIA,3
MED-BE-0452,Tijdschrift voor Filosofie,BE,Belgique,nl,PRESSE,Médias d'information générale (hors PQN),Actualités-Infos Générales,Nationale,https://nl.wikipedia.org/wiki/Tijdschrift_voor_Filosofie,,,,WIKIPEDIA,3
MED-BE-0453,Tijdschrift voor Privaatrecht,BE,Belgique,nl,PRESSE,Médias d'information générale (hors PQN),Actualités-Infos Générales,Nationale,https://nl.wikipedia.org/wiki/Tijdschrift_voor_Privaatrecht,,,,WIKIPEDIA,3
MED-BE-0454,Tintin,BE,Belgique,nl,PRESSE,Médias d'information générale (hors PQN),Actualités-Infos Générales,Nationale,https://en.wikipedia.org/wiki/Tintin_%28magazine%29,,,,WIKIPEDIA,3
MED-BE-0455,Tipik,BE,Belgique,nl,RADIO,Radios Régionales,Actualités-Infos Générales,Régionale/Départementale,https://en.wikipedia.org/wiki/Tipik,,,,WIKIPEDIA,3
MED-BE-0456,TipikVision,BE,Belgique,fr,TV,TV Grandes Chaînes,Actualités-Infos Générales,Nationale,https://fr.wikipedia.org/wiki/TipikVision,,,,WIKIPEDIA,3
MED-BE-0457,'t Kapoentje,BE,Belgique,nl,PRESSE,Médias d'information générale (hors PQN),Actualités-Infos Générales,Nationale,https://nl.wikipedia.org/wiki/%27t_Kapoentje,,,,WIKIPEDIA,3
MED-BE-0458,TLC,BE,Belgique,nl,TV,TV Grandes Chaînes,Actualités-Infos Générales,Nationale,https://nl.wikipedia.org/wiki/TLC_%28televisiezender%29,,,,WIKIPEDIA,3
MED-BE-0459,Together,BE,Belgique,nl,PRESSE,Médias d'information générale (hors PQN),Actualités-Infos Générales,Nationale,https://en.wikipedia.org/wiki/Together_%28magazine%29,,,,WIKIPEDIA,3
MED-BE-0460,TOPradio,BE,Belgique,nl,RADIO,Radios Régionales,Actualités-Infos Générales,Régionale/Départementale,https://en.wikipedia.org/wiki/TOPradio,,,,WIKIPEDIA,3
MED-BE-0461,Tout,BE,Belgique,nl,PRESSE,Médias d'information générale (hors PQN),Actualités-Infos Générales,Nationale,https://nl.wikipedia.org/wiki/Tout,,,,WIKIPEDIA,3
MED-BE-0462,'t Pallieterke,BE,Belgique,nl,PRESSE,Médias d'information générale (hors PQN),Actualités-Infos Générales,Nationale,https://en.wikipedia.org/wiki/%27t_Pallieterke,,,,WIKIPEDIA,3
MED-BE-0463,Tram 2000,BE,Belgique,fr,PRESSE,Médias d'information générale (hors PQN),Actualités-Infos Générales,Nationale,https://fr.wikipedia.org/wiki/Tram_2000_%28magazine%29,,,,WIKIPEDIA,3
MED-BE-0464,Travailleur arabe,BE,Belgique,nl,PRESSE,Médias d'information générale (hors PQN),Actualités-Infos Générales,Nationale,https://nl.wikipedia.org/wiki/Travailleur_arabe,,,,WIKIPEDIA,3
MED-BE-0465,Trends,BE,Belgique,nl,PRESSE,Médias d'information générale (hors PQN),Actualités-Infos Générales,Nationale,https://en.wikipedia.org/wiki/Trends_%28Belgian_magazine%29,,,,WIKIPEDIA,3
MED-BE-0466,Trends Z,BE,Belgique,nl,TV,TV Grandes Chaînes,Actualités-Infos Générales,Nationale,https://nl.wikipedia.org/wiki/Trends_Z,,,,WIKIPEDIA,3
MED-BE-0467,TROEP!,BE,Belgique,nl,TV,TV Grandes Chaînes,Actualités-Infos Générales,Nationale,https://nl.wikipedia.org/wiki/TROEP%21,,,,WIKIPEDIA,3
MED-BE-0468,Trollie,BE,Belgique,nl,TV,TV Grandes Chaînes,Actualités-Infos Générales,Nationale,https://nl.wikipedia.org/wiki/Trollie,,,,WIKIPEDIA,3
MED-BE-0469,'tScheldt,BE,Belgique,nl,PRESSE,PQR/PQD (Quotidiens régionaux),Actualités-Infos Générales,Régionale/Départementale,https://nl.wikipedia.org/wiki/%27tScheldt,,,,WIKIPEDIA,3
MED-BE-0470,TV5 Monde,BE,Belgique,fr,TV,TV Grandes Chaînes,Actualités-Infos Générales,Nationale,https://fr.wikipedia.org/wiki/TV5_Monde,,,,WIKIPEDIA,3
MED-BE-0471,TV Com,BE,Belgique,fr,TV,TV Régionales,Actualités-Infos Générales,Régionale/Départementale,https://fr.wikipedia.org/wiki/TV_Com,,,,WIKIPEDIA,3
MED-BE-0472,TV Familie,BE,Belgique,nl,PRESSE,Médias d'information générale (hors PQN),Actualités-Infos Générales,Nationale,https://nl.wikipedia.org/wiki/TV_Familie,,,,WIKIPEDIA,3
MED-BE-0473,TV Limburg,BE,Belgique,nl,TV,TV Grandes Chaînes,Actualités-Infos Générales,Nationale,https://nl.wikipedia.org/wiki/TV_Limburg_%28Belgi%C3%AB%29,,,,WIKIPEDIA,3
MED-BE-0474,TV Lux,BE,Belgique,fr,TV,TV Régionales,Actualités-Infos Générales,Régionale/Départementale,https://fr.wikipedia.org/wiki/TV_Lux,,,,WIKIPEDIA,3
MED-BE-0475,TV Oost,BE,Belgique,nl,TV,TV Grandes Chaînes,Actualités-Infos Générales,Nationale,https://nl.wikipedia.org/wiki/TV_Oost_%28Belgi%C3%AB%29,,,,WIKIPEDIA,3
MED-BE-0476,TV Radio Moustique,BE,Belgique,nl,PRESSE,Médias d'information générale (hors PQN),Actualités-Infos Générales,Nationale,https://nl.wikipedia.org/wiki/TV_Radio_Moustique,,,,WIKIPEDIA,3
MED-BE-0477,'t Vrije Volksblad,BE,Belgique,nl,PRESSE,Médias régionaux (hors PQR),Actualités-Infos Générales,Régionale/Départementale,https://nl.wikipedia.org/wiki/%27t_Vrije_Volksblad,,,,WIKIPEDIA,3
MED-BE-0478,Unidamu,BE,Belgique,nl,TV,TV Grandes Chaînes,Actualités-Infos Générales,Nationale,https://nl.wikipedia.org/wiki/Unidamu,,,,WIKIPEDIA,3
MED-BE-0479,Van Nu en Straks,BE,Belgique,nl,PRESSE,Médias d'information générale (hors PQN),Actualités-Infos Générales,Nationale,https://en.wikipedia.org/wiki/Van_Nu_en_Straks,,,,WIKIPEDIA,3
MED-BE-0480,VBRO,BE,Belgique,nl,RADIO,Radios Régionales,Actualités-Infos Générales,Régionale/Départementale,https://nl.wikipedia.org/wiki/VBRO,,,,WIKIPEDIA,3
MED-BE-0481,Vedia,BE,Belgique,fr,TV,TV Régionales,Actualités-Infos Générales,Régionale/Départementale,https://fr.wikipedia.org/wiki/Vedia_%28t%C3%A9l%C3%A9vision%29,,,,WIKIPEDIA,3
MED-BE-0482,Victoire magazine,BE,Belgique,fr,PRESSE,Médias d'information générale (hors PQN),Actualités-Infos Générales,Nationale,https://fr.wikipedia.org/wiki/Victoire_magazine,,,,WIKIPEDIA,3
MED-BE-0483,Victor de Laveleye,BE,Belgique,fr,RADIO,Radios Régionales,Actualités-Infos Générales,Régionale/Départementale,https://fr.wikipedia.org/wiki/Victor_de_Laveleye,,,,WIKIPEDIA,3
MED-BE-0484,Virginie de Clausade,BE,Belgique,fr,RADIO,Radios Régionales,Actualités-Infos Générales,Régionale/Départementale,https://fr.wikipedia.org/wiki/Virginie_de_Clausade,,,,WIKIPEDIA,3
MED-BE-0485,Visie.net,BE,Belgique,nl,PRESSE,Médias d'information générale (hors PQN),Actualités-Infos Générales,Nationale,https://nl.wikipedia.org/wiki/Visie.net,,,,WIKIPEDIA,3
MED-BE-0486,Vitaya,BE,Belgique,nl,PRESSE,Médias d'information générale (hors PQN),Actualités-Infos Générales,Nationale,https://en.wikipedia.org/wiki/Vitaya_%28magazine%29,,,,WIKIPEDIA,3
MED-BE-0487,Vitaya Magazine,BE,Belgique,nl,PRESSE,Médias d'information générale (hors PQN),Actualités-Infos Générales,Nationale,https://nl.wikipedia.org/wiki/Vitaya_Magazine,,,,WIKIPEDIA,3
MED-BE-0488,VivaCité,BE,Belgique,nl,RADIO,Radios Régionales,Actualités-Infos Générales,Régionale/Départementale,https://en.wikipedia.org/wiki/VivaCit%C3%A9,,,,WIKIPEDIA,3
MED-BE-0489,Vivre la Wallonie,BE,Belgique,fr,PRESSE,Médias d'information générale (hors PQN),Actualités-Infos Générales,Nationale,https://fr.wikipedia.org/wiki/Vivre_la_Wallonie,,,,WIKIPEDIA,3
MED-BE-0490,Vlaamse Radio- en Televisieomroeporganisatie,BE,Belgique,fr,RADIO,Radios Régionales,Actualités-Infos Générales,Régionale/Départementale,https://fr.wikipedia.org/wiki/Vlaamse_Radio-_en_Televisieomroeporganisatie,,,,WIKIPEDIA,3
MED-BE-0491,Vlaams Parlement TV,BE,Belgique,nl,TV,TV Grandes Chaînes,Actualités-Infos Générales,Nationale,https://nl.wikipedia.org/wiki/Vlaams_Parlement_TV,,,,WIKIPEDIA,3
MED-BE-0492,Volk en Staat,BE,Belgique,nl,PRESSE,Médias régionaux (hors PQR),Actualités-Infos Générales,Régionale/Départementale,https://en.wikipedia.org/wiki/Volk_en_Staat,,,,WIKIPEDIA,3
MED-BE-0493,Voosport,BE,Belgique,fr,TV,TV Grandes Chaînes,Actualités-Infos Générales,Nationale,https://fr.wikipedia.org/wiki/Voosport,,,,WIKIPEDIA,3
MED-BE-0494,VOOsport World 1,BE,Belgique,fr,TV,TV Grandes Chaînes,Actualités-Infos Générales,Nationale,https://fr.wikipedia.org/wiki/VOOsport_World_1,,,,WIKIPEDIA,3
MED-BE-0495,VOOsport World 3,BE,Belgique,fr,TV,TV Grandes Chaînes,Actualités-Infos Générales,Nationale,https://fr.wikipedia.org/wiki/VOOsport_World_3,,,,WIKIPEDIA,3
MED-BE-0496,Voyelles,BE,Belgique,fr,PRESSE,Médias d'information générale (hors PQN),Actualités-Infos Générales,Nationale,https://fr.wikipedia.org/wiki/Voyelles_%28magazine%29,,,,WIKIPEDIA,3
MED-BE-0497,Vrank en Vrij,BE,Belgique,nl,PRESSE,Médias régionaux (hors PQR),Actualités-Infos Générales,Régionale/Départementale,https://en.wikipedia.org/wiki/Vrank_en_Vrij,,,,WIKIPEDIA,3
MED-BE-0498,Vrede vzw,BE,Belgique,nl,PRESSE,Médias d'information générale (hors PQN),Actualités-Infos Générales,Nationale,https://nl.wikipedia.org/wiki/Vrede_vzw,,,,WIKIPEDIA,3
MED-BE-0499,Vrouw en Huis,BE,Belgique,nl,PRESSE,Médias d'information générale (hors PQN),Actualités-Infos Générales,Nationale,https://nl.wikipedia.org/wiki/Vrouw_en_Huis,,,,WIKIPEDIA,3
MED-BE-0500,Vrouwen met Vaart,BE,Belgique,nl,PRESSE,Médias d'information générale (hors PQN),Actualités-Infos Générales,Nationale,https://nl.wikipedia.org/wiki/Vrouwen_met_Vaart,,,,WIKIPEDIA,3
MED-BE-0501,VRT,BE,Belgique,nl,WEB,Médias d'information générale (hors PQN),Actualités-Infos Générales,Nationale,https://en.wikipedia.org/wiki/VRT_%28broadcaster%29,,,,WIKIPEDIA,3
MED-BE-0502,VRT 1,BE,Belgique,nl,TV,TV Grandes Chaînes,Actualités-Infos Générales,Nationale,https://nl.wikipedia.org/wiki/VRT_1,,,,WIKIPEDIA,3
MED-BE-0503,VRT 2,BE,Belgique,nl,TV,TV Grandes Chaînes,Actualités-Infos Générales,Nationale,https://nl.wikipedia.org/wiki/VRT_2,,,,WIKIPEDIA,3
MED-BE-0504,VRT CANVAS,BE,Belgique,nl,TV,TV Grandes Chaînes,Actualités-Infos Générales,Nationale,https://nl.wikipedia.org/wiki/VRT_CANVAS,,,,WIKIPEDIA,3
MED-BE-0505,VRT Radio Bene,BE,Belgique,nl,RADIO,Radios Régionales,Actualités-Infos Générales,Régionale/Départementale,https://nl.wikipedia.org/wiki/VRT_Radio_Bene,,,,WIKIPEDIA,3
MED-BE-0506,VTM 2,BE,Belgique,nl,TV,TV Grandes Chaînes,Actualités-Infos Générales,Nationale,https://nl.wikipedia.org/wiki/VTM_2,,,,WIKIPEDIA,3
MED-BE-0507,VTM 3,BE,Belgique,nl,TV,TV Grandes Chaînes,Actualités-Infos Générales,Nationale,https://nl.wikipedia.org/wiki/VTM_3,,,,WIKIPEDIA,3
MED-BE-0508,VTM 4,BE,Belgique,nl,TV,TV Grandes Chaînes,Actualités-Infos Générales,Nationale,https://nl.wikipedia.org/wiki/VTM_4,,,,WIKIPEDIA,3
MED-BE-0509,VTM GO,BE,Belgique,nl,TV,TV Grandes Chaînes,Actualités-Infos Générales,Nationale,https://nl.wikipedia.org/wiki/VTM_GO,,,,WIKIPEDIA,3
MED-BE-0510,VTM GOLD,BE,Belgique,nl,TV,TV Grandes Chaînes,Actualités-Infos Générales,Nationale,https://nl.wikipedia.org/wiki/VTM_GOLD,,,,WIKIPEDIA,3
MED-BE-0511,VTM Kids,BE,Belgique,nl,TV,TV Grandes Chaînes,Actualités-Infos Générales,Nationale,https://nl.wikipedia.org/wiki/VTM_Kids,,,,WIKIPEDIA,3
MED-BE-0512,VTM Kids Jr.,BE,Belgique,nl,TV,TV Grandes Chaînes,Actualités-Infos Générales,Nationale,https://nl.wikipedia.org/wiki/VTM_Kids_Jr.,,,,WIKIPEDIA,3
MED-BE-0513,VTM Series,BE,Belgique,nl,TV,TV Grandes Chaînes,Actualités-Infos Générales,Nationale,https://nl.wikipedia.org/wiki/VTM_Series,,,,WIKIPEDIA,3
MED-BE-0514,Wablieft,BE,Belgique,nl,PRESSE,PQR/PQD (Quotidiens régionaux),Actualités-Infos Générales,Régionale/Départementale,https://nl.wikipedia.org/wiki/Wablieft,,,,WIKIPEDIA,3
MED-BE-0515,Weirdo's,BE,Belgique,nl,PRESSE,Médias d'information générale (hors PQN),Actualités-Infos Générales,Nationale,https://nl.wikipedia.org/wiki/Weirdo%27s,,,,WIKIPEDIA,3
MED-BE-0516,Westradio,BE,Belgique,nl,RADIO,Radios Régionales,Actualités-Infos Générales,Régionale/Départementale,https://nl.wikipedia.org/wiki/Westradio,,,,WIKIPEDIA,3
MED-BE-0517,Wilfried,BE,Belgique,nl,PRESSE,Médias d'information générale (hors PQN),Actualités-Infos Générales,Nationale,https://nl.wikipedia.org/wiki/Wilfried_%28tijdschrift%29,,,,WIKIPEDIA,3
MED-BE-0518,Wilfried Magazine,BE,Belgique,fr,PRESSE,Médias d'information générale (hors PQN),Actualités-Infos Générales,Nationale,https://fr.wikipedia.org/wiki/Wilfried_Magazine,,,,WIKIPEDIA,3
MED-BE-0519,Willy,BE,Belgique,nl,RADIO,Radios Régionales,Actualités-Infos Générales,Régionale/Départementale,https://nl.wikipedia.org/wiki/Willy_%28radiozender%29,,,,WIKIPEDIA,3
MED-BE-0520,Winning Bicycle Racing Illustrated,BE,Belgique,nl,PRESSE,Médias d'information générale (hors PQN),Actualités-Infos Générales,Nationale,https://en.wikipedia.org/wiki/Winning_Bicycle_Racing_Illustrated,,,,WIKIPEDIA,3
MED-BE-0521,Woef,BE,Belgique,nl,PRESSE,Médias d'information générale (hors PQN),Actualités-Infos Générales,Nationale,https://nl.wikipedia.org/wiki/Woef_%28tijdschrift%29,,,,WIKIPEDIA,3
MED-BE-0522,Wonder en is gheen Wonder,BE,Belgique,nl,PRESSE,Médias d'information générale (hors PQN),Actualités-Infos Générales,Nationale,https://en.wikipedia.org/wiki/Wonder_en_is_gheen_Wonder,,,,WIKIPEDIA,3
MED-BE-0523,Wonderland,BE,Belgique,nl,PRESSE,Médias d'information générale (hors PQN),Actualités-Infos Générales,Nationale,https://nl.wikipedia.org/wiki/Wonderland_%28tijdschrift%29,,,,WIKIPEDIA,3
MED-BE-0524,Wrill,BE,Belgique,nl,PRESSE,Médias d'information générale (hors PQN),Actualités-Infos Générales,Nationale,https://nl.wikipedia.org/wiki/Wrill,,,,WIKIPEDIA,3
MED-BE-0525,XITE,BE,Belgique,nl,TV,TV Grandes Chaînes,Actualités-Infos Générales,Nationale,https://nl.wikipedia.org/wiki/XITE,,,,WIKIPEDIA,3
MED-BE-0526,Zender Brussel,BE,Belgique,nl,RADIO,Radios Régionales,Actualités-Infos Générales,Régionale/Départementale,https://nl.wikipedia.org/wiki/Zender_Brussel,,,,WIKIPEDIA,3
MED-BE-0527,Zen FM,BE,Belgique,nl,RADIO,Radios Régionales,Actualités-Infos Générales,Régionale/Départementale,https://nl.wikipedia.org/wiki/Zen_FM,,,,WIKIPEDIA,3
MED-BE-0528,Zoe FM,BE,Belgique,nl,RADIO,Radios Régionales,Actualités-Infos Générales,Régionale/Départementale,https://nl.wikipedia.org/wiki/Zoe_FM,,,,WIKIPEDIA,3
MED-BE-0529,Zonneland,BE,Belgique,nl,PRESSE,Médias d'information générale (hors PQN),Actualités-Infos Générales,Nationale,https://en.wikipedia.org/wiki/Zonneland,,,,WIKIPEDIA,3
MED-CH-0001,20 Minuten,CH,Suisse,de,PRESSE,PQN (Quotidiens nationaux),Actualités-Infos Générales,Nationale,https://www.20min.ch,TX Group,Zurich,Quotidien,SEED,1
MED-CH-0002,20 minutes,CH,Suisse,fr,PRESSE,PQN (Quotidiens nationaux),Actualités-Infos Générales,Nationale,https://www.20min.ch/fr,TX Group,Lausanne,Quotidien,SEED,1
MED-CH-0003,24 heures,CH,Suisse,fr,PRESSE,PQR/PQD (Quotidiens régionaux),Actualités-Infos Générales,Régionale/Départementale,https://www.24heures.ch,TX Group,Lausanne,Quotidien,SEED,1
MED-CH-0004,AWP Finanznachrichten,CH,Suisse,de,AGENCES,Agences de presse,Economie - Services,Nationale,https://www.awp.ch,AWP,Zurich,Continu,SEED,1
MED-CH-0005,Blick,CH,Suisse,de,PRESSE,PQN (Quotidiens nationaux),Actualités-Infos Générales,Nationale,https://www.blick.ch,Ringier,Zurich,Quotidien,SEED,1
MED-CH-0006,Corriere del Ticino,CH,Suisse,it,PRESSE,PQR/PQD (Quotidiens régionaux),Actualités-Infos Générales,Régionale/Départementale,https://www.cdt.ch,Fondazione Corriere del Ticino,Muzzano,Quotidien,SEED,1
MED-CH-0007,Keystone-ATS,CH,Suisse,fr,AGENCES,Agences de presse,Actualités-Infos Générales,Nationale,https://www.keystone-sda.ch,Keystone-SDA-ATS,Berne,Continu,SEED,1
MED-CH-0008,L'Agefi,CH,Suisse,fr,PRESSE,Médias professionnels,Economie - Services,Nationale,https://www.agefi.com,Agefi SA,Lausanne,Quotidien,SEED,1
MED-CH-0009,Le Temps,CH,Suisse,fr,PRESSE,PQN (Quotidiens nationaux),Actualités-Infos Générales,Nationale,https://www.letemps.ch,Fondation Aventinus,Genève,Quotidien,SEED,1
MED-CH-0010,Neue Zürcher Zeitung,CH,Suisse,de,PRESSE,PQN (Quotidiens nationaux),Actualités-Infos Générales,Nationale,https://www.nzz.ch,NZZ Mediengruppe,Zurich,Quotidien,SEED,1
MED-CH-0011,RSI,CH,Suisse,it,TV,TV Régionales,Actualités-Infos Générales,Régionale/Départementale,https://www.rsi.ch,SRG SSR,Lugano,Continu,SEED,1
MED-CH-0012,RTS,CH,Suisse,fr,TV,TV Grandes Chaînes,Actualités-Infos Générales,Nationale,https://www.rts.ch,SRG SSR,Genève,Continu,SEED,1
MED-CH-0013,SRF,CH,Suisse,de,TV,TV Grandes Chaînes,Actualités-Infos Générales,Nationale,https://www.srf.ch,SRG SSR,Zurich,Continu,SEED,1
MED-CH-0014,SWI swissinfo.ch,CH,Suisse,fr,WEB,Médias d'information générale (hors PQN),Actualités-Infos Générales,Nationale,https://www.swissinfo.ch,SRG SSR,Berne,Continu,SEED,1
MED-CH-0015,Tages-Anzeiger,CH,Suisse,de,PRESSE,PQN (Quotidiens nationaux),Actualités-Infos Générales,Nationale,https://www.tagesanzeiger.ch,TX Group,Zurich,Quotidien,SEED,1
MED-CH-0016,Tribune de Genève,CH,Suisse,fr,PRESSE,PQR/PQD (Quotidiens régionaux),Actualités-Infos Générales,Régionale/Départementale,https://www.tdg.ch,TX Group,Genève,Quotidien,SEED,1
MED-CH-0017,Basler Zeitung,CH,Suisse,de,PRESSE,PQR/PQD (Quotidiens régionaux),Actualités-Infos Générales,Régionale/Départementale,https://www.bazonline.ch,TX Group,Bâle,Quotidien,SEED,2
MED-CH-0018,Bilan,CH,Suisse,fr,PRESSE,Médias professionnels,Economie - Services,Nationale,https://www.bilan.ch,Ringier,Lausanne,Mensuel,SEED,2
MED-CH-0019,Bilanz,CH,Suisse,de,PRESSE,Médias professionnels,Economie - Services,Nationale,https://www.bilanz.ch,Ringier,Zurich,Mensuel,SEED,2
MED-CH-0020,Der Bund,CH,Suisse,de,PRESSE,PQR/PQD (Quotidiens régionaux),Actualités-Infos Générales,Régionale/Départementale,https://www.derbund.ch,TX Group,Berne,Quotidien,SEED,2
MED-CH-0021,Finanz und Wirtschaft,CH,Suisse,de,PRESSE,Médias professionnels,Economie - Services,Nationale,https://www.fuw.ch,NZZ Mediengruppe,Zurich,Bihebdomadaire,SEED,2
MED-CH-0022,Handelszeitung,CH,Suisse,de,PRESSE,Médias professionnels,Economie - Services,Nationale,https://www.handelszeitung.ch,Ringier,Zurich,Hebdomadaire,SEED,2
MED-CH-0023,La Liberté,CH,Suisse,fr,PRESSE,PQR/PQD (Quotidiens régionaux),Actualités-Infos Générales,Régionale/Départementale,https://www.laliberte.ch,Groupe Saint-Paul,Fribourg,Quotidien,SEED,2
MED-CH-0024,Le Matin / lematin.ch,CH,Suisse,fr,WEB,Médias d'information générale (hors PQN),Actualités-Infos Générales,Nationale,https://www.lematin.ch,TX Group,Lausanne,Continu,SEED,2
MED-CH-0025,RTS La 1ère,CH,Suisse,fr,RADIO,Radios Nationales,Actualités-Infos Générales,Nationale,https://www.rts.ch/rts-premiere/,SRG SSR,Lausanne,Continu,SEED,2
MED-CH-0026,watson,CH,Suisse,de,WEB,Médias d'information générale (hors PQN),Actualités-Infos Générales,Nationale,https://www.watson.ch,CH Media,Zurich,Continu,SEED,2
MED-CH-0027,Beobachter,CH,Suisse,de,PRESSE,Médias d'information générale (hors PQN),Actualités-Infos Générales,Nationale,https://www.beobachter.ch,Ringier,Zurich,Bimensuel,SEED,3
MED-CH-0028,Die Weltwoche,CH,Suisse,de,PRESSE,Médias d'information générale (hors PQN),Actualités-Infos Générales,Nationale,https://www.weltwoche.ch,Weltwoche Verlags AG,Zurich,Hebdomadaire,SEED,3
MED-CH-0029,L'Illustré,CH,Suisse,fr,PRESSE,Médias spécialisés grand public,Lifestyle,Nationale,https://www.illustre.ch,Ringier,Lausanne,Hebdomadaire,SEED,3
MED-CH-0030,RTR,CH,Suisse,rm,RADIO,Radios Régionales,Actualités-Infos Générales,Régionale/Départementale,https://www.rtr.ch,SRG SSR,Coire,Continu,SEED,3
MED-CH-0031,041 - Das Kulturmagazin,CH,Suisse,de,PRESSE,Médias régionaux (hors PQR),Actualités-Infos Générales,Régionale/Départementale,,,,11/Jahr,SWISSDOX,3
MED-CH-0032,13th Street,CH,Suisse,de,TV,TV Grandes Chaînes,Actualités-Infos Générales,Nationale,https://en.wikipedia.org/wiki/13th_Street_%28German_TV_channel%29,,,,WIKIPEDIA,3
MED-CH-0033,20 minuten online,CH,Suisse,de,WEB,Médias d'information générale (hors PQN),Actualités-Infos Générales,Nationale,,,,24/7,SWISSDOX,3
MED-CH-0034,20 minutes online,CH,Suisse,fr,WEB,Médias d'information générale (hors PQN),Actualités-Infos Générales,Nationale,,,,24/7,SWISSDOX,3
MED-CH-0035,24heures.ch,CH,Suisse,fr,WEB,Médias d'information générale (hors PQN),Actualités-Infos Générales,Nationale,,,,24/7,SWISSDOX,3
MED-CH-0036,3+,CH,Suisse,de,TV,TV Grandes Chaînes,Actualités-Infos Générales,Nationale,https://en.wikipedia.org/wiki/3%2B_%28TV_channel%29,,,,WIKIPEDIA,3
MED-CH-0037,3fach.ch,CH,Suisse,de,WEB,Médias d'information générale (hors PQN),Actualités-Infos Générales,Nationale,,,,24/7,SWISSDOX,3
MED-CH-0038,3 Plus TV,CH,Suisse,de,TV,TV Grandes Chaînes,Actualités-Infos Générales,Nationale,https://de.wikipedia.org/wiki/3_Plus_TV,,,,WIKIPEDIA,3
MED-CH-0039,3sat,CH,Suisse,de,TV,TV Câble/Sat,Actualités-Infos Générales,Nationale,https://en.wikipedia.org/wiki/3sat,,,,WIKIPEDIA,3
MED-CH-0040,4 Plus TV,CH,Suisse,de,TV,TV Grandes Chaînes,Actualités-Infos Générales,Nationale,https://de.wikipedia.org/wiki/4_Plus_TV,,,,WIKIPEDIA,3
MED-CH-0041,5 Plus TV,CH,Suisse,de,TV,TV Grandes Chaînes,Actualités-Infos Générales,Nationale,https://de.wikipedia.org/wiki/5_Plus_TV,,,,WIKIPEDIA,3
MED-CH-0042,Aargauer Zeitung,CH,Suisse,de,PRESSE,PQR/PQD (Quotidiens régionaux),Actualités-Infos Générales,Régionale/Départementale,https://en.wikipedia.org/wiki/Aargauer_Zeitung,,,,WIKIPEDIA,3
MED-CH-0043,aargauerzeitung.ch,CH,Suisse,de,WEB,Médias d'information générale (hors PQN),Actualités-Infos Générales,Nationale,,,,24/7,SWISSDOX,3
MED-CH-0044,A&E,CH,Suisse,de,TV,TV Grandes Chaînes,Actualités-Infos Générales,Nationale,https://en.wikipedia.org/wiki/A%26E_%28German_TV_channel%29,,,,WIKIPEDIA,3
MED-CH-0045,aerotelegraph.com,CH,Suisse,de,WEB,Médias d'information générale (hors PQN),Actualités-Infos Générales,Nationale,,,,24/7,SWISSDOX,3
MED-CH-0046,Agefi,CH,Suisse,fr,PRESSE,PQR/PQD (Quotidiens régionaux),Actualités-Infos Générales,Régionale/Départementale,,,,2/Woche,SWISSDOX,3
MED-CH-0047,agefi.com,CH,Suisse,fr,WEB,Médias professionnels,Actualités-Infos Générales,Nationale,,,,24/7,SWISSDOX,3
MED-CH-0048,Agrarpolitik der Podcast,CH,Suisse,de,RADIO,Radios Web/Podcasts,Actualités-Infos Générales,Nationale,,,,24/7,SWISSDOX,3
MED-CH-0049,ajour.ch,CH,Suisse,fr,WEB,Médias d'information générale (hors PQN),Actualités-Infos Générales,Nationale,,,,24/7,SWISSDOX,3
MED-CH-0050,AKTIV RADIO,CH,Suisse,de,RADIO,Radios Nationales,Actualités-Infos Générales,Nationale,,,,24/7,SWISSDOX,3
MED-CH-0051,akutmag.ch,CH,Suisse,de,WEB,Médias d'information générale (hors PQN),Actualités-Infos Générales,Nationale,,,,24/7,SWISSDOX,3
MED-CH-0052,ALF-TV Arolfinger Fernsehen,CH,Suisse,de,TV,TV Grandes Chaînes,Actualités-Infos Générales,Nationale,https://de.wikipedia.org/wiki/ALF-TV_Arolfinger_Fernsehen,,,,WIKIPEDIA,3
MED-CH-0053,allnews.ch,CH,Suisse,fr,WEB,Médias d'information générale (hors PQN),Actualités-Infos Générales,Nationale,,,,24/7,SWISSDOX,3
MED-CH-0054,"Alpen, Die",CH,Suisse,de,PRESSE,Médias régionaux (hors PQR),Actualités-Infos Générales,Régionale/Départementale,,,,"10/Jahr, Fr",SWISSDOX,3
MED-CH-0055,"Alpes, Les",CH,Suisse,fr,PRESSE,Médias régionaux (hors PQR),Actualités-Infos Générales,Régionale/Départementale,,,,"10/Jahr, Fr",SWISSDOX,3
MED-CH-0056,"Alpi, Le",CH,Suisse,it,PRESSE,Médias régionaux (hors PQR),Actualités-Infos Générales,Régionale/Départementale,,,,"10/Jahr, Fr",SWISSDOX,3
MED-CH-0057,Ami de la Nature,CH,Suisse,fr,PRESSE,Médias régionaux (hors PQR),Actualités-Infos Générales,Régionale/Départementale,,,,4/Jahr,SWISSDOX,3
MED-CH-0058,Andelfinger Zeitung,CH,Suisse,de,PRESSE,PQR/PQD (Quotidiens régionaux),Actualités-Infos Générales,Régionale/Départementale,,,,"2/Woche, Di+Fr",SWISSDOX,3
MED-CH-0059,Annabelle,CH,Suisse,de,PRESSE,Médias régionaux (hors PQR),Actualités-Infos Générales,Régionale/Départementale,,,,"18/Jahr, Fr",SWISSDOX,3
MED-CH-0060,annabelle.ch,CH,Suisse,de,WEB,Médias d'information générale (hors PQN),Actualités-Infos Générales,Nationale,,,,24/7,SWISSDOX,3
MED-CH-0061,Anzeiger aus dem Bezirk Affoltern,CH,Suisse,de,PRESSE,PQR/PQD (Quotidiens régionaux),Actualités-Infos Générales,Régionale/Départementale,,,,Di + Fr,SWISSDOX,3
MED-CH-0062,Anzeiger vom Rottal,CH,Suisse,de,PRESSE,PQR/PQD (Quotidiens régionaux),Actualités-Infos Générales,Régionale/Départementale,,,,Do,SWISSDOX,3
MED-CH-0063,Appenzeller Zeitung,CH,Suisse,it,PRESSE,PQR/PQD (Quotidiens régionaux),Actualités-Infos Générales,Régionale/Départementale,https://it.wikipedia.org/wiki/Appenzeller_Zeitung,,,,WIKIPEDIA,3
MED-CH-0064,appenzellerzeitung.ch,CH,Suisse,de,WEB,Médias d'information générale (hors PQN),Actualités-Infos Générales,Nationale,,,,24/7,SWISSDOX,3
MED-CH-0065,ArcInfo,CH,Suisse,de,PRESSE,PQR/PQD (Quotidiens régionaux),Actualités-Infos Générales,Régionale/Départementale,https://en.wikipedia.org/wiki/ArcInfo_%28newspaper%29,,,,WIKIPEDIA,3
MED-CH-0066,arcinfo.ch,CH,Suisse,fr,WEB,Médias d'information générale (hors PQN),Actualités-Infos Générales,Nationale,,,,24/7,SWISSDOX,3
MED-CH-0067,aufbau,CH,Suisse,de,PRESSE,Médias régionaux (hors PQR),Actualités-Infos Générales,Régionale/Départementale,,,,6/Jahr,SWISSDOX,3
MED-CH-0068,aufbau.eu,CH,Suisse,de,WEB,Médias d'information générale (hors PQN),Actualités-Infos Générales,Nationale,,,,24/7,SWISSDOX,3
MED-CH-0069,Auftanken.tv,CH,Suisse,de,TV,TV Grandes Chaînes,Actualités-Infos Générales,Nationale,https://de.wikipedia.org/wiki/Auftanken.tv,,,,WIKIPEDIA,3
MED-CH-0070,Automobil Revue,CH,Suisse,de,PRESSE,Médias régionaux (hors PQR),Actualités-Infos Générales,Régionale/Départementale,,,,12/Jahr,SWISSDOX,3
MED-CH-0071,Autorité indépendante d'examen des plaintes en matière de radio-télévision,CH,Suisse,fr,RADIO,Radios Régionales,Actualités-Infos Générales,Régionale/Départementale,https://fr.wikipedia.org/wiki/Autorit%C3%A9_ind%C3%A9pendante_d%27examen_des_plaintes_en_mati%C3%A8re_de_radio-t%C3%A9l%C3%A9vision,,,,WIKIPEDIA,3
MED-CH-0072,AXN Black,CH,Suisse,de,TV,TV Câble/Sat,Actualités-Infos Générales,Nationale,https://en.wikipedia.org/wiki/AXN_Black_%28German_TV_channel%29,,,,WIKIPEDIA,3
MED-CH-0073,AXN White,CH,Suisse,de,TV,TV Câble/Sat,Actualités-Infos Générales,Nationale,https://en.wikipedia.org/wiki/AXN_White_%28German_TV_channel%29,,,,WIKIPEDIA,3
MED-CH-0074,babanews.ch,CH,Suisse,de,WEB,Médias d'information générale (hors PQN),Actualités-Infos Générales,Nationale,,,,24/7,SWISSDOX,3
MED-CH-0075,Babestation24,CH,Suisse,de,TV,TV Grandes Chaînes,Actualités-Infos Générales,Nationale,https://de.wikipedia.org/wiki/Babestation24,,,,WIKIPEDIA,3
MED-CH-0076,badenertagblatt.ch,CH,Suisse,de,WEB,Médias d'information générale (hors PQN),Actualités-Infos Générales,Nationale,,,,24/7,SWISSDOX,3
MED-CH-0077,baernerbaer.ch,CH,Suisse,de,WEB,Médias d'information générale (hors PQN),Actualités-Infos Générales,Nationale,,,,24/7,SWISSDOX,3
MED-CH-0078,bajour.ch,CH,Suisse,de,WEB,Médias d'information générale (hors PQN),Actualités-Infos Générales,Nationale,,,,24/7,SWISSDOX,3
MED-CH-0079,Basellandschaftliche Zeitung,CH,Suisse,de,PRESSE,PQR/PQD (Quotidiens régionaux),Actualités-Infos Générales,Régionale/Départementale,https://en.wikipedia.org/wiki/Basellandschaftliche_Zeitung,,,,WIKIPEDIA,3
MED-CH-0080,Baslerstab,CH,Suisse,de,PRESSE,PQR/PQD (Quotidiens régionaux),Actualités-Infos Générales,Régionale/Départementale,https://en.wikipedia.org/wiki/Baslerstab,,,,WIKIPEDIA,3
MED-CH-0081,BauernZeitung,CH,Suisse,de,PRESSE,PQR/PQD (Quotidiens régionaux),Actualités-Infos Générales,Régionale/Départementale,,,,Fr,SWISSDOX,3
MED-CH-0082,bazonline.ch,CH,Suisse,de,WEB,Médias d'information générale (hors PQN),Actualités-Infos Générales,Nationale,,,,24/7,SWISSDOX,3
MED-CH-0083,beilstein.biz,CH,Suisse,de,WEB,Médias d'information générale (hors PQN),Actualités-Infos Générales,Nationale,,,,Dez 2010,SWISSDOX,3
MED-CH-0084,bellevue.nzz.ch,CH,Suisse,de,WEB,Médias d'information générale (hors PQN),Actualités-Infos Générales,Nationale,,,,24/7,SWISSDOX,3
MED-CH-0085,Beobachter.ch,CH,Suisse,de,WEB,Médias d'information générale (hors PQN),Actualités-Infos Générales,Nationale,,,,24/7,SWISSDOX,3
MED-CH-0086,Berner Landbote,CH,Suisse,de,PRESSE,PQR/PQD (Quotidiens régionaux),Actualités-Infos Générales,Régionale/Départementale,,,,"14-täglich, Mi",SWISSDOX,3
MED-CH-0087,Berner Zeitung,CH,Suisse,de,PRESSE,PQR/PQD (Quotidiens régionaux),Actualités-Infos Générales,Régionale/Départementale,https://en.wikipedia.org/wiki/Berner_Zeitung,,,,WIKIPEDIA,3
MED-CH-0088,bernerzeitung.ch,CH,Suisse,de,WEB,Médias d'information générale (hors PQN),Actualités-Infos Générales,Nationale,,,,24/7,SWISSDOX,3
MED-CH-0089,bern-ost.ch,CH,Suisse,de,WEB,Médias d'information générale (hors PQN),Actualités-Infos Générales,Nationale,,,,24/7,SWISSDOX,3
MED-CH-0090,bezirk.ch,CH,Suisse,de,WEB,Médias d'information générale (hors PQN),Actualités-Infos Générales,Nationale,,,,24/7,SWISSDOX,3
MED-CH-0091,bibliosuisse INFO,CH,Suisse,fr,PRESSE,Médias régionaux (hors PQR),Actualités-Infos Générales,Régionale/Départementale,,,,"4/Jahr, Do",SWISSDOX,3
MED-CH-0092,bilan.ch,CH,Suisse,fr,WEB,Médias d'information générale (hors PQN),Actualités-Infos Générales,Nationale,,,,24/7,SWISSDOX,3
MED-CH-0093,bilanz.ch,CH,Suisse,de,WEB,Médias d'information générale (hors PQN),Actualités-Infos Générales,Nationale,,,,24/7,SWISSDOX,3
MED-CH-0094,BILDUNG SCHWEIZ,CH,Suisse,de,PRESSE,Médias régionaux (hors PQR),Actualités-Infos Générales,Régionale/Départementale,,,,"11/Jahr, Di",SWISSDOX,3
MED-CH-0095,Billag,CH,Suisse,fr,RADIO,Radios Régionales,Actualités-Infos Générales,Régionale/Départementale,https://fr.wikipedia.org/wiki/Billag,,,,WIKIPEDIA,3
MED-CH-0096,bka.ch,CH,Suisse,de,WEB,Médias d'information générale (hors PQN),Actualités-Infos Générales,Nationale,,,,24/7,SWISSDOX,3
MED-CH-0097,Blick am Abend,CH,Suisse,de,PRESSE,PQR/PQD (Quotidiens régionaux),Actualités-Infos Générales,Régionale/Départementale,https://en.wikipedia.org/wiki/Blick_am_Abend,,,,WIKIPEDIA,3
MED-CH-0098,blick.ch,CH,Suisse,fr,WEB,Médias d'information générale (hors PQN),Actualités-Infos Générales,Nationale,,,,24/7,SWISSDOX,3
MED-CH-0099,blog.hrtoday.ch,CH,Suisse,de,WEB,Blogs,Actualités-Infos Générales,Nationale,,,,24/7,SWISSDOX,3
MED-CH-0100,bluewin.ch,CH,Suisse,fr,WEB,Médias d'information générale (hors PQN),Actualités-Infos Générales,Nationale,,,,24/7,SWISSDOX,3
MED-CH-0101,Bolero,CH,Suisse,de,PRESSE,Médias régionaux (hors PQR),Actualités-Infos Générales,Régionale/Départementale,,,,6/Jahr,SWISSDOX,3
MED-CH-0102,Bolero F,CH,Suisse,fr,PRESSE,Médias régionaux (hors PQR),Actualités-Infos Générales,Régionale/Départementale,,,,4/Jahr,SWISSDOX,3
MED-CH-0103,boleromagazin.ch,CH,Suisse,de,WEB,Médias d'information générale (hors PQN),Actualités-Infos Générales,Nationale,,,,24/7,SWISSDOX,3
MED-CH-0104,bonasavoir.ch,CH,Suisse,fr,WEB,Médias d'information générale (hors PQN),Actualités-Infos Générales,Nationale,,,,24/7,SWISSDOX,3
MED-CH-0105,bonpourlatete.com,CH,Suisse,fr,WEB,Médias d'information générale (hors PQN),Actualités-Infos Générales,Nationale,,,,24/7,SWISSDOX,3
MED-CH-0106,bote.ch,CH,Suisse,de,WEB,Médias d'information générale (hors PQN),Actualités-Infos Générales,Nationale,,,,24/7,SWISSDOX,3
MED-CH-0107,Bote der Urschweiz,CH,Suisse,de,PRESSE,PQR/PQD (Quotidiens régionaux),Actualités-Infos Générales,Régionale/Départementale,https://en.wikipedia.org/wiki/Bote_der_Urschweiz,,,,WIKIPEDIA,3
MED-CH-0108,bref,CH,Suisse,de,PRESSE,Médias régionaux (hors PQR),Actualités-Infos Générales,Régionale/Départementale,,,,10/Jahr,SWISSDOX,3
MED-CH-0109,"Broye, La",CH,Suisse,fr,PRESSE,PQR/PQD (Quotidiens régionaux),Actualités-Infos Générales,Régionale/Départementale,,,,Do,SWISSDOX,3
MED-CH-0110,Bulletin de la Fédération jurassienne,CH,Suisse,de,PRESSE,Médias régionaux (hors PQR),Actualités-Infos Générales,Régionale/Départementale,https://en.wikipedia.org/wiki/Bulletin_de_la_F%C3%A9d%C3%A9ration_jurassienne,,,,WIKIPEDIA,3
MED-CH-0111,Bulletin Kulturerbe Schweiz,CH,Suisse,fr,PRESSE,Médias régionaux (hors PQR),Actualités-Infos Générales,Régionale/Départementale,,,,4/Jahr,SWISSDOX,3
MED-CH-0112,"Bund, Der",CH,Suisse,de,PRESSE,PQR/PQD (Quotidiens régionaux),Actualités-Infos Générales,Régionale/Départementale,,,,Mo - Sa,SWISSDOX,3
MED-CH-0113,Bündner Tagblatt,CH,Suisse,de,PRESSE,PQR/PQD (Quotidiens régionaux),Actualités-Infos Générales,Régionale/Départementale,,,,Mo - Sa,SWISSDOX,3
MED-CH-0114,bzbasel.ch,CH,Suisse,de,WEB,Médias d'information générale (hors PQN),Actualités-Infos Générales,Nationale,,,,24/7,SWISSDOX,3
MED-CH-0115,Bz – Zeitung für die Region Basel,CH,Suisse,it,PRESSE,PQR/PQD (Quotidiens régionaux),Actualités-Infos Générales,Régionale/Départementale,https://it.wikipedia.org/wiki/Bz_%E2%80%93_Zeitung_f%C3%BCr_die_Region_Basel,,,,WIKIPEDIA,3
MED-CH-0116,Caminada. Das Magazin.,CH,Suisse,de,PRESSE,Médias régionaux (hors PQR),Actualités-Infos Générales,Régionale/Départementale,,,,2/Jahr,SWISSDOX,3
MED-CH-0117,canal9 Video,CH,Suisse,fr,TV,TV Grandes Chaînes,Actualités-Infos Générales,Nationale,,,,24/7,SWISSDOX,3
MED-CH-0118,Cartoonito,CH,Suisse,de,TV,TV Grandes Chaînes,Actualités-Infos Générales,Nationale,https://en.wikipedia.org/wiki/Cartoonito_%28Central_and_Eastern_Europe%29,,,,WIKIPEDIA,3
MED-CH-0119,cash.ch,CH,Suisse,de,WEB,Médias d'information générale (hors PQN),Actualités-Infos Générales,Nationale,,,,24/7,SWISSDOX,3
MED-CH-0120,cath.ch,CH,Suisse,fr,WEB,Médias d'information générale (hors PQN),Actualités-Infos Générales,Nationale,,,,24/7,SWISSDOX,3
MED-CH-0121,Celia von Bismarck,CH,Suisse,de,PRESSE,Médias d'information générale (hors PQN),Actualités-Infos Générales,Nationale,https://en.wikipedia.org/wiki/Celia_von_Bismarck,,,,WIKIPEDIA,3
MED-CH-0122,.ch,CH,Suisse,de,PRESSE,PQR/PQD (Quotidiens régionaux),Actualités-Infos Générales,Régionale/Départementale,https://en.wikipedia.org/wiki/.ch_%28newspaper%29,,,,WIKIPEDIA,3
MED-CH-0123,CH Media,CH,Suisse,fr,RADIO,Radios Régionales,Actualités-Infos Générales,Régionale/Départementale,https://fr.wikipedia.org/wiki/CH_Media,,,,WIKIPEDIA,3
MED-CH-0124,CHTV,CH,Suisse,de,TV,TV Grandes Chaînes,Actualités-Infos Générales,Nationale,https://en.wikipedia.org/wiki/CHTV,,,,WIKIPEDIA,3
MED-CH-0125,cinebulletin.ch,CH,Suisse,fr,WEB,Médias d'information générale (hors PQN),Actualités-Infos Générales,Nationale,,,,24/7,SWISSDOX,3
MED-CH-0126,cinébulletin (de),CH,Suisse,it,PRESSE,Médias régionaux (hors PQR),Actualités-Infos Générales,Régionale/Départementale,,,,"6/Jahr, Fr",SWISSDOX,3
MED-CH-0127,cinébulletin (fr),CH,Suisse,fr,PRESSE,Médias régionaux (hors PQR),Actualités-Infos Générales,Régionale/Départementale,,,,"6/Jahr, Fr",SWISSDOX,3
MED-CH-0128,Coopération,CH,Suisse,fr,PRESSE,PQR/PQD (Quotidiens régionaux),Actualités-Infos Générales,Régionale/Départementale,,,,Do,SWISSDOX,3
MED-CH-0129,Cooperazione,CH,Suisse,it,PRESSE,PQR/PQD (Quotidiens régionaux),Actualités-Infos Générales,Régionale/Départementale,,,,Do,SWISSDOX,3
MED-CH-0130,Coopzeitung,CH,Suisse,de,PRESSE,PQR/PQD (Quotidiens régionaux),Actualités-Infos Générales,Régionale/Départementale,,,,Do,SWISSDOX,3
MED-CH-0131,"Côte, La",CH,Suisse,fr,PRESSE,PQR/PQD (Quotidiens régionaux),Actualités-Infos Générales,Régionale/Départementale,,,,Mo - Fr,SWISSDOX,3
MED-CH-0132,CôtéNature,CH,Suisse,fr,PRESSE,Médias régionaux (hors PQR),Actualités-Infos Générales,Régionale/Départementale,,,,4/Jahr,SWISSDOX,3
MED-CH-0133,cruiser,CH,Suisse,de,PRESSE,Médias régionaux (hors PQR),Actualités-Infos Générales,Régionale/Départementale,,,,6/Jahr,SWISSDOX,3
MED-CH-0134,CYCLINFO,CH,Suisse,de,PRESSE,Médias régionaux (hors PQR),Actualités-Infos Générales,Régionale/Départementale,,,,5/Jahr,SWISSDOX,3
MED-CH-0135,cyclinfo.ch,CH,Suisse,de,WEB,Médias d'information générale (hors PQN),Actualités-Infos Générales,Nationale,,,,24/7,SWISSDOX,3
MED-CH-0136,daslamm.ch,CH,Suisse,de,WEB,Médias d'information générale (hors PQN),Actualités-Infos Générales,Nationale,,,,24/7,SWISSDOX,3
MED-CH-0137,DAS WANDERN,CH,Suisse,de,PRESSE,Médias régionaux (hors PQR),Actualités-Infos Générales,Régionale/Départementale,,,,6/Jahr,SWISSDOX,3
MED-CH-0138,defacto.expert,CH,Suisse,de,WEB,Médias d'information générale (hors PQN),Actualités-Infos Générales,Nationale,,,,24/7,SWISSDOX,3
MED-CH-0139,Denknetz,CH,Suisse,de,PRESSE,Médias régionaux (hors PQR),Actualités-Infos Générales,Régionale/Départementale,,,,1/Jahr,SWISSDOX,3
MED-CH-0140,derbund.ch,CH,Suisse,de,WEB,Médias d'information générale (hors PQN),Actualités-Infos Générales,Nationale,,,,24/7,SWISSDOX,3
MED-CH-0141,Der Landbote,CH,Suisse,de,PRESSE,PQR/PQD (Quotidiens régionaux),Actualités-Infos Générales,Régionale/Départementale,https://en.wikipedia.org/wiki/Der_Landbote,,,,WIKIPEDIA,3
MED-CH-0142,Der Sozialdemokrat,CH,Suisse,de,PRESSE,Médias régionaux (hors PQR),Actualités-Infos Générales,Régionale/Départementale,https://en.wikipedia.org/wiki/Der_Sozialdemokrat,,,,WIKIPEDIA,3
MED-CH-0143,Die Neue Zeit TV,CH,Suisse,de,TV,TV Grandes Chaînes,Actualités-Infos Générales,Nationale,https://en.wikipedia.org/wiki/Die_Neue_Zeit_TV,,,,WIKIPEDIA,3
MED-CH-0144,Die Südostschweiz,CH,Suisse,de,PRESSE,PQR/PQD (Quotidiens régionaux),Actualités-Infos Générales,Régionale/Départementale,https://en.wikipedia.org/wiki/Die_S%C3%BCdostschweiz,,,,WIKIPEDIA,3
MED-CH-0145,Die Tat,CH,Suisse,de,PRESSE,PQR/PQD (Quotidiens régionaux),Actualités-Infos Générales,Régionale/Départementale,https://en.wikipedia.org/wiki/Die_Tat_%28Swiss_newspaper%29,,,,WIKIPEDIA,3
MED-CH-0146,dievolkswirtschaft.ch,CH,Suisse,de,WEB,Médias d'information générale (hors PQN),Actualités-Infos Générales,Nationale,,,,24/7,SWISSDOX,3
MED-CH-0147,Digital Audio Broadcasting en Suisse,CH,Suisse,fr,RADIO,Radios Régionales,Actualités-Infos Générales,Régionale/Départementale,https://fr.wikipedia.org/wiki/Digital_Audio_Broadcasting_en_Suisse,,,,WIKIPEDIA,3
MED-CH-0148,Discovery,CH,Suisse,de,TV,TV Grandes Chaînes,Actualités-Infos Générales,Nationale,https://en.wikipedia.org/wiki/Discovery_%28Italian_TV_channel%29,,,,WIKIPEDIA,3
MED-CH-0149,DMAX,CH,Suisse,de,TV,TV Grandes Chaînes,Actualités-Infos Générales,Nationale,https://en.wikipedia.org/wiki/DMAX_%28Italian_TV_channel%29,,,,WIKIPEDIA,3
MED-CH-0150,Doppelpunkt,CH,Suisse,de,PRESSE,Médias régionaux (hors PQR),Actualités-Infos Générales,Régionale/Départementale,,,,Do,SWISSDOX,3
MED-CH-0151,EDITO,CH,Suisse,de,PRESSE,Médias régionaux (hors PQR),Actualités-Infos Générales,Régionale/Départementale,,,,4/Jahr,SWISSDOX,3
MED-CH-0152,EDITO (français),CH,Suisse,fr,PRESSE,Médias régionaux (hors PQR),Actualités-Infos Générales,Régionale/Départementale,,,,4/Jahr,SWISSDOX,3
MED-CH-0153,Émetteur de Sottens,CH,Suisse,fr,RADIO,Radios Régionales,Actualités-Infos Générales,Régionale/Départementale,https://fr.wikipedia.org/wiki/%C3%89metteur_de_Sottens,,,,WIKIPEDIA,3
MED-CH-0154,emmenmail.emmen.ch,CH,Suisse,de,WEB,Médias d'information générale (hors PQN),Actualités-Infos Générales,Nationale,,,,8/Jahr,SWISSDOX,3
MED-CH-0155,encore!,CH,Suisse,fr,PRESSE,Médias régionaux (hors PQR),Actualités-Infos Générales,Régionale/Départementale,,,,9/Jahr,SWISSDOX,3
MED-CH-0156,encore! (dt),CH,Suisse,de,PRESSE,Médias régionaux (hors PQR),Actualités-Infos Générales,Régionale/Départementale,,,,9/Jahr,SWISSDOX,3
MED-CH-0157,Energy TV,CH,Suisse,de,TV,TV Grandes Chaînes,Actualités-Infos Générales,Nationale,https://de.wikipedia.org/wiki/Energy_TV,,,,WIKIPEDIA,3
MED-CH-0158,E-newspaperarchives.ch,CH,Suisse,de,PRESSE,Médias régionaux (hors PQR),Actualités-Infos Générales,Régionale/Départementale,https://en.wikipedia.org/wiki/E-newspaperarchives.ch,,,,WIKIPEDIA,3
MED-CH-0159,engadinerpost.ch,CH,Suisse,de,WEB,Médias d'information générale (hors PQN),Actualités-Infos Générales,Nationale,,,,24/7,SWISSDOX,3
MED-CH-0160,Engadiner Post/Posta Ladina,CH,Suisse,de,PRESSE,PQR/PQD (Quotidiens régionaux),Actualités-Infos Générales,Régionale/Départementale,,,,"Di, Do, Sa",SWISSDOX,3
MED-CH-0161,Entreprise romande,CH,Suisse,it,PRESSE,Médias régionaux (hors PQR),Actualités-Infos Générales,Régionale/Départementale,https://it.wikipedia.org/wiki/Entreprise_romande,,,,WIKIPEDIA,3
MED-CH-0162,Eo TV,CH,Suisse,de,TV,TV Grandes Chaînes,Actualités-Infos Générales,Nationale,https://en.wikipedia.org/wiki/Eo_TV,,,,WIKIPEDIA,3
MED-CH-0163,evenement.ch,CH,Suisse,fr,WEB,Médias d'information générale (hors PQN),Actualités-Infos Générales,Nationale,,,,24/7,SWISSDOX,3
MED-CH-0164,"Evénement syndical, L’",CH,Suisse,fr,PRESSE,Médias régionaux (hors PQR),Actualités-Infos Générales,Régionale/Départementale,,,,19/Jahr,SWISSDOX,3
MED-CH-0165,Falce e Martello,CH,Suisse,de,PRESSE,Médias régionaux (hors PQR),Actualités-Infos Générales,Régionale/Départementale,https://en.wikipedia.org/wiki/Falce_e_Martello,,,,WIKIPEDIA,3
MED-CH-0166,Femina,CH,Suisse,fr,PRESSE,Médias régionaux (hors PQR),Actualités-Infos Générales,Régionale/Départementale,,,,11/Jahr,SWISSDOX,3
MED-CH-0167,filmbulletin.ch,CH,Suisse,de,WEB,Médias d'information générale (hors PQN),Actualités-Infos Générales,Nationale,,,,24/7,SWISSDOX,3
MED-CH-0168,finews.asia,CH,Suisse,en,WEB,Médias d'information générale (hors PQN),Actualités-Infos Générales,Nationale,,,,24/7,SWISSDOX,3
MED-CH-0169,finews.ch,CH,Suisse,it,WEB,Médias d'information générale (hors PQN),Actualités-Infos Générales,Nationale,,,,24/7,SWISSDOX,3
MED-CH-0170,finews.com,CH,Suisse,en,WEB,Médias d'information générale (hors PQN),Actualités-Infos Générales,Nationale,,,,24/7,SWISSDOX,3
MED-CH-0171,food-revolution.info,CH,Suisse,de,WEB,Médias d'information générale (hors PQN),Actualités-Infos Générales,Nationale,,,,Fr,SWISSDOX,3
MED-CH-0172,Fox,CH,Suisse,de,TV,TV Grandes Chaînes,Actualités-Infos Générales,Nationale,https://en.wikipedia.org/wiki/Fox_%28German_TV_channel%29,,,,WIKIPEDIA,3
MED-CH-0173,frapp.ch,CH,Suisse,fr,WEB,Médias d'information générale (hors PQN),Actualités-Infos Générales,Nationale,,,,24/7,SWISSDOX,3
MED-CH-0174,Freiburger Nachrichten,CH,Suisse,de,PRESSE,PQR/PQD (Quotidiens régionaux),Actualités-Infos Générales,Régionale/Départementale,,,,Mo - Sa,SWISSDOX,3
MED-CH-0175,freiburger-nachrichten.ch,CH,Suisse,de,WEB,Médias d'information générale (hors PQN),Actualités-Infos Générales,Nationale,,,,24/7,SWISSDOX,3
MED-CH-0176,fridamagazin.ch,CH,Suisse,de,WEB,Médias d'information générale (hors PQN),Actualités-Infos Générales,Nationale,,,,24/7,SWISSDOX,3
MED-CH-0177,Fritz+Fränzi,CH,Suisse,de,PRESSE,Médias régionaux (hors PQR),Actualités-Infos Générales,Régionale/Départementale,,,,10/Jahr,SWISSDOX,3
MED-CH-0178,frutiglaender.ch,CH,Suisse,de,WEB,Médias d'information générale (hors PQN),Actualités-Infos Générales,Nationale,,,,Di + Fr,SWISSDOX,3
MED-CH-0179,Furttaler,CH,Suisse,de,PRESSE,PQR/PQD (Quotidiens régionaux),Actualités-Infos Générales,Régionale/Départementale,,,,Fr,SWISSDOX,3
MED-CH-0180,fuw.ch,CH,Suisse,de,WEB,Médias d'information générale (hors PQN),Actualités-Infos Générales,Nationale,,,,24/7,SWISSDOX,3
MED-CH-0181,gambarognonews.ch,CH,Suisse,it,WEB,Médias d'information générale (hors PQN),Actualités-Infos Générales,Nationale,,,,24/7,SWISSDOX,3
MED-CH-0182,Gazette de Berne,CH,Suisse,de,PRESSE,Médias régionaux (hors PQR),Actualités-Infos Générales,Régionale/Départementale,https://en.wikipedia.org/wiki/Gazette_de_Berne,,,,WIKIPEDIA,3
MED-CH-0183,Gazette de Lausanne,CH,Suisse,de,PRESSE,PQR/PQD (Quotidiens régionaux),Actualités-Infos Générales,Régionale/Départementale,https://en.wikipedia.org/wiki/Gazette_de_Lausanne,,,,WIKIPEDIA,3
MED-CH-0184,General-Anzeiger,CH,Suisse,de,PRESSE,PQR/PQD (Quotidiens régionaux),Actualités-Infos Générales,Régionale/Départementale,,,,Do,SWISSDOX,3
MED-CH-0185,gesundheitstipp.ch,CH,Suisse,de,WEB,Médias d'information générale (hors PQN),Actualités-Infos Générales,Nationale,,,,24/7,SWISSDOX,3
MED-CH-0186,GHI,CH,Suisse,fr,PRESSE,PQR/PQD (Quotidiens régionaux),Actualités-Infos Générales,Régionale/Départementale,,,,Mi,SWISSDOX,3
MED-CH-0187,Giornale del Popolo,CH,Suisse,de,PRESSE,PQR/PQD (Quotidiens régionaux),Actualités-Infos Générales,Régionale/Départementale,https://en.wikipedia.org/wiki/Giornale_del_Popolo,,,,WIKIPEDIA,3
MED-CH-0188,Giornali svizzeri,CH,Suisse,it,PRESSE,Médias régionaux (hors PQR),Actualités-Infos Générales,Régionale/Départementale,https://it.wikipedia.org/wiki/Giornali_svizzeri,,,,WIKIPEDIA,3
MED-CH-0189,Glattaler,CH,Suisse,de,PRESSE,PQR/PQD (Quotidiens régionaux),Actualités-Infos Générales,Régionale/Départementale,,,,Fr,SWISSDOX,3
MED-CH-0190,Global,CH,Suisse,de,PRESSE,Médias régionaux (hors PQR),Actualités-Infos Générales,Régionale/Départementale,,,,4/Jahr,SWISSDOX,3
MED-CH-0191,Global (fr),CH,Suisse,fr,PRESSE,Médias régionaux (hors PQR),Actualités-Infos Générales,Régionale/Départementale,,,,4/Jahr,SWISSDOX,3
MED-CH-0192,Glückspost,CH,Suisse,de,PRESSE,Médias régionaux (hors PQR),Actualités-Infos Générales,Régionale/Départementale,,,,Do,SWISSDOX,3
MED-CH-0193,glueckspost.ch,CH,Suisse,de,WEB,Médias d'information générale (hors PQN),Actualités-Infos Générales,Nationale,,,,24/7,SWISSDOX,3
MED-CH-0194,Grenchner Tagblatt,CH,Suisse,de,PRESSE,PQR/PQD (Quotidiens régionaux),Actualités-Infos Générales,Régionale/Départementale,,,,Mo - Sa,SWISSDOX,3
MED-CH-0195,grenchnertagblatt.ch,CH,Suisse,de,WEB,Médias d'information générale (hors PQN),Actualités-Infos Générales,Nationale,,,,24/7,SWISSDOX,3
MED-CH-0196,Grosseltern,CH,Suisse,de,PRESSE,Médias régionaux (hors PQR),Actualités-Infos Générales,Régionale/Départementale,,,,"6/Jahr, Fr",SWISSDOX,3
MED-CH-0197,"grüne, die",CH,Suisse,de,PRESSE,Médias régionaux (hors PQR),Actualités-Infos Générales,Régionale/Départementale,,,,12/Jahr,SWISSDOX,3
MED-CH-0198,gruppetto,CH,Suisse,de,PRESSE,Médias régionaux (hors PQR),Actualités-Infos Générales,Régionale/Départementale,,,,4/Jahr,SWISSDOX,3
MED-CH-0199,gruppetto-magazin.ch,CH,Suisse,de,WEB,Médias d'information générale (hors PQN),Actualités-Infos Générales,Nationale,,,,24/7,SWISSDOX,3
MED-CH-0200,Guide TV Cinéma,CH,Suisse,fr,PRESSE,Médias régionaux (hors PQR),Actualités-Infos Générales,Régionale/Départementale,,,,Sa,SWISSDOX,3
MED-CH-0201,hauptstadt.be,CH,Suisse,de,WEB,Médias d'information générale (hors PQN),Actualités-Infos Générales,Nationale,,,,24/7,SWISSDOX,3
MED-CH-0202,HD suisse,CH,Suisse,de,TV,TV Grandes Chaînes,Actualités-Infos Générales,Nationale,https://de.wikipedia.org/wiki/HD_suisse,,,,WIKIPEDIA,3
MED-CH-0203,heidi.news,CH,Suisse,fr,WEB,Médias d'information générale (hors PQN),Actualités-Infos Générales,Nationale,,,,24/7,SWISSDOX,3
MED-CH-0204,Heute,CH,Suisse,de,PRESSE,PQR/PQD (Quotidiens régionaux),Actualités-Infos Générales,Régionale/Départementale,https://en.wikipedia.org/wiki/Heute_%28newspaper%29,,,,WIKIPEDIA,3
MED-CH-0205,Hochparterre,CH,Suisse,de,PRESSE,Médias régionaux (hors PQR),Actualités-Infos Générales,Régionale/Départementale,,,,10/Jahr,SWISSDOX,3
MED-CH-0206,hotelrevue,CH,Suisse,fr,PRESSE,Médias régionaux (hors PQR),Actualités-Infos Générales,Régionale/Départementale,,,,"12/Jahr, Do",SWISSDOX,3
MED-CH-0207,hrtoday.ch,CH,Suisse,fr,WEB,Médias d'information générale (hors PQN),Actualités-Infos Générales,Nationale,,,,24/7,SWISSDOX,3
MED-CH-0208,HR Today (de),CH,Suisse,de,PRESSE,Médias régionaux (hors PQR),Actualités-Infos Générales,Régionale/Départementale,,,,6/Jahr,SWISSDOX,3
MED-CH-0209,HR Today (fr),CH,Suisse,fr,PRESSE,Médias régionaux (hors PQR),Actualités-Infos Générales,Régionale/Départementale,,,,6/Jahr,SWISSDOX,3
MED-CH-0210,htr.ch,CH,Suisse,fr,WEB,Médias d'information générale (hors PQN),Actualités-Infos Générales,Nationale,,,,24/7,SWISSDOX,3
MED-CH-0211,HZ Banking,CH,Suisse,de,WEB,Médias d'information générale (hors PQN),Actualités-Infos Générales,Nationale,,,,24/7,SWISSDOX,3
MED-CH-0212,HZ Insurance,CH,Suisse,de,WEB,Médias d'information générale (hors PQN),Actualités-Infos Générales,Nationale,,,,24/7,SWISSDOX,3
MED-CH-0213,ihre-region-online.ch,CH,Suisse,de,WEB,Médias d'information générale (hors PQN),Actualités-Infos Générales,Nationale,,,,24/7,SWISSDOX,3
MED-CH-0214,"Illustré, L'",CH,Suisse,fr,PRESSE,Médias régionaux (hors PQR),Actualités-Infos Générales,Régionale/Départementale,,,,Mi,SWISSDOX,3
MED-CH-0215,infosperber.ch,CH,Suisse,fr,WEB,Médias d'information générale (hors PQN),Actualités-Infos Générales,Nationale,,,,24/7,SWISSDOX,3
MED-CH-0216,inside-it.ch,CH,Suisse,de,WEB,Médias d'information générale (hors PQN),Actualités-Infos Générales,Nationale,,,,24/7,SWISSDOX,3
MED-CH-0217,inside-justiz.ch,CH,Suisse,de,WEB,Médias d'information générale (hors PQN),Actualités-Infos Générales,Nationale,,,,24/7,SWISSDOX,3
MED-CH-0218,insideparadeplatz.ch,CH,Suisse,de,WEB,Médias d'information générale (hors PQN),Actualités-Infos Générales,Nationale,,,,24/7,SWISSDOX,3
MED-CH-0219,Interview by Ringier,CH,Suisse,de,PRESSE,Médias régionaux (hors PQR),Actualités-Infos Générales,Régionale/Départementale,,,,2/Jahr,SWISSDOX,3
MED-CH-0220,Joiz,CH,Suisse,de,TV,TV Grandes Chaînes,Actualités-Infos Générales,Nationale,https://de.wikipedia.org/wiki/Joiz,,,,WIKIPEDIA,3
MED-CH-0221,journal21.ch,CH,Suisse,de,WEB,Médias d'information générale (hors PQN),Actualités-Infos Générales,Nationale,,,,24/7,SWISSDOX,3
MED-CH-0222,Journal de Genève,CH,Suisse,de,PRESSE,PQR/PQD (Quotidiens régionaux),Actualités-Infos Générales,Régionale/Départementale,https://en.wikipedia.org/wiki/Journal_de_Gen%C3%A8ve,,,,WIKIPEDIA,3
MED-CH-0223,Journal de la région de Cossonay,CH,Suisse,fr,PRESSE,PQR/PQD (Quotidiens régionaux),Actualités-Infos Générales,Régionale/Départementale,,,,Fr,SWISSDOX,3
MED-CH-0224,Journal de Morges,CH,Suisse,fr,PRESSE,PQR/PQD (Quotidiens régionaux),Actualités-Infos Générales,Régionale/Départementale,,,,Fr,SWISSDOX,3
MED-CH-0225,journaldemorges.ch,CH,Suisse,fr,WEB,Médias d'information générale (hors PQN),Actualités-Infos Générales,Nationale,,,,24/7,SWISSDOX,3
MED-CH-0226,Journal des arts et métiers,CH,Suisse,fr,PRESSE,Médias régionaux (hors PQR),Actualités-Infos Générales,Régionale/Départementale,,,,12/Jahr,SWISSDOX,3
MED-CH-0227,Journal de Sierre,CH,Suisse,de,PRESSE,Médias régionaux (hors PQR),Actualités-Infos Générales,Régionale/Départementale,https://en.wikipedia.org/wiki/Journal_de_Sierre,,,,WIKIPEDIA,3
MED-CH-0228,Journal du Jura,CH,Suisse,de,PRESSE,PQR/PQD (Quotidiens régionaux),Actualités-Infos Générales,Régionale/Départementale,https://en.wikipedia.org/wiki/Journal_du_Jura,,,,WIKIPEDIA,3
MED-CH-0229,"Journal du Jura, Le",CH,Suisse,fr,PRESSE,PQR/PQD (Quotidiens régionaux),Actualités-Infos Générales,Régionale/Départementale,,,,Mo - Sa,SWISSDOX,3
MED-CH-0230,Journal Suisse des Entrepreneurs,CH,Suisse,fr,PRESSE,Médias régionaux (hors PQR),Actualités-Infos Générales,Régionale/Départementale,,,,10/Jahr,SWISSDOX,3
MED-CH-0231,Kabel eins,CH,Suisse,de,TV,TV Grandes Chaînes,Actualités-Infos Générales,Nationale,https://en.wikipedia.org/wiki/Kabel_eins,,,,WIKIPEDIA,3
MED-CH-0232,Kabel eins classics,CH,Suisse,de,TV,TV Grandes Chaînes,Actualités-Infos Générales,Nationale,https://en.wikipedia.org/wiki/Kabel_eins_classics,,,,WIKIPEDIA,3
MED-CH-0233,Kabel eins Schweiz,CH,Suisse,de,TV,TV Grandes Chaînes,Actualités-Infos Générales,Nationale,https://de.wikipedia.org/wiki/Kabel_eins_Schweiz,,,,WIKIPEDIA,3
MED-CH-0234,Kanal K,CH,Suisse,de,RADIO,Radios Nationales,Actualités-Infos Générales,Nationale,,,,24/7,SWISSDOX,3
MED-CH-0235,kath.ch,CH,Suisse,de,WEB,Médias d'information générale (hors PQN),Actualités-Infos Générales,Nationale,,,,24/7,SWISSDOX,3
MED-CH-0236,kgeld.ch,CH,Suisse,de,WEB,Médias d'information générale (hors PQN),Actualités-Infos Générales,Nationale,,,,24/7,SWISSDOX,3
MED-CH-0237,Kinowelt TV,CH,Suisse,de,TV,TV Grandes Chaînes,Actualités-Infos Générales,Nationale,https://en.wikipedia.org/wiki/Kinowelt_TV,,,,WIKIPEDIA,3
MED-CH-0238,kleinreport.ch,CH,Suisse,de,WEB,Médias d'information générale (hors PQN),Actualités-Infos Générales,Nationale,,,,24/7,SWISSDOX,3
MED-CH-0239,Klettgauer Bote,CH,Suisse,de,PRESSE,PQR/PQD (Quotidiens régionaux),Actualités-Infos Générales,Régionale/Départementale,,,,Di Do Sa,SWISSDOX,3
MED-CH-0240,Kolokol,CH,Suisse,de,PRESSE,Médias régionaux (hors PQR),Actualités-Infos Générales,Régionale/Départementale,https://en.wikipedia.org/wiki/Kolokol_%28newspaper%29,,,,WIKIPEDIA,3
MED-CH-0241,ktipp.ch,CH,Suisse,de,WEB,Médias d'information générale (hors PQN),Actualités-Infos Générales,Nationale,,,,24/7,SWISSDOX,3
MED-CH-0242,kultur-tipp.ch,CH,Suisse,de,WEB,Médias d'information générale (hors PQN),Actualités-Infos Générales,Nationale,,,,24/7,SWISSDOX,3
MED-CH-0243,Kunstbulletin,CH,Suisse,de,PRESSE,Médias régionaux (hors PQR),Actualités-Infos Générales,Régionale/Départementale,,,,10/Jahr,SWISSDOX,3
MED-CH-0244,kunstbulletin.ch,CH,Suisse,fr,WEB,Médias d'information générale (hors PQN),Actualités-Infos Générales,Nationale,,,,24/7,SWISSDOX,3
MED-CH-0245,labroye.ch,CH,Suisse,fr,WEB,Médias d'information générale (hors PQN),Actualités-Infos Générales,Nationale,,,,24/7,SWISSDOX,3
MED-CH-0246,La Broye Hebdo,CH,Suisse,de,PRESSE,Médias régionaux (hors PQR),Actualités-Infos Générales,Régionale/Départementale,https://en.wikipedia.org/wiki/La_Broye_Hebdo,,,,WIKIPEDIA,3
MED-CH-0247,La Côte,CH,Suisse,de,PRESSE,PQR/PQD (Quotidiens régionaux),Actualités-Infos Générales,Régionale/Départementale,https://en.wikipedia.org/wiki/La_C%C3%B4te_%28newspaper%29,,,,WIKIPEDIA,3
MED-CH-0248,lacote.ch,CH,Suisse,fr,WEB,Médias d'information générale (hors PQN),Actualités-Infos Générales,Nationale,,,,24/7,SWISSDOX,3
MED-CH-0249,La Gazette de Martigny,CH,Suisse,fr,PRESSE,PQR/PQD (Quotidiens régionaux),Actualités-Infos Générales,Régionale/Départementale,,,,2/Monat,SWISSDOX,3
MED-CH-0250,La Gruyère,CH,Suisse,de,PRESSE,Médias régionaux (hors PQR),Actualités-Infos Générales,Régionale/Départementale,https://en.wikipedia.org/wiki/La_Gruy%C3%A8re_%28newspaper%29,,,,WIKIPEDIA,3
MED-CH-0251,lagruyere.ch,CH,Suisse,fr,WEB,Médias d'information générale (hors PQN),Actualités-Infos Générales,Nationale,,,,24/7,SWISSDOX,3
MED-CH-0252,laliberte.ch,CH,Suisse,fr,WEB,Médias d'information générale (hors PQN),Actualités-Infos Générales,Nationale,,,,24/7,SWISSDOX,3
MED-CH-0253,La Nation Arabe,CH,Suisse,de,PRESSE,Médias régionaux (hors PQR),Actualités-Infos Générales,Régionale/Départementale,https://en.wikipedia.org/wiki/La_Nation_Arabe,,,,WIKIPEDIA,3
MED-CH-0254,"Landbote, Der",CH,Suisse,de,PRESSE,PQR/PQD (Quotidiens régionaux),Actualités-Infos Générales,Régionale/Départementale,,,,Mo - Sa,SWISSDOX,3
MED-CH-0255,La Nouvelle Internationale,CH,Suisse,de,PRESSE,Médias régionaux (hors PQR),Actualités-Infos Générales,Régionale/Départementale,https://en.wikipedia.org/wiki/La_Nouvelle_Internationale,,,,WIKIPEDIA,3
MED-CH-0256,La Quotidiana,CH,Suisse,de,PRESSE,PQR/PQD (Quotidiens régionaux),Actualités-Infos Générales,Régionale/Départementale,https://en.wikipedia.org/wiki/La_Quotidiana,,,,WIKIPEDIA,3
MED-CH-0257,La Radio plus,CH,Suisse,fr,RADIO,Radios Régionales,Actualités-Infos Générales,Régionale/Départementale,https://fr.wikipedia.org/wiki/La_Radio_plus,,,,WIKIPEDIA,3
MED-CH-0258,LA RANDONNÉE,CH,Suisse,fr,PRESSE,Médias régionaux (hors PQR),Actualités-Infos Générales,Régionale/Départementale,,,,6/Jahr,SWISSDOX,3
MED-CH-0259,LaRegione,CH,Suisse,de,PRESSE,PQR/PQD (Quotidiens régionaux),Actualités-Infos Générales,Régionale/Départementale,https://en.wikipedia.org/wiki/LaRegione,,,,WIKIPEDIA,3
MED-CH-0260,La Suisse,CH,Suisse,it,PRESSE,Médias régionaux (hors PQR),Actualités-Infos Générales,Régionale/Départementale,https://it.wikipedia.org/wiki/La_Suisse,,,,WIKIPEDIA,3
MED-CH-0261,La Tribune de Genève,CH,Suisse,it,PRESSE,Médias régionaux (hors PQR),Actualités-Infos Générales,Régionale/Départementale,https://it.wikipedia.org/wiki/La_Tribune_de_Gen%C3%A8ve,,,,WIKIPEDIA,3
MED-CH-0262,Lausanne Cités,CH,Suisse,fr,PRESSE,PQR/PQD (Quotidiens régionaux),Actualités-Infos Générales,Régionale/Départementale,,,,Mi,SWISSDOX,3
MED-CH-0263,L'Avant-Garde,CH,Suisse,de,PRESSE,Médias régionaux (hors PQR),Actualités-Infos Générales,Régionale/Départementale,https://en.wikipedia.org/wiki/L%27Avant-Garde,,,,WIKIPEDIA,3
MED-CH-0264,lavieeconomique.ch,CH,Suisse,fr,WEB,Médias d'information générale (hors PQN),Actualités-Infos Générales,Nationale,,,,24/7,SWISSDOX,3
MED-CH-0265,L'Avvenire dei Lavoratori,CH,Suisse,de,PRESSE,Médias régionaux (hors PQR),Actualités-Infos Générales,Régionale/Départementale,https://en.wikipedia.org/wiki/L%27Avvenire_dei_Lavoratori,,,,WIKIPEDIA,3
MED-CH-0266,Le Confédéré,CH,Suisse,de,PRESSE,Médias régionaux (hors PQR),Actualités-Infos Générales,Régionale/Départementale,https://en.wikipedia.org/wiki/Le_Conf%C3%A9d%C3%A9r%C3%A9,,,,WIKIPEDIA,3
MED-CH-0267,Le Courrier,CH,Suisse,de,PRESSE,PQR/PQD (Quotidiens régionaux),Actualités-Infos Générales,Régionale/Départementale,https://en.wikipedia.org/wiki/Le_Courrier,,,,WIKIPEDIA,3
MED-CH-0268,lecourrier.ch,CH,Suisse,fr,WEB,Médias d'information générale (hors PQN),Actualités-Infos Générales,Nationale,,,,24/7,SWISSDOX,3
MED-CH-0269,Le Grutléen,CH,Suisse,de,PRESSE,Médias régionaux (hors PQR),Actualités-Infos Générales,Régionale/Départementale,https://en.wikipedia.org/wiki/Le_Grutl%C3%A9en,,,,WIKIPEDIA,3
MED-CH-0270,Le Journal de Sierre,CH,Suisse,fr,PRESSE,PQR/PQD (Quotidiens régionaux),Actualités-Infos Générales,Régionale/Départementale,,,,2/Monat,SWISSDOX,3
MED-CH-0271,Le Matin,CH,Suisse,de,PRESSE,PQR/PQD (Quotidiens régionaux),Actualités-Infos Générales,Régionale/Départementale,https://en.wikipedia.org/wiki/Le_Matin_%28Switzerland%29,,,,WIKIPEDIA,3
MED-CH-0272,Le Matin Bleu,CH,Suisse,de,PRESSE,PQR/PQD (Quotidiens régionaux),Actualités-Infos Générales,Régionale/Départementale,https://en.wikipedia.org/wiki/Le_Matin_Bleu,,,,WIKIPEDIA,3
MED-CH-0273,lematin.ch,CH,Suisse,fr,WEB,Médias d'information générale (hors PQN),Actualités-Infos Générales,Nationale,,,,24/7,SWISSDOX,3
MED-CH-0274,Le News,CH,Suisse,de,PRESSE,Médias régionaux (hors PQR),Actualités-Infos Générales,Régionale/Départementale,https://en.wikipedia.org/wiki/Le_News,,,,WIKIPEDIA,3
MED-CH-0275,Le Nouveau Quotidien,CH,Suisse,de,PRESSE,PQR/PQD (Quotidiens régionaux),Actualités-Infos Générales,Régionale/Départementale,https://en.wikipedia.org/wiki/Le_Nouveau_Quotidien,,,,WIKIPEDIA,3
MED-CH-0276,Le Nouvelliste,CH,Suisse,de,PRESSE,PQR/PQD (Quotidiens régionaux),Actualités-Infos Générales,Régionale/Départementale,https://en.wikipedia.org/wiki/Le_Nouvelliste_%28Switzerland%29,,,,WIKIPEDIA,3
MED-CH-0277,lenouvelliste.ch,CH,Suisse,fr,WEB,Médias d'information générale (hors PQN),Actualités-Infos Générales,Nationale,,,,24/7,SWISSDOX,3
MED-CH-0278,Lenzburger Bezirks-Anzeiger,CH,Suisse,de,PRESSE,PQR/PQD (Quotidiens régionaux),Actualités-Infos Générales,Régionale/Départementale,,,,Do,SWISSDOX,3
MED-CH-0279,Le Quotidien Jurassien,CH,Suisse,de,PRESSE,PQR/PQD (Quotidiens régionaux),Actualités-Infos Générales,Régionale/Départementale,https://en.wikipedia.org/wiki/Le_Quotidien_Jurassien,,,,WIKIPEDIA,3
MED-CH-0280,letemps.ch,CH,Suisse,fr,WEB,Médias d'information générale (hors PQN),Actualités-Infos Générales,Nationale,,,,24/7,SWISSDOX,3
MED-CH-0281,Le Travail and Le Droit du Peuple,CH,Suisse,de,PRESSE,PQR/PQD (Quotidiens régionaux),Actualités-Infos Générales,Régionale/Départementale,https://en.wikipedia.org/wiki/Le_Travail_and_Le_Droit_du_Peuple,,,,WIKIPEDIA,3
MED-CH-0282,Le Travailleur,CH,Suisse,de,PRESSE,Médias régionaux (hors PQR),Actualités-Infos Générales,Régionale/Départementale,https://en.wikipedia.org/wiki/Le_Travailleur_%28newspaper%29,,,,WIKIPEDIA,3
MED-CH-0283,L'Express,CH,Suisse,de,PRESSE,PQR/PQD (Quotidiens régionaux),Actualités-Infos Générales,Régionale/Départementale,https://en.wikipedia.org/wiki/L%27Express_%28Switzerland%29,,,,WIKIPEDIA,3
MED-CH-0284,"Liberté, La",CH,Suisse,fr,PRESSE,PQR/PQD (Quotidiens régionaux),Actualités-Infos Générales,Régionale/Départementale,,,,Mo - Sa,SWISSDOX,3
MED-CH-0285,Limmattaler Zeitung,CH,Suisse,de,PRESSE,PQR/PQD (Quotidiens régionaux),Actualités-Infos Générales,Régionale/Départementale,https://en.wikipedia.org/wiki/Limmattaler_Zeitung,,,,WIKIPEDIA,3
MED-CH-0286,limmattalerzeitung.ch,CH,Suisse,de,WEB,Médias d'information générale (hors PQN),Actualités-Infos Générales,Nationale,,,,24/7,SWISSDOX,3
MED-CH-0287,L'Impartial,CH,Suisse,de,PRESSE,PQR/PQD (Quotidiens régionaux),Actualités-Infos Générales,Régionale/Départementale,https://en.wikipedia.org/wiki/L%27Impartial,,,,WIKIPEDIA,3
MED-CH-0288,limpertinentmedia.com,CH,Suisse,fr,WEB,Médias d'information générale (hors PQN),Actualités-Infos Générales,Nationale,,,,24/7,SWISSDOX,3
MED-CH-0289,Linth-Zeitung,CH,Suisse,de,PRESSE,PQR/PQD (Quotidiens régionaux),Actualités-Infos Générales,Régionale/Départementale,,,,Mo - Sa,SWISSDOX,3
MED-CH-0290,literatur.rro.ch,CH,Suisse,de,WEB,Médias d'information générale (hors PQN),Actualités-Infos Générales,Nationale,,,,24/7,SWISSDOX,3
MED-CH-0291,Lokale Fernsehsender ohne Konzession in der Schweiz,CH,Suisse,de,TV,TV Grandes Chaînes,Actualités-Infos Générales,Nationale,https://de.wikipedia.org/wiki/Lokale_Fernsehsender_ohne_Konzession_in_der_Schweiz,,,,WIKIPEDIA,3
MED-CH-0292,Lokalfernsehen Lyss und Umgebung,CH,Suisse,de,TV,TV Grandes Chaînes,Actualités-Infos Générales,Nationale,https://de.wikipedia.org/wiki/Lokalfernsehen_Lyss_und_Umgebung,,,,WIKIPEDIA,3
MED-CH-0293,Lokal-Nachrichten,CH,Suisse,de,PRESSE,PQR/PQD (Quotidiens régionaux),Actualités-Infos Générales,Régionale/Départementale,,,,Do,SWISSDOX,3
MED-CH-0294,Luzerner Zeitung,CH,Suisse,de,PRESSE,PQR/PQD (Quotidiens régionaux),Actualités-Infos Générales,Régionale/Départementale,https://en.wikipedia.org/wiki/Luzerner_Zeitung,,,,WIKIPEDIA,3
MED-CH-0295,luzernerzeitung.ch,CH,Suisse,de,WEB,Médias d'information générale (hors PQN),Actualités-Infos Générales,Nationale,,,,24/7,SWISSDOX,3
MED-CH-0296,"Magazin, Das",CH,Suisse,de,PRESSE,Médias régionaux (hors PQR),Actualités-Infos Générales,Régionale/Départementale,,,,Sa,SWISSDOX,3
MED-CH-0297,magazin.nzz.ch,CH,Suisse,de,WEB,Médias d'information générale (hors PQN),Actualités-Infos Générales,Nationale,,,,24/7,SWISSDOX,3
MED-CH-0298,Mangas,CH,Suisse,de,TV,TV Grandes Chaînes,Actualités-Infos Générales,Nationale,https://en.wikipedia.org/wiki/Mangas_%28TV_channel%29,,,,WIKIPEDIA,3
MED-CH-0299,masantemag.ch,CH,Suisse,fr,WEB,Médias d'information générale (hors PQN),Actualités-Infos Générales,Nationale,,,,24/7,SWISSDOX,3
MED-CH-0300,"Matin Dimanche, Le",CH,Suisse,fr,PRESSE,PQR/PQD (Quotidiens régionaux),Actualités-Infos Générales,Régionale/Départementale,,,,So,SWISSDOX,3
MED-CH-0301,Maurmer Post,CH,Suisse,de,PRESSE,PQR/PQD (Quotidiens régionaux),Actualités-Infos Générales,Régionale/Départementale,,,,Fr,SWISSDOX,3
MED-CH-0302,medinside.ch,CH,Suisse,fr,WEB,Médias d'information générale (hors PQN),Actualités-Infos Générales,Nationale,,,,24/7,SWISSDOX,3
MED-CH-0303,Metropolys,CH,Suisse,fr,RADIO,Radios Régionales,Actualités-Infos Générales,Régionale/Départementale,https://fr.wikipedia.org/wiki/Metropolys_%28nationale%29,,,,WIKIPEDIA,3
MED-CH-0304,Migros-Magazin,CH,Suisse,de,PRESSE,PQR/PQD (Quotidiens régionaux),Actualités-Infos Générales,Régionale/Départementale,,,,Mi,SWISSDOX,3
MED-CH-0305,Migros Magazine,CH,Suisse,fr,PRESSE,PQR/PQD (Quotidiens régionaux),Actualités-Infos Générales,Régionale/Départementale,,,,Mi,SWISSDOX,3
MED-CH-0306,Miss Moneypenny,CH,Suisse,de,PRESSE,Médias régionaux (hors PQR),Actualités-Infos Générales,Régionale/Départementale,,,,6/Jahr,SWISSDOX,3
MED-CH-0307,Mizan,CH,Suisse,de,PRESSE,Médias régionaux (hors PQR),Actualités-Infos Générales,Régionale/Départementale,https://en.wikipedia.org/wiki/Mizan_%28Ottoman_newspaper%29,,,,WIKIPEDIA,3
MED-CH-0308,mobimag.ch,CH,Suisse,de,WEB,Médias d'information générale (hors PQN),Actualités-Infos Générales,Nationale,,,,24/7,SWISSDOX,3
MED-CH-0309,monargentmag.ch,CH,Suisse,fr,WEB,Médias d'information générale (hors PQN),Actualités-Infos Générales,Nationale,,,,24/7,SWISSDOX,3
MED-CH-0310,MTV,CH,Suisse,de,TV,TV Grandes Chaînes,Actualités-Infos Générales,Nationale,https://en.wikipedia.org/wiki/MTV_%28Swiss_TV_channel%29,,,,WIKIPEDIA,3
MED-CH-0311,MTV Schweiz,CH,Suisse,de,TV,TV Grandes Chaînes,Actualités-Infos Générales,Nationale,https://de.wikipedia.org/wiki/MTV_Schweiz,,,,WIKIPEDIA,3
MED-CH-0312,My105,CH,Suisse,fr,RADIO,Radios Régionales,Actualités-Infos Générales,Régionale/Départementale,https://fr.wikipedia.org/wiki/My105,,,,WIKIPEDIA,3
MED-CH-0313,MySports,CH,Suisse,de,TV,TV Grandes Chaînes,Actualités-Infos Générales,Nationale,https://de.wikipedia.org/wiki/MySports,,,,WIKIPEDIA,3
MED-CH-0314,na•presseportal,CH,Suisse,de,AGENCES,Agences de presse,Actualités-Infos Générales,Nationale,,,,24/7,SWISSDOX,3
MED-CH-0315,Narodnoye delo,CH,Suisse,de,PRESSE,Médias régionaux (hors PQR),Actualités-Infos Générales,Régionale/Départementale,https://en.wikipedia.org/wiki/Narodnoye_delo,,,,WIKIPEDIA,3
MED-CH-0316,Naturfreund,CH,Suisse,de,PRESSE,Médias régionaux (hors PQR),Actualités-Infos Générales,Régionale/Départementale,,,,4/Jahr,SWISSDOX,3
MED-CH-0317,nau.ch,CH,Suisse,de,WEB,Médias d'information générale (hors PQN),Actualités-Infos Générales,Nationale,,,,24/7,SWISSDOX,3
MED-CH-0318,nebelspalter.ch,CH,Suisse,de,WEB,Médias d'information générale (hors PQN),Actualités-Infos Générales,Nationale,,,,24/7,SWISSDOX,3
MED-CH-0319,Neue Fricktaler Zeitung,CH,Suisse,de,PRESSE,PQR/PQD (Quotidiens régionaux),Actualités-Infos Générales,Régionale/Départementale,,,,Di Do Fr,SWISSDOX,3
MED-CH-0320,News,CH,Suisse,de,PRESSE,PQR/PQD (Quotidiens régionaux),Actualités-Infos Générales,Régionale/Départementale,https://en.wikipedia.org/wiki/News_%28newspaper%29,,,,WIKIPEDIA,3
MED-CH-0321,nfz.ch,CH,Suisse,de,WEB,Médias d'information générale (hors PQN),Actualités-Infos Générales,Nationale,,,,24/7,SWISSDOX,3
MED-CH-0322,Nickelodeon,CH,Suisse,de,TV,TV Grandes Chaînes,Actualités-Infos Générales,Nationale,https://en.wikipedia.org/wiki/Nickelodeon_%28French_TV_channel%29,,,,WIKIPEDIA,3
MED-CH-0323,Nick Jr.,CH,Suisse,de,TV,TV Grandes Chaînes,Actualités-Infos Générales,Nationale,https://en.wikipedia.org/wiki/Nick_Jr._%28Germany%29,,,,WIKIPEDIA,3
MED-CH-0324,Nidwaldner Zeitung,CH,Suisse,de,PRESSE,PQR/PQD (Quotidiens régionaux),Actualités-Infos Générales,Régionale/Départementale,,,,Mo - Sa,SWISSDOX,3
MED-CH-0325,nidwaldnerzeitung.ch,CH,Suisse,de,WEB,Médias d'information générale (hors PQN),Actualités-Infos Générales,Nationale,,,,24/7,SWISSDOX,3
MED-CH-0326,Nitro,CH,Suisse,de,TV,TV Grandes Chaînes,Actualités-Infos Générales,Nationale,https://en.wikipedia.org/wiki/Nitro_%28German_TV_channel%29,,,,WIKIPEDIA,3
MED-CH-0327,Nouveau Genève,CH,Suisse,fr,PRESSE,Médias régionaux (hors PQR),Actualités-Infos Générales,Régionale/Départementale,,,,4/Jahr,SWISSDOX,3
MED-CH-0328,"Nouvelliste, Le",CH,Suisse,fr,PRESSE,PQR/PQD (Quotidiens régionaux),Actualités-Infos Générales,Régionale/Départementale,,,,Mo - Sa,SWISSDOX,3
MED-CH-0329,N-tv,CH,Suisse,de,TV,TV Grandes Chaînes,Actualités-Infos Générales,Nationale,https://en.wikipedia.org/wiki/N-tv,,,,WIKIPEDIA,3
MED-CH-0330,null41.ch,CH,Suisse,de,WEB,Médias d'information générale (hors PQN),Actualités-Infos Générales,Nationale,,,,24/7,SWISSDOX,3
MED-CH-0331,NZZ am Sonntag,CH,Suisse,de,PRESSE,PQN (Quotidiens nationaux),Actualités-Infos Générales,Nationale,,,,So,SWISSDOX,3
MED-CH-0332,NZZ am Sonntag Magazin,CH,Suisse,de,PRESSE,Médias d'information générale (hors PQN),Actualités-Infos Générales,Nationale,,,,So,SWISSDOX,3
MED-CH-0333,nzz.ch,CH,Suisse,de,WEB,Médias d'information générale (hors PQN),Actualités-Infos Générales,Nationale,,,,24/7,SWISSDOX,3
MED-CH-0334,NZZ Folio,CH,Suisse,de,PRESSE,Médias d'information générale (hors PQN),Actualités-Infos Générales,Nationale,,,,1. Mo im Monat,SWISSDOX,3
MED-CH-0335,NZZ Geschichte,CH,Suisse,de,PRESSE,Médias d'information générale (hors PQN),Actualités-Infos Générales,Nationale,,,,4/Jahr,SWISSDOX,3
MED-CH-0336,Obwaldner Zeitung,CH,Suisse,de,PRESSE,PQR/PQD (Quotidiens régionaux),Actualités-Infos Générales,Régionale/Départementale,,,,Mo - Sa,SWISSDOX,3
MED-CH-0337,obwaldnerzeitung.ch,CH,Suisse,de,WEB,Médias d'information générale (hors PQN),Actualités-Infos Générales,Nationale,,,,24/7,SWISSDOX,3
MED-CH-0338,oeffentlichkeitsgesetz.ch,CH,Suisse,de,WEB,Médias d'information générale (hors PQN),Actualités-Infos Générales,Nationale,,,,24/7,SWISSDOX,3
MED-CH-0339,Oltner Tagblatt,CH,Suisse,de,PRESSE,PQR/PQD (Quotidiens régionaux),Actualités-Infos Générales,Régionale/Départementale,,,,Mo - Sa,SWISSDOX,3
MED-CH-0340,oltnertagblatt.ch,CH,Suisse,de,WEB,Médias d'information générale (hors PQN),Actualités-Infos Générales,Nationale,,,,24/7,SWISSDOX,3
MED-CH-0341,onlinereports.ch,CH,Suisse,de,WEB,Médias d'information générale (hors PQN),Actualités-Infos Générales,Nationale,,,,24/7,SWISSDOX,3
MED-CH-0342,PACKaktuell,CH,Suisse,de,PRESSE,Médias régionaux (hors PQR),Actualités-Infos Générales,Régionale/Départementale,,,,4/Jahr,SWISSDOX,3
MED-CH-0343,papierlosezeitung.ch,CH,Suisse,de,WEB,Médias d'information générale (hors PQN),Actualités-Infos Générales,Nationale,,,,24/7,SWISSDOX,3
MED-CH-0344,persönlich.com,CH,Suisse,de,WEB,Médias d'information générale (hors PQN),Actualités-Infos Générales,Nationale,,,,24/7,SWISSDOX,3
MED-CH-0345,pfarrblattbern.ch,CH,Suisse,de,WEB,Médias d'information générale (hors PQN),Actualités-Infos Générales,Nationale,,,,24/7,SWISSDOX,3
MED-CH-0346,plattafurma.fmr.ch,CH,Suisse,de,AGENCES,Agences de presse,Actualités-Infos Générales,Nationale,,,,24/7,SWISSDOX,3
MED-CH-0347,pme.ch,CH,Suisse,fr,WEB,Médias d'information générale (hors PQN),Actualités-Infos Générales,Nationale,,,,24/7,SWISSDOX,3
MED-CH-0348,PME Magazine,CH,Suisse,fr,PRESSE,Médias régionaux (hors PQR),Actualités-Infos Générales,Régionale/Départementale,,,,12/Jahr,SWISSDOX,3
MED-CH-0349,pomona.ch,CH,Suisse,de,WEB,Médias d'information générale (hors PQN),Actualités-Infos Générales,Nationale,,,,24/7,SWISSDOX,3
MED-CH-0350,PPS Pressedienst,CH,Suisse,de,AGENCES,Agences de presse,Actualités-Infos Générales,Nationale,,,,24/7,SWISSDOX,3
MED-CH-0351,primenews.ch,CH,Suisse,de,WEB,Médias d'information générale (hors PQN),Actualités-Infos Générales,Nationale,,,,24/7,SWISSDOX,3
MED-CH-0352,ProSieben,CH,Suisse,de,TV,TV Grandes Chaînes,Actualités-Infos Générales,Nationale,https://en.wikipedia.org/wiki/ProSieben,,,,WIKIPEDIA,3
MED-CH-0353,ProSieben Fun,CH,Suisse,de,TV,TV Grandes Chaînes,Actualités-Infos Générales,Nationale,https://en.wikipedia.org/wiki/ProSieben_Fun,,,,WIKIPEDIA,3
MED-CH-0354,ProSieben Maxx,CH,Suisse,de,TV,TV Grandes Chaînes,Actualités-Infos Générales,Nationale,https://en.wikipedia.org/wiki/ProSieben_Maxx,,,,WIKIPEDIA,3
MED-CH-0355,ProSieben Schweiz,CH,Suisse,de,TV,TV Grandes Chaînes,Actualités-Infos Générales,Nationale,https://de.wikipedia.org/wiki/ProSieben_Schweiz,,,,WIKIPEDIA,3
MED-CH-0356,protestinfo.ch,CH,Suisse,fr,AGENCES,Agences de presse,Actualités-Infos Générales,Nationale,,,,24/7,SWISSDOX,3
MED-CH-0357,PRO VELO Magazin,CH,Suisse,de,PRESSE,Médias régionaux (hors PQR),Actualités-Infos Générales,Régionale/Départementale,,,,4/Jahr,SWISSDOX,3
MED-CH-0358,PRO VELO Magazine,CH,Suisse,fr,PRESSE,Médias régionaux (hors PQR),Actualités-Infos Générales,Régionale/Départementale,,,,4/Jahr,SWISSDOX,3
MED-CH-0359,pszeitung.ch,CH,Suisse,de,WEB,Médias d'information générale (hors PQN),Actualités-Infos Générales,Nationale,,,,24/7,SWISSDOX,3
MED-CH-0360,Public Eye – Le Magazine,CH,Suisse,fr,PRESSE,Médias régionaux (hors PQR),Actualités-Infos Générales,Régionale/Départementale,,,,5/Jahr,SWISSDOX,3
MED-CH-0361,Public Eye Magazin,CH,Suisse,de,PRESSE,Médias régionaux (hors PQR),Actualités-Infos Générales,Régionale/Départementale,,,,5/Jahr,SWISSDOX,3
MED-CH-0362,Puls 8,CH,Suisse,de,TV,TV Grandes Chaînes,Actualités-Infos Générales,Nationale,https://en.wikipedia.org/wiki/Puls_8,,,,WIKIPEDIA,3
MED-CH-0363,QS24,CH,Suisse,de,TV,TV Grandes Chaînes,Actualités-Infos Générales,Nationale,https://de.wikipedia.org/wiki/QS24,,,,WIKIPEDIA,3
MED-CH-0364,radio1 Audio,CH,Suisse,de,RADIO,Radios Nationales,Actualités-Infos Générales,Nationale,,,,24/7,SWISSDOX,3
MED-CH-0365,Radio 24,CH,Suisse,fr,RADIO,Radios Régionales,Actualités-Infos Générales,Régionale/Départementale,https://fr.wikipedia.org/wiki/Radio_24_%28Suisse%29,,,,WIKIPEDIA,3
MED-CH-0366,Radio 3FACH,CH,Suisse,de,RADIO,Radios Nationales,Actualités-Infos Générales,Nationale,,,,24/7,SWISSDOX,3
MED-CH-0367,Radio 7,CH,Suisse,fr,RADIO,Radios Régionales,Actualités-Infos Générales,Régionale/Départementale,https://fr.wikipedia.org/wiki/Radio_7_%28Allemagne%29,,,,WIKIPEDIA,3
MED-CH-0368,Radio Basilisk,CH,Suisse,fr,RADIO,Radios Régionales,Actualités-Infos Générales,Régionale/Départementale,https://fr.wikipedia.org/wiki/Radio_Basilisk,,,,WIKIPEDIA,3
MED-CH-0369,Radio Bern RaBe,CH,Suisse,de,RADIO,Radios Nationales,Actualités-Infos Générales,Nationale,,,,24/7,SWISSDOX,3
MED-CH-0370,RadioFr,CH,Suisse,fr,RADIO,Radios Nationales,Actualités-Infos Générales,Nationale,,,,24/7,SWISSDOX,3
MED-CH-0371,Radio fréquence Jura,CH,Suisse,de,RADIO,Radios Régionales,Actualités-Infos Générales,Régionale/Départementale,https://en.wikipedia.org/wiki/Radio_fr%C3%A9quence_Jura,,,,WIKIPEDIA,3
MED-CH-0372,Radio in Switzerland,CH,Suisse,de,RADIO,Radios Régionales,Actualités-Infos Générales,Régionale/Départementale,https://en.wikipedia.org/wiki/Radio_in_Switzerland,,,,WIKIPEDIA,3
MED-CH-0373,Radio Jura bernois,CH,Suisse,de,RADIO,Radios Régionales,Actualités-Infos Générales,Régionale/Départementale,https://en.wikipedia.org/wiki/Radio_Jura_bernois,,,,WIKIPEDIA,3
MED-CH-0374,Radio LoRa,CH,Suisse,de,RADIO,Radios Nationales,Actualités-Infos Générales,Nationale,,,,24/7,SWISSDOX,3
MED-CH-0375,Radio Maria,CH,Suisse,de,RADIO,Radios Régionales,Actualités-Infos Générales,Régionale/Départementale,https://en.wikipedia.org/wiki/Radio_Maria,,,,WIKIPEDIA,3
MED-CH-0376,Radio Mont-Blanc,CH,Suisse,fr,RADIO,Radios Régionales,Actualités-Infos Générales,Régionale/Départementale,https://fr.wikipedia.org/wiki/Radio_Mont-Blanc_%28Italie%29,,,,WIKIPEDIA,3
MED-CH-0377,Radio Munot,CH,Suisse,de,RADIO,Radios Nationales,Actualités-Infos Générales,Nationale,,,,24/7,SWISSDOX,3
MED-CH-0378,Radio Pilatus,CH,Suisse,de,RADIO,Radios Régionales,Actualités-Infos Générales,Régionale/Départementale,https://en.wikipedia.org/wiki/Radio_Pilatus,,,,WIKIPEDIA,3
MED-CH-0379,Radio RaBe,CH,Suisse,de,RADIO,Radios Régionales,Actualités-Infos Générales,Régionale/Départementale,https://en.wikipedia.org/wiki/Radio_RaBe,,,,WIKIPEDIA,3
MED-CH-0380,Radio RFJ,CH,Suisse,fr,RADIO,Radios Nationales,Actualités-Infos Générales,Nationale,,,,3/Tag,SWISSDOX,3
MED-CH-0381,Radio RJB,CH,Suisse,fr,RADIO,Radios Nationales,Actualités-Infos Générales,Nationale,,,,3/Tag,SWISSDOX,3
MED-CH-0382,radio rottu oberwallis,CH,Suisse,de,RADIO,Radios Nationales,Actualités-Infos Générales,Nationale,,,,24/7,SWISSDOX,3
MED-CH-0383,Radio RTN,CH,Suisse,fr,RADIO,Radios Nationales,Actualités-Infos Générales,Nationale,,,,3/Tag,SWISSDOX,3
MED-CH-0384,Radio RTR,CH,Suisse,de,RADIO,Radios Régionales,Actualités-Infos Générales,Régionale/Départementale,https://en.wikipedia.org/wiki/Radio_RTR,,,,WIKIPEDIA,3
MED-CH-0385,Radio SRF 1,CH,Suisse,de,RADIO,Radios Régionales,Actualités-Infos Générales,Régionale/Départementale,https://en.wikipedia.org/wiki/Radio_SRF_1,,,,WIKIPEDIA,3
MED-CH-0386,Radio SRF 2 Kultur,CH,Suisse,de,RADIO,Radios Régionales,Actualités-Infos Générales,Régionale/Départementale,https://en.wikipedia.org/wiki/Radio_SRF_2_Kultur,,,,WIKIPEDIA,3
MED-CH-0387,Radio SRF 3,CH,Suisse,de,RADIO,Radios Régionales,Actualités-Infos Générales,Régionale/Départementale,https://en.wikipedia.org/wiki/Radio_SRF_3,,,,WIKIPEDIA,3
MED-CH-0388,Radio SRF 4 News,CH,Suisse,de,RADIO,Radios Régionales,Actualités-Infos Générales,Régionale/Départementale,https://en.wikipedia.org/wiki/Radio_SRF_4_News,,,,WIKIPEDIA,3
MED-CH-0389,Radio SRF Musikwelle,CH,Suisse,de,RADIO,Radios Régionales,Actualités-Infos Générales,Régionale/Départementale,https://en.wikipedia.org/wiki/Radio_SRF_Musikwelle,,,,WIKIPEDIA,3
MED-CH-0390,Radio SRF Virus,CH,Suisse,de,RADIO,Radios Régionales,Actualités-Infos Générales,Régionale/Départementale,https://en.wikipedia.org/wiki/Radio_SRF_Virus,,,,WIKIPEDIA,3
MED-CH-0391,Radio Stadtfilter,CH,Suisse,de,RADIO,Radios Nationales,Actualités-Infos Générales,Nationale,,,,24/7,SWISSDOX,3
MED-CH-0392,Radio suisse romande,CH,Suisse,fr,RADIO,Radios Régionales,Actualités-Infos Générales,Régionale/Départementale,https://fr.wikipedia.org/wiki/Radio_suisse_romande,,,,WIKIPEDIA,3
MED-CH-0393,Radio Swiss Classic,CH,Suisse,fr,RADIO,Radios Régionales,Actualités-Infos Générales,Régionale/Départementale,https://fr.wikipedia.org/wiki/Radio_Swiss_Classic,,,,WIKIPEDIA,3
MED-CH-0394,Radio Swiss Pop,CH,Suisse,fr,RADIO,Radios Régionales,Actualités-Infos Générales,Régionale/Départementale,https://fr.wikipedia.org/wiki/Radio_Swiss_Pop,,,,WIKIPEDIA,3
MED-CH-0395,Radio Télévision Suisse,CH,Suisse,de,TV,TV Grandes Chaînes,Actualités-Infos Générales,Nationale,https://de.wikipedia.org/wiki/Radio_T%C3%A9l%C3%A9vision_Suisse,,,,WIKIPEDIA,3
MED-CH-0396,Radio Top,CH,Suisse,de,RADIO,Radios Nationales,Actualités-Infos Générales,Nationale,,,,24/7,SWISSDOX,3
MED-CH-0397,Radio Vostok,CH,Suisse,fr,RADIO,Radios Nationales,Actualités-Infos Générales,Nationale,,,,24/7,SWISSDOX,3
MED-CH-0398,radiovostok.ch,CH,Suisse,fr,WEB,Médias d'information générale (hors PQN),Actualités-Infos Générales,Nationale,,,,24/7,SWISSDOX,3
MED-CH-0399,Radio Zürisee,CH,Suisse,de,RADIO,Radios Régionales,Actualités-Infos Générales,Régionale/Départementale,https://en.wikipedia.org/wiki/Radio_Z%C3%BCrisee,,,,WIKIPEDIA,3
MED-CH-0400,ref.ch,CH,Suisse,de,WEB,Médias d'information générale (hors PQN),Actualités-Infos Générales,Nationale,,,,24/7,SWISSDOX,3
MED-CH-0401,reflekt.ch,CH,Suisse,de,WEB,Médias d'information générale (hors PQN),Actualités-Infos Générales,Nationale,,,,24/7,SWISSDOX,3
MED-CH-0402,reformiert,CH,Suisse,de,PRESSE,Médias régionaux (hors PQR),Actualités-Infos Générales,Régionale/Départementale,,,,"14-täglich, Fr",SWISSDOX,3
MED-CH-0403,regio.ch,CH,Suisse,de,PRESSE,PQR/PQD (Quotidiens régionaux),Actualités-Infos Générales,Régionale/Départementale,,,,"14-täglich, Do",SWISSDOX,3
MED-CH-0404,Regionale und Lokale Fernsehsender mit Konzession in der Schweiz,CH,Suisse,de,TV,TV Régionales,Actualités-Infos Générales,Régionale/Départementale,https://de.wikipedia.org/wiki/Regionale_und_Lokale_Fernsehsender_mit_Konzession_in_der_Schweiz,,,,WIKIPEDIA,3
MED-CH-0405,Reportagen,CH,Suisse,de,PRESSE,Médias régionaux (hors PQR),Actualités-Infos Générales,Régionale/Départementale,,,,6/Jahr,SWISSDOX,3
MED-CH-0406,republik.ch,CH,Suisse,de,WEB,Médias d'information générale (hors PQN),Actualités-Infos Générales,Nationale,,,,24/7,SWISSDOX,3
MED-CH-0407,Revue Automobile,CH,Suisse,fr,PRESSE,Médias régionaux (hors PQR),Actualités-Infos Générales,Régionale/Départementale,,,,12/Jahr,SWISSDOX,3
MED-CH-0408,revue juive,CH,Suisse,fr,PRESSE,Médias régionaux (hors PQR),Actualités-Infos Générales,Régionale/Départementale,,,,5/Jahr,SWISSDOX,3
MED-CH-0409,rfj.ch,CH,Suisse,fr,WEB,Médias d'information générale (hors PQN),Actualités-Infos Générales,Nationale,,,,24/7,SWISSDOX,3
MED-CH-0410,rheintaler.ch,CH,Suisse,de,WEB,Médias d'information générale (hors PQN),Actualités-Infos Générales,Nationale,,,,24/7,SWISSDOX,3
MED-CH-0411,"Rheintaler, Der",CH,Suisse,de,PRESSE,PQR/PQD (Quotidiens régionaux),Actualités-Infos Générales,Régionale/Départementale,,,,Mo - Sa,SWISSDOX,3
MED-CH-0412,Riviera Chablais,CH,Suisse,fr,PRESSE,PQR/PQD (Quotidiens régionaux),Actualités-Infos Générales,Régionale/Départementale,,,,Mi,SWISSDOX,3
MED-CH-0413,rjb.ch,CH,Suisse,fr,WEB,Médias d'information générale (hors PQN),Actualités-Infos Générales,Nationale,,,,24/7,SWISSDOX,3
MED-CH-0414,roi-online.ch,CH,Suisse,de,WEB,Médias d'information générale (hors PQN),Actualités-Infos Générales,Nationale,,,,24/7,SWISSDOX,3
MED-CH-0415,rsi Audio,CH,Suisse,it,RADIO,Radios Nationales,Actualités-Infos Générales,Nationale,,,,24/7,SWISSDOX,3
MED-CH-0416,rsi.ch,CH,Suisse,it,WEB,Médias d'information générale (hors PQN),Actualités-Infos Générales,Nationale,,,,24/7,SWISSDOX,3
MED-CH-0417,RSI La 1,CH,Suisse,de,TV,TV Grandes Chaînes,Actualités-Infos Générales,Nationale,https://en.wikipedia.org/wiki/RSI_La_1,,,,WIKIPEDIA,3
MED-CH-0418,RSI La 2,CH,Suisse,de,TV,TV Grandes Chaînes,Actualités-Infos Générales,Nationale,https://en.wikipedia.org/wiki/RSI_La_2,,,,WIKIPEDIA,3
MED-CH-0419,RSI Rete Due,CH,Suisse,de,RADIO,Radios Régionales,Actualités-Infos Générales,Régionale/Départementale,https://en.wikipedia.org/wiki/RSI_Rete_Due,,,,WIKIPEDIA,3
MED-CH-0420,RSI Rete Tre,CH,Suisse,de,RADIO,Radios Régionales,Actualités-Infos Générales,Régionale/Départementale,https://en.wikipedia.org/wiki/RSI_Rete_Tre,,,,WIKIPEDIA,3
MED-CH-0421,RSI Rete Uno,CH,Suisse,de,RADIO,Radios Régionales,Actualités-Infos Générales,Régionale/Départementale,https://en.wikipedia.org/wiki/RSI_Rete_Uno,,,,WIKIPEDIA,3
MED-CH-0422,rsi Video,CH,Suisse,it,TV,TV Grandes Chaînes,Actualités-Infos Générales,Nationale,,,,24/7,SWISSDOX,3
MED-CH-0423,RTL,CH,Suisse,de,TV,TV Grandes Chaînes,Actualités-Infos Générales,Nationale,https://en.wikipedia.org/wiki/RTL_%28German_TV_channel%29,,,,WIKIPEDIA,3
MED-CH-0424,RTL Crime,CH,Suisse,de,TV,TV Grandes Chaînes,Actualités-Infos Générales,Nationale,https://en.wikipedia.org/wiki/RTL_Crime_%28German_TV_channel%29,,,,WIKIPEDIA,3
MED-CH-0425,RTL Passion,CH,Suisse,de,TV,TV Grandes Chaînes,Actualités-Infos Générales,Nationale,https://en.wikipedia.org/wiki/RTL_Passion,,,,WIKIPEDIA,3
MED-CH-0426,RTL Television,CH,Suisse,de,TV,TV Grandes Chaînes,Actualités-Infos Générales,Nationale,https://de.wikipedia.org/wiki/RTL_Television,,,,WIKIPEDIA,3
MED-CH-0427,RTLup,CH,Suisse,de,TV,TV Grandes Chaînes,Actualités-Infos Générales,Nationale,https://en.wikipedia.org/wiki/RTLup,,,,WIKIPEDIA,3
MED-CH-0428,RTL Zwei,CH,Suisse,de,TV,TV Grandes Chaînes,Actualités-Infos Générales,Nationale,https://en.wikipedia.org/wiki/RTL_Zwei,,,,WIKIPEDIA,3
MED-CH-0429,RTN,CH,Suisse,de,RADIO,Radios Régionales,Actualités-Infos Générales,Régionale/Départementale,https://en.wikipedia.org/wiki/RTN_%28Switzerland%29,,,,WIKIPEDIA,3
MED-CH-0430,rtn.ch,CH,Suisse,fr,WEB,Médias d'information générale (hors PQN),Actualités-Infos Générales,Nationale,,,,24/7,SWISSDOX,3
MED-CH-0431,rtr.ch,CH,Suisse,de,WEB,Médias d'information générale (hors PQN),Actualités-Infos Générales,Nationale,,,,24/7,SWISSDOX,3
MED-CH-0432,rtr Video,CH,Suisse,de,TV,TV Grandes Chaînes,Actualités-Infos Générales,Nationale,,,,24/7,SWISSDOX,3
MED-CH-0433,RTS 1,CH,Suisse,de,TV,TV Grandes Chaînes,Actualités-Infos Générales,Nationale,https://en.wikipedia.org/wiki/RTS_1_%28Swiss_TV_channel%29,,,,WIKIPEDIA,3
MED-CH-0434,RTS 2,CH,Suisse,de,TV,TV Grandes Chaînes,Actualités-Infos Générales,Nationale,https://en.wikipedia.org/wiki/RTS_2_%28Swiss_TV_channel%29,,,,WIKIPEDIA,3
MED-CH-0435,rts Audio,CH,Suisse,fr,RADIO,Radios Nationales,Actualités-Infos Générales,Nationale,,,,24/7,SWISSDOX,3
MED-CH-0436,rts.ch,CH,Suisse,fr,WEB,Médias d'information générale (hors PQN),Actualités-Infos Générales,Nationale,,,,24/7,SWISSDOX,3
MED-CH-0437,RTS Couleur 3,CH,Suisse,de,RADIO,Radios Régionales,Actualités-Infos Générales,Régionale/Départementale,https://en.wikipedia.org/wiki/RTS_Couleur_3,,,,WIKIPEDIA,3
MED-CH-0438,RTS Espace 2,CH,Suisse,de,RADIO,Radios Régionales,Actualités-Infos Générales,Régionale/Départementale,https://en.wikipedia.org/wiki/RTS_Espace_2,,,,WIKIPEDIA,3
MED-CH-0439,RTS Info,CH,Suisse,de,TV,TV Grandes Chaînes,Actualités-Infos Générales,Nationale,https://en.wikipedia.org/wiki/RTS_Info,,,,WIKIPEDIA,3
MED-CH-0440,RTS Option Musique,CH,Suisse,de,RADIO,Radios Régionales,Actualités-Infos Générales,Régionale/Départementale,https://en.wikipedia.org/wiki/RTS_Option_Musique,,,,WIKIPEDIA,3
MED-CH-0441,RTS Première,CH,Suisse,de,RADIO,Radios Régionales,Actualités-Infos Générales,Régionale/Départementale,https://en.wikipedia.org/wiki/RTS_Premi%C3%A8re,,,,WIKIPEDIA,3
MED-CH-0442,rts Vidéo,CH,Suisse,fr,TV,TV Grandes Chaînes,Actualités-Infos Générales,Nationale,,,,24/7,SWISSDOX,3
MED-CH-0443,Rümlanger,CH,Suisse,de,PRESSE,PQR/PQD (Quotidiens régionaux),Actualités-Infos Générales,Régionale/Départementale,,,,Fr,SWISSDOX,3
MED-CH-0444,Rundschau Nord,CH,Suisse,de,PRESSE,PQR/PQD (Quotidiens régionaux),Actualités-Infos Générales,Régionale/Départementale,,,,Do,SWISSDOX,3
MED-CH-0445,Rundschau Süd,CH,Suisse,de,PRESSE,PQR/PQD (Quotidiens régionaux),Actualités-Infos Générales,Régionale/Départementale,,,,Do,SWISSDOX,3
MED-CH-0446,S1,CH,Suisse,de,TV,TV Grandes Chaînes,Actualités-Infos Générales,Nationale,https://en.wikipedia.org/wiki/S1_%28Swiss_TV_channel%29,,,,WIKIPEDIA,3
MED-CH-0447,saiten.ch,CH,Suisse,de,WEB,Médias d'information générale (hors PQN),Actualités-Infos Générales,Nationale,,,,24/7,SWISSDOX,3
MED-CH-0448,saldo.ch,CH,Suisse,de,WEB,Médias d'information générale (hors PQN),Actualités-Infos Générales,Nationale,,,,24/7,SWISSDOX,3
MED-CH-0449,Sat.1,CH,Suisse,de,TV,TV Câble/Sat,Actualités-Infos Générales,Nationale,https://en.wikipedia.org/wiki/Sat.1,,,,WIKIPEDIA,3
MED-CH-0450,Sat.1 Gold,CH,Suisse,de,TV,TV Câble/Sat,Actualités-Infos Générales,Nationale,https://en.wikipedia.org/wiki/Sat.1_Gold,,,,WIKIPEDIA,3
MED-CH-0451,Sat.1 Schweiz,CH,Suisse,de,TV,TV Câble/Sat,Actualités-Infos Générales,Nationale,https://de.wikipedia.org/wiki/Sat.1_Schweiz,,,,WIKIPEDIA,3
MED-CH-0452,Schaffhauser AZ,CH,Suisse,de,PRESSE,PQR/PQD (Quotidiens régionaux),Actualités-Infos Générales,Régionale/Départementale,,,,Do,SWISSDOX,3
MED-CH-0453,Schaffhauser Nachrichten,CH,Suisse,de,PRESSE,PQR/PQD (Quotidiens régionaux),Actualités-Infos Générales,Régionale/Départementale,,,,Mo - Sa,SWISSDOX,3
MED-CH-0454,Schweiz 4,CH,Suisse,de,TV,TV Grandes Chaînes,Actualités-Infos Générales,Nationale,https://de.wikipedia.org/wiki/Schweiz_4,,,,WIKIPEDIA,3
MED-CH-0455,Schweiz 5,CH,Suisse,de,TV,TV Grandes Chaînes,Actualités-Infos Générales,Nationale,https://en.wikipedia.org/wiki/Schweiz_5,,,,WIKIPEDIA,3
MED-CH-0456,Schweiz am Sonntag,CH,Suisse,de,PRESSE,Médias régionaux (hors PQR),Actualités-Infos Générales,Régionale/Départementale,https://en.wikipedia.org/wiki/Schweiz_am_Sonntag,,,,WIKIPEDIA,3
MED-CH-0457,Schweizer Bauer,CH,Suisse,de,PRESSE,Médias régionaux (hors PQR),Actualités-Infos Générales,Régionale/Départementale,,,,"Mi, Sa",SWISSDOX,3
MED-CH-0458,schweizerbauer.ch,CH,Suisse,de,WEB,Médias d'information générale (hors PQN),Actualités-Infos Générales,Nationale,,,,24/7,SWISSDOX,3
MED-CH-0459,Schweizer Familie,CH,Suisse,de,PRESSE,Médias régionaux (hors PQR),Actualités-Infos Générales,Régionale/Départementale,,,,Do,SWISSDOX,3
MED-CH-0460,Schweizer Gemeinde,CH,Suisse,de,PRESSE,Médias régionaux (hors PQR),Actualités-Infos Générales,Régionale/Départementale,,,,11/Jahr,SWISSDOX,3
MED-CH-0461,Schweizer Illustrierte,CH,Suisse,de,PRESSE,Médias régionaux (hors PQR),Actualités-Infos Générales,Régionale/Départementale,,,,Fr,SWISSDOX,3
MED-CH-0462,Schweizerische Gewerbezeitung,CH,Suisse,de,PRESSE,PQR/PQD (Quotidiens régionaux),Actualités-Infos Générales,Régionale/Départementale,,,,"14-täglich, Fr",SWISSDOX,3
MED-CH-0463,Schweizer Journalist:in,CH,Suisse,de,PRESSE,Médias régionaux (hors PQR),Actualités-Infos Générales,Régionale/Départementale,,,,6/Jahr,SWISSDOX,3
MED-CH-0464,Schweizer LandLiebe,CH,Suisse,de,PRESSE,Médias régionaux (hors PQR),Actualités-Infos Générales,Régionale/Départementale,,,,7/Jahr,SWISSDOX,3
MED-CH-0465,schweizermonat.ch,CH,Suisse,fr,WEB,Médias d'information générale (hors PQN),Actualités-Infos Générales,Nationale,,,,24/7,SWISSDOX,3
MED-CH-0466,schweizheute.ch,CH,Suisse,de,WEB,Médias d'information générale (hors PQN),Actualités-Infos Générales,Nationale,,,,24/7,SWISSDOX,3
MED-CH-0467,Seetaler Bote,CH,Suisse,de,PRESSE,PQR/PQD (Quotidiens régionaux),Actualités-Infos Générales,Régionale/Départementale,,,,Do,SWISSDOX,3
MED-CH-0468,seetalerbote.ch,CH,Suisse,de,WEB,Médias d'information générale (hors PQN),Actualités-Infos Générales,Nationale,,,,24/7,SWISSDOX,3
MED-CH-0469,sempacherwoche.ch,CH,Suisse,de,WEB,Médias d'information générale (hors PQN),Actualités-Infos Générales,Nationale,,,,24/7,SWISSDOX,3
MED-CH-0470,Serafe,CH,Suisse,fr,RADIO,Radios Régionales,Actualités-Infos Générales,Régionale/Départementale,https://fr.wikipedia.org/wiki/Serafe,,,,WIKIPEDIA,3
MED-CH-0471,shn.ch,CH,Suisse,de,WEB,Médias d'information générale (hors PQN),Actualités-Infos Générales,Nationale,,,,24/7,SWISSDOX,3
MED-CH-0472,Sixx,CH,Suisse,de,TV,TV Grandes Chaînes,Actualités-Infos Générales,Nationale,https://en.wikipedia.org/wiki/Sixx,,,,WIKIPEDIA,3
MED-CH-0473,Société suisse de radiodiffusion et télévision,CH,Suisse,fr,RADIO,Radios Régionales,Actualités-Infos Générales,Régionale/Départementale,https://fr.wikipedia.org/wiki/Soci%C3%A9t%C3%A9_suisse_de_radiodiffusion_et_t%C3%A9l%C3%A9vision,,,,WIKIPEDIA,3
MED-CH-0474,Solothurner Zeitung,CH,Suisse,de,PRESSE,PQR/PQD (Quotidiens régionaux),Actualités-Infos Générales,Régionale/Départementale,,,,Mo - Sa,SWISSDOX,3
MED-CH-0475,solothurnerzeitung.ch,CH,Suisse,de,WEB,Médias d'information générale (hors PQN),Actualités-Infos Générales,Nationale,,,,24/7,SWISSDOX,3
MED-CH-0476,Sonntag,CH,Suisse,de,PRESSE,Médias régionaux (hors PQR),Actualités-Infos Générales,Régionale/Départementale,,,,Do,SWISSDOX,3
MED-CH-0477,SonntagsBlick,CH,Suisse,de,PRESSE,PQR/PQD (Quotidiens régionaux),Actualités-Infos Générales,Régionale/Départementale,,,,So,SWISSDOX,3
MED-CH-0478,SonntagsZeitung,CH,Suisse,de,PRESSE,PQR/PQD (Quotidiens régionaux),Actualités-Infos Générales,Régionale/Départementale,,,,So,SWISSDOX,3
MED-CH-0479,sozialesicherheit.ch,CH,Suisse,fr,WEB,Médias d'information générale (hors PQN),Actualités-Infos Générales,Nationale,,,,24/7,SWISSDOX,3
MED-CH-0480,SRF 1,CH,Suisse,de,TV,TV Grandes Chaînes,Actualités-Infos Générales,Nationale,https://en.wikipedia.org/wiki/SRF_1,,,,WIKIPEDIA,3
MED-CH-0481,srf Audio,CH,Suisse,de,RADIO,Radios Nationales,Actualités-Infos Générales,Nationale,,,,24/7,SWISSDOX,3
MED-CH-0482,srf.ch,CH,Suisse,de,WEB,Médias d'information générale (hors PQN),Actualités-Infos Générales,Nationale,,,,24/7,SWISSDOX,3
MED-CH-0483,SRF info,CH,Suisse,de,TV,TV Grandes Chaînes,Actualités-Infos Générales,Nationale,https://en.wikipedia.org/wiki/SRF_info,,,,WIKIPEDIA,3
MED-CH-0484,srf Video,CH,Suisse,de,TV,TV Grandes Chaînes,Actualités-Infos Générales,Nationale,,,,24/7,SWISSDOX,3
MED-CH-0485,SRF zwei,CH,Suisse,de,TV,TV Grandes Chaînes,Actualités-Infos Générales,Nationale,https://en.wikipedia.org/wiki/SRF_zwei,,,,WIKIPEDIA,3
MED-CH-0486,SRG Sportkette,CH,Suisse,de,TV,TV Grandes Chaînes,Actualités-Infos Générales,Nationale,https://de.wikipedia.org/wiki/SRG_Sportkette,,,,WIKIPEDIA,3
MED-CH-0487,Star TV,CH,Suisse,de,TV,TV Grandes Chaînes,Actualités-Infos Générales,Nationale,https://de.wikipedia.org/wiki/Star_TV,,,,WIKIPEDIA,3
MED-CH-0488,Steiner Anzeiger,CH,Suisse,de,PRESSE,PQR/PQD (Quotidiens régionaux),Actualités-Infos Générales,Régionale/Départementale,,,,Di,SWISSDOX,3
MED-CH-0489,St. Galler Tagblatt,CH,Suisse,de,PRESSE,PQR/PQD (Quotidiens régionaux),Actualités-Infos Générales,Régionale/Départementale,https://en.wikipedia.org/wiki/St._Galler_Tagblatt,,,,WIKIPEDIA,3
MED-CH-0490,streetlife.ch,CH,Suisse,de,WEB,Médias d'information générale (hors PQN),Actualités-Infos Générales,Nationale,,,,24/7,SWISSDOX,3
MED-CH-0491,Style,CH,Suisse,de,PRESSE,Médias régionaux (hors PQR),Actualités-Infos Générales,Régionale/Départementale,,,,3/Jahr,SWISSDOX,3
MED-CH-0492,Style (fr),CH,Suisse,fr,PRESSE,Médias régionaux (hors PQR),Actualités-Infos Générales,Régionale/Départementale,,,,3/Jahr,SWISSDOX,3
MED-CH-0493,Südostschweiz,CH,Suisse,de,PRESSE,PQR/PQD (Quotidiens régionaux),Actualités-Infos Générales,Régionale/Départementale,,,,Mo - Sa,SWISSDOX,3
MED-CH-0494,Super!,CH,Suisse,de,TV,TV Grandes Chaînes,Actualités-Infos Générales,Nationale,https://en.wikipedia.org/wiki/Super%21,,,,WIKIPEDIA,3
MED-CH-0495,Super RTL,CH,Suisse,de,TV,TV Grandes Chaînes,Actualités-Infos Générales,Nationale,https://en.wikipedia.org/wiki/Super_RTL,,,,WIKIPEDIA,3
MED-CH-0496,Surprise,CH,Suisse,de,PRESSE,Médias régionaux (hors PQR),Actualités-Infos Générales,Régionale/Départementale,,,,14-täglich,SWISSDOX,3
MED-CH-0497,surseerwoche.ch,CH,Suisse,de,WEB,Médias d'information générale (hors PQN),Actualités-Infos Générales,Nationale,,,,24/7,SWISSDOX,3
MED-CH-0498,swiss-cath.ch,CH,Suisse,de,WEB,Médias d'information générale (hors PQN),Actualités-Infos Générales,Nationale,,,,24/7,SWISSDOX,3
MED-CH-0499,swissinfo.ch,CH,Suisse,fr,WEB,Médias d'information générale (hors PQN),Actualités-Infos Générales,Nationale,,,,24/7,SWISSDOX,3
MED-CH-0500,Swiss Radio International,CH,Suisse,de,RADIO,Radios Régionales,Actualités-Infos Générales,Régionale/Départementale,https://en.wikipedia.org/wiki/Swiss_Radio_International,,,,WIKIPEDIA,3
MED-CH-0501,Swiss Satellite Radio,CH,Suisse,fr,RADIO,Radios Régionales,Actualités-Infos Générales,Régionale/Départementale,https://fr.wikipedia.org/wiki/Swiss_Satellite_Radio,,,,WIKIPEDIA,3
MED-CH-0502,tachles,CH,Suisse,de,PRESSE,PQR/PQD (Quotidiens régionaux),Actualités-Infos Générales,Régionale/Départementale,,,,Fr,SWISSDOX,3
MED-CH-0503,tachles.ch,CH,Suisse,de,WEB,Médias d'information générale (hors PQN),Actualités-Infos Générales,Nationale,,,,24/7,SWISSDOX,3
MED-CH-0504,tagblatt.ch,CH,Suisse,de,WEB,Médias d'information générale (hors PQN),Actualités-Infos Générales,Nationale,,,,24/7,SWISSDOX,3
MED-CH-0505,Tagblatt der Stadt Zürich,CH,Suisse,de,PRESSE,PQR/PQD (Quotidiens régionaux),Actualités-Infos Générales,Régionale/Départementale,,,,Mi,SWISSDOX,3
MED-CH-0506,tagesanzeiger.ch,CH,Suisse,de,WEB,Médias d'information générale (hors PQN),Actualités-Infos Générales,Nationale,,,,24/7,SWISSDOX,3
MED-CH-0507,TagesWoche,CH,Suisse,de,PRESSE,Médias régionaux (hors PQR),Actualités-Infos Générales,Régionale/Départementale,https://en.wikipedia.org/wiki/TagesWoche,,,,WIKIPEDIA,3
MED-CH-0508,tdg.ch,CH,Suisse,fr,WEB,Médias d'information générale (hors PQN),Actualités-Infos Générales,Nationale,,,,24/7,SWISSDOX,3
MED-CH-0509,Tele,CH,Suisse,de,PRESSE,Médias régionaux (hors PQR),Actualités-Infos Générales,Régionale/Départementale,,,,Do,SWISSDOX,3
MED-CH-0510,Tele 1,CH,Suisse,de,TV,TV Grandes Chaînes,Actualités-Infos Générales,Nationale,https://de.wikipedia.org/wiki/Tele_1,,,,WIKIPEDIA,3
MED-CH-0511,Tele24,CH,Suisse,de,TV,TV Grandes Chaînes,Actualités-Infos Générales,Nationale,https://de.wikipedia.org/wiki/Tele24,,,,WIKIPEDIA,3
MED-CH-0512,TeleBärn,CH,Suisse,de,TV,TV Grandes Chaînes,Actualités-Infos Générales,Nationale,https://de.wikipedia.org/wiki/TeleB%C3%A4rn,,,,WIKIPEDIA,3
MED-CH-0513,Telebasel,CH,Suisse,de,TV,TV Grandes Chaînes,Actualités-Infos Générales,Nationale,https://de.wikipedia.org/wiki/Telebasel,,,,WIKIPEDIA,3
MED-CH-0514,TeleBielingue,CH,Suisse,de,TV,TV Grandes Chaînes,Actualités-Infos Générales,Nationale,https://en.wikipedia.org/wiki/TeleBielingue,,,,WIKIPEDIA,3
MED-CH-0515,Teleclub,CH,Suisse,de,TV,TV Grandes Chaînes,Actualités-Infos Générales,Nationale,https://de.wikipedia.org/wiki/Teleclub,,,,WIKIPEDIA,3
MED-CH-0516,Tele D,CH,Suisse,de,TV,TV Grandes Chaînes,Actualités-Infos Générales,Nationale,https://de.wikipedia.org/wiki/Tele_D,,,,WIKIPEDIA,3
MED-CH-0517,Tele M1,CH,Suisse,de,TV,TV Grandes Chaînes,Actualités-Infos Générales,Nationale,https://de.wikipedia.org/wiki/Tele_M1,,,,WIKIPEDIA,3
MED-CH-0518,Teleregio,CH,Suisse,de,TV,TV Grandes Chaînes,Actualités-Infos Générales,Nationale,https://de.wikipedia.org/wiki/Teleregio,,,,WIKIPEDIA,3
MED-CH-0519,Tele Tell,CH,Suisse,de,TV,TV Grandes Chaînes,Actualités-Infos Générales,Nationale,https://de.wikipedia.org/wiki/Tele_Tell,,,,WIKIPEDIA,3
MED-CH-0520,TeleTicino,CH,Suisse,de,TV,TV Grandes Chaînes,Actualités-Infos Générales,Nationale,https://en.wikipedia.org/wiki/TeleTicino,,,,WIKIPEDIA,3
MED-CH-0521,Tele Top,CH,Suisse,de,TV,TV Grandes Chaînes,Actualités-Infos Générales,Nationale,https://de.wikipedia.org/wiki/Tele_Top,,,,WIKIPEDIA,3
MED-CH-0522,Tele Zentralschweiz,CH,Suisse,de,TV,TV Grandes Chaînes,Actualités-Infos Générales,Nationale,https://de.wikipedia.org/wiki/Tele_Zentralschweiz,,,,WIKIPEDIA,3
MED-CH-0523,TeleZüri,CH,Suisse,de,TV,TV Grandes Chaînes,Actualités-Infos Générales,Nationale,https://en.wikipedia.org/wiki/TeleZ%C3%BCri,,,,WIKIPEDIA,3
MED-CH-0524,"Temps, Le",CH,Suisse,fr,PRESSE,PQR/PQD (Quotidiens régionaux),Actualités-Infos Générales,Régionale/Départementale,,,,Mo - Sa,SWISSDOX,3
MED-CH-0525,Terre &amp; Nature,CH,Suisse,fr,PRESSE,Médias régionaux (hors PQR),Actualités-Infos Générales,Régionale/Départementale,,,,Do,SWISSDOX,3
MED-CH-0526,Tessiner Zeitung,CH,Suisse,de,PRESSE,PQR/PQD (Quotidiens régionaux),Actualités-Infos Générales,Régionale/Départementale,https://en.wikipedia.org/wiki/Tessiner_Zeitung,,,,WIKIPEDIA,3
MED-CH-0527,Thalwiler Anzeiger/Sihltaler,CH,Suisse,de,PRESSE,PQR/PQD (Quotidiens régionaux),Actualités-Infos Générales,Régionale/Départementale,,,,"Di, Fr",SWISSDOX,3
MED-CH-0528,Thaynger Anzeiger,CH,Suisse,de,PRESSE,PQR/PQD (Quotidiens régionaux),Actualités-Infos Générales,Régionale/Départementale,,,,Di,SWISSDOX,3
MED-CH-0529,Thuner Tagblatt,CH,Suisse,de,PRESSE,PQR/PQD (Quotidiens régionaux),Actualités-Infos Générales,Régionale/Départementale,,,,Mo - Sa,SWISSDOX,3
MED-CH-0530,Thurgauer Zeitung,CH,Suisse,de,PRESSE,PQR/PQD (Quotidiens régionaux),Actualités-Infos Générales,Régionale/Départementale,https://en.wikipedia.org/wiki/Thurgauer_Zeitung,,,,WIKIPEDIA,3
MED-CH-0531,thurgauerzeitung.ch,CH,Suisse,de,WEB,Médias d'information générale (hors PQN),Actualités-Infos Générales,Nationale,,,,24/7,SWISSDOX,3
MED-CH-0532,thurgaukultur.ch,CH,Suisse,de,WEB,Médias d'information générale (hors PQN),Actualités-Infos Générales,Nationale,,,,24/7,SWISSDOX,3
MED-CH-0533,tierwelt.ch,CH,Suisse,de,WEB,Médias d'information générale (hors PQN),Actualités-Infos Générales,Nationale,,,,24/7,SWISSDOX,3
MED-CH-0534,tippinpoint.ch,CH,Suisse,de,WEB,Médias d'information générale (hors PQN),Actualités-Infos Générales,Nationale,,,,24/7,SWISSDOX,3
MED-CH-0535,TLC,CH,Suisse,de,TV,TV Grandes Chaînes,Actualités-Infos Générales,Nationale,https://en.wikipedia.org/wiki/TLC_%28German_TV_channel%29,,,,WIKIPEDIA,3
MED-CH-0536,Toggenburger Tagblatt,CH,Suisse,de,PRESSE,PQR/PQD (Quotidiens régionaux),Actualités-Infos Générales,Régionale/Départementale,,,,Mo - Sa,SWISSDOX,3
MED-CH-0537,toponline.ch,CH,Suisse,de,WEB,Médias d'information générale (hors PQN),Actualités-Infos Générales,Nationale,,,,24/7,SWISSDOX,3
MED-CH-0538,Tribune des Arts,CH,Suisse,fr,PRESSE,Médias régionaux (hors PQR),Actualités-Infos Générales,Régionale/Départementale,,,,4/Jahr,SWISSDOX,3
MED-CH-0539,Tribune des Arts (de),CH,Suisse,de,PRESSE,Médias régionaux (hors PQR),Actualités-Infos Générales,Régionale/Départementale,,,,4/Jahr,SWISSDOX,3
MED-CH-0540,tsüri.ch,CH,Suisse,de,WEB,Médias d'information générale (hors PQN),Actualités-Infos Générales,Nationale,,,,24/7,SWISSDOX,3
MED-CH-0541,Tüüfner Poscht,CH,Suisse,de,PRESSE,PQR/PQD (Quotidiens régionaux),Actualités-Infos Générales,Régionale/Départementale,,,,10/Jahr,SWISSDOX,3
MED-CH-0542,TV24,CH,Suisse,de,TV,TV Grandes Chaînes,Actualités-Infos Générales,Nationale,https://de.wikipedia.org/wiki/TV24,,,,WIKIPEDIA,3
MED-CH-0543,TV25,CH,Suisse,de,TV,TV Grandes Chaînes,Actualités-Infos Générales,Nationale,https://de.wikipedia.org/wiki/TV25,,,,WIKIPEDIA,3
MED-CH-0544,TV3,CH,Suisse,de,TV,TV Grandes Chaînes,Actualités-Infos Générales,Nationale,https://de.wikipedia.org/wiki/TV3_%28Schweiz%29,,,,WIKIPEDIA,3
MED-CH-0545,TV5 Monde,CH,Suisse,de,TV,TV Grandes Chaînes,Actualités-Infos Générales,Nationale,https://de.wikipedia.org/wiki/TV5_Monde,,,,WIKIPEDIA,3
MED-CH-0546,TV Land &amp; Lüt,CH,Suisse,de,PRESSE,Médias régionaux (hors PQR),Actualités-Infos Générales,Régionale/Départementale,,,,"12/Jahr, Mi",SWISSDOX,3
MED-CH-0547,TVM3,CH,Suisse,de,TV,TV Grandes Chaînes,Actualités-Infos Générales,Nationale,https://en.wikipedia.org/wiki/TVM3,,,,WIKIPEDIA,3
MED-CH-0548,TVO – Das Ostschweizer Fernsehen,CH,Suisse,de,TV,TV Grandes Chaînes,Actualités-Infos Générales,Nationale,https://de.wikipedia.org/wiki/TVO_%E2%80%93_Das_Ostschweizer_Fernsehen,,,,WIKIPEDIA,3
MED-CH-0549,TV Star,CH,Suisse,de,PRESSE,Médias régionaux (hors PQR),Actualités-Infos Générales,Régionale/Départementale,,,,"14-täglich, Do",SWISSDOX,3
MED-CH-0550,TV Südostschweiz,CH,Suisse,de,TV,TV Grandes Chaînes,Actualités-Infos Générales,Nationale,https://de.wikipedia.org/wiki/TV_S%C3%BCdostschweiz,,,,WIKIPEDIA,3
MED-CH-0551,TV vier,CH,Suisse,de,PRESSE,Médias régionaux (hors PQR),Actualités-Infos Générales,Régionale/Départementale,,,,"12/Jahr, Mi",SWISSDOX,3
MED-CH-0552,Universal TV,CH,Suisse,de,TV,TV Grandes Chaînes,Actualités-Infos Générales,Nationale,https://en.wikipedia.org/wiki/Universal_TV_%28Germany%29,,,,WIKIPEDIA,3
MED-CH-0553,Urner Zeitung,CH,Suisse,de,PRESSE,PQR/PQD (Quotidiens régionaux),Actualités-Infos Générales,Régionale/Départementale,,,,Mo - Sa,SWISSDOX,3
MED-CH-0554,urnerzeitung.ch,CH,Suisse,de,WEB,Médias d'information générale (hors PQN),Actualités-Infos Générales,Nationale,,,,24/7,SWISSDOX,3
MED-CH-0555,Vaterland,CH,Suisse,de,PRESSE,PQR/PQD (Quotidiens régionaux),Actualités-Infos Générales,Régionale/Départementale,https://en.wikipedia.org/wiki/Vaterland_%28newspaper%29,,,,WIKIPEDIA,3
MED-CH-0556,VELOJOURNAL,CH,Suisse,de,PRESSE,Médias régionaux (hors PQR),Actualités-Infos Générales,Régionale/Départementale,,,,5/Jahr,SWISSDOX,3
MED-CH-0557,velojournal.ch,CH,Suisse,de,WEB,Médias d'information générale (hors PQN),Actualités-Infos Générales,Nationale,,,,24/7,SWISSDOX,3
MED-CH-0558,VIVA Schweiz,CH,Suisse,de,TV,TV Grandes Chaînes,Actualités-Infos Générales,Nationale,https://de.wikipedia.org/wiki/VIVA_Schweiz,,,,WIKIPEDIA,3
MED-CH-0559,VIVA Switzerland,CH,Suisse,de,TV,TV Grandes Chaînes,Actualités-Infos Générales,Nationale,https://en.wikipedia.org/wiki/VIVA_Switzerland,,,,WIKIPEDIA,3
MED-CH-0560,Volkswacht am Bodensee,CH,Suisse,de,PRESSE,Médias régionaux (hors PQR),Actualités-Infos Générales,Régionale/Départementale,https://en.wikipedia.org/wiki/Volkswacht_am_Bodensee,,,,WIKIPEDIA,3
MED-CH-0561,VOX,CH,Suisse,de,TV,TV Grandes Chaînes,Actualités-Infos Générales,Nationale,https://en.wikipedia.org/wiki/VOX_%28German_TV_channel%29,,,,WIKIPEDIA,3
MED-CH-0562,VOX Schweiz,CH,Suisse,de,TV,TV Grandes Chaînes,Actualités-Infos Générales,Nationale,https://de.wikipedia.org/wiki/VOX_Schweiz,,,,WIKIPEDIA,3
MED-CH-0563,Vperyod,CH,Suisse,de,PRESSE,Médias régionaux (hors PQR),Actualités-Infos Générales,Régionale/Départementale,https://en.wikipedia.org/wiki/Vperyod,,,,WIKIPEDIA,3
MED-CH-0564,vpod bildungspolitik,CH,Suisse,de,PRESSE,Médias régionaux (hors PQR),Actualités-Infos Générales,Régionale/Départementale,,,,"4/Jahr, Mo",SWISSDOX,3
MED-CH-0565,watson.ch,CH,Suisse,fr,WEB,Médias d'information générale (hors PQN),Actualités-Infos Générales,Nationale,,,,24/7,SWISSDOX,3
MED-CH-0566,WAZ Walder Zeitschrift,CH,Suisse,de,PRESSE,Médias régionaux (hors PQR),Actualités-Infos Générales,Régionale/Départementale,,,,10/Jahr,SWISSDOX,3
MED-CH-0567,weltwoche.ch,CH,Suisse,de,WEB,Médias d'information générale (hors PQN),Actualités-Infos Générales,Nationale,,,,24/7,SWISSDOX,3
MED-CH-0568,weltwoche.de,CH,Suisse,de,WEB,Médias d'information générale (hors PQN),Actualités-Infos Générales,Nationale,,,,24/7,SWISSDOX,3
MED-CH-0569,"Weltwoche, Die",CH,Suisse,de,PRESSE,PQR/PQD (Quotidiens régionaux),Actualités-Infos Générales,Régionale/Départementale,,,,Do,SWISSDOX,3
MED-CH-0570,Werdenberger &amp; Obertoggenburger,CH,Suisse,de,PRESSE,PQR/PQD (Quotidiens régionaux),Actualités-Infos Générales,Régionale/Départementale,,,,Mo - Sa,SWISSDOX,3
MED-CH-0571,Wiler Zeitung,CH,Suisse,de,PRESSE,PQR/PQD (Quotidiens régionaux),Actualités-Infos Générales,Régionale/Départementale,,,,Mo - Sa,SWISSDOX,3
MED-CH-0572,Willisauer Bote,CH,Suisse,de,PRESSE,PQR/PQD (Quotidiens régionaux),Actualités-Infos Générales,Régionale/Départementale,,,,"Di, Fr",SWISSDOX,3
MED-CH-0573,willisauerbote.ch,CH,Suisse,de,WEB,Médias d'information générale (hors PQN),Actualités-Infos Générales,Nationale,,,,24/7,SWISSDOX,3
MED-CH-0574,Winterthurer Zeitung,CH,Suisse,de,PRESSE,PQR/PQD (Quotidiens régionaux),Actualités-Infos Générales,Régionale/Départementale,,,,Do,SWISSDOX,3
MED-CH-0575,wnti.ch,CH,Suisse,de,WEB,Médias d'information générale (hors PQN),Actualités-Infos Générales,Nationale,,,,24/7,SWISSDOX,3
MED-CH-0576,Wochenblatt,CH,Suisse,de,PRESSE,PQR/PQD (Quotidiens régionaux),Actualités-Infos Générales,Régionale/Départementale,,,,Do,SWISSDOX,3
MED-CH-0577,"Wochenzeitung, Die",CH,Suisse,de,PRESSE,PQR/PQD (Quotidiens régionaux),Actualités-Infos Générales,Régionale/Départementale,,,,Do,SWISSDOX,3
MED-CH-0578,work,CH,Suisse,de,PRESSE,Médias régionaux (hors PQR),Actualités-Infos Générales,Régionale/Départementale,,,,"15/Jahr, Do",SWISSDOX,3
MED-CH-0579,workzeitung.ch,CH,Suisse,de,WEB,Médias d'information générale (hors PQN),Actualités-Infos Générales,Nationale,,,,24/7,SWISSDOX,3
MED-CH-0580,World Radio Switzerland,CH,Suisse,de,RADIO,Radios Régionales,Actualités-Infos Générales,Régionale/Départementale,https://en.wikipedia.org/wiki/World_Radio_Switzerland,,,,WIKIPEDIA,3
MED-CH-0581,woz.ch/kolumnen,CH,Suisse,de,WEB,Médias d'information générale (hors PQN),Actualités-Infos Générales,Nationale,,,,"Mi, Fr",SWISSDOX,3
MED-CH-0582,WOZ Die Wochenzeitung,CH,Suisse,de,PRESSE,PQR/PQD (Quotidiens régionaux),Actualités-Infos Générales,Régionale/Départementale,https://en.wikipedia.org/wiki/WOZ_Die_Wochenzeitung,,,,WIKIPEDIA,3
MED-CH-0583,wundo.ch,CH,Suisse,de,WEB,Médias d'information générale (hors PQN),Actualités-Infos Générales,Nationale,,,,24/7,SWISSDOX,3
MED-CH-0584,WW-Magazin,CH,Suisse,de,PRESSE,Médias régionaux (hors PQR),Actualités-Infos Générales,Régionale/Départementale,,,,4/Jahr,SWISSDOX,3
MED-CH-0585,Zee.One,CH,Suisse,de,TV,TV Grandes Chaînes,Actualités-Infos Générales,Nationale,https://de.wikipedia.org/wiki/Zee.One,,,,WIKIPEDIA,3
MED-CH-0586,Zeitlupe,CH,Suisse,de,PRESSE,Médias régionaux (hors PQR),Actualités-Infos Générales,Régionale/Départementale,,,,10/Jahr,SWISSDOX,3
MED-CH-0587,zentralplus,CH,Suisse,de,WEB,Médias d'information générale (hors PQN),Actualités-Infos Générales,Nationale,,,,24/7,SWISSDOX,3
MED-CH-0588,ZHAW-Impact,CH,Suisse,de,PRESSE,Médias régionaux (hors PQR),Actualités-Infos Générales,Régionale/Départementale,,,,"3/Jahr, Mi",SWISSDOX,3
MED-CH-0589,Zofinger Tagblatt,CH,Suisse,de,PRESSE,PQR/PQD (Quotidiens régionaux),Actualités-Infos Générales,Régionale/Départementale,,,,Mo - Sa,SWISSDOX,3
MED-CH-0590,zofingertagblatt.ch,CH,Suisse,de,WEB,Médias d'information générale (hors PQN),Actualités-Infos Générales,Nationale,,,,24/7,SWISSDOX,3
MED-CH-0591,zo-online.ch,CH,Suisse,de,WEB,Médias d'information générale (hors PQN),Actualités-Infos Générales,Nationale,,,,24/7,SWISSDOX,3
MED-CH-0592,zsonline.ch,CH,Suisse,de,WEB,Médias d'information générale (hors PQN),Actualités-Infos Générales,Nationale,,,,24/7,SWISSDOX,3
MED-CH-0593,Zuger Zeitung,CH,Suisse,de,PRESSE,PQR/PQD (Quotidiens régionaux),Actualités-Infos Générales,Régionale/Départementale,https://en.wikipedia.org/wiki/Zuger_Zeitung,,,,WIKIPEDIA,3
MED-CH-0594,zugerzeitung.ch,CH,Suisse,de,WEB,Médias d'information générale (hors PQN),Actualités-Infos Générales,Nationale,,,,24/7,SWISSDOX,3
MED-CH-0595,Zürcher Oberländer/Anzeiger von Uster,CH,Suisse,de,PRESSE,PQR/PQD (Quotidiens régionaux),Actualités-Infos Générales,Régionale/Départementale,,,,Mo - Sa,SWISSDOX,3
MED-CH-0596,Zürichsee-Zeitung,CH,Suisse,de,PRESSE,PQR/PQD (Quotidiens régionaux),Actualités-Infos Générales,Régionale/Départementale,https://en.wikipedia.org/wiki/Z%C3%BCrichsee-Zeitung,,,,WIKIPEDIA,3
MED-CH-0597,zwölf,CH,Suisse,de,PRESSE,Médias régionaux (hors PQR),Actualités-Infos Générales,Régionale/Départementale,,,,6/Jahr,SWISSDOX,3
MED-PT-0001,CNN Portugal,PT,Portugal,pt,TV,TV Grandes Chaînes,Actualités-Infos Générales,Nationale,https://cnnportugal.iol.pt,Media Capital,Queluz de Baixo,Continu,SEED,1
MED-PT-0002,Correio da Manhã,PT,Portugal,pt,PRESSE,PQN (Quotidiens nationaux),Actualités-Infos Générales,Nationale,https://www.cmjornal.pt,Medialivre,Lisbonne,Quotidien,SEED,1
MED-PT-0003,ECO,PT,Portugal,pt,WEB,Médias professionnels,Economie - Services,Nationale,https://eco.sapo.pt,Swipe News,Lisbonne,Continu,SEED,1
MED-PT-0004,Expresso,PT,Portugal,pt,PRESSE,Médias d'information générale (hors PQN),Actualités-Infos Générales,Nationale,https://expresso.pt,Impresa (MFE actionnaire 2026),Lisbonne,Hebdomadaire,SEED,1
MED-PT-0005,Jornal de Negócios,PT,Portugal,pt,PRESSE,Médias professionnels,Economie - Services,Nationale,https://www.jornaldenegocios.pt,Medialivre,Lisbonne,Quotidien,SEED,1
MED-PT-0006,Jornal de Notícias,PT,Portugal,pt,PRESSE,PQN (Quotidiens nationaux),Actualités-Infos Générales,Nationale,https://www.jn.pt,Notícias Ilimitadas,Porto,Quotidien,SEED,1
MED-PT-0007,Lusa,PT,Portugal,pt,AGENCES,Agences de presse,Actualités-Infos Générales,Nationale,https://www.lusa.pt,Lusa (État portugais),Lisbonne,Continu,SEED,1
MED-PT-0008,Observador,PT,Portugal,pt,WEB,Médias d'information générale (hors PQN),Actualités-Infos Générales,Nationale,https://observador.pt,Observador On Time,Lisbonne,Continu,SEED,1
MED-PT-0009,Público,PT,Portugal,pt,PRESSE,PQN (Quotidiens nationaux),Actualités-Infos Générales,Nationale,https://www.publico.pt,Sonaecom,Lisbonne,Quotidien,SEED,1
MED-PT-0010,RTP1,PT,Portugal,pt,TV,TV Grandes Chaînes,Actualités-Infos Générales,Nationale,https://www.rtp.pt,RTP,Lisbonne,Continu,SEED,1
MED-PT-0011,RTP Notícias,PT,Portugal,pt,TV,TV Grandes Chaînes,Actualités-Infos Générales,Nationale,https://www.rtp.pt/noticias,RTP,Lisbonne,Continu,SEED,1
MED-PT-0012,SIC,PT,Portugal,pt,TV,TV Grandes Chaînes,Actualités-Infos Générales,Nationale,https://sic.pt,Impresa (MFE actionnaire 2026),Lisbonne,Continu,SEED,1
MED-PT-0013,SIC Notícias,PT,Portugal,pt,TV,TV Grandes Chaînes,Actualités-Infos Générales,Nationale,https://sicnoticias.pt,Impresa (MFE actionnaire 2026),Lisbonne,Continu,SEED,1
MED-PT-0014,TVI,PT,Portugal,pt,TV,TV Grandes Chaînes,Actualités-Infos Générales,Nationale,https://tvi.iol.pt,Media Capital,Queluz de Baixo,Continu,SEED,1
MED-PT-0015,Antena 1,PT,Portugal,pt,RADIO,Radios Nationales,Actualités-Infos Générales,Nationale,https://www.rtp.pt/antena1,RTP,Lisbonne,Continu,SEED,2
MED-PT-0016,CMTV,PT,Portugal,pt,TV,TV Grandes Chaînes,Actualités-Infos Générales,Nationale,https://www.cmjornal.pt/cmtv,Medialivre,Lisbonne,Continu,SEED,2
MED-PT-0017,Diário de Notícias,PT,Portugal,pt,PRESSE,PQN (Quotidiens nationaux),Actualités-Infos Générales,Nationale,https://www.dn.pt,Global Media Group,Lisbonne,Quotidien,SEED,2
MED-PT-0018,Exame,PT,Portugal,pt,PRESSE,Médias professionnels,Economie - Services,Nationale,https://visao.pt/exame,Trust in News,Lisbonne,Mensuel,SEED,2
MED-PT-0019,Jornal Económico,PT,Portugal,pt,PRESSE,Médias professionnels,Economie - Services,Nationale,https://jornaleconomico.sapo.pt,Grupo Económico,Lisbonne,Quotidien,SEED,2
MED-PT-0020,Notícias ao Minuto,PT,Portugal,pt,WEB,Médias d'information générale (hors PQN),Actualités-Infos Générales,Nationale,https://www.noticiasaominuto.com,Notícias ao Minuto,Lisbonne,Continu,SEED,2
MED-PT-0021,Rádio Observador,PT,Portugal,pt,RADIO,Radios Nationales,Actualités-Infos Générales,Nationale,https://observador.pt/radio,Observador On Time,Lisbonne,Continu,SEED,2
MED-PT-0022,Rádio Renascença,PT,Portugal,pt,RADIO,Radios Nationales,Actualités-Infos Générales,Nationale,https://rr.pt,Renascença Multimédia,Lisbonne,Continu,SEED,2
MED-PT-0023,Sábado,PT,Portugal,pt,PRESSE,Médias d'information générale (hors PQN),Actualités-Infos Générales,Nationale,https://www.sabado.pt,Medialivre,Lisbonne,Hebdomadaire,SEED,2
MED-PT-0024,SAPO,PT,Portugal,pt,WEB,Médias d'information générale (hors PQN),Actualités-Infos Générales,Nationale,https://www.sapo.pt,Altice Portugal,Lisbonne,Continu,SEED,2
MED-PT-0025,TSF,PT,Portugal,pt,RADIO,Radios Nationales,Actualités-Infos Générales,Nationale,https://www.tsf.pt,Global Media Group,Lisbonne,Continu,SEED,2
MED-PT-0026,Visão,PT,Portugal,pt,PRESSE,Médias d'information générale (hors PQN),Actualités-Infos Générales,Nationale,https://visao.pt,Trust in News,Lisbonne,Hebdomadaire,SEED,2
MED-PT-0027,Record,PT,Portugal,pt,PRESSE,Médias spécialisés grand public,Sports,Nationale,https://www.record.pt,Medialivre,Lisbonne,Quotidien,SEED,3
MED-PT-0028,RFM,PT,Portugal,pt,RADIO,Radios Nationales,Actualités-Infos Générales,Nationale,https://rfm.pt,Renascença Multimédia,Lisbonne,Continu,SEED,3
MED-PT-0029,"Lusa - Agência de Notícias de Portugal, S.A.",PT,Portugal,pt,AGENCES,Agences de presse,Actualités-Infos Générales,Nationale,,"Lusa - Agência de Notícias de Portugal, S.A.",Lisboa,Continu,ERC,2
MED-PT-0030,"MadreMedia, Lda.",PT,Portugal,pt,AGENCES,Agences de presse,Actualités-Infos Générales,Nationale,,"MadreMedia, Lda.",Lisboa,Continu,ERC,2
MED-PT-0031,00's RFM,PT,Portugal,pt,RADIO,Radios Web/Podcasts,Actualités-Infos Générales,Régionale/Départementale,https://rfm.sapo.pt/ouvir-emissao-rfm-00´s,"Rádio Renascença, Lda.",Lisboa,Continu,ERC,3
MED-PT-0032,1000 Maiores Empresas,PT,Portugal,pt,PRESSE,Médias spécialisés grand public,Actualités-Infos Générales,Nationale,http://www.1000maiores.pt,Artur José Machado Bacelar,Maia,Anual,ERC,3
MED-PT-0033,100 Maiores Empresas dos Açores,PT,Portugal,pt,PRESSE,Médias régionaux (hors PQR),Actualités-Infos Générales,Régionale/Départementale,,"Açormédia - Comunicação Multimédia e Edição de Publicações, S.A.",Ponta Delgada,Anual,ERC,3
MED-PT-0034,102FM Rádio,PT,Portugal,pt,RADIO,Radios Régionales,Actualités-Infos Générales,Régionale/Départementale,,"Hora H - Agência Global de Comunicação, Unipessoal, Lda",Peniche,Continu,ERC,3
MED-PT-0035,105.4 FM,PT,Portugal,pt,RADIO,Radios Régionales,Actualités-Infos Générales,Régionale/Départementale,,"R.J.TV. -Rádio, Jornais e Televisão, Meios, Comunicação e Audiovisuais, Lda",Manique,Continu,ERC,3
MED-PT-0036,11,PT,Portugal,pt,TV,TV Câble/Sat,Sports,Nationale,,"C11 - Multimédia, Unipessoal, Lda.",Cruz Quebrada,Continu,ERC,3
MED-PT-0037,1820 - Revista de Ciência Política,PT,Portugal,pt,PRESSE,Médias spécialisés grand public,Politique,Nationale,https://www.ulp.pt,"COFAC - Cooperativa de Formação e Animação Cultural, CRL",Lisboa,Semestral,ERC,3
MED-PT-0038,21 TV-Canal de Informação e Entretenimento Regional,PT,Portugal,pt,WEB,Médias régionaux (hors PQR),Actualités-Infos Générales,Régionale/Départementale,https://21tv.sapo.pt/homepage,Luis Miguel Pereira Veloso Campos,Silveira,Diária,ERC,3
MED-PT-0039,24Horas,PT,Portugal,pt,WEB,Médias d'information générale (hors PQN),Actualités-Infos Générales,Nationale,http://www.24horas.pt,"Pressco, Lda.",Miraflores,Diária,ERC,3
MED-PT-0040,24Kitchen,PT,Portugal,pt,TV,TV Grandes Chaînes,Actualités-Infos Générales,Nationale,https://pt.wikipedia.org/wiki/24Kitchen,,,,WIKIPEDIA,3
MED-PT-0041,24 Notícias,PT,Portugal,pt,WEB,Médias d'information générale (hors PQN),Actualités-Infos Générales,Nationale,https://24noticias.sapo.pt,"MadreMedia, Lda.",Lisboa,Diária,ERC,3
MED-PT-0042,351 Sports,PT,Portugal,pt,WEB,Médias spécialisés grand public,Sports,Nationale,https://351sports.pt,Alberto Henrique Da Silva Seabra,Coimbra,Semanal,ERC,3
MED-PT-0043,41N,PT,Portugal,pt,WEB,Médias régionaux (hors PQR),Actualités-Infos Générales,Régionale/Départementale,http://41N.pt,Sérgio Rui Alves Caetano,Vila Nova de Gaia,Semanal,ERC,3
MED-PT-0044,4gnews,PT,Portugal,pt,WEB,Médias spécialisés grand public,Actualités-Infos Générales,Nationale,https://www.4gnews.pt,"7 Graus, Lda.",Leça do Balio,Diária,ERC,3
MED-PT-0045,57,PT,Portugal,pt,PRESSE,Médias d'information générale (hors PQN),Actualités-Infos Générales,Nationale,https://pt.wikipedia.org/wiki/57_%28revista%29,,,,WIKIPEDIA,3
MED-PT-0046,7 Margens,PT,Portugal,pt,WEB,Médias spécialisés grand public,Actualités-Infos Générales,Nationale,https://setemargens.com,Associação Porta 18,Lisboa,Diária,ERC,3
MED-PT-0047,80's RFM (Oitenta's),PT,Portugal,pt,RADIO,Radios Web/Podcasts,Actualités-Infos Générales,Régionale/Départementale,https://rfm.sapo.pt/emissao80s,"Rádio Renascença, Lda.",Lisboa,Continu,ERC,3
MED-PT-0048,90's RFM,PT,Portugal,pt,RADIO,Radios Web/Podcasts,Actualités-Infos Générales,Régionale/Départementale,https://rfm.sapo.pt/ouvir-emissao-90s-rfm,"Rádio Renascença, Lda.",Lisboa,Continu,ERC,3
MED-PT-0049,91 FM Rádio,PT,Portugal,pt,RADIO,Radios Régionales,Actualités-Infos Générales,Régionale/Départementale,,"ERO - Empresa de Radiodifusão do Oeste, Lda.",Caldas da Rainha,Continu,ERC,3
MED-PT-0050,9 Séculos - Revista de Lusofonia,PT,Portugal,pt,PRESSE,Médias spécialisés grand public,Actualités-Infos Générales,Nationale,,Mário André Pereira Veríssimo,Guimarães,Semestral,ERC,3
MED-PT-0051,A23,PT,Portugal,pt,PRESSE,Médias d'information générale (hors PQN),Actualités-Infos Générales,Nationale,https://pt.wikipedia.org/wiki/A23_%28revista%29,,,,WIKIPEDIA,3
MED-PT-0052,A Águia,PT,Portugal,pt,PRESSE,Médias d'information générale (hors PQN),Actualités-Infos Générales,Nationale,https://pt.wikipedia.org/wiki/A_%C3%81guia,,,,WIKIPEDIA,3
MED-PT-0053,A Aurora do Lima,PT,Portugal,pt,PRESSE,Médias régionaux (hors PQR),Actualités-Infos Générales,Régionale/Départementale,https://www.auroradolima.com,"Jornal A Aurora do Lima, Lda.",Viana do Castelo,Semanal,ERC,3
MED-PT-0054,Abarca,PT,Portugal,pt,PRESSE,Médias régionaux (hors PQR),Actualités-Infos Générales,Régionale/Départementale,https://www.abarca.com.pt,"Página Seguinte - Edições, Lda",Tramagal,Mensal,ERC,3
MED-PT-0055,A Batalha,PT,Portugal,pt,PRESSE,Médias associatifs,Social-Société,Nationale,,Centro de Estudos Libertários,Lisboa,4 x ano,ERC,3
MED-PT-0056,ABC,PT,Portugal,pt,PRESSE,Médias d'information générale (hors PQN),Actualités-Infos Générales,Nationale,https://pt.wikipedia.org/wiki/ABC_%28revista%29,,,,WIKIPEDIA,3
MED-PT-0057,ABC Portugal,PT,Portugal,pt,RADIO,Radios Régionales,Actualités-Infos Générales,Régionale/Départementale,,"Radio Clube de Alvaiázere, Lda",Alvaiázere,Continu,ERC,3
MED-PT-0058,A Bola,PT,Portugal,pt,PRESSE,Médias spécialisés grand public,Actualités-Infos Générales,Nationale,https://www.abola.pt,"Sociedade Vicra Desportiva, SA",Lisboa,Diária,ERC,3
MED-PT-0059,A Bola TV,PT,Portugal,pt,TV,TV Grandes Chaînes,Actualités-Infos Générales,Nationale,https://pt.wikipedia.org/wiki/A_Bola_TV,,,,WIKIPEDIA,3
MED-PT-0060,Abolsamia,PT,Portugal,pt,PRESSE,Médias professionnels,Banques-Finance,Nationale,https://www.abolsamia.pt,"Abolsamia - Edição e Comunicação, Lda",Loures,Bimestral,ERC,3
MED-PT-0061,AbrilAbril,PT,Portugal,pt,WEB,Médias d'information générale (hors PQN),Actualités-Infos Générales,Nationale,https://www.abrilabril.pt,A.B.B. - Associação Abril Abril,Lisboa,Diária,ERC,3
MED-PT-0062,Absolute Escape Edition,PT,Portugal,pt,WEB,Médias spécialisés grand public,Actualités-Infos Générales,Nationale,https://www.travelosophy.uno,António Manuel da Silveira Vidigal,Lisboa,Mensal,ERC,3
MED-PT-0063,A Cabine - Cultura Eletrónica Portuguesa,PT,Portugal,pt,WEB,Médias spécialisés grand public,"Culture/Arts, littérature et culture générale",Nationale,https://acabine.pt,Daniel Moniz Duque,Alfena,Diária,ERC,3
MED-PT-0064,Açafa on-line,PT,Portugal,pt,PRESSE,Médias d'information générale (hors PQN),Actualités-Infos Générales,Nationale,https://pt.wikipedia.org/wiki/A%C3%A7afa_on-line,,,,WIKIPEDIA,3
MED-PT-0065,Ação Missionária,PT,Portugal,pt,PRESSE,Médias associatifs,Social-Société,Nationale,https://www.espiritanos.org/am,Província Portuguesa da Congregação do Espírito Santo,Lisboa,Mensal,ERC,3
MED-PT-0066,Ação Socialista Digital,PT,Portugal,pt,WEB,Médias associatifs,Social-Société,Nationale,https://www.ps.pt,Partido Socialista,Lisboa,Diária,ERC,3
MED-PT-0067,A Capital,PT,Portugal,pt,PRESSE,Médias régionaux (hors PQR),Actualités-Infos Générales,Régionale/Départementale,https://en.wikipedia.org/wiki/A_Capital,,,,WIKIPEDIA,3
MED-PT-0068,A Casa do João,PT,Portugal,pt,WEB,Médias spécialisés grand public,Maison-Décoration,Nationale,https://www.trintaporumalinha.com/revista,"Editora Trinta - Por - Uma - Linha, Unipessoal Lda.",Porto,Semestral,ERC,3
MED-PT-0069,Acção Cristã - A Voz dos Mártires,PT,Portugal,pt,PRESSE,Médias associatifs,Social-Société,Nationale,https://www.accaocrista.com,Sebastião Mendes Rezende,Fafe,Bimestral,ERC,3
MED-PT-0070,A Comarca da Sertã,PT,Portugal,pt,PRESSE,Médias régionaux (hors PQR),Actualités-Infos Générales,Régionale/Départementale,https://pt.wikipedia.org/wiki/A_Comarca_da_Sert%C3%A3,,,,WIKIPEDIA,3
MED-PT-0071,A Comarca de Arganil,PT,Portugal,pt,PRESSE,Médias régionaux (hors PQR),Actualités-Infos Générales,Régionale/Départementale,,Santa Casa da Misericórdia de Arganil,Arganil,Semanal,ERC,3
MED-PT-0072,Açores 9,PT,Portugal,pt,WEB,Médias régionaux (hors PQR),Actualités-Infos Générales,Régionale/Départementale,https://jornalacores9.pt,Paulo Ricardo Ferreira de Melo,Fajã de Baixo,Diária,ERC,3
MED-PT-0073,Açores Magazine,PT,Portugal,pt,PRESSE,Médias régionaux (hors PQR),Actualités-Infos Générales,Régionale/Départementale,,"Açormédia - Comunicação Multimédia e Edição de Publicações, S.A.",Ponta Delgada,Semanal,ERC,3
MED-PT-0074,Açoriano Oriental,PT,Portugal,pt,PRESSE,PQR/PQD (Quotidiens régionaux),Actualités-Infos Générales,Régionale/Départementale,https://www.acorianooriental.pt,"Açormédia - Comunicação Multimédia e Edição de Publicações, S.A.",Ponta Delgada,Diária,ERC,3
MED-PT-0075,ACP Revista,PT,Portugal,pt,PRESSE,Médias spécialisés grand public,Actualités-Infos Générales,Nationale,https://www.acp.pt,Automóvel Clube de Portugal,Lisboa,Trimestral,ERC,3
MED-PT-0076,A Crença,PT,Portugal,pt,PRESSE,Médias associatifs,Social-Société,Régionale/Départementale,,Fábrica da Igreja Paroquial de São  Miguel Arcanjo,Vila Franca do Campo,Mensal,ERC,3
MED-PT-0077,A Criança e os seus Direitos,PT,Portugal,pt,PRESSE,Médias professionnels,Droit,Nationale,https://iacrianca.pt,Instituto de Apoio à Criança - IAC,Lisboa,Semestral,ERC,3
MED-PT-0078,Acta Médica Portuguesa - A Revista Científica da Ordem dos Médicos,PT,Portugal,pt,WEB,Médias spécialisés grand public,Actualités-Infos Générales,Nationale,http://www.actamedicaportuguesa.com,Ordem dos Médicos,Lisboa,Mensal,ERC,3
MED-PT-0079,Activa,PT,Portugal,pt,PRESSE,Médias spécialisés grand public,Actualités-Infos Générales,Nationale,https://www.activadigital.activa.pt,"Trust In News, Unipessoal, Lda.",Porto Salvo,Mensal,ERC,3
MED-PT-0080,Actualidad€ Economia Ibérica,PT,Portugal,pt,PRESSE,Médias institutionnels,Economie - Services,Nationale,http://www.camaralusoespanhola.pt,Câmara de Comercio e Industria Luso-Espanhola,Lisboa,Anual,ERC,3
MED-PT-0081,A Defesa,PT,Portugal,pt,PRESSE,Médias régionaux (hors PQR),Actualités-Infos Générales,Régionale/Départementale,https://pt.wikipedia.org/wiki/A_Defesa_%28jornal%29,,,,WIKIPEDIA,3
MED-PT-0082,ADN - Agência de Notícias,PT,Portugal,pt,WEB,Médias régionaux (hors PQR),Actualités-Infos Générales,Régionale/Départementale,https://www.adn-agenciadenoticias.com,Dina Izabel Costa Horta,Pinhal Novo,Diária,ERC,3
MED-PT-0083,Advocatus,PT,Portugal,pt,PRESSE,Médias spécialisés grand public,Actualités-Infos Générales,Nationale,https://eco.sapo.pt/advocatus,"Swipe News, S.A.",Lisboa,10 x ano,ERC,3
MED-PT-0084,A&E,PT,Portugal,pt,TV,TV Grandes Chaînes,Actualités-Infos Générales,Nationale,https://en.wikipedia.org/wiki/A%26E_%28Spanish_and_Portuguese_TV_channel%29,,,,WIKIPEDIA,3
MED-PT-0085,AESINTRA - Revista Empresarial,PT,Portugal,pt,PRESSE,Médias régionaux (hors PQR),Actualités-Infos Générales,Régionale/Départementale,https://aesintra.pt,Associação Empresarial de Sintra,Sintra,Semestral,ERC,3
MED-PT-0086,AFA TV,PT,Portugal,pt,WEB,Médias régionaux (hors PQR),Actualités-Infos Générales,Régionale/Départementale,https://www.afatv.pt,Associação de Futebol de Aveiro,Aveiro,Diária,ERC,3
MED-PT-0087,AFL Magazine,PT,Portugal,pt,PRESSE,Médias spécialisés grand public,Actualités-Infos Générales,Nationale,https://www.afl.pt,Associação de Futebol de Lisboa,Lisboa,Semestral,ERC,3
MED-PT-0088,A Forte Arronches,PT,Portugal,pt,PRESSE,Médias régionaux (hors PQR),Actualités-Infos Générales,Régionale/Départementale,https://www.afortearronches.pt,Mariana Borges Dias Moreira Galão,Arronches,Bimestral,ERC,3
MED-PT-0089,Afpop Update,PT,Portugal,pt,PRESSE,Médias d'information générale (hors PQN),Actualités-Infos Générales,Nationale,https://www.afpop.com,AFPOP - Associação de Proprietários Estrangeiros em Portugal,Portimão,Bimestral,ERC,3
MED-PT-0090,Africana Studia,PT,Portugal,pt,PRESSE,Médias régionaux (hors PQR),Actualités-Infos Générales,Régionale/Départementale,https://www.africanos.eu,Centro de Estudos Africanos da Universidade do Porto,Porto,Semestral,ERC,3
MED-PT-0091,Agência de Informação Norte,PT,Portugal,pt,WEB,Médias régionaux (hors PQR),Actualités-Infos Générales,Régionale/Départementale,https://www.airinformacao.pt,António Gomes Pereira da Costa,Vila Nova de Gaia,Diária,ERC,3
MED-PT-0092,Agenda do Consumidor,PT,Portugal,pt,PRESSE,Médias d'information générale (hors PQN),Actualités-Infos Générales,Nationale,,"Deco Proteste, Editores, Lda.",Lisboa,Anual,ERC,3
MED-PT-0093,Ágil,PT,Portugal,pt,PRESSE,Médias régionaux (hors PQR),Actualités-Infos Générales,Régionale/Départementale,,Liga dos Combatentes,Olhão,Trimestral,ERC,3
MED-PT-0094,Agora! O Combate do Futuro,PT,Portugal,pt,PRESSE,Médias spécialisés grand public,Actualités-Infos Générales,Nationale,,Paulo Fernando Gonçalves Rodrigues,Belas,Trimestral,ERC,3
MED-PT-0095,Agricultura & Mar,PT,Portugal,pt,WEB,Médias spécialisés grand public,"Culture/Arts, littérature et culture générale",Nationale,https://www.agriculturaemar.com,Carlos José Coelho Caldeira,Seda,Diária,ERC,3
MED-PT-0096,Agriterra,PT,Portugal,pt,PRESSE,Médias spécialisés grand public,Agroalimentaire-Agriculture,Nationale,https://www.agriterra.pt,"Induglobal, Unipessoal, Lda.",Lisboa,5 x ano,ERC,3
MED-PT-0097,Agro-Manual,PT,Portugal,pt,PRESSE,Médias spécialisés grand public,Agroalimentaire-Agriculture,Nationale,,"Agro-Manual - Publicações, Unipessoal Lda",Odivelas,Anual,ERC,3
MED-PT-0098,Agroportal,PT,Portugal,pt,WEB,"Portails, Aggrégateurs",Agroalimentaire-Agriculture,Nationale,https://www.agroportal.pt,"Agroportal, Unipessoal Lda.",Monte Estoril,Diária,ERC,3
MED-PT-0099,Agrotec-Revista Técnico-Científica Agrícola,PT,Portugal,pt,PRESSE,Médias spécialisés grand public,Agroalimentaire-Agriculture,Nationale,https://www.agrotec.pt,"Publindústria - Produção de Comunicação, Lda",Porto,Trimestral,ERC,3
MED-PT-0100,Água & Ambiente,PT,Portugal,pt,WEB,Médias spécialisés grand public,Actualités-Infos Générales,Nationale,https://www.ambienteonline.pt,"About Media - Comunicação, Lda.",Lisboa,Bimestral,ERC,3
MED-PT-0101,A Guarda,PT,Portugal,pt,PRESSE,Médias régionaux (hors PQR),Actualités-Infos Générales,Régionale/Départementale,https://www.jornalaguarda.com,"Casa Véritas- Editora, Lda.",Guarda,Semanal,ERC,3
MED-PT-0102,+Aguiar da Beira,PT,Portugal,pt,PRESSE,Médias régionaux (hors PQR),Actualités-Infos Générales,Régionale/Départementale,https://www.maisaguiardabeira.pt,"Pinto & Gonçalves Mais Comunicação E Eventos, Lda",Aguiar da Beira,Mensal,ERC,3
MED-PT-0103,Aguilhadas,PT,Portugal,pt,PRESSE,Médias régionaux (hors PQR),Actualités-Infos Générales,Régionale/Départementale,https://pt.wikipedia.org/wiki/Aguilhadas_%28jornal%29,,,,WIKIPEDIA,3
MED-PT-0104,A Ideia,PT,Portugal,pt,PRESSE,Médias spécialisés grand public,Actualités-Infos Générales,Nationale,https://www.aideia.no.sapto.pt,João Carlos de Oliveira Moreira Freire,Évora,Anual,ERC,3
MED-PT-0105,A Lanterna Mágica,PT,Portugal,pt,PRESSE,Médias régionaux (hors PQR),Actualités-Infos Générales,Régionale/Départementale,https://pt.wikipedia.org/wiki/A_Lanterna_M%C3%A1gica,,,,WIKIPEDIA,3
MED-PT-0106,AlbiNotícias,PT,Portugal,pt,WEB,Médias régionaux (hors PQR),Actualités-Infos Générales,Régionale/Départementale,http://www.albinoticias.pt,"Tertúlias & Vielas, Unipessoal, Lda.",Castelo Branco,Diária,ERC,3
MED-PT-0107,Álbum dos vencidos,PT,Portugal,pt,PRESSE,Médias d'information générale (hors PQN),Actualités-Infos Générales,Nationale,https://pt.wikipedia.org/wiki/%C3%81lbum_dos_vencidos,,,,WIKIPEDIA,3
MED-PT-0108,Alcobacadigital.com,PT,Portugal,pt,PRESSE,Médias régionaux (hors PQR),Informatique-Télécommunications,Régionale/Départementale,https://www.alcobacadigital.com,Miguel José Santos Gabriel,Tibalde,Trimestral,ERC,3
MED-PT-0109,Além-Mar,PT,Portugal,pt,PRESSE,Médias associatifs,Social-Société,Nationale,https://www.alem-mar.org,Missionários Combonianos do Coração de Jesus,Lisboa,Mensal,ERC,3
MED-PT-0110,Alentejo Atual,PT,Portugal,pt,WEB,Médias régionaux (hors PQR),Actualités-Infos Générales,Régionale/Départementale,https://www.oatual.pt,"Harmony Rhythms, Unipessoal, Lda.",Beja,Diária,ERC,3
MED-PT-0111,Alentejo Ilustrado,PT,Portugal,pt,PRESSE,Médias régionaux (hors PQR),Actualités-Infos Générales,Régionale/Départementale,https://alentejoilustrado.pt,Ana Luísa Delgado,Alvito,Quinzenal,ERC,3
MED-PT-0112,Alentrium,PT,Portugal,pt,WEB,Médias régionaux (hors PQR),Actualités-Infos Générales,Régionale/Départementale,https://www.alentrium.pt,Maria Augusta Laranjeira Marianito,Borba,Diária,ERC,3
MED-PT-0113,Al Furqán - Órgão para a Divulgação do Islamismo,PT,Portugal,pt,PRESSE,Médias associatifs,Social-Société,Nationale,https://www.alfurqan.pt,Mahomed Yiossuf Mohamed,Santo António dos Cavaleiros,Bimestral,ERC,3
MED-PT-0114,Algarve 7,PT,Portugal,pt,WEB,Médias régionaux (hors PQR),Actualités-Infos Générales,Régionale/Départementale,https://www.algarve7.pt,"Style Anywhere, Unipessoal, Lda.",Loulé,Diária,ERC,3
MED-PT-0115,Algarve Informativo,PT,Portugal,pt,WEB,Blogs,Actualités-Infos Générales,Régionale/Départementale,https://www.algarveinformativo.blogspot.pt,Parágrafoptimista Unipessoal Lda,Almancil,Semanal,ERC,3
MED-PT-0116,Algarve Marafado,PT,Portugal,pt,WEB,Médias régionaux (hors PQR),Actualités-Infos Générales,Régionale/Départementale,https://www.algarvemarafado.com,Jorge Manuel Coelho Eusébio,Parchal,Diária,ERC,3
MED-PT-0117,Algarve Primeiro,PT,Portugal,pt,WEB,Médias régionaux (hors PQR),Actualités-Infos Générales,Régionale/Départementale,https://algarveprimeiro.com,Emídio Jorge Pires Cirilo dos Santos,Olhão,Diária,ERC,3
MED-PT-0118,Algarve Vivo,PT,Portugal,pt,PRESSE,Médias régionaux (hors PQR),Actualités-Infos Générales,Régionale/Départementale,http://algarvevivo.pt,"Pressroma - Edição de Publicações Periódicas, Unipessoal, Lda",Lagoa,Bimestral,ERC,3
MED-PT-0119,Algarzur,PT,Portugal,pt,PRESSE,Médias régionaux (hors PQR),Actualités-Infos Générales,Régionale/Départementale,,"Fernando Francisco Barradinha, Unipessoal Lda.",Igreja Nova,Mensal,ERC,3
MED-PT-0120,ALL Music,PT,Portugal,pt,TV,TV Grandes Chaînes,Actualités-Infos Générales,Nationale,https://pt.wikipedia.org/wiki/ALL_Music,,,,WIKIPEDIA,3
MED-PT-0121,All Stars Radio,PT,Portugal,pt,RADIO,Radios Web/Podcasts,Actualités-Infos Générales,Régionale/Départementale,https://www.allstarsradio.net,Ubaldo Gonçalves de Castro,Baguim do Monte,Continu,ERC,3
MED-PT-0122,Al-Madan,PT,Portugal,pt,PRESSE,Médias spécialisés grand public,Actualités-Infos Générales,Nationale,https://www.caa.org.pt,Centro de Arqueologia de Almada,Almada,Anual,ERC,3
MED-PT-0123,Almada Online,PT,Portugal,pt,WEB,Médias régionaux (hors PQR),Actualités-Infos Générales,Régionale/Départementale,https://www.almadaonline.pt,Carla Sofia Marques Galvão Quintas,Charneca de Caparica,Diária,ERC,3
MED-PT-0124,Almadense,PT,Portugal,pt,WEB,Médias régionaux (hors PQR),Actualités-Infos Générales,Régionale/Départementale,https://almadense.sapo.pt,Insólita Palavra - Unipessoal Lda,Almada,Diária,ERC,3
MED-PT-0125,Almanaque de Lembranças Luso-Brasileiro,PT,Portugal,pt,PRESSE,Médias d'information générale (hors PQN),Actualités-Infos Générales,Nationale,https://pt.wikipedia.org/wiki/Almanaque_de_Lembran%C3%A7as_Luso-Brasileiro,,,,WIKIPEDIA,3
MED-PT-0126,Almanaque de Nossa Senhora de Fátima,PT,Portugal,pt,PRESSE,Médias associatifs,Social-Société,Nationale,,Congregação das Irmãs Reparadoras de Nossa Senhora de Fátima,Cova da Iria,Anual,ERC,3
MED-PT-0127,Almanaque de Santo António,PT,Portugal,pt,PRESSE,Médias d'information générale (hors PQN),Actualités-Infos Générales,Nationale,,Província Portuguesa da Ordem Franciscana,Lisboa,Anual,ERC,3
MED-PT-0128,Alternativa Rádio,PT,Portugal,pt,RADIO,Radios Web/Podcasts,Actualités-Infos Générales,Régionale/Départementale,http://ar-alternativa-radio.weebly.com,A.C.C.B. - Associação das Colectividades do Concelho do Barreiro,Barreiro,Continu,ERC,3
MED-PT-0129,Alto Alentejo,PT,Portugal,pt,PRESSE,Médias régionaux (hors PQR),Actualités-Infos Générales,Régionale/Départementale,https://www.jornalaltoalentejo.com,"Retrato Falado - Imprensa, Comunicação e Eventos, Lda",Portalegre,Semanal,ERC,3
MED-PT-0130,Alto Minho,PT,Portugal,pt,PRESSE,Médias régionaux (hors PQR),Actualités-Infos Générales,Régionale/Départementale,https://www.altominho.com.pt,"AM Minius, Lda.",Ponte de Lima,Semanal,ERC,3
MED-PT-0131,Altominho.tv,PT,Portugal,pt,WEB,Médias régionaux (hors PQR),Actualités-Infos Générales,Régionale/Départementale,https://www.altominho.tv,"Take Film - Produções Audiovisuais, Unipessoal Lda.",Paredes de Coura,Diária,ERC,3
MED-PT-0132,Alto Tâmega Canal,PT,Portugal,pt,WEB,Médias régionaux (hors PQR),Actualités-Infos Générales,Régionale/Départementale,https://canalaltotamega.pt,"Enredos & Episódios - Televisão e Multimédia, Lda.",Cocanha,Diária,ERC,3
MED-PT-0133,Alto Tâmega FM,PT,Portugal,pt,RADIO,Radios Régionales,Actualités-Infos Générales,Régionale/Départementale,,Forum Boticas - Associação Recreativa e Cultural,Boticas,Continu,ERC,3
MED-PT-0134,Alvorada,PT,Portugal,pt,PRESSE,Médias régionaux (hors PQR),Actualités-Infos Générales,Régionale/Départementale,https://www.alvorada.pt,Fábrica da Igreja Paroquial de Nossa Senhora da Anunciação da Lourinhã,Lourinhã,Quinzenal,ERC,3
MED-PT-0135,Amadora Cidade,PT,Portugal,pt,PRESSE,Médias régionaux (hors PQR),Actualités-Infos Générales,Régionale/Départementale,https://issuu.com/municipioamadora,Município da Amadora,Amadora,Bimestral,ERC,3
MED-PT-0136,A Magazine - Invest. Live. Belong.,PT,Portugal,pt,PRESSE,Médias régionaux (hors PQR),Actualités-Infos Générales,Régionale/Départementale,http://amagazine.pt,"Paraísos Heróicos, Lda",Guia,Semestral,ERC,3
MED-PT-0137,A Magazine PT,PT,Portugal,pt,PRESSE,Médias régionaux (hors PQR),Actualités-Infos Générales,Régionale/Départementale,http://www.amagazinept.org,João Carlos de Bettencourt Bacelar,Lisboa,Trimestral,ERC,3
MED-PT-0138,Amanhecer das Neves,PT,Portugal,pt,PRESSE,Médias régionaux (hors PQR),Actualités-Infos Générales,Régionale/Départementale,,Centro Recreativo e Cultural das Neves,Vila de Punhe,Mensal,ERC,3
MED-PT-0139,Amarante Magazine,PT,Portugal,pt,WEB,Médias régionaux (hors PQR),Actualités-Infos Générales,Régionale/Départementale,https://www.amarantemagazine.pt,"Lara Luís, Lda.",Amarante,Semanal,ERC,3
MED-PT-0140,Ambiente Magazine,PT,Portugal,pt,PRESSE,Médias spécialisés grand public,Actualités-Infos Générales,Nationale,https://www.ambientemagazine.com,Teresa de Jesus Fernandes Elias,Lisboa,Bimestral,ERC,3
MED-PT-0141,Ambiente Piscinas,PT,Portugal,pt,WEB,Médias spécialisés grand public,Actualités-Infos Générales,Nationale,https://www.ambientepiscinas.com,"Lamparina Multimédia, Lda.",Sobreposta,Anual,ERC,3
MED-PT-0142,Ambitur,PT,Portugal,pt,PRESSE,Médias spécialisés grand public,Actualités-Infos Générales,Nationale,https://www.ambitur.pt,Teresa de Jesus Fernandes Elias,Lisboa,Trimestral,ERC,3
MED-PT-0143,AMC,PT,Portugal,pt,TV,TV Grandes Chaînes,Actualités-Infos Générales,Nationale,https://pt.wikipedia.org/wiki/AMC_%28Europa%29,,,,WIKIPEDIA,3
MED-PT-0144,AMC Break,PT,Portugal,pt,TV,TV Grandes Chaînes,Actualités-Infos Générales,Nationale,https://pt.wikipedia.org/wiki/AMC_Break,,,,WIKIPEDIA,3
MED-PT-0145,AMC Crime,PT,Portugal,pt,TV,TV Grandes Chaînes,Actualités-Infos Générales,Nationale,https://pt.wikipedia.org/wiki/AMC_Crime,,,,WIKIPEDIA,3
MED-PT-0146,A Mensagem,PT,Portugal,pt,WEB,Médias associatifs,Social-Société,Nationale,https://www.catequesedoporto.com,Secretariado Diocesano da Educação Cristã,Porto,Semestral,ERC,3
MED-PT-0147,AMINotícias,PT,Portugal,pt,PRESSE,Médias spécialisés grand public,Actualités-Infos Générales,Nationale,https://ami.org.pt,Fundação de Assistência Médica Internacional,Lisboa,Trimestral,ERC,3
MED-PT-0148,AmorMais,PT,Portugal,pt,PRESSE,Médias régionaux (hors PQR),Actualités-Infos Générales,Régionale/Départementale,http://jornal.amormais.pt,Amor Mais - Associação de Solidariedade e Desenvolvimento de Amor,Amor,Mensal,ERC,3
MED-PT-0149,A Nação - Jornal Online,PT,Portugal,pt,WEB,Médias d'information générale (hors PQN),Actualités-Infos Générales,Nationale,https://anacao.sapo.pt,Forum Cívico Lusitano,Quinta da Moura,Semestral,ERC,3
MED-PT-0150,Análise Psicológica,PT,Portugal,pt,WEB,Médias spécialisés grand public,Actualités-Infos Générales,Nationale,http://publicacoes.ispa.pt/index.php/index/index,"ISPA - Instituto Superior de Psicologia Aplicada, C.R.L.",Lisboa,Semestral,ERC,3
MED-PT-0151,Análise Social,PT,Portugal,pt,WEB,Médias spécialisés grand public,Social-Société,Nationale,https://revistas.rcaap.pt/analisesocial,Universidade de Lisboa - Instituto de Ciências Sociais,Lisboa,Trimestral,ERC,3
MED-PT-0152,Anatomia do Crime - Revista de Ciências Jurídico-Criminais,PT,Portugal,pt,PRESSE,Médias spécialisés grand public,Actualités-Infos Générales,Nationale,https://anatcrime.scholasticahq.com,Instituto de Direito Penal e Ciências Criminais,Lisboa,Semestral,ERC,3
MED-PT-0153,Andar de Moto,PT,Portugal,pt,WEB,Médias spécialisés grand public,Auto-Moto-Cyclo,Nationale,https://www.andardemoto.pt,"Sobrenet - Pesquisa e Tratamento de Informação, Lda.",Linda a Velha,Diária,ERC,3
MED-PT-0154,ANECRA Revista,PT,Portugal,pt,PRESSE,Médias spécialisés grand public,Actualités-Infos Générales,Nationale,https://www.anecrarevista.pt,ANECRA - Associação Nacional das Empresas do Comércio e da Reparação Automóvel,Lisboa,Bimestral,ERC,3
MED-PT-0155,ANEFA,PT,Portugal,pt,PRESSE,Médias spécialisés grand public,Actualités-Infos Générales,Nationale,https://www.anefa.pt,"ANEFA - Associação Nacional de Empresas Florestais, Agrícolas e do Ambiente",Sacavém,Quadrimestral,ERC,3
MED-PT-0156,Angelus TV,PT,Portugal,pt,TV,TV Grandes Chaînes,Actualités-Infos Générales,Nationale,https://pt.wikipedia.org/wiki/Angelus_TV,,,,WIKIPEDIA,3
MED-PT-0157,Anglo-Portuguese News,PT,Portugal,pt,PRESSE,Médias régionaux (hors PQR),Actualités-Infos Générales,Régionale/Départementale,https://en.wikipedia.org/wiki/Anglo-Portuguese_News,,,,WIKIPEDIA,3
MED-PT-0158,Anim'Arte,PT,Portugal,pt,PRESSE,Médias spécialisés grand public,"Culture/Arts, littérature et culture générale",Nationale,,GICAV - Grupo de Intervenção e Criatividade Artística de Viseu,Viseu,Trimestral,ERC,3
MED-PT-0159,Animax,PT,Portugal,pt,TV,TV Grandes Chaînes,Actualités-Infos Générales,Nationale,https://en.wikipedia.org/wiki/Animax_%28Portuguese_TV_channel%29,,,,WIKIPEDIA,3
MED-PT-0160,A nossa PRIMA,PT,Portugal,pt,PRESSE,Médias spécialisés grand public,Actualités-Infos Générales,Nationale,,"Trust In News, Unipessoal, Lda.",Porto Salvo,Trimestral,ERC,3
MED-PT-0161,A Nossa Terra,PT,Portugal,pt,PRESSE,Médias régionaux (hors PQR),Actualités-Infos Générales,Régionale/Départementale,https://www.direnor.pt,"Direnor - Comunicação, Estudos, Consultadoria e Divulgação Regional, Lda",Braga,Bienal,ERC,3
MED-PT-0162,Anotícia.pt,PT,Portugal,pt,WEB,Médias d'information générale (hors PQN),Actualités-Infos Générales,Nationale,https://www.anoticia.pt,Armando Furtado Saldanha,Queijas,Diária,ERC,3
MED-PT-0163,A Noz,PT,Portugal,pt,PRESSE,Médias régionaux (hors PQR),Actualités-Infos Générales,Régionale/Départementale,,A Noz - Associação Nogueirense de Cultura e Desporto,Igreja,Mensal,ERC,3
MED-PT-0164,Antena 1 Açores,PT,Portugal,pt,RADIO,Radios Régionales,Actualités-Infos Générales,Régionale/Départementale,https://en.wikipedia.org/wiki/Antena_1_A%C3%A7ores,,,,WIKIPEDIA,3
MED-PT-0165,Antena 1 Madeira,PT,Portugal,pt,RADIO,Radios Régionales,Actualités-Infos Générales,Régionale/Départementale,https://en.wikipedia.org/wiki/Antena_1_Madeira,,,,WIKIPEDIA,3
MED-PT-0166,Antena Mundial,PT,Portugal,pt,RADIO,Radios Régionales,Actualités-Infos Générales,Régionale/Départementale,,Cooperativa Santo André Rádio e Cultura CRL,Bairro da Ferreira,Continu,ERC,3
MED-PT-0167,Antena Nove,PT,Portugal,pt,RADIO,Radios Régionales,Actualités-Infos Générales,Régionale/Départementale,,"Antena Nove, CRL",Horta,Continu,ERC,3
MED-PT-0168,Antena Sul - Almodôvar,PT,Portugal,pt,RADIO,Radios Régionales,Actualités-Infos Générales,Régionale/Départementale,,"Horizontes Planos - Informação e Comunicação, Unipessoal, Lda.",Terrugem,Continu,ERC,3
MED-PT-0169,Antena Sul - Rádio Jornal,PT,Portugal,pt,RADIO,Radios Régionales,Actualités-Infos Générales,Régionale/Départementale,,"Horizontes Planos - Informação e Comunicação, Unipessoal, Lda.",Terrugem,Continu,ERC,3
MED-PT-0170,Antena Web,PT,Portugal,pt,RADIO,Radios Web/Podcasts,Actualités-Infos Générales,Régionale/Départementale,https://www.antenaweb.pt,Carlos Manuel Bonaparte Almeida,Vila Nova de Gaia,Continu,ERC,3
MED-PT-0171,Anteprojectos,PT,Portugal,pt,PRESSE,Médias spécialisés grand public,Actualités-Infos Générales,Nationale,https://www.anteprojectos.com.pt,"Work Media - Comunicação, SA",Lisboa,Mensal,ERC,3
MED-PT-0172,Antrope Anopore,PT,Portugal,pt,WEB,Médias spécialisés grand public,Actualités-Infos Générales,Nationale,https://www.cta.ipt.pt,Instituto Politécnico de Tomar,Tomar,Semestral,ERC,3
MED-PT-0173,Anuário da Economia Portuguesa,PT,Portugal,pt,PRESSE,Médias professionnels,Economie - Services,Nationale,https://cadernoseconomia.pt,"Polimeios - Produção de Meios, Lda.",Lisboa,Anual,ERC,3
MED-PT-0174,Anuário Náutico,PT,Portugal,pt,PRESSE,Médias spécialisés grand public,Actualités-Infos Générales,Nationale,https://www.lobodomar.net,"Lobo do Mar - Sociedade Editorial, Lda",Alqueve  Folques,Anual,ERC,3
MED-PT-0175,Anuário Relógios & Canetas,PT,Portugal,pt,PRESSE,Médias spécialisés grand public,Actualités-Infos Générales,Nationale,https://www.anuariorelogiosecanetas.pt,"Projectos Especiais - Consultores de Comunicação, Lda.",Lisboa,Anual,ERC,3
MED-PT-0176,A Padaria Portuguesa,PT,Portugal,pt,PRESSE,Médias spécialisés grand public,Actualités-Infos Générales,Nationale,https://www.acip.pt,"ACIP - Associação do Comércio e da Indústria de Panificação, Pastelaria e Similares",Coimbra,Bimestral,ERC,3
MED-PT-0177,A Página da Educação,PT,Portugal,pt,PRESSE,Médias spécialisés grand public,Education-Enseignement,Nationale,,"Profedições, Lda.",Porto,Semestral,ERC,3
MED-PT-0178,A Paródia,PT,Portugal,pt,PRESSE,Médias régionaux (hors PQR),Actualités-Infos Générales,Régionale/Départementale,https://pt.wikipedia.org/wiki/A_Par%C3%B3dia_%28jornal%29,,,,WIKIPEDIA,3
MED-PT-0179,A Pátria - Jornal da Comunidade Científica de Língua Portuguesa,PT,Portugal,pt,WEB,Médias spécialisés grand public,Actualités-Infos Générales,Nationale,http://apatria.org,"Ponte Editora, Sociedade Unipessoal, Lda.",Funchal,Semanal,ERC,3
MED-PT-0180,APAV Notícias,PT,Portugal,pt,WEB,Médias spécialisés grand public,Actualités-Infos Générales,Nationale,https://www.apav.pt,Associação Portuguesa de Apoio à Vítima - APAV,Lisboa,Mensal,ERC,3
MED-PT-0181,A Planície,PT,Portugal,pt,PRESSE,Médias régionaux (hors PQR),Actualités-Infos Générales,Régionale/Départementale,https://www.planicie.pt,"SEB - Sociedade Editorial Bética, Lda.",Moura,Mensal,ERC,3
MED-PT-0182,Apoiar - O Jornal do Stress de Guerra,PT,Portugal,pt,PRESSE,Médias spécialisés grand public,Actualités-Infos Générales,Nationale,https://www.apoiar-stressdeguerra.com,Apoiar - Associação de Apoio aos Ex-Combatentes Vítimas de Stress de Guerra,Lisboa,Bimestral,ERC,3
MED-PT-0183,Aponte,PT,Portugal,pt,PRESSE,Médias régionaux (hors PQR),Actualités-Infos Générales,Régionale/Départementale,,Palavras Sortidas Unipessoal Lda.,Tramaga,Mensal,ERC,3
MED-PT-0184,Aprender,PT,Portugal,pt,WEB,"Portails, Aggrégateurs",Actualités-Infos Générales,Nationale,https://aprender.ipportalegre.pt,Escola Superior de Educação e Ciências Sociais do Instituto Politécnico de Portalegre,Portalegre,2 x ano,ERC,3
MED-PT-0185,A Próxima Viagem,PT,Portugal,pt,WEB,Médias spécialisés grand public,Actualités-Infos Générales,Nationale,https://www.aproximaviagem.pt,Jacques da Conceição Rodrigues,Covas,Semanal,ERC,3
MED-PT-0186,Aquela Máquina,PT,Portugal,pt,WEB,Médias spécialisés grand public,Actualités-Infos Générales,Nationale,https://www.aquelamaquina.pt,"Medialivre, S.A.",Lisboa,Diária,ERC,3
MED-PT-0187,Archinews,PT,Portugal,pt,PRESSE,Médias spécialisés grand public,Actualités-Infos Générales,Nationale,,João Carlos dos Santos Fonseca,Forte da Casa,Trimestral,ERC,3
MED-PT-0188,Arcos em Destaque,PT,Portugal,pt,WEB,Médias régionaux (hors PQR),Actualités-Infos Générales,Régionale/Départementale,https://www.arcosemdestaque.pt,Vanessa Taleia Reitor Almeida,Arcos de Valdevez,Semanal,ERC,3
MED-PT-0189,Ardina do Alentejo,PT,Portugal,pt,WEB,Médias régionaux (hors PQR),Actualités-Infos Générales,Régionale/Départementale,https://www.ardinadoalentejo.pt,Maria Alexandra Pinheiro Rosado Soeiro,Estremoz,Diária,ERC,3
MED-PT-0190,A Revista,PT,Portugal,pt,PRESSE,Médias spécialisés grand public,Actualités-Infos Générales,Nationale,https://www.stj.pt,Supremo Tribunal de Justiça,Lisboa,Semestral,ERC,3
MED-PT-0191,A Revista Literária de Lisboa - The Lisbon Literary Review,PT,Portugal,pt,PRESSE,Médias d'information générale (hors PQN),Actualités-Infos Générales,Nationale,https://www.lisbonliteraryreview.com,Fundação Futura Emenda,Dona Maria,Trimestral,ERC,3
MED-PT-0192,Argumento,PT,Portugal,pt,PRESSE,Médias associatifs,Actualités-Infos Générales,Régionale/Départementale,https://www.cineclubeviseu.pt,Cine Clube de Viseu,Viseu,3 x ano,ERC,3
MED-PT-0193,Arquivo do Distrito de Aveiro,PT,Portugal,pt,PRESSE,Médias d'information générale (hors PQN),Actualités-Infos Générales,Nationale,https://pt.wikipedia.org/wiki/Arquivo_do_Distrito_de_Aveiro,,,,WIKIPEDIA,3
MED-PT-0194,Artecapital,PT,Portugal,pt,WEB,Médias spécialisés grand public,"Culture/Arts, littérature et culture générale",Nationale,https://www.artecapital.art,Victor Manuel de Carvalho Pinto da Fonseca,Lisboa,Diária,ERC,3
MED-PT-0195,Arte Viva,PT,Portugal,pt,WEB,Médias spécialisés grand public,"Culture/Arts, littérature et culture générale",Nationale,https://www.arte-terapia.com,Sociedade Portuguesa de Arte -Terapia,Lisboa,Anual,ERC,3
MED-PT-0196,ARTV,PT,Portugal,pt,TV,TV Grandes Chaînes,Actualités-Infos Générales,Nationale,https://pt.wikipedia.org/wiki/ARTV,,,,WIKIPEDIA,3
MED-PT-0197,As Artes Entre as Letras,PT,Portugal,pt,PRESSE,Médias spécialisés grand public,"Culture/Arts, littérature et culture générale",Nationale,,"Singular Plural - Ler, Arte & Comunicação, Unipessoal, Lda.",Porto,Quinzenal,ERC,3
MED-PT-0198,Asas do Atlântico A Rádio Comercial dos Açores,PT,Portugal,pt,RADIO,Radios Régionales,Actualités-Infos Générales,Régionale/Départementale,,Clube Asas do Atlântico,Vila do Porto,Continu,ERC,3
MED-PT-0199,As Beiras,PT,Portugal,pt,PRESSE,PQR/PQD (Quotidiens régionaux),Actualités-Infos Générales,Régionale/Départementale,https://www.asbeiras.pt,"Sojormédia Beiras, S.A.",Manga da Granja,Diária,ERC,3
MED-PT-0200,A Sementeira,PT,Portugal,pt,PRESSE,Médias d'information générale (hors PQN),Actualités-Infos Générales,Nationale,https://pt.wikipedia.org/wiki/A_Sementeira,,,,WIKIPEDIA,3
MED-PT-0201,Associação,PT,Portugal,pt,PRESSE,Médias associatifs,Actualités-Infos Générales,Nationale,https://www.apd.org.pt/index.php/comunicacao-apd/jornal-associacao,Associação Portuguesa de Deficientes,Lisboa,Trimestral,ERC,3
MED-PT-0202,Associação Cultural Amigos do Porto,PT,Portugal,pt,PRESSE,Médias associatifs,"Culture/Arts, littérature et culture générale",Régionale/Départementale,,Associação Cultural Amigos do Porto,Porto,Anual,ERC,3
MED-PT-0203,a Sul,PT,Portugal,pt,PRESSE,Médias régionaux (hors PQR),Actualités-Infos Générales,Régionale/Départementale,https://www.asulgroup.wordpress.com,Evidente Legenda Unipessoal Lda,Évora,Semanal,ERC,3
MED-PT-0204,A Televisão,PT,Portugal,pt,WEB,Médias spécialisés grand public,Actualités-Infos Générales,Nationale,https://www.atelevisao.com,Pedro Filipe Andrade Vendeira,Carvoeiro,Diária,ERC,3
MED-PT-0205,ATEMPHAR Potencial Humano,PT,Portugal,pt,WEB,Médias spécialisés grand public,Actualités-Infos Générales,Nationale,https://www.atemphar.pt,Associação Potencial Humano - AJPH,Leiria,Trimestral,ERC,3
MED-PT-0206,A Terra Minhota,PT,Portugal,pt,PRESSE,Médias régionaux (hors PQR),Actualités-Infos Générales,Régionale/Départementale,,"A Terra Minhota - Jornal e Tipografia, Lda",Monção,Quinzenal,ERC,3
MED-PT-0207,Athena,PT,Portugal,pt,PRESSE,Médias d'information générale (hors PQN),Actualités-Infos Générales,Nationale,https://pt.wikipedia.org/wiki/Athena_%28revista_de_arte%29,,,,WIKIPEDIA,3
MED-PT-0208,Atlantic Echo,PT,Portugal,pt,PRESSE,Médias régionaux (hors PQR),Actualités-Infos Générales,Régionale/Départementale,https://pt.wikipedia.org/wiki/Atlantic_Echo,,,,WIKIPEDIA,3
MED-PT-0209,Atlântico Expresso,PT,Portugal,pt,PRESSE,Médias régionaux (hors PQR),Actualités-Infos Générales,Régionale/Départementale,https://--,"Gráfica Açoreana, Lda.",Ponta Delgada,Semanal,ERC,3
MED-PT-0210,Atlântida,PT,Portugal,pt,PRESSE,Médias spécialisés grand public,Actualités-Infos Générales,Nationale,,Instituto Açoriano de Cultura,Angra do Heroísmo,Anual,ERC,3
MED-PT-0211,Atlas da Saúde,PT,Portugal,pt,WEB,Médias spécialisés grand public,Médecine,Nationale,https://www.atlasdasaude.pt,"Manuel José Guedes da Silva, Lda.",Tabosa,Diária,ERC,3
MED-PT-0212,Atletismo Magazine Modalidades Amadoras,PT,Portugal,pt,WEB,Médias spécialisés grand public,Mode-Beauté-Bien être,Nationale,https://www.ammagazine.pt,Carlos Sequeira Viana Rodrigues,Amadora,Semanal,ERC,3
MED-PT-0213,Attitude Interior Design,PT,Portugal,pt,PRESSE,Médias spécialisés grand public,Actualités-Infos Générales,Nationale,https://www.attitude-mag.com,"TVF II - Comunicação e Editores, Unipessoal, Lda.",Porto,Bimestral,ERC,3
MED-PT-0214,Audácia,PT,Portugal,pt,PRESSE,Médias d'information générale (hors PQN),Actualités-Infos Générales,Nationale,https://www.audacia.org,Missionários Combonianos do Coração de Jesus,Lisboa,Mensal,ERC,3
MED-PT-0215,Audiência GP Grande Porto,PT,Portugal,pt,PRESSE,Médias régionaux (hors PQR),Actualités-Infos Générales,Régionale/Départementale,,"AGP Comunicação, Lda.",Ribeira Seca,Semanal,ERC,3
MED-PT-0216,Audio e Cinema em Casa,PT,Portugal,pt,WEB,Médias spécialisés grand public,"Culture/Divertissement, Cinéma, Jeux vidéos",Nationale,https://www.audiopt.com,Jorge Manuel Lopes Gonçalves,Lisboa,Mensal,ERC,3
MED-PT-0217,A União,PT,Portugal,pt,PRESSE,Médias régionaux (hors PQR),Actualités-Infos Générales,Régionale/Départementale,https://pt.wikipedia.org/wiki/A_Uni%C3%A3o_%28Angra_do_Hero%C3%ADsmo%29,,,,WIKIPEDIA,3
MED-PT-0218,Auto Drive,PT,Portugal,pt,PRESSE,Médias spécialisés grand public,Auto-Moto-Cyclo,Nationale,https://www.auto-drive.pt,"Be The Drive, Lda.",Lisboa,Mensal,ERC,3
MED-PT-0219,Auto Mais,PT,Portugal,pt,WEB,Médias spécialisés grand public,Auto-Moto-Cyclo,Nationale,https://www.automais.pt,"MMG Media, Unipessoal, Lda.",São Francisco,Diária,ERC,3
MED-PT-0220,Automotive,PT,Portugal,pt,PRESSE,Médias spécialisés grand public,Auto-Moto-Cyclo,Nationale,,"Prosa Serena Unipessoal, Lda.",Porto Salvo,Mensal,ERC,3
MED-PT-0221,Autónoma,PT,Portugal,pt,PRESSE,Médias spécialisés grand public,Actualités-Infos Générales,Nationale,https://revista.grupoautonoma.pt,"CEU - Cooperativa de Ensino Universitario, C.R.L.",Lisboa,Semestral,ERC,3
MED-PT-0222,AutoSport,PT,Portugal,pt,WEB,Médias spécialisés grand public,Sports,Nationale,https://www.autosport.pt,"MMG Media, Unipessoal, Lda.",São Francisco,Diária,ERC,3
MED-PT-0223,Auto Vintage Revista de Automóveis Clássicos,PT,Portugal,pt,WEB,Médias spécialisés grand public,Auto-Moto-Cyclo,Nationale,https://www.auto-vintage.net,"VintageCelebration Comunicação e Eventos Unipessoal, Lda.",Porto,Diária (dias úteis),ERC,3
MED-PT-0224,AVAC Magazine,PT,Portugal,pt,PRESSE,Médias spécialisés grand public,Actualités-Infos Générales,Nationale,https://www.avacmagazine.pt,"Engenho e Média, Lda.",Vila Nova de Gaia,Trimestral,ERC,3
MED-PT-0225,Avante,PT,Portugal,pt,PRESSE,Médias associatifs,Social-Société,Nationale,https://www.avante.pt,Partido Comunista Português - PCP,Lisboa,Semanal,ERC,3
MED-PT-0226,Aveiro Mag,PT,Portugal,pt,WEB,Médias régionaux (hors PQR),Actualités-Infos Générales,Régionale/Départementale,https://www.aveiromag.pt,"Leme Comunicação, Unipessoal Lda.",Aveiro,Diária,ERC,3
MED-PT-0227,Aveiro Mag - Especial Aniversário,PT,Portugal,pt,PRESSE,Médias spécialisés grand public,Actualités-Infos Générales,Nationale,http://www.aveiromag.pt,"Leme Comunicação, Unipessoal Lda.",Aveiro,Anual,ERC,3
MED-PT-0228,Aveiro TV,PT,Portugal,pt,WEB,Médias régionaux (hors PQR),Actualités-Infos Générales,Régionale/Départementale,http://www.aveirotv.tv,"Sucesso Vigente -Serviços Globais, Lda.",Palhaça,Diária,ERC,3
MED-PT-0229,A Verdade,PT,Portugal,pt,PRESSE,Médias régionaux (hors PQR),Actualités-Infos Générales,Régionale/Départementale,https://www.averdade.com,"Media Marco - Comunicação, Lda.",Marco de Canaveses,Quinzenal,ERC,3
MED-PT-0230,Avesso,PT,Portugal,pt,WEB,Médias spécialisés grand public,Actualités-Infos Générales,Nationale,https://interiordoavesso.pt,Bloco de Esquerda,Lisboa,Semanal,ERC,3
MED-PT-0231,Avezinha,PT,Portugal,pt,PRESSE,Médias régionaux (hors PQR),Actualités-Infos Générales,Régionale/Départementale,https://pt.wikipedia.org/wiki/Avezinha,,,,WIKIPEDIA,3
MED-PT-0232,A Voz da Feira,PT,Portugal,pt,WEB,Médias régionaux (hors PQR),Actualités-Infos Générales,Régionale/Départementale,https://avozdeterrasdesantamaria.sapo.pt,"Words Wizard, Lda.",Oliveira de Azeméis,Diária (dias úteis),ERC,3
MED-PT-0233,A Voz da Figueira,PT,Portugal,pt,PRESSE,Médias régionaux (hors PQR),Actualités-Infos Générales,Régionale/Départementale,https://pt.wikipedia.org/wiki/A_Voz_da_Figueira,,,,WIKIPEDIA,3
MED-PT-0234,A Voz da Freixianda,PT,Portugal,pt,PRESSE,Médias associatifs,Social-Société,Régionale/Départementale,,Fábrica da Igreja Paroquial de Freixianda,Freixianda,Mensal,ERC,3
MED-PT-0235,A Voz da Póvoa,PT,Portugal,pt,PRESSE,Médias régionaux (hors PQR),Actualités-Infos Générales,Régionale/Départementale,https://wwww.vozdapovoa.com,"A Voz da Póvoa - Comunicação Social, Lda.",Póvoa de Varzim,Quinzenal,ERC,3
MED-PT-0236,A Voz de Azeméis,PT,Portugal,pt,WEB,Médias régionaux (hors PQR),Actualités-Infos Générales,Régionale/Départementale,https://avozdeazemeis.net,"Justpoetic, Lda",Oliveira de Azeméis,Mensal,ERC,3
MED-PT-0237,A Voz de Bragança,PT,Portugal,pt,WEB,Médias régionaux (hors PQR),Actualités-Infos Générales,Régionale/Départementale,https://avozdebraganca.sapo.pt,"Ágilpassear, Lda.",Bragança,Diária (dias úteis),ERC,3
MED-PT-0238,A Voz de Castelo Branco,PT,Portugal,pt,WEB,Médias régionaux (hors PQR),Actualités-Infos Générales,Régionale/Départementale,https://www.avozdecastelobranco.pt,"Justpoetic, Lda",Castelo Branco,Diária (dias úteis),ERC,3
MED-PT-0239,A Voz de Ermesinde,PT,Portugal,pt,PRESSE,Médias régionaux (hors PQR),Actualités-Infos Générales,Régionale/Départementale,https://www.avozdeermesinde.com,Centro Social de Ermesinde,Ermesinde,Mensal,ERC,3
MED-PT-0240,A Voz de Esmoriz,PT,Portugal,pt,PRESSE,Médias régionaux (hors PQR),Actualités-Infos Générales,Régionale/Départementale,https://www.avozdeesmoriz.pt,Comissão de Melhoramentos de Esmoriz,Esmoriz,Mensal,ERC,3
MED-PT-0241,A Voz de Évora,PT,Portugal,pt,WEB,Médias régionaux (hors PQR),Actualités-Infos Générales,Régionale/Départementale,https://avozdeevora.sapo.pt,"Justpoetic, Lda",Évora,Diária (dias úteis),ERC,3
MED-PT-0242,A Voz de Leça,PT,Portugal,pt,PRESSE,Médias régionaux (hors PQR),Actualités-Infos Générales,Régionale/Départementale,,Fábrica da Igreja Paroquial de Leça da Palmeira,Matosinhos,Bimestral,ERC,3
MED-PT-0243,A Voz de Loulé,PT,Portugal,pt,PRESSE,Médias régionaux (hors PQR),Actualités-Infos Générales,Régionale/Départementale,https://www.avozdeloule.com,"Goldenhouse - Mediação Imobiliária, Edição e Comércio de Jornais, Lda.",Loulé,Quinzenal,ERC,3
MED-PT-0244,A Voz de Matosinhos,PT,Portugal,pt,WEB,Médias régionaux (hors PQR),Actualités-Infos Générales,Régionale/Départementale,https://avozdematosinhos.sapo.pt,"Ágilpassear, Lda.",Porto,Diária (dias úteis),ERC,3
MED-PT-0245,A Voz de Melgaço,PT,Portugal,pt,PRESSE,Médias régionaux (hors PQR),Actualités-Infos Générales,Régionale/Départementale,,"Jornal a Voz de Melgaço, Lda.",Braga,Mensal,ERC,3
MED-PT-0246,A Voz de Paço de Arcos,PT,Portugal,pt,PRESSE,Médias régionaux (hors PQR),Actualités-Infos Générales,Régionale/Départementale,,Associação Cultural A voz de Paço de Arcos,Paço de Arcos,Bimestral,ERC,3
MED-PT-0247,A Voz de Trás-os-Montes,PT,Portugal,pt,PRESSE,Médias régionaux (hors PQR),Actualités-Infos Générales,Régionale/Départementale,https://www.avozdetransosmontes.pt,"Letras Dinâmicas, Lda.",Vila Real,Semanal,ERC,3
MED-PT-0248,A Voz do Algarve,PT,Portugal,pt,WEB,Médias régionaux (hors PQR),Actualités-Infos Générales,Régionale/Départementale,https://www.avozdoalgarve.pt,"Goldenhouse - Mediação Imobiliária, Edição e Comércio de Jornais, Lda.",Loulé,Diária,ERC,3
MED-PT-0249,A Voz do Artista,PT,Portugal,pt,PRESSE,Médias régionaux (hors PQR),Actualités-Infos Générales,Régionale/Départementale,https://pt.wikipedia.org/wiki/A_Voz_do_Artista_%28Angra_do_Hero%C3%ADsmo%29,,,,WIKIPEDIA,3
MED-PT-0250,A Voz do Espinheiro,PT,Portugal,pt,PRESSE,Médias régionaux (hors PQR),Actualités-Infos Générales,Régionale/Départementale,,"União das Freguesias de Malhou, Louriceira e Espinheiro",Espinheiro,Mensal,ERC,3
MED-PT-0251,A Voz do Heitorzinho,PT,Portugal,pt,PRESSE,Médias associatifs,Social-Société,Nationale,,Centro Social e Paroquial de S. Pedro de Loureiro,Torre,Bimestral,ERC,3
MED-PT-0252,A Voz do Mar,PT,Portugal,pt,PRESSE,Médias régionaux (hors PQR),Actualités-Infos Générales,Régionale/Départementale,https://www.vozdomar.pt,Fábrica da Igreja Paroquial da Freguesia de N.ª S.ª da Ajuda da Cidade de Peniche,Peniche,Mensal,ERC,3
MED-PT-0253,A Voz do Nabão,PT,Portugal,pt,PRESSE,Médias régionaux (hors PQR),Actualités-Infos Générales,Régionale/Départementale,https://www.scmt.pt,Santa Casa da Misericórdia de Tomar,Tomar,Semestral,ERC,3
MED-PT-0254,A Voz do Operário,PT,Portugal,pt,PRESSE,Médias régionaux (hors PQR),Actualités-Infos Générales,Régionale/Départementale,https://vozoperario.pt/jornal,Sociedade de Instrução e Beneficiência a Voz do Operário,Lisboa,Mensal,ERC,3
MED-PT-0255,Away Magazine,PT,Portugal,pt,WEB,Médias spécialisés grand public,Actualités-Infos Générales,Nationale,https://away.iol.pt,"Média Capital - Digital, S.A.",Queluz de Baixo,Diária,ERC,3
MED-PT-0256,AXN,PT,Portugal,pt,TV,TV Câble/Sat,Actualités-Infos Générales,Nationale,https://en.wikipedia.org/wiki/AXN_%28Portuguese_TV_channel%29,,,,WIKIPEDIA,3
MED-PT-0257,AXN Black,PT,Portugal,pt,TV,TV Câble/Sat,Actualités-Infos Générales,Nationale,https://en.wikipedia.org/wiki/AXN_Black,,,,WIKIPEDIA,3
MED-PT-0258,AXN Movies,PT,Portugal,pt,TV,TV Câble/Sat,Actualités-Infos Générales,Nationale,https://pt.wikipedia.org/wiki/AXN_Movies,,,,WIKIPEDIA,3
MED-PT-0259,AXN White,PT,Portugal,pt,TV,TV Câble/Sat,Actualités-Infos Générales,Nationale,https://pt.wikipedia.org/wiki/AXN_White,,,,WIKIPEDIA,3
MED-PT-0260,Azeméis.Net,PT,Portugal,pt,WEB,Médias régionaux (hors PQR),Actualités-Infos Générales,Régionale/Départementale,https://www.azemeis.net,Emanuel Costa Rodrigues,Oliveira de Azeméis,Diária,ERC,3
MED-PT-0261,Azores TV,PT,Portugal,pt,TV,TV Câble/Sat,Lifestyle,Nationale,,"Paulo Feliciano - Audiovisual, Sociedade Unipessoal Lda.",Angra do Heroísmo,Continu,ERC,3
MED-PT-0262,Azul - Ericeira MAG,PT,Portugal,pt,PRESSE,Médias régionaux (hors PQR),Actualités-Infos Générales,Régionale/Départementale,https://www.ericeiramag.pt,Hugo da Rocha Pereira,Ericeira,Trimestral,ERC,3
MED-PT-0263,Backstage,PT,Portugal,pt,WEB,Médias spécialisés grand public,Actualités-Infos Générales,Nationale,https://www.backstage.pt,Paulo Manuel Ferreira de Pinho,Maia,Diária,ERC,3
MED-PT-0264,Badaladas,PT,Portugal,pt,PRESSE,Médias régionaux (hors PQR),Actualités-Infos Générales,Régionale/Départementale,https://www.badaladas.pt,"Badaladas, Lda.",Torres Vedras,Semanal,ERC,3
MED-PT-0265,Bairrada Informação,PT,Portugal,pt,WEB,Médias régionaux (hors PQR),Actualités-Infos Générales,Régionale/Départementale,https://www.bairradainformacao.pt,"BI- Bairrada Informação, Unipessoal,Lda",Mealhada,Diária,ERC,3
MED-PT-0266,Ball Raw Images PT,PT,Portugal,pt,WEB,Médias spécialisés grand public,Actualités-Infos Générales,Nationale,https://ballrawimages.net,Maciej Rogowski,Lisboa,Semanal,ERC,3
MED-PT-0267,Bancada,PT,Portugal,pt,WEB,Médias spécialisés grand public,Actualités-Infos Générales,Nationale,https://www.bancada.pt,"Clever Advertising, Lda. (Zona Franca da Madeira)",Funchal,Diária,ERC,3
MED-PT-0268,Bancada Central,PT,Portugal,pt,PRESSE,Médias régionaux (hors PQR),Actualités-Infos Générales,Régionale/Départementale,,"Margarida Célia Moreira Iglésias, Unipessoal, Lda.",Espinho,Semanal,ERC,3
MED-PT-0269,Bancada do Minho,PT,Portugal,pt,WEB,Médias d'information générale (hors PQN),Actualités-Infos Générales,Nationale,https://bancadadominho.pt,Bruno Ribeiro Vieira,Vieira do Minho,2x mês,ERC,3
MED-PT-0270,Bantumen,PT,Portugal,pt,WEB,Médias spécialisés grand public,Actualités-Infos Générales,Nationale,https://www.bantumen.com,"Bantu Media, CRL",Lisboa,Semanal,ERC,3
MED-PT-0271,Banzai,PT,Portugal,pt,PRESSE,Médias d'information générale (hors PQN),Actualités-Infos Générales,Nationale,https://pt.wikipedia.org/wiki/Banzai_%28revista%29,,,,WIKIPEDIA,3
MED-PT-0272,Barcelos Popular,PT,Portugal,pt,PRESSE,Médias régionaux (hors PQR),Actualités-Infos Générales,Régionale/Départementale,https://www.barcelos-popular.pt,"Milho Rei - Cooperativa Popular de Informação e Cultura de Barcelos, C.R.L.",Barcelos,Semanal,ERC,3
MED-PT-0273,Barlavento,PT,Portugal,pt,WEB,Médias régionaux (hors PQR),Actualités-Infos Générales,Régionale/Départementale,https://barlavento.pt,"Porlagmédia - Edição e Distribuição, Lda.",Lagoa,Diária,ERC,3
MED-PT-0274,Batida FM,PT,Portugal,pt,RADIO,Radios Régionales,Actualités-Infos Générales,Régionale/Départementale,https://en.wikipedia.org/wiki/Batida_FM,,,,WIKIPEDIA,3
MED-PT-0275,Batida FM Cantanhede,PT,Portugal,pt,RADIO,Radios Régionales,Actualités-Infos Générales,Régionale/Départementale,,"Bmhaudio Portugal Holdings, Unipessoal, Lda. & Comandita",Lisboa,Continu,ERC,3
MED-PT-0276,Batida FM Maia,PT,Portugal,pt,RADIO,Radios Régionales,Actualités-Infos Générales,Régionale/Départementale,,"Bmhaudio Portugal Holdings, Unipessoal, Lda. & Comandita",Lisboa,Continu,ERC,3
MED-PT-0277,Batida FM Moita,PT,Portugal,pt,RADIO,Radios Régionales,Actualités-Infos Générales,Régionale/Départementale,,"Bmhaudio Portugal Holdings, Unipessoal, Lda. & Comandita",Lisboa,Continu,ERC,3
MED-PT-0278,BDLP,PT,Portugal,pt,PRESSE,Médias d'information générale (hors PQN),Actualités-Infos Générales,Nationale,https://pt.wikipedia.org/wiki/BDLP,,,,WIKIPEDIA,3
MED-PT-0279,Beachcam,PT,Portugal,pt,WEB,Médias spécialisés grand public,Actualités-Infos Générales,Nationale,https://beachcam.meo.pt,Wavenation - Conteúdos e Media Lda,Lisboa,Diária,ERC,3
MED-PT-0280,Beat FM Rádio,PT,Portugal,pt,RADIO,Radios Web/Podcasts,Actualités-Infos Générales,Régionale/Départementale,https://www.beatfm.pt,Sérgio Manuel Loureiro Alves da Silva Pinto,Maia,Continu,ERC,3
MED-PT-0281,BEAUTYLAND - Um Mundo de Beleza & Bem Estar,PT,Portugal,pt,PRESSE,Médias spécialisés grand public,Mode-Beauté-Bien être,Nationale,https://beautyland.pt,"Salvado & Sousa, Business Alliance, Lda.",Lisboa,Semestral,ERC,3
MED-PT-0282,Beira Alta TV,PT,Portugal,pt,WEB,Médias régionaux (hors PQR),Actualités-Infos Générales,Régionale/Départementale,http://beiraaltatv.sapo.pt,Sérgio António dos Santos Caetano,Quintas do Salgueiro,Semanal,ERC,3
MED-PT-0283,Beira Baixa TV,PT,Portugal,pt,WEB,Médias régionaux (hors PQR),Actualités-Infos Générales,Régionale/Départementale,http://beirabaixatv.pt,"Pinto Lobo Comunicação e Imagem, Lda.",Castelo Branco,Diária,ERC,3
MED-PT-0284,Beira Digital TV,PT,Portugal,pt,WEB,Médias régionaux (hors PQR),Actualités-Infos Générales,Régionale/Départementale,http://www.beiradigitaltv.pt,Dicionário Épico - Unipessoal Lda,Entroncamento,Diária,ERC,3
MED-PT-0285,Beira.pt,PT,Portugal,pt,WEB,Médias régionaux (hors PQR),Actualités-Infos Générales,Régionale/Départementale,https://www.beira.pt,ADSI - Agência para o Desenvolvimento da Sociedade de Informação e do Conhecimento,Guarda,Diária,ERC,3
MED-PT-0286,Beira Vouga,PT,Portugal,pt,PRESSE,Médias régionaux (hors PQR),Actualités-Infos Générales,Régionale/Départementale,https://www.beiravouga.pt,"Resumo Próprio - Comunicação Unipessoal, Lda.",Sever do Vouga,Quinzenal,ERC,3
MED-PT-0287,Benedita FM,PT,Portugal,pt,RADIO,Radios Régionales,Actualités-Infos Générales,Régionale/Départementale,,"Benedita FM - Produções Radiofónicas, Lda.",Benedita,Continu,ERC,3
MED-PT-0288,Benfica FM,PT,Portugal,pt,RADIO,Radios Web/Podcasts,Actualités-Infos Générales,Régionale/Départementale,https://uat.benficaplay.pt/page/embed-test,"Benfica FM, Unipessoal Lda.",Lisboa,Continu,ERC,3
MED-PT-0289,Benfica TV,PT,Portugal,pt,TV,TV Grandes Chaînes,Actualités-Infos Générales,Nationale,https://pt.wikipedia.org/wiki/Benfica_TV,,,,WIKIPEDIA,3
MED-PT-0290,Best Rock FM,PT,Portugal,pt,RADIO,Radios Régionales,Actualités-Infos Générales,Régionale/Départementale,https://en.wikipedia.org/wiki/Best_Rock_FM,,,,WIKIPEDIA,3
MED-PT-0291,Betano Mag,PT,Portugal,pt,PRESSE,Médias spécialisés grand public,Actualités-Infos Générales,Nationale,https://blog.betano.pt/betano-mag,Kaizen Gaming International Limited - Sucursal Portugal,Lisboa,4 x ano,ERC,3
MED-PT-0292,BGamer,PT,Portugal,pt,PRESSE,Médias d'information générale (hors PQN),Actualités-Infos Générales,Nationale,https://pt.wikipedia.org/wiki/BGamer,,,,WIKIPEDIA,3
MED-PT-0293,Bigger Magazine,PT,Portugal,pt,PRESSE,Médias régionaux (hors PQR),Actualités-Infos Générales,Régionale/Départementale,https://guimaraesdigital.pt/index.php/bigger,"Guimapress, SA",Guimarães,Mensal,ERC,3
MED-PT-0294,Biggs,PT,Portugal,pt,TV,TV Grandes Chaînes,Actualités-Infos Générales,Nationale,https://en.wikipedia.org/wiki/Biggs_%28TV_channel%29,,,,WIKIPEDIA,3
MED-PT-0295,BioHazMag,PT,Portugal,pt,WEB,Médias spécialisés grand public,Actualités-Infos Générales,Nationale,https://biohazmag.pt,"Deathclean, Unipessoal Lda.",Setúbal,Bienal,ERC,3
MED-PT-0296,Bipolar,PT,Portugal,pt,PRESSE,Médias spécialisés grand public,Actualités-Infos Générales,Nationale,https://www.adeb.pt,Associação de Apoio Aos Doentes Depressivos e Bipolares - ADEB,Lisboa,Semestral,ERC,3
MED-PT-0297,Bis3 Press,PT,Portugal,pt,WEB,Médias spécialisés grand public,Actualités-Infos Générales,Nationale,http://www.bis3press.com,Jorge Fernando Rocha Garrido,Ermesinde,Mensal,ERC,3
MED-PT-0298,BI Turbo Açores Magazine,PT,Portugal,pt,PRESSE,Médias régionaux (hors PQR),Actualités-Infos Générales,Régionale/Départementale,,"Just4Solutions - Comunicação e Imagem, Lda.",Ponta Delgada,Mensal,ERC,3
MED-PT-0299,Blast,PT,Portugal,pt,TV,TV Grandes Chaînes,Actualités-Infos Générales,Nationale,https://pt.wikipedia.org/wiki/Blast,,,,WIKIPEDIA,3
MED-PT-0300,Blimunda,PT,Portugal,pt,WEB,Médias spécialisés grand public,Actualités-Infos Générales,Nationale,https://blimunda.josesaramago.org,Fundação José Saramago,Lisboa,Mensal,ERC,3
MED-PT-0301,Blitz,PT,Portugal,pt,WEB,Médias spécialisés grand public,Actualités-Infos Générales,Nationale,https://expresso.pt/blitz,"Impresa Publishing, SA",Paço de Arcos,Diária,ERC,3
MED-PT-0302,Blue Travel,PT,Portugal,pt,PRESSE,Médias spécialisés grand public,Actualités-Infos Générales,Nationale,http://www.revistabluetravel.com,"Essência Eventos e Comunicação Unipessoal, Lda",Porto,Bimestral,ERC,3
MED-PT-0303,BM - Boletim de Militantes da LOC/MTC,PT,Portugal,pt,PRESSE,Médias associatifs,Social-Société,Nationale,https://www.loc-mtc.ecclesia.pt,Liga Operária Católica - Movimento de Trabalhadores Cristãos - LOC/MTC,Lisboa,Trimestral,ERC,3
MED-PT-0304,BNews,PT,Portugal,pt,WEB,Médias spécialisés grand public,Actualités-Infos Générales,Nationale,https://www.slbenfica.pt,Sport Lisboa e Benfica,Lisboa,Diária,ERC,3
MED-PT-0305,Boa Nova - Actualidade Missionária,PT,Portugal,pt,PRESSE,Médias associatifs,Social-Société,Nationale,https://revista.boanova.pt,Sociedade Portuguesa das Missões Católicas Ultramarinas/Sociedade Missionária da Boa Nova,Cucujães,Mensal,ERC,3
MED-PT-0306,Boa Semente,PT,Portugal,pt,PRESSE,Médias associatifs,Social-Société,Nationale,https://issuu.com/livrariacapu,Assembleia de Deus Pentecostal,Lisboa,Mensal,ERC,3
MED-PT-0307,Bola na Rede,PT,Portugal,pt,WEB,Médias spécialisés grand public,Actualités-Infos Générales,Nationale,https://www.bolanarede.pt,Mário Alexandre Cagica Pinto Pontes de Oliveira,Lisboa,Diária,ERC,3
MED-PT-0308,Boletim da Faculdade de Direito da Universidade de Coimbra,PT,Portugal,pt,PRESSE,Médias d'information générale (hors PQN),Actualités-Infos Générales,Nationale,https://pt.wikipedia.org/wiki/Boletim_da_Faculdade_de_Direito_da_Universidade_de_Coimbra,,,,WIKIPEDIA,3
MED-PT-0309,Boletim da Sociedade Portuguesa de Matemática,PT,Portugal,pt,WEB,Médias spécialisés grand public,Actualités-Infos Générales,Nationale,https://revistas.rcaap.pt/boletimspm,Sociedade Portuguesa de Matemática,Lisboa,Anual,ERC,3
MED-PT-0310,Boletim do Contribuinte,PT,Portugal,pt,PRESSE,Médias spécialisés grand public,Actualités-Infos Générales,Nationale,https://www.vidaeconomica.pt,"Vida Económica - Editorial, SA",Porto,Quinzenal,ERC,3
MED-PT-0311,Boletim do Ministério da Justiça,PT,Portugal,pt,PRESSE,Médias d'information générale (hors PQN),Actualités-Infos Générales,Nationale,https://pt.wikipedia.org/wiki/Boletim_do_Minist%C3%A9rio_da_Justi%C3%A7a,,,,WIKIPEDIA,3
MED-PT-0312,Boletim do SIM,PT,Portugal,pt,PRESSE,Médias spécialisés grand public,Actualités-Infos Générales,Nationale,https://www.simedicos.pt,SIM - Sindicato Independente dos Médicos,Lisboa,Trimestral,ERC,3
MED-PT-0313,Boletim Esclerose Múltipla,PT,Portugal,pt,PRESSE,Médias spécialisés grand public,Actualités-Infos Générales,Nationale,https://www.spem.org,Sociedade Portuguesa de Esclerose Múltipla,Lisboa,Trimestral,ERC,3
MED-PT-0314,Boletim Informativo da Santa Casa da Misericordia de Sardoal,PT,Portugal,pt,PRESSE,Médias régionaux (hors PQR),Actualités-Infos Générales,Régionale/Départementale,,Santa Casa da Misericordia de Sardoal,Sardoal,Trimestral,ERC,3
MED-PT-0315,Boletim Informativo da Sociedade Histórica da Independência de Portugal,PT,Portugal,pt,WEB,Médias spécialisés grand public,Informatique-Télécommunications,Nationale,https://sociedadehistorica.pt/sociedade-historica/boletim-informativo,Sociedade Histórica da Independência de Portugal,Lisboa,Trimestral,ERC,3
MED-PT-0316,Boletim Salesiano,PT,Portugal,pt,PRESSE,Médias associatifs,Social-Société,Nationale,https://www.salesianos.pt/bs,Província Portuguesa da Sociedade Salesiana - Corporação Missionária,Lisboa,Bimestral,ERC,3
MED-PT-0317,Bombeiros.pt - O Portal dos Bombeiros Portugueses,PT,Portugal,pt,WEB,"Portails, Aggrégateurs",Actualités-Infos Générales,Nationale,http://www.bombeiros.pt,Sérgio Miguel Almeida Dias Cipriano,Gouveia,Semanal,ERC,3
MED-PT-0318,BombeirosTV,PT,Portugal,pt,WEB,Médias spécialisés grand public,Actualités-Infos Générales,Nationale,https://www.bombeirostv.pt,Filipe Ricardo Gonçalves Oitavem,Loures,Diária,ERC,3
MED-PT-0319,Bom Dia,PT,Portugal,pt,WEB,Médias régionaux (hors PQR),Actualités-Infos Générales,Régionale/Départementale,https://www.bomdia.eu,"Port - Portugueses Online Meios de Comunicação, Lda.",Felgueiras,Diária,ERC,3
MED-PT-0320,Bom Jesus do Monte,PT,Portugal,pt,PRESSE,Médias spécialisés grand public,Actualités-Infos Générales,Nationale,https://www.bomjesus.pt,Confraria Bom Jesus do Monte,Braga,Trimestral,ERC,3
MED-PT-0321,Bons Verdes,PT,Portugal,pt,PRESSE,Médias régionaux (hors PQR),Actualités-Infos Générales,Régionale/Départementale,https://www.vinhoverde.pt,Comissão de Viticultura da Região dos Vinhos Verdes,Porto,Anual,ERC,3
MED-PT-0322,Boom!!!,PT,Portugal,pt,PRESSE,Médias d'information générale (hors PQN),Actualités-Infos Générales,Nationale,https://pt.wikipedia.org/wiki/Boom%21%21%21,,,,WIKIPEDIA,3
MED-PT-0323,Borda d'Água,PT,Portugal,pt,PRESSE,Médias d'information générale (hors PQN),Actualités-Infos Générales,Nationale,https://pt.wikipedia.org/wiki/Borda_d%27%C3%81gua,,,,WIKIPEDIA,3
MED-PT-0324,BPD Visual Press,PT,Portugal,pt,WEB,Médias spécialisés grand public,Actualités-Infos Générales,Nationale,https://bpdvisualpress.com,Bernardo Benjamim Costa Silva,São João,Semanal,ERC,3
MED-PT-0325,Brados do Alentejo,PT,Portugal,pt,PRESSE,Médias régionaux (hors PQR),Actualités-Infos Générales,Régionale/Départementale,https://www.bradosdoalentejo.com.pt,Casa da Cultura de Estremoz,Estremoz,Quinzenal,ERC,3
MED-PT-0326,Braga TV,PT,Portugal,pt,WEB,Médias régionaux (hors PQR),Actualités-Infos Générales,Régionale/Départementale,https://www.bragatv.pt,"Angélica & Sandra Antunes, Lda.",Braga,Diária,ERC,3
MED-PT-0327,Brigantia,PT,Portugal,pt,PRESSE,Médias régionaux (hors PQR),Actualités-Infos Générales,Régionale/Départementale,https://www.cim-ttm.pt,Comunidade Intermunicipal das Terras de Trás-os-Montes,Bragança,Bienal,ERC,3
MED-PT-0328,Brincar a Escrever,PT,Portugal,pt,PRESSE,Médias spécialisés grand public,Actualités-Infos Générales,Nationale,https://brincaraescreverviseu.wordpress.com,Cátia Raquel Martinho Lopes,Viseu,Anual,ERC,3
MED-PT-0329,Brotéria,PT,Portugal,pt,PRESSE,Médias spécialisés grand public,Actualités-Infos Générales,Nationale,https://www.broteria.org,Brotéria - Associação Cultural e Científica,Lisboa,10 x ano,ERC,3
MED-PT-0330,Bsteen,PT,Portugal,pt,WEB,Médias associatifs,Social-Société,Nationale,https://www.bsteen.pt,"CAPU - Casa Publicadora da Convenção das Assembleias de Deus em Portugal, Lda",Lisboa,Mensal,ERC,3
MED-PT-0331,BTV 1,PT,Portugal,pt,TV,TV Câble/Sat,Sports,Nationale,,"Benfica TV, S.A.",Lisboa,Continu,ERC,3
MED-PT-0332,Building Creative Machines,PT,Portugal,pt,WEB,Médias spécialisés grand public,Actualités-Infos Générales,Nationale,http://www.buildingcreativemachines.com,Gonçalo Nuno Fernandes Perdigão,Lisboa,Semanal,ERC,3
MED-PT-0333,Business Voice,PT,Portugal,pt,WEB,Médias professionnels,Economie - Services,Nationale,https://www.businessvoice.pt,Manuel José Nogueira de Andrade,Rio Tinto,Mensal,ERC,3
MED-PT-0334,Caça & Cães de Caça,PT,Portugal,pt,PRESSE,Médias spécialisés grand public,Actualités-Infos Générales,Nationale,https://www.grupov.com,"Editorial Grupo V - Portugal, Lda",Covas,Mensal,ERC,3
MED-PT-0335,Caça e Pesca,PT,Portugal,pt,TV,TV Grandes Chaînes,Actualités-Infos Générales,Nationale,https://pt.wikipedia.org/wiki/Ca%C3%A7a_e_Pesca,,,,WIKIPEDIA,3
MED-PT-0336,Cadernos de Economia,PT,Portugal,pt,PRESSE,Médias professionnels,Economie - Services,Nationale,,"Polimeios - Produção de Meios, Lda.",Lisboa,Trimestral,ERC,3
MED-PT-0337,Cadernos de Educação de Infância,PT,Portugal,pt,PRESSE,Médias spécialisés grand public,Education-Enseignement,Nationale,,APEI - Associação dos Profissionais de Educação de Infância,Lisboa,Quadrimestral,ERC,3
MED-PT-0338,Cadernos de Saúde,PT,Portugal,pt,WEB,Médias spécialisés grand public,Médecine,Nationale,https://revistas.ucp.pt/index.php/cadernosdesaude,Universidade Católica Portuguesa,Lisboa,Semestral,ERC,3
MED-PT-0339,Cadernos Técnicos da Santa Casa da Misericórdia de Lisboa,PT,Portugal,pt,PRESSE,Médias spécialisés grand public,Maison-Décoration,Nationale,https://lojadacultura.scml.pt,Santa Casa da Misericórdia de Lisboa,Lisboa,Quadrimestral,ERC,3
MED-PT-0340,Caderno Vermelho,PT,Portugal,pt,PRESSE,Médias associatifs,Social-Société,Nationale,,Partido Comunista Português - PCP,Lisboa,Anual,ERC,3
MED-PT-0341,Cadmo,PT,Portugal,pt,PRESSE,Médias d'information générale (hors PQN),Actualités-Infos Générales,Nationale,https://pt.wikipedia.org/wiki/Cadmo_%28revista%29,,,,WIKIPEDIA,3
MED-PT-0342,Caima-Azeméis FM Rádio,PT,Portugal,pt,RADIO,Radios Régionales,Actualités-Infos Générales,Régionale/Départementale,,"COM+Comunicação, Lda.",Lisboa,Continu,ERC,3
MED-PT-0343,Cais,PT,Portugal,pt,PRESSE,Médias d'information générale (hors PQN),Actualités-Infos Générales,Nationale,https://www.cais.pt/revista-cais-do-mes,Cais - Associação de Solidariedade Social,Lisboa,Mensal,ERC,3
MED-PT-0344,Cake Art Magazine by Sophia Fox,PT,Portugal,pt,WEB,Médias spécialisés grand public,"Culture/Arts, littérature et culture générale",Nationale,https://www.cakeartmagazine.com,Sofia Almeida Raposo,Fernão Ferro,Trimestral,ERC,3
MED-PT-0345,Caminha 2000,PT,Portugal,pt,WEB,Médias régionaux (hors PQR),Actualités-Infos Générales,Régionale/Départementale,https://www.caminha2000.com,Maria Isabel da Conceição Reis de Sousa,Caminha,Diária,ERC,3
MED-PT-0346,Campeão das Províncias,PT,Portugal,pt,PRESSE,Médias régionaux (hors PQR),Actualités-Infos Générales,Régionale/Départementale,https://www.campeaoprovincias.pt,"Regivoz - Empresa de Comunicação, Lda.",Coimbra,Semanal,ERC,3
MED-PT-0347,Campo & Jardim,PT,Portugal,pt,PRESSE,Médias spécialisés grand public,Actualités-Infos Générales,Nationale,,Ana Catarina de Sousa Pereira Madureira,Prior Velho,Trimestral,ERC,3
MED-PT-0348,Canal 11,PT,Portugal,pt,TV,TV Grandes Chaînes,Actualités-Infos Générales,Nationale,https://pt.wikipedia.org/wiki/Canal_11,,,,WIKIPEDIA,3
MED-PT-0349,Canal180,PT,Portugal,pt,TV,TV Grandes Chaînes,Actualités-Infos Générales,Nationale,https://pt.wikipedia.org/wiki/Canal180,,,,WIKIPEDIA,3
MED-PT-0350,Canal Alentejo,PT,Portugal,pt,WEB,Médias régionaux (hors PQR),Actualités-Infos Générales,Régionale/Départementale,https://canalalentejo.sapo.pt,"Talentos Delicados - Produção e Realização de Programas de Televisão Unipessoal, Lda.",Portalegre,Diária,ERC,3
MED-PT-0351,Canal BLAST,PT,Portugal,pt,TV,TV Câble/Sat,"Culture/Divertissement, Cinéma, Jeux vidéos",Nationale,,"Dreamia - Serviços de Televisão, S.A.",Lisboa,Continu,ERC,3
MED-PT-0352,CanalCentral,PT,Portugal,pt,WEB,Médias régionaux (hors PQR),Actualités-Infos Générales,Régionale/Départementale,https://www.canalcentral.pt,Associação para a Educação e Valorização da Região de Aveiro,Aveiro,Diária,ERC,3
MED-PT-0353,Canal de Notícias de Lisboa,PT,Portugal,pt,TV,TV Grandes Chaînes,Actualités-Infos Générales,Nationale,https://en.wikipedia.org/wiki/Canal_de_Not%C3%ADcias_de_Lisboa,,,,WIKIPEDIA,3
MED-PT-0354,Canal FM,PT,Portugal,pt,RADIO,Radios Régionales,Actualités-Infos Générales,Régionale/Départementale,,"Costa & Osório, Unipessoal, Lda.",Povoação,Continu,ERC,3
MED-PT-0355,Canal FM Centro,PT,Portugal,pt,RADIO,Radios Régionales,Actualités-Infos Générales,Régionale/Départementale,,"Costa & Osório, Unipessoal, Lda.",Povoação,Continu,ERC,3
MED-PT-0356,Canal FM Flores,PT,Portugal,pt,RADIO,Radios Régionales,Actualités-Infos Générales,Régionale/Départementale,,"Ecos das Flores - Actividades de Rádio e Televisão, Lda",Ponta Delgada,Continu,ERC,3
MED-PT-0357,Canal Hollywood,PT,Portugal,pt,TV,TV Grandes Chaînes,Actualités-Infos Générales,Nationale,https://pt.wikipedia.org/wiki/Canal_Hollywood,,,,WIKIPEDIA,3
MED-PT-0358,CanalN Mirandela,PT,Portugal,pt,WEB,Médias régionaux (hors PQR),Actualités-Infos Générales,Régionale/Départementale,https://www.CanalN.tv,"Inordeste, Produção de Conteúdos Multimédia, Unipessoal, Lda.",Mirandela,Diária,ERC,3
MED-PT-0359,CANAL NOS,PT,Portugal,pt,TV,TV Câble/Sat,Lifestyle,Nationale,,"NOS Audio – Sales and Distribution, S.A",Lisboa,Continu,ERC,3
MED-PT-0360,Canal Odisseia,PT,Portugal,pt,TV,TV Grandes Chaînes,Actualités-Infos Générales,Nationale,https://pt.wikipedia.org/wiki/Canal_Odisseia,,,,WIKIPEDIA,3
MED-PT-0361,Canal Panda,PT,Portugal,pt,TV,TV Grandes Chaînes,Actualités-Infos Générales,Nationale,https://en.wikipedia.org/wiki/Canal_Panda,,,,WIKIPEDIA,3
MED-PT-0362,Canal Q,PT,Portugal,pt,TV,TV Grandes Chaînes,Actualités-Infos Générales,Nationale,https://pt.wikipedia.org/wiki/Canal_Q,,,,WIKIPEDIA,3
MED-PT-0363,Canal SPT,PT,Portugal,pt,TV,TV Grandes Chaînes,Actualités-Infos Générales,Nationale,https://pt.wikipedia.org/wiki/Canal_SPT,,,,WIKIPEDIA,3
MED-PT-0364,Cannareporter,PT,Portugal,pt,WEB,Médias spécialisés grand public,Actualités-Infos Générales,Nationale,https://www.cannareporter.eu,Associação Cannareporter,Machico,Quadrissemanal,ERC,3
MED-PT-0365,CAPEIAARRAIANA.PT,PT,Portugal,pt,WEB,Médias régionaux (hors PQR),Actualités-Infos Générales,Régionale/Départementale,https://capeiaarraiana.pt,"JCLAGES - Viagens e Transfers, Unipessoal, Lda.",Póvoa de Santo Adrião,Diária,ERC,3
MED-PT-0366,Capital Verde,PT,Portugal,pt,WEB,Médias spécialisés grand public,Actualités-Infos Générales,Nationale,https://capitalverde.pt,"Swipe News, S.A.",Lisboa,Diária,ERC,3
MED-PT-0367,CAPSAO,PT,Portugal,pt,RADIO,Radios Régionales,Actualités-Infos Générales,Régionale/Départementale,,"Sobral FM - Sociedade de Comunicação, Unipessoal, Lda.",Sobral de Monte Agraço,Continu,ERC,3
MED-PT-0368,Caras,PT,Portugal,pt,PRESSE,Médias spécialisés grand public,Actualités-Infos Générales,Nationale,,"Grupo Perfil Inversora, S.A.",Paço de Arcos,Trimestral,ERC,3
MED-PT-0369,Caras Decoração,PT,Portugal,pt,PRESSE,Médias spécialisés grand public,Maison-Décoration,Nationale,,"Grupo Perfil Inversora, S.A.",Porto Salvo,Mensal,ERC,3
MED-PT-0370,Cardeal Saraiva,PT,Portugal,pt,PRESSE,Médias régionaux (hors PQR),Actualités-Infos Générales,Régionale/Départementale,https://www.cardealsaraiva.com,Dinora Alferes Guimarães de Sousa e Castro,Ponte de Lima,Semanal,ERC,3
MED-PT-0371,Cardus,PT,Portugal,pt,WEB,Médias spécialisés grand public,Actualités-Infos Générales,Nationale,http://www.cardus.online,Edmundo Baptista Cardeira,Barcarena,Mensal,ERC,3
MED-PT-0372,Carros & Motores,PT,Portugal,pt,PRESSE,Médias spécialisés grand public,Auto-Moto-Cyclo,Nationale,,"Editorial Grupo V - Portugal, Lda",Covas,Mensal,ERC,3
MED-PT-0373,Carteira Deco Proteste Investe,PT,Portugal,pt,PRESSE,Médias spécialisés grand public,"Culture/Arts, littérature et culture générale",Nationale,https://www.deco.proteste.pt/investe/quem-somos-p194718.ht,"Deco Proteste, Editores, Lda.",Lisboa,Mensal,ERC,3
MED-PT-0374,Cartoonito,PT,Portugal,pt,TV,TV Grandes Chaînes,Actualités-Infos Générales,Nationale,https://pt.wikipedia.org/wiki/Cartoonito_%28Portugal%29,,,,WIKIPEDIA,3
MED-PT-0375,Caruspinus,PT,Portugal,pt,PRESSE,Médias régionaux (hors PQR),Actualités-Infos Générales,Régionale/Départementale,https://www.caruspinus.pt,Clube Cultural e Recreativo de Carapito,Carapito,Bimestral,ERC,3
MED-PT-0376,Carzoom,PT,Portugal,pt,WEB,Médias spécialisés grand public,Actualités-Infos Générales,Nationale,https://www.carzoom.pt,Tiago Miguel Fugas das Neves,Mercês,Diária,ERC,3
MED-PT-0377,Casa e Cozinha,PT,Portugal,pt,TV,TV Câble/Sat,Lifestyle,Nationale,,"Dreamia - Serviços de Televisão, S.A.",Lisboa,Continu,ERC,3
MED-PT-0378,Casa.Sapo.pt Notícias,PT,Portugal,pt,WEB,Médias spécialisés grand public,Maison-Décoration,Nationale,https://www.casa.sapo.pt/news,"Janela Digital - Informática e Telecomunicações, S.A.",Casal do Zambujeiro,Diária,ERC,3
MED-PT-0379,Casas de Portugal,PT,Portugal,pt,PRESSE,Médias spécialisés grand public,Maison-Décoration,Nationale,,"Moon Media - Comunicação, Unipessoal, Lda",Bicesse,Bimestral,ERC,3
MED-PT-0380,Cascais24horas,PT,Portugal,pt,WEB,Blogs,Actualités-Infos Générales,Régionale/Départementale,https://cascais24horasdestaques.blogspot.com,Valdemar de Jesus Pinheiro Perdigoto,Manique,Diária,ERC,3
MED-PT-0381,CATS PT magazine,PT,Portugal,pt,WEB,Médias spécialisés grand public,Actualités-Infos Générales,Nationale,https://www.cats-ptmagazine.com,Marta Isabel Vicente Neto Manta,Casal das Figueiras,Semanal,ERC,3
MED-PT-0382,Cávado Jornal,PT,Portugal,pt,PRESSE,PQR/PQD (Quotidiens régionaux),Actualités-Infos Générales,Régionale/Départementale,https://www.cavadojornal.pt,Embraceprofit - Lda.,Barcelos,Bimensal,ERC,3
MED-PT-0383,Cavaleiro da Imaculada,PT,Portugal,pt,PRESSE,Médias associatifs,Social-Société,Nationale,https://www.salesianos.pt/arquivo-do-cavaleiro-da-imaculada,Província Portuguesa da Sociedade Salesiana - Corporação Missionária,Porto,Mensal,ERC,3
MED-PT-0384,CDP - Cadernos de Direito Privado,PT,Portugal,pt,PRESSE,Médias professionnels,Droit,Nationale,https://www.cejur.pt,Cejur - Centro de Estudos Jurídicos do Minho,Braga,Trimestral,ERC,3
MED-PT-0385,Celebração Litúrgica,PT,Portugal,pt,PRESSE,Médias associatifs,Social-Société,Nationale,,"Edições Licel, C.R.L.",Braga,Bimestral,ERC,3
MED-PT-0386,Centauro,PT,Portugal,pt,PRESSE,Médias d'information générale (hors PQN),Actualités-Infos Générales,Nationale,https://pt.wikipedia.org/wiki/Centauro_%28revista%29,,,,WIKIPEDIA,3
MED-PT-0387,Central FM,PT,Portugal,pt,RADIO,Radios Régionales,Actualités-Infos Générales,Régionale/Départementale,,"Rádio Mais, CRL",Amadora,Continu,ERC,3
MED-PT-0388,Central Magazine,PT,Portugal,pt,PRESSE,Médias régionaux (hors PQR),Actualités-Infos Générales,Régionale/Départementale,https://www.central-algarve.com,"Anglopress - Edições e Publicidade, Lda.",Lagoa,Trimestral,ERC,3
MED-PT-0389,Central Notícias,PT,Portugal,pt,WEB,Médias d'information générale (hors PQN),Actualités-Infos Générales,Nationale,http://www.centralnoticias.net,Jorge Manuel Martins Caseiro,Almada,Diária,ERC,3
MED-PT-0390,Central Press,PT,Portugal,pt,WEB,Médias régionaux (hors PQR),Actualités-Infos Générales,Régionale/Départementale,https://www.centralpress.pt,"CentralTV - Central Press Network, S.A.",Coimbra,Diária,ERC,3
MED-PT-0391,Centro Portugal.pt,PT,Portugal,pt,PRESSE,Médias régionaux (hors PQR),Actualités-Infos Générales,Régionale/Départementale,https://centroportugal.news.pt,Jorge Manuel de Abreu Castilho,Coimbra,Mensal,ERC,3
MED-PT-0392,Centro TV,PT,Portugal,pt,WEB,Médias régionaux (hors PQR),Actualités-Infos Générales,Régionale/Départementale,https://centrotv.sapo.pt,"BKN - Breaking News, Unipessoal, Lda.",Oliveira do Hospital,Diária,ERC,3
MED-PT-0393,Cerveira Nova,PT,Portugal,pt,PRESSE,Médias régionaux (hors PQR),Actualités-Infos Générales,Régionale/Départementale,https://www.cerveiranova.pt,"Rádio Cultural de Cerveira - R.C.C. Cooperativa de Radiodifusão, CRL",Vila Nova de Cerveira,Quinzenal,ERC,3
MED-PT-0394,CF Correio da Feira,PT,Portugal,pt,WEB,Médias régionaux (hors PQR),Actualités-Infos Générales,Régionale/Départementale,https://correiodafeira.pt,"Efeito Mensagem, Lda.",Roligo,Anual,ERC,3
MED-PT-0395,Chaves FM,PT,Portugal,pt,RADIO,Radios Régionales,Actualités-Infos Générales,Régionale/Départementale,,"Próvotexto Unipessoal, Lda.",Chaves,Continu,ERC,3
MED-PT-0396,Checksound,PT,Portugal,pt,WEB,Médias spécialisés grand public,Actualités-Infos Générales,Nationale,https://www.checksound.pt,Rúben José Cruz Viegas,Faro,Mensal,ERC,3
MED-PT-0397,"CH Magazine de Cultura, Lazer & Viagens",PT,Portugal,pt,WEB,Médias spécialisés grand public,"Culture/Arts, littérature et culture générale",Nationale,http://www.chmagazine.pt,Elsa Maria Teixeira Furtado,Lisboa,Diária,ERC,3
MED-PT-0398,Christian Life Magazine,PT,Portugal,pt,WEB,Médias associatifs,Social-Société,Nationale,http://www.app-christianlife.com,"Christian Life Audiovisuais, Unipessoal, Lda.",Rinchoa,Semanal,ERC,3
MED-PT-0399,CiberSegurança.PT,PT,Portugal,pt,WEB,Médias spécialisés grand public,Actualités-Infos Générales,Nationale,http://www.ciberseguranca.pt,José Jorge Correia dos Santos,Paços de Brandão,Semanal,ERC,3
MED-PT-0400,Ciclismo+TV,PT,Portugal,pt,WEB,Médias spécialisés grand public,Actualités-Infos Générales,Nationale,https://www.ciclismomaistv.com,Margarida Pereira da Silva Cunha,São Miguel da Carreira,Diária,ERC,3
MED-PT-0401,Cidade de Tomar,PT,Portugal,pt,PRESSE,Médias régionaux (hors PQR),Actualités-Infos Générales,Régionale/Départementale,,"Empresa Editora Cidade de Tomar, Lda.",Tomar,Semanal,ERC,3
MED-PT-0402,Cidade do Porto,PT,Portugal,pt,PRESSE,Médias régionaux (hors PQR),Actualités-Infos Générales,Régionale/Départementale,https://cidadedoporto.pt,"COM+Comunicação, Lda.",Porto,Mensal,ERC,3
MED-PT-0403,Cidade FM,PT,Portugal,pt,RADIO,Radios Régionales,Actualités-Infos Générales,Régionale/Départementale,https://en.wikipedia.org/wiki/Cidade_FM,,,,WIKIPEDIA,3
MED-PT-0404,Cidade FM Algarve,PT,Portugal,pt,RADIO,Radios Régionales,Actualités-Infos Générales,Régionale/Départementale,,"Cooperativa Rádio Clube de Loulé, CRL",Loulé,Continu,ERC,3
MED-PT-0405,Cidade FM Aveiro,PT,Portugal,pt,RADIO,Radios Régionales,Actualités-Infos Générales,Régionale/Départementale,,"Rádio Independente de Aveiro - Cooperativa de Radiodifusão, CRL",Aveiro,Continu,ERC,3
MED-PT-0406,Cidade FM Centro,PT,Portugal,pt,RADIO,Radios Régionales,Actualités-Infos Générales,Régionale/Départementale,,"Bmhaudio Portugal Holdings, Unipessoal, Lda. & Comandita",Lisboa,Continu,ERC,3
MED-PT-0407,Cidade FM Lisboa,PT,Portugal,pt,RADIO,Radios Régionales,Actualités-Infos Générales,Régionale/Départementale,,"Bmhaudio Portugal Holdings, Unipessoal, Lda. & Comandita",Lisboa,Continu,ERC,3
MED-PT-0408,Cidade FM Minho,PT,Portugal,pt,RADIO,Radios Régionales,Actualités-Infos Générales,Régionale/Départementale,,"Bmhaudio Portugal Holdings, Unipessoal, Lda. & Comandita",Lisboa,Continu,ERC,3
MED-PT-0409,Cidade FM Ribatejo,PT,Portugal,pt,RADIO,Radios Régionales,Actualités-Infos Générales,Régionale/Départementale,,"Bmhaudio Portugal Holdings, Unipessoal, Lda. & Comandita",Lisboa,Continu,ERC,3
MED-PT-0410,Cidade FM Tejo,PT,Portugal,pt,RADIO,Radios Régionales,Actualités-Infos Générales,Régionale/Départementale,,"Bmhaudio Portugal Holdings, Unipessoal, Lda. & Comandita",Lisboa,Continu,ERC,3
MED-PT-0411,Cidade FM - Vale de Cambra,PT,Portugal,pt,RADIO,Radios Régionales,Actualités-Infos Générales,Régionale/Départementale,,"Bmhaudio Portugal Holdings, Unipessoal, Lda. & Comandita",Lisboa,Continu,ERC,3
MED-PT-0412,Cidade FM Viseu,PT,Portugal,pt,RADIO,Radios Régionales,Actualités-Infos Générales,Régionale/Départementale,,"Nodigráfica - Informação e Artes Gráficas, Lda",Viseu,Continu,ERC,3
MED-PT-0413,Cidade Funk,PT,Portugal,pt,RADIO,Radios Web/Podcasts,Actualités-Infos Générales,Régionale/Départementale,https://rayo.pt/cidade-funk,Bmhaudio Portugal Holdings Unipessoal Lda. & Comandita,Lisboa,Continu,ERC,3
MED-PT-0414,Cidade HipHop,PT,Portugal,pt,RADIO,Radios Web/Podcasts,Actualités-Infos Générales,Régionale/Départementale,http://rayo.pt/cidade-hip-hop,"Bmhaudio Portugal Holdings, Unipessoal, Lda. & Comandita",Lisboa,Continu,ERC,3
MED-PT-0415,Cidade Hoje,PT,Portugal,pt,PRESSE,Médias régionaux (hors PQR),Actualités-Infos Générales,Régionale/Départementale,https://cidadehoje.sapo.pt,Círculo de Cultura Famalicense,Vila Nova de Famalicão,Mensal,ERC,3
MED-PT-0416,Cidade Latina,PT,Portugal,pt,RADIO,Radios Web/Podcasts,Actualités-Infos Générales,Régionale/Départementale,https://rayo.pt/cidade-fm,"Bmhaudio Portugal Holdings, Unipessoal, Lda. & Comandita",Lisboa,Continu,ERC,3
MED-PT-0417,Cidades. Comunidades e Territórios,PT,Portugal,pt,WEB,Médias spécialisés grand public,Actualités-Infos Générales,Nationale,http://revistas.rcaap.pt/cct,ISCTE-IUL - Instituto Universitário de Lisboa,Lisboa,Quadrimestral,ERC,3
MED-PT-0418,Cinco Quinas,PT,Portugal,pt,PRESSE,Médias régionaux (hors PQR),Actualités-Infos Générales,Régionale/Départementale,https://www.cincoquinas.net,"Graficôa - Sociedade de Artes Gráficas e Publicações, Lda",Sabugal,Mensal,ERC,3
MED-PT-0419,Cinemundo,PT,Portugal,pt,TV,TV Câble/Sat,"Culture/Divertissement, Cinéma, Jeux vidéos",Nationale,,"Cinemundo, Lda.",Lisboa,Continu,ERC,3
MED-PT-0420,Cister FM,PT,Portugal,pt,RADIO,Radios Régionales,Actualités-Infos Générales,Régionale/Départementale,,"Rádio Cister - Cooperativa Regional de Serviços Radiofónicos, CRL",Alcobaça,Continu,ERC,3
MED-PT-0421,CJA - Cadernos de Justiça Administrativa,PT,Portugal,pt,PRESSE,Médias spécialisés grand public,Actualités-Infos Générales,Nationale,https://www.cejur.pt,Cejur - Centro de Estudos Jurídicos do Minho,Braga,Bianual,ERC,3
MED-PT-0422,CJT - Cadernos de Justiça Tributária,PT,Portugal,pt,PRESSE,Médias spécialisés grand public,Actualités-Infos Générales,Nationale,https://www.cejur.pt,Cejur - Centro de Estudos Jurídicos do Minho,Braga,Trimestral,ERC,3
MED-PT-0423,Clubhouse Algarve,PT,Portugal,pt,PRESSE,Médias associatifs,Actualités-Infos Générales,Régionale/Départementale,https://www.clubhouse.com,"Open Media - Design e Publicações, SA",Lagoa,Anual,ERC,3
MED-PT-0424,CM Rádio 90.4,PT,Portugal,pt,RADIO,Radios Régionales,Actualités-Infos Générales,Régionale/Départementale,,"Sociedade Franco Portuguesa de Comunicação, SA",Lisboa,Continu,ERC,3
MED-PT-0425,CM Rádio 94.8,PT,Portugal,pt,RADIO,Radios Régionales,Actualités-Infos Générales,Régionale/Départementale,,"Radio Festival do Norte, SA",Porto,Continu,ERC,3
MED-PT-0426,CMTV Internacional,PT,Portugal,pt,TV,TV Grandes Chaînes,Actualités-Infos Générales,Nationale,,"Medialivre, S.A.",Lisboa,Continu,ERC,3
MED-PT-0427,CNN International,PT,Portugal,pt,TV,TV Grandes Chaînes,Actualités-Infos Générales,Nationale,https://pt.wikipedia.org/wiki/CNN_International,,,,WIKIPEDIA,3
MED-PT-0428,CódigoPro,PT,Portugal,pt,PRESSE,Médias d'information générale (hors PQN),Actualités-Infos Générales,Nationale,https://www.codigopro.pt,"Editora Codigopro - Edição de Publicações Periódicas Unipessoal, Lda",Porto,Trimestral,ERC,3
MED-PT-0429,Coffeepaste,PT,Portugal,pt,WEB,Médias spécialisés grand public,Actualités-Infos Générales,Nationale,http://www.coffeepaste.com,Linguagem Próxima - Associação Cultural,Lisboa,Semanal,ERC,3
MED-PT-0430,Cofre,PT,Portugal,pt,PRESSE,Médias d'information générale (hors PQN),Actualités-Infos Générales,Nationale,https://www.cofre.org,Cofre de Previdência dos Funcionários e Agentes do Estado,Lisboa,Trimestral,ERC,3
MED-PT-0431,Coimbra Coolectiva,PT,Portugal,pt,WEB,Médias régionaux (hors PQR),Actualités-Infos Générales,Régionale/Départementale,https://coimbracoolectiva.pt,Cool - Associação Coimbra Coolectiva - Jornalismo de Soluções,Coimbra,Semestral,ERC,3
MED-PT-0432,Coimbra University Radio,PT,Portugal,pt,RADIO,Radios Régionales,Actualités-Infos Générales,Régionale/Départementale,https://en.wikipedia.org/wiki/Coimbra_University_Radio,,,,WIKIPEDIA,3
MED-PT-0433,Colectânea de Jurisprudência,PT,Portugal,pt,PRESSE,Médias spécialisés grand public,Actualités-Infos Générales,Nationale,,Associação de Solidariedade Social Casa do Juiz,Coimbra,8 x ano,ERC,3
MED-PT-0434,Colóquio,PT,Portugal,pt,PRESSE,Médias d'information générale (hors PQN),Actualités-Infos Générales,Nationale,https://pt.wikipedia.org/wiki/Col%C3%B3quio_%28revistas%29,,,,WIKIPEDIA,3
MED-PT-0435,Combate,PT,Portugal,pt,PRESSE,Médias régionaux (hors PQR),Actualités-Infos Générales,Régionale/Départementale,https://en.wikipedia.org/wiki/Combate_%28newspaper%29,,,,WIKIPEDIA,3
MED-PT-0436,Combatente,PT,Portugal,pt,PRESSE,Médias spécialisés grand public,Actualités-Infos Générales,Nationale,http://www.ligacombatentes.org,Liga dos Combatentes,Lisboa,Trimestral,ERC,3
MED-PT-0437,Comercial 2000,PT,Portugal,pt,RADIO,Radios Web/Podcasts,Actualités-Infos Générales,Régionale/Départementale,https://rayo.pt/radio-comercial-2000,"Bmhaudio Portugal Holdings, Unipessoal, Lda. & Comandita",Lisboa,Continu,ERC,3
MED-PT-0438,Comercial 90,PT,Portugal,pt,RADIO,Radios Web/Podcasts,Actualités-Infos Générales,Régionale/Départementale,https://rayo.pt/radio-comercial-90,"Bmhaudio Portugal Holdings, Unipessoal, Lda. & Comandita",Lisboa,Continu,ERC,3
MED-PT-0439,Comercial Brasil,PT,Portugal,pt,RADIO,Radios Web/Podcasts,Actualités-Infos Générales,Régionale/Départementale,https://rayo.pt/radio-comercial-brasil,"Bmhaudio Portugal Holdings, Unipessoal, Lda. & Comandita",Lisboa,Continu,ERC,3
MED-PT-0440,Comercial By Night,PT,Portugal,pt,RADIO,Radios Web/Podcasts,Actualités-Infos Générales,Régionale/Départementale,https://rayo.pt/radio-comercial-by-night,"Bmhaudio Portugal Holdings, Unipessoal, Lda. & Comandita",Lisboa,Continu,ERC,3
MED-PT-0441,Comercial Dance,PT,Portugal,pt,RADIO,Radios Web/Podcasts,Actualités-Infos Générales,Régionale/Départementale,https://rayo.pt/radio-comercial-dance,"Bmhaudio Portugal Holdings, Unipessoal, Lda. & Comandita",Lisboa,Continu,ERC,3
MED-PT-0442,Comercial KIDS,PT,Portugal,pt,RADIO,Radios Web/Podcasts,Actualités-Infos Générales,Régionale/Départementale,https://rayo.pt/radio-comercial-kids,"Bmhaudio Portugal Holdings, Unipessoal, Lda. & Comandita",Lisboa,Continu,ERC,3
MED-PT-0443,Comercial One Hit Wonders,PT,Portugal,pt,RADIO,Radios Web/Podcasts,Actualités-Infos Générales,Régionale/Départementale,https://rayo.pt/radio-comercial-one-hit-wonders,"Bmhaudio Portugal Holdings, Unipessoal, Lda. & Comandita",Lisboa,Continu,ERC,3
MED-PT-0444,Comercial Portugal,PT,Portugal,pt,RADIO,Radios Web/Podcasts,Actualités-Infos Générales,Régionale/Départementale,https://rayo.pt/radio-comercial-portugal,"Bmhaudio Portugal Holdings, Unipessoal, Lda. & Comandita",Lisboa,Continu,ERC,3
MED-PT-0445,Comercial Rock,PT,Portugal,pt,RADIO,Radios Web/Podcasts,Actualités-Infos Générales,Régionale/Départementale,https://rayo.pt/radio-comercial-rock,"Bmhaudio Portugal Holdings, Unipessoal, Lda. & Comandita",Lisboa,Continu,ERC,3
MED-PT-0446,Comercial Santos Populares,PT,Portugal,pt,RADIO,Radios Web/Podcasts,Actualités-Infos Générales,Régionale/Départementale,http://rayo.pt/radio-comercial-santos-populares,"Bmhaudio Portugal Holdings, Unipessoal, Lda. & Comandita",Lisboa,Continu,ERC,3
MED-PT-0447,Comércio do Funchal,PT,Portugal,pt,PRESSE,Médias régionaux (hors PQR),Actualités-Infos Générales,Régionale/Départementale,https://pt.wikipedia.org/wiki/Com%C3%A9rcio_do_Funchal,,,,WIKIPEDIA,3
MED-PT-0448,Comércio do Seixal e Sesimbra,PT,Portugal,pt,PRESSE,Médias régionaux (hors PQR),Actualités-Infos Générales,Régionale/Départementale,,Ângela Maria Cortegaça Antunes Pires Rosa,Arrentela,Semanal,ERC,3
MED-PT-0449,Comércio & Notícias,PT,Portugal,pt,WEB,Médias d'information générale (hors PQN),Actualités-Infos Générales,Nationale,https://www.comercioenoticias.pt,Isabel Maria Rosa Monteiro,Rio Maior,Diária,ERC,3
MED-PT-0450,Como Assim?,PT,Portugal,pt,PRESSE,Médias régionaux (hors PQR),Actualités-Infos Générales,Régionale/Départementale,,Associação Aldeia das Ciências,Évora,Semestral,ERC,3
MED-PT-0451,Com' Out,PT,Portugal,pt,PRESSE,Médias d'information générale (hors PQN),Actualités-Infos Générales,Nationale,https://pt.wikipedia.org/wiki/Com%27_Out,,,,WIKIPEDIA,3
MED-PT-0452,Complexo Desportivo,PT,Portugal,pt,WEB,Médias spécialisés grand public,Sports,Nationale,https://www.complexo.pt,"Complexo - Comunicação, Unipessoal, Lda.",Sousela,Semanal,ERC,3
MED-PT-0453,Computador,PT,Portugal,pt,PRESSE,Médias spécialisés grand public,Actualités-Infos Générales,Nationale,,"Vias do Futuro - Tecnologias de Informação, Lda",Lisboa,Mensal,ERC,3
MED-PT-0454,Comunicações,PT,Portugal,pt,WEB,Médias spécialisés grand public,Actualités-Infos Générales,Nationale,https://comunicacoes.apdc.pt,APDC - Associação Portuguesa para o Desenvolvimento das Comunicações,Lisboa,Trimestral,ERC,3
MED-PT-0455,Comunidade Cultura e Arte,PT,Portugal,pt,WEB,Médias spécialisés grand public,"Culture/Arts, littérature et culture générale",Nationale,https://www.comunidadeculturaearte.com,"CCA - Comunidade Cultura e Arte, Lda.",Trofa,Diária,ERC,3
MED-PT-0456,Concelho de Vila Nova de Gaia,PT,Portugal,pt,WEB,Médias régionaux (hors PQR),Actualités-Infos Générales,Régionale/Départementale,https://concelhodevilanovadegaia.sapo.pt,"Words Wizard, Lda.",Vila Nova de Gaia,Diária (dias úteis),ERC,3
MED-PT-0457,Conectv,PT,Portugal,pt,WEB,Médias régionaux (hors PQR),Actualités-Infos Générales,Régionale/Départementale,http://www.conectv.tv,Euds Ricardo Consoli Polito,Faro,Diária,ERC,3
MED-PT-0458,Confidencial Imobiliário,PT,Portugal,pt,PRESSE,Médias spécialisés grand public,BTP - Immobilier - Architecture,Nationale,,"Imoestatística-Sistemas de Informação de Imobiliária, Lda.",Porto,Mensal,ERC,3
MED-PT-0459,Confraria,PT,Portugal,pt,PRESSE,Médias spécialisés grand public,Actualités-Infos Générales,Nationale,https://www.fpcg.pt,Federação Portuguesa das Confrarias Gastronómicas,Lourosa de Cima,Trimestral,ERC,3
MED-PT-0460,Consciência e Liberdade,PT,Portugal,pt,PRESSE,Médias associatifs,Social-Société,Nationale,,Associação Internacional para a Defesa da Liberdade Religiosa,Sabugo,Anual,ERC,3
MED-PT-0461,Conservar Património,PT,Portugal,pt,WEB,Médias spécialisés grand public,Actualités-Infos Générales,Nationale,http://revista.arp.org.pt,Associação Profissional de Conservadores-Restauradores de Portugal,Lisboa,Quadrimestral,ERC,3
MED-PT-0462,Construção Magazine,PT,Portugal,pt,PRESSE,Médias spécialisés grand public,Actualités-Infos Générales,Nationale,,"Publindústria - Produção de Comunicação, Lda",Vila Nova de Gaia,Bimestral,ERC,3
MED-PT-0463,Construir,PT,Portugal,pt,PRESSE,Médias spécialisés grand public,Actualités-Infos Générales,Nationale,https://www.construir.pt,"Work Media - Comunicação, SA",Lisboa,Quinzenal,ERC,3
MED-PT-0464,Contacto SVD,PT,Portugal,pt,PRESSE,Médias associatifs,Social-Société,Nationale,https://www.verbodivino.pt,Seminário Missionário do Verbo Divino,Cova da Iria,Bimestral,ERC,3
MED-PT-0465,Conta Lá Centro,PT,Portugal,pt,TV,TV Grandes Chaînes,Actualités-Infos Générales,Nationale,,"Conta Lá - Conteúdos Audiovisuais, S.A.",Lisboa,Continu,ERC,3
MED-PT-0466,Conta Lá Norte,PT,Portugal,pt,TV,TV Grandes Chaînes,Actualités-Infos Générales,Nationale,,"Conta Lá - Conteúdos Audiovisuais, S.A.",Lisboa,Continu,ERC,3
MED-PT-0467,Conta Lá Rural,PT,Portugal,pt,TV,TV Câble/Sat,Lifestyle,Nationale,,"Conta Lá - Conteúdos Audiovisuais, S.A.",Lisboa,Continu,ERC,3
MED-PT-0468,Conta Lá Sul,PT,Portugal,pt,TV,TV Grandes Chaînes,Actualités-Infos Générales,Nationale,,"Conta Lá - Conteúdos Audiovisuais, S.A.",Lisboa,Continu,ERC,3
MED-PT-0469,Conta Rotações - Desporto Motorizado,PT,Portugal,pt,WEB,Médias spécialisés grand public,Sports,Nationale,https://www.contarotacoes.com,Jorge Manuel Pereira dos Santos,Leiria,Diária,ERC,3
MED-PT-0470,Contemporânea,PT,Portugal,pt,PRESSE,Médias d'information générale (hors PQN),Actualités-Infos Générales,Nationale,https://pt.wikipedia.org/wiki/Contempor%C3%A2nea_%28revista%29,,,,WIKIPEDIA,3
MED-PT-0471,Continente Magazine,PT,Portugal,pt,PRESSE,Médias d'information générale (hors PQN),Actualités-Infos Générales,Nationale,,"Modelo Continente Hipermercados, S.A.",Senhora da Hora,4 x ano,ERC,3
MED-PT-0472,ContraProva,PT,Portugal,pt,WEB,Médias d'information générale (hors PQN),Actualités-Infos Générales,Nationale,https://contraprova.pt,Página Temerária - Lda.,Lisboa,Diária,ERC,3
MED-PT-0473,Coreia,PT,Portugal,pt,PRESSE,Médias spécialisés grand public,Actualités-Infos Générales,Nationale,,A Circular -  Associação Cultural,Vila do Conde,Semestral,ERC,3
MED-PT-0474,Correio Alentejo,PT,Portugal,pt,PRESSE,Médias régionaux (hors PQR),Actualités-Infos Générales,Régionale/Départementale,https://www.correioalentejo.com,"JOTA CBS - Comunicação e Imagem, Lda.",Castro Verde,Quinzenal,ERC,3
MED-PT-0475,Correio da Beira Serra,PT,Portugal,pt,PRESSE,Médias régionaux (hors PQR),Actualités-Infos Générales,Régionale/Départementale,https://www.correiodabeiraserra.com,"Temactual, Lda.",Oliveira do Hospital,Mensal,ERC,3
MED-PT-0476,Correio da História,PT,Portugal,pt,WEB,Médias spécialisés grand public,Actualités-Infos Générales,Nationale,https://www.correiodahistoria.com,Paulo Pinto de Carvalho Freitas do Amaral,Lavre,Diária,ERC,3
MED-PT-0477,Correio da Manhã Rádio,PT,Portugal,pt,RADIO,Radios Régionales,Actualités-Infos Générales,Régionale/Départementale,https://en.wikipedia.org/wiki/Correio_da_Manh%C3%A3_R%C3%A1dio,,,,WIKIPEDIA,3
MED-PT-0478,Correio das Beiras,PT,Portugal,pt,PRESSE,Médias d'information générale (hors PQN),Actualités-Infos Générales,Nationale,,Francisco Morais Barros,Sortelha,Trimestral,ERC,3
MED-PT-0479,Correio de Azambuja,PT,Portugal,pt,PRESSE,Médias régionaux (hors PQR),Actualités-Infos Générales,Régionale/Départementale,http://correiodeazambuja.pt,Vítor Paulo Leitão Ferreira de Melo,Azambuja,Semestral,ERC,3
MED-PT-0480,Correio de Azeméis,PT,Portugal,pt,PRESSE,Médias régionaux (hors PQR),Actualités-Infos Générales,Régionale/Départementale,https://www.correiodeazemeis.pt,"COM+Comunicação, Lda.",Oliveira de Azeméis,Semanal,ERC,3
MED-PT-0481,Correio de Coimbra,PT,Portugal,pt,WEB,Médias associatifs,Social-Société,Régionale/Départementale,https://www.correiodecoimbra.pt,Seminário Maior da Sagrada Família de Coimbra,Coimbra,Semanal,ERC,3
MED-PT-0482,Correio de Lagos,PT,Portugal,pt,PRESSE,Médias régionaux (hors PQR),Actualités-Infos Générales,Régionale/Départementale,https://www.correiodelagos.com,"JL Unipessoal, Lda.",Lagos,Mensal,ERC,3
MED-PT-0483,Correio de Sintra,PT,Portugal,pt,PRESSE,Médias régionaux (hors PQR),Actualités-Infos Générales,Régionale/Départementale,https://correiodesintra.pt,Legendaryellow - Unipessoal Lda,Algueirão,Quinzenal,ERC,3
MED-PT-0484,Correio de Unhais,PT,Portugal,pt,PRESSE,Médias régionaux (hors PQR),Actualités-Infos Générales,Régionale/Départementale,,Associação Cultural Estrela de Unhais da Serra - ACEUS,Unhais da Serra,Mensal,ERC,3
MED-PT-0485,Correio do Cartaxo,PT,Portugal,pt,PRESSE,Médias régionaux (hors PQR),Actualités-Infos Générales,Régionale/Départementale,https://www.correiodocartaxo.pt,Vítor Paulo Leitão Ferreira de Melo,Azambuja,Semestral,ERC,3
MED-PT-0486,Correio do Minho,PT,Portugal,pt,PRESSE,Médias régionaux (hors PQR),Actualités-Infos Générales,Régionale/Départementale,https://pt.wikipedia.org/wiki/Correio_do_Minho,,,,WIKIPEDIA,3
MED-PT-0487,Correio do Minho.pt,PT,Portugal,pt,PRESSE,PQR/PQD (Quotidiens régionaux),Actualités-Infos Générales,Régionale/Départementale,https://www.correiodominho.com,"Arcada Nova - Comunicação, Marketing e Publicidade, Lda.",Braga,Diária,ERC,3
MED-PT-0488,Correio do Ribatejo,PT,Portugal,pt,PRESSE,Médias régionaux (hors PQR),Actualités-Infos Générales,Régionale/Départementale,https://www.correiodoribatejo.pt,"Verdade das Palavras Comunicação Social, Lda.",Santarém,Semanal,ERC,3
MED-PT-0489,Correio dos Açores,PT,Portugal,pt,PRESSE,PQR/PQD (Quotidiens régionaux),Actualités-Infos Générales,Régionale/Départementale,https://www.correiodosacores.pt,"Gráfica Açoreana, Lda.",Ponta Delgada,Diária,ERC,3
MED-PT-0490,Correio do Vouga,PT,Portugal,pt,PRESSE,Médias associatifs,Social-Société,Régionale/Départementale,https://www.ecclesia.pt/correiodov,"Tempo Novo - Multimédia - Edição e Venda de Publicações, Lda",Aveiro,Semanal,ERC,3
MED-PT-0491,Correio Insular,PT,Portugal,pt,PRESSE,Médias régionaux (hors PQR),Actualités-Infos Générales,Régionale/Départementale,https://www.correioinsular.wordpress.com,José da Silva Garcia Oliveira,Praia da Vitória,Quinzenal,ERC,3
MED-PT-0492,Cosmopolitan,PT,Portugal,pt,PRESSE,Médias d'information générale (hors PQN),Actualités-Infos Générales,Nationale,https://pt.wikipedia.org/wiki/Cosmopolitan,,,,WIKIPEDIA,3
MED-PT-0493,Courrier Internacional,PT,Portugal,pt,PRESSE,Médias d'information générale (hors PQN),Actualités-Infos Générales,Nationale,,"Courrier International, Societé Anonyme",Porto Salvo,Mensal,ERC,3
MED-PT-0494,Cozinha Saudável,PT,Portugal,pt,PRESSE,Médias spécialisés grand public,Actualités-Infos Générales,Nationale,,Carlos Alberto Soares e Silva Ramos,Prior Velho,Bimestral,ERC,3
MED-PT-0495,Creative News,PT,Portugal,pt,WEB,Médias spécialisés grand public,Actualités-Infos Générales,Nationale,https://creativenews.pt,Nuno Miguel Simões Ferreira da Silva,Fernão Ferro,Diária,ERC,3
MED-PT-0496,Crescendo,PT,Portugal,pt,PRESSE,Médias régionaux (hors PQR),Actualités-Infos Générales,Régionale/Départementale,,Fábrica da Igreja Paroquial de Santa Cruz do Bispo - Matosinhos,Santa Cruz do Bispo,Mensal,ERC,3
MED-PT-0497,Crescente Fértil – Uma Escalada Literária,PT,Portugal,pt,WEB,Médias spécialisés grand public,Actualités-Infos Générales,Nationale,https://linktr.ee/revista.crescente.fertil,Agostinha Maria Teixeira Pópulo,Carlão,Semestral,ERC,3
MED-PT-0498,Crescer,PT,Portugal,pt,PRESSE,Médias d'information générale (hors PQN),Actualités-Infos Générales,Nationale,https://pt.wikipedia.org/wiki/Crescer,,,,WIKIPEDIA,3
MED-PT-0499,Criativa Magazine,PT,Portugal,pt,PRESSE,Médias régionaux (hors PQR),Actualités-Infos Générales,Régionale/Départementale,,"Criativaçores Unipessoal, Lda.",Lagoa,Mensal,ERC,3
MED-PT-0500,Crime & Investigation,PT,Portugal,pt,TV,TV Grandes Chaînes,Actualités-Infos Générales,Nationale,https://en.wikipedia.org/wiki/Crime_%26_Investigation_%28Europe%2C_Middle_East_and_Africa%29,,,,WIKIPEDIA,3
MED-PT-0501,Crítica XXI,PT,Portugal,pt,PRESSE,Médias spécialisés grand public,Actualités-Infos Générales,Nationale,,Associação Recreativa Crítica XXI,Lisboa,Trimestral,ERC,3
MED-PT-0502,Crónica da Terceira,PT,Portugal,pt,PRESSE,Médias régionaux (hors PQR),Actualités-Infos Générales,Régionale/Départementale,https://pt.wikipedia.org/wiki/Cr%C3%B3nica_da_Terceira,,,,WIKIPEDIA,3
MED-PT-0503,Cruzada,PT,Portugal,pt,PRESSE,Médias associatifs,Social-Société,Nationale,https://redemundialdeoracaodopapa.pt,Secretariado Nacional do Apostolado da Oração,Braga,Mensal,ERC,3
MED-PT-0504,Cuid'Arte. Revista de Enfermagem,PT,Portugal,pt,WEB,Médias spécialisés grand public,"Culture/Arts, littérature et culture générale",Nationale,https://cuidartesetubal.wixsite.com/chscuidarte,"Unidade Local de Saúde da Arrábida, E.P.E.",Setúbal,Anual,ERC,3
MED-PT-0505,Cultura & Recreio,PT,Portugal,pt,PRESSE,Médias régionaux (hors PQR),"Culture/Arts, littérature et culture générale",Régionale/Départementale,https://www.fecofeira.pt,Federação Portuguesa das Colectividades de Cultura e Recreio do Concelho de Sta. Maria da Feira,Santa Maria da Feira,Anual,ERC,3
MED-PT-0506,Cuto,PT,Portugal,pt,PRESSE,Médias d'information générale (hors PQN),Actualités-Infos Générales,Nationale,https://pt.wikipedia.org/wiki/Cuto,,,,WIKIPEDIA,3
MED-PT-0507,Cyanopica,PT,Portugal,pt,PRESSE,Médias d'information générale (hors PQN),Actualités-Infos Générales,Nationale,https://pt.wikipedia.org/wiki/Cyanopica,,,,WIKIPEDIA,3
MED-PT-0508,D'Angeja - Mensário Cultural e Informativo,PT,Portugal,pt,PRESSE,Médias régionaux (hors PQR),Actualités-Infos Générales,Régionale/Départementale,,Associação Os Amigos do Jornal D'Angeja,Angeja,Mensal,ERC,3
MED-PT-0509,Dão Digital,PT,Portugal,pt,RADIO,Radios Web/Podcasts,Actualités-Infos Générales,Régionale/Départementale,https://www.daodigital.pt,"COAPE - Cooperativa Agro-Pecuária dos Agricultores de Mangualde, CRL",Mangualde,Continu,ERC,3
MED-PT-0510,Daxiyangguo - Revista Portuguesa de Estudos Asiáticos,PT,Portugal,pt,PRESSE,Médias spécialisés grand public,Actualités-Infos Générales,Nationale,https://ioriente.iscsp.ulisboa.pt/index.php/pt,ISCSP - ULisboa,Lisboa,Semestral,ERC,3
MED-PT-0511,DAZN,PT,Portugal,pt,TV,TV Grandes Chaînes,Actualités-Infos Générales,Nationale,https://pt.wikipedia.org/wiki/DAZN_%28Portugal%29,,,,WIKIPEDIA,3
MED-PT-0512,DDD - Dê de Delta,PT,Portugal,pt,PRESSE,Médias d'information générale (hors PQN),Actualités-Infos Générales,Nationale,https://www.delta-cafes.pt,"Nabeirogest -Sociedade Gestora de Participações Sociais, S.A.",Campo Maior,Trimestral,ERC,3
MED-PT-0513,Deco Proteste Saber é Poder,PT,Portugal,pt,PRESSE,Médias spécialisés grand public,Maison-Décoration,Nationale,https://www.deco.proteste.pt,"Deco Proteste, Editores, Lda.",Lisboa,Mensal,ERC,3
MED-PT-0514,Defesa da Beira,PT,Portugal,pt,PRESSE,Médias régionaux (hors PQR),Actualités-Infos Générales,Régionale/Départementale,,"Aguieira Imprime, Unipessoal, Lda.",Barril,Semanal,ERC,3
MED-PT-0515,Defesa de Espinho,PT,Portugal,pt,PRESSE,Médias régionaux (hors PQR),Actualités-Infos Générales,Régionale/Départementale,https://www.defesadeespinho.pt,"Empes-Empresa Publicidade de Espinho, Lda.",Espinho,Semanal,ERC,3
MED-PT-0516,Delas,PT,Portugal,pt,WEB,Médias d'information générale (hors PQN),Actualités-Infos Générales,Nationale,https://www.jn.pt/delas,"Notícias Ilimitadas, S.A.",Porto,Diária,ERC,3
MED-PT-0517,De Norte a Sul,PT,Portugal,pt,PRESSE,Médias régionaux (hors PQR),Actualités-Infos Générales,Régionale/Départementale,https://pt.wikipedia.org/wiki/De_Norte_a_Sul,,,,WIKIPEDIA,3
MED-PT-0518,"De Norte a Sul, Notícias da Galiza e Portugal",PT,Portugal,pt,WEB,Médias d'information générale (hors PQN),Actualités-Infos Générales,Nationale,https://www.denorteasul.eu,Eira Associação Espaço de Intervenção e Reflexão Atlântico,Benavente,Diária,ERC,3
MED-PT-0519,DentalPro,PT,Portugal,pt,PRESSE,Médias spécialisés grand public,Actualités-Infos Générales,Nationale,https://www.dentalpro.pt,"Editora Codigopro - Edição de Publicações Periódicas Unipessoal, Lda",Porto,Bimestral,ERC,3
MED-PT-0520,Dependências,PT,Portugal,pt,PRESSE,Médias spécialisés grand public,Actualités-Infos Générales,Nationale,https://www.dependencias.org,"News-Coop - Informação e Comunicação, CRL",Senhora da Hora,Mensal,ERC,3
MED-PT-0521,Derby,PT,Portugal,pt,WEB,Médias régionaux (hors PQR),Actualités-Infos Générales,Régionale/Départementale,https://www.derbydeourem.pt,"Medula - Jornalismo e Comunicação, Unipessoal Lda.",Ourém,Diária,ERC,3
MED-PT-0522,Descendências Magazine,PT,Portugal,pt,WEB,Médias régionaux (hors PQR),Actualités-Infos Générales,Régionale/Départementale,https://descendencias.pt,Amostra de Letras - Unipessoal Lda.,Lavra,Mensal,ERC,3
MED-PT-0523,Design Magazine,PT,Portugal,pt,WEB,Médias spécialisés grand public,Actualités-Infos Générales,Nationale,https://www.designmagazine.pt,"K Innovative Diffuser, Sociedade Unipessoal, Lda.",Pontinha,Bimestral,ERC,3
MED-PT-0524,Despertar Cebi,PT,Portugal,pt,PRESSE,Médias régionaux (hors PQR),Actualités-Infos Générales,Régionale/Départementale,https://www.fcebi.org,CEBI - Fundação para o Desenvolvimento Comunitário de Alverca,Alverca do Ribatejo,Anual,ERC,3
MED-PT-0525,Despertar do Zêzere,PT,Portugal,pt,PRESSE,Médias régionaux (hors PQR),Actualités-Infos Générales,Régionale/Départementale,,Associação Igrejanovense de Melhoramentos,Tomar,Quinzenal,ERC,3
MED-PT-0526,Desportivo de Guimarães,PT,Portugal,pt,WEB,Médias régionaux (hors PQR),Sports,Régionale/Départementale,https://www.guimaraesdigital.pt/index.php/grupo-santiago/desportivo-de-guimaraes/edicao-da-semana,"Guimapress, SA",Guimarães,Semanal,ERC,3
MED-PT-0527,Desportivo Transmontano,PT,Portugal,pt,WEB,Médias régionaux (hors PQR),Sports,Régionale/Départementale,https://desportivotransmontano.sapo.pt,Luís Filipe Gaspar Roçadas,Vila Real,Diária,ERC,3
MED-PT-0528,Desportivo Vale do Homem,PT,Portugal,pt,PRESSE,Médias régionaux (hors PQR),Sports,Régionale/Départementale,https://www.desportivovaledohomem.com,"Publineiva, Unipessoal Lda.",Vila Verde,Mensal,ERC,3
MED-PT-0529,Destak,PT,Portugal,pt,PRESSE,Médias régionaux (hors PQR),Actualités-Infos Générales,Régionale/Départementale,https://pt.wikipedia.org/wiki/Destak,,,,WIKIPEDIA,3
MED-PT-0530,Dia a Dia,PT,Portugal,pt,PRESSE,Médias associatifs,Social-Société,Nationale,https://www.uniaobiblica.com,União Bíblica,Almada,Semestral,ERC,3
MED-PT-0531,Diabetes - Viver Em Equilibrio,PT,Portugal,pt,PRESSE,Médias spécialisés grand public,Actualités-Infos Générales,Nationale,https://apdp.pt/apdp/revista-diabetes,APDP-Associação Protectora dos Diabéticos de Portugal,Lisboa,Trimestral,ERC,3
MED-PT-0532,Diário 560,PT,Portugal,pt,WEB,Médias régionaux (hors PQR),Actualités-Infos Générales,Régionale/Départementale,https://www.diario560.pt,"CityCoop - Produtores de Serviços, CRL",Porto,Semanal,ERC,3
MED-PT-0533,Diário Automóvel,PT,Portugal,pt,WEB,Médias spécialisés grand public,Auto-Moto-Cyclo,Nationale,https://www.standvirtual.com/diarioautomovel,"OLX Portugal, S.A.",Lisboa,Diária,ERC,3
MED-PT-0534,Diário Criminal,PT,Portugal,pt,WEB,Médias spécialisés grand public,Actualités-Infos Générales,Nationale,http://www.diariocriminal.pt,"TVC Televisão do Centro, Lda.",Águeda,Diária,ERC,3
MED-PT-0535,Diário da Bairrada,PT,Portugal,pt,WEB,Médias régionaux (hors PQR),Actualités-Infos Générales,Régionale/Départementale,http://www.diariodabairrada.pt,"TVC Televisão do Centro, Lda.",Valongo do Vouga,Diária,ERC,3
MED-PT-0536,Diário da Covilhã,PT,Portugal,pt,PRESSE,PQR/PQD (Quotidiens régionaux),Actualités-Infos Générales,Régionale/Départementale,,"Adriano Lucas, Lda.",Viseu,Anual,ERC,3
MED-PT-0537,Diário da Manhã,PT,Portugal,pt,PRESSE,PQR/PQD (Quotidiens régionaux),Actualités-Infos Générales,Régionale/Départementale,https://en.wikipedia.org/wiki/Di%C3%A1rio_da_Manh%C3%A3,,,,WIKIPEDIA,3
MED-PT-0538,Diário da República,PT,Portugal,pt,PRESSE,PQR/PQD (Quotidiens régionaux),Actualités-Infos Générales,Régionale/Départementale,https://pt.wikipedia.org/wiki/Di%C3%A1rio_da_Rep%C3%BAblica,,,,WIKIPEDIA,3
MED-PT-0539,Diário da Saúde,PT,Portugal,pt,WEB,Médias spécialisés grand public,Médecine,Nationale,https://www.diariodasaude.pt,"Sociedade Fechada, Lda.",Coimbra,Diária,ERC,3
MED-PT-0540,Diário de Aveiro,PT,Portugal,pt,PRESSE,PQR/PQD (Quotidiens régionaux),Actualités-Infos Générales,Régionale/Départementale,https://www.diarioaveiro.pt,"Adriano Lucas, Lda.",Aveiro,Diária,ERC,3
MED-PT-0541,Diário de Coimbra,PT,Portugal,pt,PRESSE,PQR/PQD (Quotidiens régionaux),Actualités-Infos Générales,Régionale/Départementale,https://www.diariocoimbra.pt,"Diário de Coimbra, Lda",Coimbra,Diária,ERC,3
MED-PT-0542,Diário de Leiria,PT,Portugal,pt,PRESSE,PQR/PQD (Quotidiens régionaux),Actualités-Infos Générales,Régionale/Départementale,https://www.diarioleiria.pt,"Adriano Lucas, Lda.",Leiria,Diária,ERC,3
MED-PT-0543,Diário de Lisboa,PT,Portugal,pt,PRESSE,PQR/PQD (Quotidiens régionaux),Actualités-Infos Générales,Régionale/Départementale,https://en.wikipedia.org/wiki/Di%C3%A1rio_de_Lisboa,,,,WIKIPEDIA,3
MED-PT-0544,Diário de Odivelas,PT,Portugal,pt,WEB,Médias régionaux (hors PQR),Actualités-Infos Générales,Régionale/Départementale,https://www.diariodeodivelas.com,Henrique Manuel de Couto Ribeiro,Odivelas,Diária,ERC,3
MED-PT-0545,Diário de Santarém,PT,Portugal,pt,PRESSE,PQR/PQD (Quotidiens régionaux),Actualités-Infos Générales,Régionale/Départementale,,"Adriano Lucas, Lda.",Leiria,Anual,ERC,3
MED-PT-0546,Diário de Santo Tirso,PT,Portugal,pt,WEB,Médias régionaux (hors PQR),Actualités-Infos Générales,Régionale/Départementale,https://www.diariodesantotirso.pt,João Pedro Rosas Fernandes,Santo Tirso,Diária,ERC,3
MED-PT-0547,Diário de Trás-os-Montes,PT,Portugal,pt,WEB,Médias régionaux (hors PQR),Actualités-Infos Générales,Régionale/Départementale,http://www.diariodetrasosmontes.com,António Manuel Pereira,Bragança,Diária,ERC,3
MED-PT-0548,Diario de Viseu,PT,Portugal,pt,PRESSE,PQR/PQD (Quotidiens régionaux),Actualités-Infos Générales,Régionale/Départementale,https://www.diarioviseu.pt,"Adriano Lucas, Lda.",Viseu,Diária,ERC,3
MED-PT-0549,Diário Digital Castelo Branco,PT,Portugal,pt,WEB,Médias régionaux (hors PQR),Actualités-Infos Générales,Régionale/Départementale,https://www.diariodigitalcastelobranco.pt,"CV Baleiras, Comunicação, Lda.",Castelo Branco,Diária,ERC,3
MED-PT-0550,Diário do Alentejo,PT,Portugal,pt,PRESSE,PQR/PQD (Quotidiens régionaux),Actualités-Infos Générales,Régionale/Départementale,https://www.diariodoalentejo.pt,Comunidade Intermunicipal do Baixo Alentejo - CIMBAL,Beja,Semanal,ERC,3
MED-PT-0551,Diário do Distrito,PT,Portugal,pt,WEB,Médias d'information générale (hors PQN),Actualités-Infos Générales,Nationale,https://www.diariodistrito.pt,"Centralnews - Comunicação & Informação, Unipessoal, Lda.",Lisboa,Diária,ERC,3
MED-PT-0552,Diário do Minho,PT,Portugal,pt,PRESSE,PQR/PQD (Quotidiens régionaux),Actualités-Infos Générales,Régionale/Départementale,https://www.diariodominho.pt,"Empresa do Diário do Minho, Lda",Braga,Diária,ERC,3
MED-PT-0553,Diário do País,PT,Portugal,pt,WEB,Médias d'information générale (hors PQN),Actualités-Infos Générales,Nationale,https://www.diariopais.pt,"Centralnews - Comunicação & Informação, Unipessoal, Lda.",Lisboa,Diária,ERC,3
MED-PT-0554,Diário dos Açores,PT,Portugal,pt,PRESSE,PQR/PQD (Quotidiens régionaux),Actualités-Infos Générales,Régionale/Départementale,http://diariodosacores.pt,"Empresa do Diário dos Açores, Lda.",Ponta Delgada,Diária,ERC,3
MED-PT-0555,Diário do Sul,PT,Portugal,pt,PRESSE,PQR/PQD (Quotidiens régionaux),Actualités-Infos Générales,Régionale/Départementale,https://www.diariodosul.pt,"Piçarra - Distribuição de Jornais, Lda.",Évora,Diária,ERC,3
MED-PT-0556,Diário Ilustrado,PT,Portugal,pt,PRESSE,PQN (Quotidiens nationaux),Actualités-Infos Générales,Nationale,,"Renascença Gráfica, Lda.",Lisboa,Anual,ERC,3
MED-PT-0557,Diário Imobiliário,PT,Portugal,pt,WEB,Médias spécialisés grand public,BTP - Immobilier - Architecture,Nationale,https://www.diarioimobiliario.pt,Fernanda Maria Filipe da Piedade Pedro,Almada,Diária,ERC,3
MED-PT-0558,Diário Insular,PT,Portugal,pt,PRESSE,PQR/PQD (Quotidiens régionaux),Actualités-Infos Générales,Régionale/Départementale,http://www.diarioinsular.pt,"Sociedade Terceirense de Publicidade, Lda.",Angra do Heroísmo,Diária,ERC,3
MED-PT-0559,Diário LX,PT,Portugal,pt,WEB,Médias d'information générale (hors PQN),Actualités-Infos Générales,Nationale,https://diariolx.escs.ipl.pt,Instituto Politécnico de Lisboa,Lisboa,Diária,ERC,3
MED-PT-0560,DiariOnline Região Sul,PT,Portugal,pt,WEB,Médias régionaux (hors PQR),Actualités-Infos Générales,Régionale/Départementale,https://www.diarionline.pt,"Navega Aqui - Publicações, Lda.",Quarteira,Diária,ERC,3
MED-PT-0561,Diário Regional de Viseu,PT,Portugal,pt,PRESSE,PQR/PQD (Quotidiens régionaux),Actualités-Infos Générales,Régionale/Départementale,https://www.diarioregional.pt,"Adriano Lucas, Lda.",Viseu,Anual,ERC,3
MED-PT-0562,Diáspora Lusa Magazine,PT,Portugal,pt,PRESSE,Médias d'information générale (hors PQN),Actualités-Infos Générales,Nationale,https://www.diasporalusa.pt,"Diáspora Lusa - Comunicação, Edições e Eventos, Lda.",Coimbra,Trimestral,ERC,3
MED-PT-0563,Diferença,PT,Portugal,pt,PRESSE,Médias spécialisés grand public,Actualités-Infos Générales,Nationale,https://www.fund-afid.org.pt,Fundação AFID  - Diferença,Amadora,Anual,ERC,3
MED-PT-0564,Diffractions,PT,Portugal,pt,WEB,Médias spécialisés grand public,Actualités-Infos Générales,Nationale,https://revistas.ucp.pt/index.php/diffractions,Universidade Católica Portuguesa,Lisboa,Bianual,ERC,3
MED-PT-0565,+DIGITAL DECO PROTeste,PT,Portugal,pt,PRESSE,Médias spécialisés grand public,Informatique-Télécommunications,Nationale,http://www.deco.proteste.pt,"Deco Proteste, Editores, Lda.",Lisboa,Bimestral,ERC,3
MED-PT-0566,Digital de Vizela,PT,Portugal,pt,WEB,Médias d'information générale (hors PQN),Actualités-Infos Générales,Nationale,https://www.digitaldevizela.com,Manuel Mendes Marques,Vizela,Diária,ERC,3
MED-PT-0567,Digital Inside,PT,Portugal,pt,WEB,Médias spécialisés grand public,Informatique-Télécommunications,Nationale,https://www.digitalinside.pt,João Miguel Narciso Candeias Mesquita Gonçalves,Lisboa,Diária,ERC,3
MED-PT-0568,Digital Motores,PT,Portugal,pt,WEB,Médias spécialisés grand public,Auto-Moto-Cyclo,Nationale,https://www.digitalmotores.pt,Luís Daniel Perdigão Cáceres Monteiro,Monte Estoril,Mensal,ERC,3
MED-PT-0569,Dinheiro Vivo,PT,Portugal,pt,WEB,Médias spécialisés grand public,Actualités-Infos Générales,Nationale,https://www.dinheirovivo.pt,"Global Notícias - Media Group, S.A.",Lisboa,Diária,ERC,3
MED-PT-0570,Direito das Sociedades em Revista,PT,Portugal,pt,PRESSE,Médias professionnels,Droit,Nationale,,ADSR - Associação Direito das Sociedades em Revista,Lisboa,Semestral,ERC,3
MED-PT-0571,Discovery HD,PT,Portugal,pt,TV,TV Grandes Chaînes,Actualités-Infos Générales,Nationale,https://pt.wikipedia.org/wiki/Discovery_HD,,,,WIKIPEDIA,3
MED-PT-0572,Discovery Showcase HD,PT,Portugal,pt,TV,TV Grandes Chaînes,Actualités-Infos Générales,Nationale,https://pt.wikipedia.org/wiki/Discovery_Showcase_HD,,,,WIKIPEDIA,3
MED-PT-0573,Discurso Directo,PT,Portugal,pt,PRESSE,Médias régionaux (hors PQR),Actualités-Infos Générales,Régionale/Départementale,https://www.discurso-directo.com,"Discurso Perfeito - Edição de Jornais, Lda",Arouca,Mensal,ERC,3
MED-PT-0574,Disney Jr.,PT,Portugal,pt,TV,TV Câble/Sat,Actualités-Infos Générales,Nationale,https://en.wikipedia.org/wiki/Disney_Jr._%28Portugal%29,,,,WIKIPEDIA,3
MED-PT-0575,Distribuição Hoje,PT,Portugal,pt,PRESSE,Médias spécialisés grand public,Actualités-Infos Générales,Nationale,https://www.distribuicaohoje.com,"Abilways Portugal, S.A.",Lisboa,Bimestral,ERC,3
MED-PT-0576,Divergente,PT,Portugal,pt,WEB,Médias d'information générale (hors PQN),Actualités-Infos Générales,Nationale,http://divergente.pt,"Bagabaga Studios, CRL",Lisboa,Anual,ERC,3
MED-PT-0577,Diversidades,PT,Portugal,pt,WEB,Médias spécialisés grand public,Actualités-Infos Générales,Nationale,https://www.madeira.gov.pt/dre,"Secretaria Regional de Educação, Ciência e Tecnologia - Direção Regional de Educação",Funchal,Semestral,ERC,3
MED-PT-0578,DN Brasil,PT,Portugal,pt,PRESSE,Médias d'information générale (hors PQN),Actualités-Infos Générales,Nationale,https://dnbrasil.dn.pt,"Global Notícias - Media Group, S.A.",Lisboa,Semanal,ERC,3
MED-PT-0579,Dobem,PT,Portugal,pt,WEB,Médias spécialisés grand public,Actualités-Infos Générales,Nationale,https://www.dobem.pt,"ICDS - Comunicar para Inspirar, Lda",Lisboa,Bimestral,ERC,3
MED-PT-0580,DOGS PT magazine,PT,Portugal,pt,WEB,Médias spécialisés grand public,Actualités-Infos Générales,Nationale,https://www.dogs-ptmagazine.com,Marta Isabel Vicente Neto Manta,Casal das Figueiras,Diária (dias úteis),ERC,3
MED-PT-0581,Domingo Magazine,PT,Portugal,pt,PRESSE,Médias régionaux (hors PQR),Actualités-Infos Générales,Régionale/Départementale,,"Adriano Lucas, Lda.",Coimbra,Anual,ERC,3
MED-PT-0582,DoPapel,PT,Portugal,pt,PRESSE,Médias d'information générale (hors PQN),Actualités-Infos Générales,Nationale,https://www.dopapel.com,"Pixelpower, Lda.",Terra Chã,3 x ano,ERC,3
MED-PT-0583,Douro Hoje,PT,Portugal,pt,PRESSE,Médias régionaux (hors PQR),Actualités-Infos Générales,Régionale/Départementale,,"Figueiredo, Correia & Monteiro, Lda",Lamego,Mensal,ERC,3
MED-PT-0584,Douro Interior Jornal,PT,Portugal,pt,PRESSE,PQR/PQD (Quotidiens régionaux),Actualités-Infos Générales,Régionale/Départementale,https://www.dourointeriorjornal.pt,Embraceprofit - Lda.,Andrães,Mensal,ERC,3
MED-PT-0585,Draft World Magazine,PT,Portugal,pt,WEB,Médias d'information générale (hors PQN),Actualités-Infos Générales,Nationale,https://www.draft-worldmagazine.com,Elisabete Cristina dos Reis Eugénio,Torre,Semanal,ERC,3
MED-PT-0586,Dragões,PT,Portugal,pt,PRESSE,Médias spécialisés grand public,Actualités-Infos Générales,Nationale,https://www.fcporto.pt,Futebol Clube do Porto,Porto,Mensal,ERC,3
MED-PT-0587,DStv Pipoca,PT,Portugal,pt,TV,TV Câble/Sat,"Culture/Divertissement, Cinéma, Jeux vidéos",Nationale,,"Cinemundo, Lda.",Lisboa,Continu,ERC,3
MED-PT-0588,E24,PT,Portugal,pt,WEB,Médias régionaux (hors PQR),Actualités-Infos Générales,Régionale/Départementale,https://www.e24.pt,"Mediaprime - Publishing, Lda",Barcelos,Diária,ERC,3
MED-PT-0589,"e3 - Revista de Economia, Empresas e Empreendedores na CPLP",PT,Portugal,pt,WEB,Médias professionnels,Economie - Services,Nationale,https://revistas.ponteditora.org/index.php/e3,"Ponte Editora, Sociedade Unipessoal, Lda.",Funchal,Semestral,ERC,3
MED-PT-0590,"E-Auto, O Automóvel no Presente e no Futuro",PT,Portugal,pt,PRESSE,Médias spécialisés grand public,Auto-Moto-Cyclo,Nationale,https://www.e-auto.pt,"JC Edições e Publicações, Unipessoal Lda.",São Francisco,Mensal,ERC,3
MED-PT-0591,e-catim Boletim Digital,PT,Portugal,pt,WEB,Médias spécialisés grand public,Informatique-Télécommunications,Nationale,https://www.projetoscatim.com/e-boletim,Centro de Apoio Tecnológico à Indústria Metalomecânica,Porto,Trimestral,ERC,3
MED-PT-0592,Ecclesia,PT,Portugal,pt,WEB,Médias spécialisés grand public,Actualités-Infos Générales,Nationale,https://www.agencia.ecclesia.pt,Secretariado Nacional das Comunicações Sociais,Lisboa,Diária,ERC,3
MED-PT-0593,Eco 123,PT,Portugal,pt,WEB,Médias spécialisés grand public,Actualités-Infos Générales,Nationale,https://www.eco123.info,"Esgravatadouro - Cooperativa do Ambiente, CRL.",Esgravatadouro,Semanal,ERC,3
MED-PT-0594,ECOAvenida,PT,Portugal,pt,WEB,Médias spécialisés grand public,Actualités-Infos Générales,Nationale,https://eco.sapo.pt/eco-avenida,"Swipe News, S.A.",Lisboa,Semanal,ERC,3
MED-PT-0595,Eco das Missões,PT,Portugal,pt,PRESSE,Médias associatifs,Social-Société,Nationale,https://www.irmasclaverianas.org,Irmãs Missionárias de São Pedro Claver,Lisboa,Bimestral,ERC,3
MED-PT-0596,Eco de Vagos,PT,Portugal,pt,PRESSE,Médias régionaux (hors PQR),Actualités-Infos Générales,Régionale/Départementale,https://www.ecodevagos.pt/pt,Santa Casa Misericórdia de Vagos,Vagos,Mensal,ERC,3
MED-PT-0597,Económico TV,PT,Portugal,pt,TV,TV Grandes Chaînes,Actualités-Infos Générales,Nationale,https://en.wikipedia.org/wiki/Econ%C3%B3mico_TV,,,,WIKIPEDIA,3
MED-PT-0598,Econtas,PT,Portugal,pt,WEB,Médias spécialisés grand public,Actualités-Infos Générales,Nationale,https://eco.sapo.pt/econtas,"Swipe News, S.A.",Lisboa,Semanal,ERC,3
MED-PT-0599,Ecos da Marofa,PT,Portugal,pt,PRESSE,Médias régionaux (hors PQR),Actualités-Infos Générales,Régionale/Départementale,,"Jocol - Sociedade Jornalística de Ribacôa, Lda.",Figueira Castelo Rodrigo,Mensal,ERC,3
MED-PT-0600,Ecos da Meadela,PT,Portugal,pt,PRESSE,Médias régionaux (hors PQR),Actualités-Infos Générales,Régionale/Départementale,,Fábrica da Igreja Paroquial de Meadela,Viana do Castelo,Mensal,ERC,3
MED-PT-0601,Ecos da Serra,PT,Portugal,pt,PRESSE,Médias régionaux (hors PQR),Actualités-Infos Générales,Régionale/Départementale,,Associação Grupo Amigos de Alte,Alte,Bimestral,ERC,3
MED-PT-0602,Ecos da Sobreira,PT,Portugal,pt,PRESSE,Médias régionaux (hors PQR),Actualités-Infos Générales,Régionale/Départementale,,Fábrica da Igreja Paroquial da Freguesia de Sobreira Formosa,Sobreira Formosa,Mensal,ERC,3
MED-PT-0603,Ecos de Barroso,PT,Portugal,pt,WEB,Médias régionaux (hors PQR),Actualités-Infos Générales,Régionale/Départementale,https://ecosdebarroso.com,Manuel Afonso Machado,Vila Nova,Mensal,ERC,3
MED-PT-0604,Ecos de Basto,PT,Portugal,pt,PRESSE,Médias régionaux (hors PQR),Actualités-Infos Générales,Régionale/Départementale,https://www.ecosdebasto.com,Associação Dinamizadora dos Interesses de Basto - ADIB,Refojos de Basto,Trissemanal,ERC,3
MED-PT-0605,Ecos de Boticas,PT,Portugal,pt,PRESSE,Médias régionaux (hors PQR),Actualités-Infos Générales,Régionale/Départementale,,"Enredos & Episódios - Televisão e Multimédia, Lda.",Boticas,Mensal,ERC,3
MED-PT-0606,Ecos de Cacia,PT,Portugal,pt,PRESSE,Médias régionaux (hors PQR),Actualités-Infos Générales,Régionale/Départementale,https://www.ecos.cacia.pt,Junta de Freguesia de Cacia,Cacia,Mensal,ERC,3
MED-PT-0607,Ecos de Grândola,PT,Portugal,pt,PRESSE,Médias régionaux (hors PQR),Actualités-Infos Générales,Régionale/Départementale,,António Francisco de Campos Fataca Cadete Saramago,Grândola,Mensal,ERC,3
MED-PT-0608,Ecos de Negrelos,PT,Portugal,pt,PRESSE,Médias régionaux (hors PQR),Actualités-Infos Générales,Régionale/Départementale,,"Edinegrelos - Empresa Editora Distribuidora e Publicitária de Negrelos, Lda.",São Tomé,Mensal,ERC,3
MED-PT-0609,Ecos de Penajóia,PT,Portugal,pt,PRESSE,Médias associatifs,Social-Société,Régionale/Départementale,,Fábrica da Igreja Paroquial da Freguesia de Penajóia,Molães,Mensal,ERC,3
MED-PT-0610,Ecos do Sameiro,PT,Portugal,pt,PRESSE,Médias associatifs,Social-Société,Régionale/Départementale,https://www.diocese.braga.pt/sameiro,Confraria Nossa Senhora do Monte Sameiro,Braga,Mensal,ERC,3
MED-PT-0611,Ecos do Sor,PT,Portugal,pt,PRESSE,Médias régionaux (hors PQR),Actualités-Infos Générales,Régionale/Départementale,https://ecosdosor@net.pt,Fábrica da Igreja Paroquial da Freguesia de Ponte de Sor,Ponte de Sor,Quinzenal,ERC,3
MED-PT-0612,ECOseguros,PT,Portugal,pt,WEB,Médias spécialisés grand public,Actualités-Infos Générales,Nationale,http://ecoseguros.pt,"Swipe News, S.A.",Lisboa,Diária,ERC,3
MED-PT-0613,Ecossocialismo,PT,Portugal,pt,PRESSE,Médias associatifs,Social-Société,Nationale,,Carlos Manuel Godinho Matias,Entroncamento,Quadrimestral,ERC,3
MED-PT-0614,Edifícios e Energia,PT,Portugal,pt,PRESSE,Médias spécialisés grand public,Energie-Environnement,Nationale,https://www.edificioseenergia.pt,"Media Line - Comunicação e Imagem, Lda.",Algés,Bimestral,ERC,3
MED-PT-0615,"Edro - Jornal de Literacia Política, Económica, Social e Cívica",PT,Portugal,pt,WEB,Médias d'information générale (hors PQN),Actualités-Infos Générales,Nationale,http://www.edro.pt,Francisca Maria do Caminho,Várzea,Diária (dias úteis),ERC,3
MED-PT-0616,Educação e Matemática,PT,Portugal,pt,PRESSE,Médias spécialisés grand public,Education-Enseignement,Nationale,https://www.apm.pt,Associação de Professores de Matemática,Lisboa,Trimestral,ERC,3
MED-PT-0617,Educação para o Desenvolvimento,PT,Portugal,pt,PRESSE,Médias régionaux (hors PQR),Education-Enseignement,Régionale/Départementale,https://www.joaodedeus.pt,Escola Superior de Educação João de Deus,Lisboa,Anual,ERC,3
MED-PT-0618,Education in Portugal Magazine,PT,Portugal,pt,PRESSE,Médias spécialisés grand public,Education-Enseignement,Nationale,http://educationinportugal.com,"Anglopress - Edições e Publicidade, Lda.",Lagoa,Anual,ERC,3
MED-PT-0619,E-Global - Notícias em Português,PT,Portugal,pt,WEB,Médias d'information générale (hors PQN),Actualités-Infos Générales,Nationale,https://www.e-global.pt,"Letras Inquietas Unipessoal, Lda.",Lisboa,Diária,ERC,3
MED-PT-0620,Egoísta,PT,Portugal,pt,PRESSE,Médias d'information générale (hors PQN),Actualités-Infos Générales,Nationale,https://pt.wikipedia.org/wiki/Ego%C3%ADsta_%28revista%29,,,,WIKIPEDIA,3
MED-PT-0621,ei - Educação Informação Financeira,PT,Portugal,pt,WEB,Médias professionnels,Banques-Finance,Nationale,https://www.montepio.org/ei,Montepio Geral - Associação Mutualista,Lisboa,Diária,ERC,3
MED-PT-0622,Ekonomista - conteúdo que descomplica,PT,Portugal,pt,WEB,Médias spécialisés grand public,Actualités-Infos Générales,Nationale,https://www.e-konomista.pt,Jupiterdiversity - Lda.,Porto,Diária,ERC,3
MED-PT-0623,Electra,PT,Portugal,pt,PRESSE,Médias spécialisés grand public,Actualités-Infos Générales,Nationale,,Fundação Edp,Lisboa,Trimestral,ERC,3
MED-PT-0624,Elevare - Revista Técnica de Elevadores e Movimentação de Cargas,PT,Portugal,pt,WEB,Médias spécialisés grand public,Actualités-Infos Générales,Nationale,https://www.elevare.pt,"CIE - Comunicação e Imprensa Especializada, Lda.",Porto,Semestral,ERC,3
MED-PT-0625,ELO,PT,Portugal,pt,PRESSE,Médias spécialisés grand public,Actualités-Infos Générales,Nationale,https://www.adfa-portugal.com,Associação dos Deficientes das Forças Armadas - ADFA,Lisboa,Mensal,ERC,3
MED-PT-0626,Em Causa,PT,Portugal,pt,WEB,Médias associatifs,Social-Société,Nationale,https://www.emcausa.org,Associação Causa Pública,Lisboa,Mensal,ERC,3
MED-PT-0627,Emissores Associados de Lisboa,PT,Portugal,pt,RADIO,Radios Régionales,Actualités-Infos Générales,Régionale/Départementale,https://en.wikipedia.org/wiki/Emissores_Associados_de_Lisboa,,,,WIKIPEDIA,3
MED-PT-0628,Emissores do Norte Reunidos,PT,Portugal,pt,RADIO,Radios Régionales,Actualités-Infos Générales,Régionale/Départementale,https://en.wikipedia.org/wiki/Emissores_do_Norte_Reunidos,,,,WIKIPEDIA,3
MED-PT-0629,Emissor PT,PT,Portugal,pt,WEB,Médias régionaux (hors PQR),Actualités-Infos Générales,Régionale/Départementale,https://www.emissor.pt,"Agilizar, Unipessoal, Lda.",Frazão,Bissemanal,ERC,3
MED-PT-0630,Emissor Regional do Zêzere,PT,Portugal,pt,RADIO,Radios Régionales,Actualités-Infos Générales,Régionale/Départementale,,Associação Cultural Regional do Zêzere,Ferreira do Zêzere,Continu,ERC,3
MED-PT-0631,Em Luta,PT,Portugal,pt,PRESSE,Médias associatifs,Social-Société,Nationale,https://emluta.net,Maria Cristina Portella Ribeiro,Lisboa,Bimestral,ERC,3
MED-PT-0632,e-Mobilidade +,PT,Portugal,pt,WEB,Médias spécialisés grand public,Actualités-Infos Générales,Nationale,https://www.eurotransporte.pt/noticia/8/5239/leia-aqui-a-emobilidade,Eduardo Sérgio de Oliveira Carvalho,Lisboa,Trimestral,ERC,3
MED-PT-0633,Encontro de Gerações,PT,Portugal,pt,PRESSE,Médias régionaux (hors PQR),Actualités-Infos Générales,Régionale/Départementale,,Santa Casa da Misericórdia de Barcelos,Barcelos,Quadrimestral,ERC,3
MED-PT-0634,Enfermagem em Foco,PT,Portugal,pt,PRESSE,Médias spécialisés grand public,Actualités-Infos Générales,Nationale,https://www.sep.org.pt,Sindicato dos Enfermeiros Portugueses,Lisboa,Semestral,ERC,3
MED-PT-0635,EngeObras,PT,Portugal,pt,PRESSE,Médias spécialisés grand public,Actualités-Infos Générales,Nationale,https://www.engeobras.pt,"Induglobal, Unipessoal, Lda.",Lisboa,4 x ano,ERC,3
MED-PT-0636,Enologia,PT,Portugal,pt,PRESSE,Médias spécialisés grand public,Actualités-Infos Générales,Nationale,https://www.apenologia.pt,APEV - Associação Portuguesa de Enologia e Viticultura,Lisboa,Anual,ERC,3
MED-PT-0637,Enoteca,PT,Portugal,pt,PRESSE,Médias spécialisés grand public,Actualités-Infos Générales,Nationale,https://www.enoteca.pt,José Barroso Nascimento Serôdio,Porto,Trimestral,ERC,3
MED-PT-0638,Ensino Magazine,PT,Portugal,pt,PRESSE,Médias spécialisés grand public,Actualités-Infos Générales,Nationale,https://www.ensino.eu,"RVJ - Editores, Lda",Castelo Branco,Mensal,ERC,3
MED-PT-0639,Entdecken Sie Algarve,PT,Portugal,pt,PRESSE,Médias régionaux (hors PQR),Actualités-Infos Générales,Régionale/Départementale,https://www.entdecken-sie-algarve.com,"Editurismo - Edições para o Turismo, Lda.",Lagoa,Mensal,ERC,3
MED-PT-0640,Entre Margens,PT,Portugal,pt,PRESSE,Médias régionaux (hors PQR),Actualités-Infos Générales,Régionale/Départementale,http://jornalentremargens.com,"Cooperativa Cultural de Entre-os-Aves, CRL",Vila das Aves,Bimensal,ERC,3
MED-PT-0641,Entrerios,PT,Portugal,pt,PRESSE,Médias spécialisés grand public,Actualités-Infos Générales,Nationale,https://revistaentrerios.pt,"Tarefaprazível, Lda.",Almada,Mensal,ERC,3
MED-PT-0642,Envolvente Empresarial,PT,Portugal,pt,WEB,Médias spécialisés grand public,Actualités-Infos Générales,Nationale,https://cip.org.pt/assuntos-economicos,CIP - Confederação Empresarial de Portugal,Lisboa,Trimestral,ERC,3
MED-PT-0643,EOL - Entroncamento Online,PT,Portugal,pt,WEB,Médias d'information générale (hors PQN),Actualités-Infos Générales,Nationale,https://www.entroncamentoonline.pt,Ricardo André Fialho Marques Alves,Vila Nova da Barquinha,Diária,ERC,3
MED-PT-0644,EPHATA - Revista Portuguesa de Teologia,PT,Portugal,pt,PRESSE,Médias spécialisés grand public,Actualités-Infos Générales,Nationale,https://revistas.ucp.pt/index.php/ephata,Universidade Católica Portuguesa,Lisboa,Semestral,ERC,3
MED-PT-0645,e-Publica - Public Law Journal,PT,Portugal,pt,WEB,Médias professionnels,Droit,Nationale,https://e-publica.pt,Instituto de Ciências Jurídico-Políticas da Faculdade de Direito da Universidade de Lisboa,Lisboa,Trianual,ERC,3
MED-PT-0646,Equisport,PT,Portugal,pt,WEB,Médias spécialisés grand public,Sports,Nationale,https://www.equisport.pt,Maria Margarida Pessoa Ferreira Neves,Carnaxide,Mensal,ERC,3
MED-PT-0647,Equitação Magazine,PT,Portugal,pt,PRESSE,Médias spécialisés grand public,Actualités-Infos Générales,Nationale,https://www.equitacao.com,Eduardo Sérgio de Oliveira Carvalho,Lisboa,Bimestral,ERC,3
MED-PT-0648,eRadar,PT,Portugal,pt,WEB,Médias spécialisés grand public,Actualités-Infos Générales,Nationale,https://www.eradar.pt,"Swipe News, S.A.",Lisboa,Semanal,ERC,3
MED-PT-0649,ERA FM,PT,Portugal,pt,RADIO,Radios Régionales,Actualités-Infos Générales,Régionale/Départementale,,"ERA - Emissora Regional de Amarante, Lda.",Amarante,Continu,ERC,3
MED-PT-0650,ER - Engenharia Rádio,PT,Portugal,pt,RADIO,Radios Web/Podcasts,Actualités-Infos Générales,Régionale/Départementale,https://www.engenhariaradio.pt,AEFEUP - Associação de Estudantes da Faculdade de Engenharia da Universidade do Porto,Porto,Continu,ERC,3
MED-PT-0651,Eros,PT,Portugal,pt,PRESSE,Médias d'information générale (hors PQN),Actualités-Infos Générales,Nationale,https://pt.wikipedia.org/wiki/Eros_%28revista%29,,,,WIKIPEDIA,3
MED-PT-0652,Escolusas,PT,Portugal,pt,WEB,Médias spécialisés grand public,Education-Enseignement,Nationale,http://www.escolusas.com,António Jorge Pereira Faria Lopes,Palmela,Semanal,ERC,3
MED-PT-0653,Espaço Rural,PT,Portugal,pt,PRESSE,Médias spécialisés grand public,Actualités-Infos Générales,Nationale,https://www.confagri.pt,"CONFAGRI - Confederação Nacional das Cooperativas Agrícolas e do Crédito Agrícola de Portugal, CCRL",Lisboa,Bimestral,ERC,3
MED-PT-0654,Espiral do Tempo,PT,Portugal,pt,WEB,Médias spécialisés grand public,Actualités-Infos Générales,Nationale,https://www.espiraldotempo.com,"Company One - Publicações Unipessoal, Lda.",Lisboa,Semanal,ERC,3
MED-PT-0655,Esquerda,PT,Portugal,pt,WEB,Médias associatifs,Social-Société,Nationale,https://www.esquerda.net,Bloco de Esquerda,Lisboa,Diária,ERC,3
MED-PT-0656,Esquire,PT,Portugal,pt,PRESSE,Médias spécialisés grand public,Actualités-Infos Générales,Nationale,https://www.esquire.pt,"Light House - Editora, Lda.",Lisboa,Bimestral,ERC,3
MED-PT-0657,Essential Algarve,PT,Portugal,pt,PRESSE,Médias régionaux (hors PQR),Actualités-Infos Générales,Régionale/Départementale,,"Open Media - Design e Publicações, SA",Lagoa,Bimestral,ERC,3
MED-PT-0658,Essential Business,PT,Portugal,pt,PRESSE,Médias professionnels,Economie - Services,Nationale,https://www.essentialbusiness.net,"Open Media Europe - Sociedade Editora, S.A.",Lisboa,Trimestral,ERC,3
MED-PT-0659,Essential Lisboa & Atlantic Coast,PT,Portugal,pt,PRESSE,Médias spécialisés grand public,Actualités-Infos Générales,Nationale,,"Open Media Europe - Sociedade Editora, S.A.",Lisboa,Bimestral,ERC,3
MED-PT-0660,Essential Madeira Islands,PT,Portugal,pt,PRESSE,Médias régionaux (hors PQR),Actualités-Infos Générales,Régionale/Départementale,http://www.essentialmadeira.pt,"Open Media Atlantic,Lda",Funchal,Bimestral,ERC,3
MED-PT-0661,Estação Diária,PT,Portugal,pt,RADIO,Radios Régionales,Actualités-Infos Générales,Régionale/Départementale,,"Cooperativa de Informação e Divulgação Rádio Amador de Canas de Senhorim, C.R.L.",Viseu,Continu,ERC,3
MED-PT-0662,Estação Diária Edição Jornal,PT,Portugal,pt,WEB,Médias régionaux (hors PQR),Actualités-Infos Générales,Régionale/Départementale,https://estacaodiariajornal.sapo.pt,"Alberto & Paulo - Áudio Produções, Lda.",Viseu,Diária,ERC,3
MED-PT-0663,Estação Rádio Madeira - TSF Madeira,PT,Portugal,pt,RADIO,Radios Régionales,Actualités-Infos Générales,Régionale/Départementale,,"Notícias 2000 FM - Actividade de Radiodifusão Sonora, Lda",Funchal,Continu,ERC,3
MED-PT-0664,Estádio 11,PT,Portugal,pt,WEB,Médias spécialisés grand public,Actualités-Infos Générales,Nationale,http://estadio11.pt,Luís Miguel Bento Pontes,Almada,Semanal,ERC,3
MED-PT-0665,Estado com Arte Magazine,PT,Portugal,pt,WEB,Médias spécialisés grand public,"Culture/Arts, littérature et culture générale",Nationale,https://estadocomarte.pt,Marta Teresa de Faria Roque Chorão Bilo,Caldas da Rainha,Semanal,ERC,3
MED-PT-0666,Estórias Magazine,PT,Portugal,pt,WEB,Médias spécialisés grand public,Actualités-Infos Générales,Nationale,https://www.estoriasmagazine.pt,Elisabete Catarino Guerreiro,Pedreiras,Semanal,ERC,3
MED-PT-0667,Estrategizando,PT,Portugal,pt,WEB,Médias d'information générale (hors PQN),Actualités-Infos Générales,Nationale,https://www.estrategizando.pt,"Adivinhas da Cidade - Unipessoal, Lda.",Lisboa,Diária,ERC,3
MED-PT-0668,Estrelas e Ouriços,PT,Portugal,pt,PRESSE,Médias régionaux (hors PQR),Actualités-Infos Générales,Régionale/Départementale,https://estrelaseouricos.sapo.pt/home,"Estrelas & Ouriços, Lda",Paço de Arcos,Bimestral,ERC,3
MED-PT-0669,Estudo Prévio,PT,Portugal,pt,WEB,Médias spécialisés grand public,Actualités-Infos Générales,Nationale,https://www.estudoprevio.net,"CEU - Cooperativa de Ensino Universitario, C.R.L.",Lisboa,2 x ano,ERC,3
MED-PT-0670,Et Al.,PT,Portugal,pt,WEB,Médias régionaux (hors PQR),Actualités-Infos Générales,Régionale/Départementale,https://et-al.pt,Associação Académica da Universidade da Madeira,Funchal,Diária,ERC,3
MED-PT-0671,Etnográfica,PT,Portugal,pt,WEB,Médias spécialisés grand public,Actualités-Infos Générales,Nationale,https://journals.openedition.org/etnografica,Centro em Rede de Investigação em Antropologia,Lisboa,Quadrimestral,ERC,3
MED-PT-0672,Eu Era Assim,PT,Portugal,pt,PRESSE,Médias associatifs,Social-Société,Nationale,https://www.igrejauniversal.pt,Igreja Universal do Reino de Deus,Lisboa,Mensal,ERC,3
MED-PT-0673,Eurosport News,PT,Portugal,pt,TV,TV Grandes Chaînes,Actualités-Infos Générales,Nationale,https://en.wikipedia.org/wiki/Eurosport_News,,,,WIKIPEDIA,3
MED-PT-0674,Eurotransporte,PT,Portugal,pt,PRESSE,Médias spécialisés grand public,Sports,Nationale,https://www.eurotransporte.pt,Eduardo Sérgio de Oliveira Carvalho,Lisboa,Bimestral,ERC,3
MED-PT-0675,Evasões,PT,Portugal,pt,PRESSE,Médias spécialisés grand public,Actualités-Infos Générales,Nationale,https://www.evasoes.pt,"Notícias Ilimitadas, S.A.",Porto,Semanal,ERC,3
MED-PT-0676,Eventos de Sonho,PT,Portugal,pt,PRESSE,Médias d'information générale (hors PQN),Actualités-Infos Générales,Nationale,,"Mariana & Daniel, Lda.",Lameiras,Semestral,ERC,3
MED-PT-0677,Event Point,PT,Portugal,pt,WEB,Médias d'information générale (hors PQN),Actualités-Infos Générales,Nationale,https://www.eventpoint.pt,"Estação Livre - Comunicação, Unipessoal, Lda",Matosinhos,Trimestral,ERC,3
MED-PT-0678,Evmag,PT,Portugal,pt,WEB,Médias spécialisés grand public,Actualités-Infos Générales,Nationale,https://evmag.pt,Jorge Vila Maior Montez de Sousa,Viana do Castelo,Semanal,ERC,3
MED-PT-0679,Evoquemag,PT,Portugal,pt,WEB,Médias spécialisés grand public,Actualités-Infos Générales,Nationale,https://www.evoquemagazine.pt,Carla Branco Alexandre,Queijas,Bimestral,ERC,3
MED-PT-0680,Ex aequo - Revista da Associação Portuguesa de Estudos sobre as Mulheres,PT,Portugal,pt,WEB,Médias associatifs,Actualités-Infos Générales,Nationale,https://exaequo-ojs.apem-estudos.org/exaequo/pt,Associação Portuguesa de Estudos Sobre as Mulheres,Lisboa,Semestral,ERC,3
MED-PT-0681,Exame Informática,PT,Portugal,pt,PRESSE,Médias spécialisés grand public,Actualités-Infos Générales,Nationale,https://visao.sapo.pt/exameinformatica,"Trust In News, Unipessoal, Lda.",Porto Salvo,Mensal,ERC,3
MED-PT-0682,Executiva,PT,Portugal,pt,WEB,Médias spécialisés grand public,Actualités-Infos Générales,Nationale,https://www.executiva.pt,"Redcherry - Produção de Conteúdos, Lda.",Lisboa,Diária (dias úteis),ERC,3
MED-PT-0683,Executive Digest,PT,Portugal,pt,PRESSE,Médias spécialisés grand public,Actualités-Infos Générales,Nationale,https://executivedigest.sapo.pt,"Multipublicações - Edição, Publicação de Informação e Prestação de Serviços de Comunicação, Lda",Lisboa,Mensal,ERC,3
MED-PT-0684,Exklusiva,PT,Portugal,pt,PRESSE,Médias d'information générale (hors PQN),Actualités-Infos Générales,Nationale,,"Discursopadrão, Lda.",Lisboa,Trimestral,ERC,3
MED-PT-0685,Explanada,PT,Portugal,pt,WEB,Médias d'information générale (hors PQN),Actualités-Infos Générales,Nationale,http://explanada.pt,António Maria Salvado Coxito Granado,Lisboa,Quadrimestral,ERC,3
MED-PT-0686,Expresso de Amarante,PT,Portugal,pt,WEB,Médias régionaux (hors PQR),Actualités-Infos Générales,Régionale/Départementale,https://www.expressodeamarante.pt,"Digitâmega, Unipessoal, Lda.",Macieira da Lixa,3 em 3 dias,ERC,3
MED-PT-0687,Expresso de Fafe,PT,Portugal,pt,PRESSE,Médias régionaux (hors PQR),Actualités-Infos Générales,Régionale/Départementale,https://www.expressodefafe.pt,Samuel Agostinho de Castro Pinto,Fafe,Mensal,ERC,3
MED-PT-0688,Expresso do Oriente,PT,Portugal,pt,PRESSE,Médias régionaux (hors PQR),Actualités-Infos Générales,Régionale/Départementale,https://www.expressodooriente.com,"Cometa Mágico - Unipessoal, Lda.",Mercês,Mensal,ERC,3
MED-PT-0689,Extreme Sports Channel Portugal,PT,Portugal,pt,TV,TV Grandes Chaînes,Actualités-Infos Générales,Nationale,https://pt.wikipedia.org/wiki/Extreme_Sports_Channel_Portugal,,,,WIKIPEDIA,3
MED-PT-0690,Factual_digital.,PT,Portugal,pt,WEB,Médias d'information générale (hors PQN),Actualités-Infos Générales,Nationale,https://www.factual.digital,IPPS - IUL Instituto para as Políticas Públicas e Sociais,Lisboa,Mensal,ERC,3
MED-PT-0691,FafeTV,PT,Portugal,pt,WEB,Médias régionaux (hors PQR),Actualités-Infos Générales,Régionale/Départementale,https://www.fafetv.com,"Relatos Obrigatórios, Lda.",Rua Nova,Diária,ERC,3
MED-PT-0692,Fair Play,PT,Portugal,pt,WEB,Médias spécialisés grand public,Actualités-Infos Générales,Nationale,https://www.fairplay.pt,João Carlos de Oliveira Bastos,Lisboa,Semanal,ERC,3
MED-PT-0693,Falstaff,PT,Portugal,pt,PRESSE,Médias spécialisés grand public,Actualités-Infos Générales,Nationale,https://falstaff.com/pt,"AH Synergies Ventures Portugal, Lda.",Lisboa,Trimestral,ERC,3
MED-PT-0694,Famalicão Canal TV,PT,Portugal,pt,WEB,Médias régionaux (hors PQR),Actualités-Infos Générales,Régionale/Départementale,https://www.famalicaocanal.pt,"Sweetness Coordinates, Lda.",Vila Nova de Famalicão,Diária,ERC,3
MED-PT-0695,Fama Rádio,PT,Portugal,pt,RADIO,Radios Régionales,Actualités-Infos Générales,Régionale/Départementale,,"Editave Multimédia, Lda",Vila Nova de Famalicão,Continu,ERC,3
MED-PT-0696,Famatv,PT,Portugal,pt,TV,TV Régionales,Actualités-Infos Générales,Régionale/Départementale,https://famaradio.tv,"Editave Multimédia, Lda",Vila Nova de Famalicão,Continu,ERC,3
MED-PT-0697,Família Comboniana,PT,Portugal,pt,PRESSE,Médias associatifs,Social-Société,Nationale,http://www.combonianos.pt,Missionários Combonianos do Coração de Jesus,Lisboa,Trimestral,ERC,3
MED-PT-0698,Fanico Magazine,PT,Portugal,pt,WEB,Médias spécialisés grand public,Actualités-Infos Générales,Nationale,https://heyzine.com/flip-book/683bb6d84b.html,"Vanessa Pessoa Soares, Francisca Patrícia Osório Rodrigues, Mariana Oliveira Ribeiro",Viseu,Quadrimestral,ERC,3
MED-PT-0699,Faro Informação,PT,Portugal,pt,WEB,Médias régionaux (hors PQR),Actualités-Infos Générales,Régionale/Départementale,https://faroinformacao.sapo.pt,"Justpoetic, Lda",Lisboa,Diária (dias úteis),ERC,3
MED-PT-0700,Farol de Esposende,PT,Portugal,pt,PRESSE,Médias régionaux (hors PQR),Actualités-Infos Générales,Régionale/Départementale,,Forum Esposendense - Associação Cívica para o Desenvolvimento e Progresso do Concelho de Esposende,Esposende,Bimensal,ERC,3
MED-PT-0701,Fátima Missionária,PT,Portugal,pt,PRESSE,Médias associatifs,Social-Société,Nationale,https://www.fatimamissionária.pt,Delegação Portuguesa do Instituto Missionário da Consolata,Cova da Iria,Mensal,ERC,3
MED-PT-0702,Fazendo,PT,Portugal,pt,PRESSE,Médias régionaux (hors PQR),Actualités-Infos Générales,Régionale/Départementale,https://pt.wikipedia.org/wiki/Fazendo,,,,WIKIPEDIA,3
MED-PT-0703,Feiranet,PT,Portugal,pt,WEB,Médias régionaux (hors PQR),Actualités-Infos Générales,Régionale/Départementale,https://feiranet.pt,"Ágilpassear, Lda.",Oliveira de Azeméis,Diária (dias úteis),ERC,3
MED-PT-0704,Felgueiras Diário,PT,Portugal,pt,WEB,Médias régionaux (hors PQR),Actualités-Infos Générales,Régionale/Départementale,https://www.felgueirasdiario.pt,"FLG Comunicação, Lda.",Lagares,Diária,ERC,3
MED-PT-0705,Felgueiras Magazine,PT,Portugal,pt,PRESSE,Médias régionaux (hors PQR),Actualités-Infos Générales,Régionale/Départementale,https://www.felgueirasmagazine.pt,"Login Alpha, Unipessoal, Lda.",Friande,Bianual,ERC,3
MED-PT-0706,Festa,PT,Portugal,pt,PRESSE,Médias régionaux (hors PQR),Actualités-Infos Générales,Régionale/Départementale,https://www.revistafesta.com,Carlos Jorge Matos da Rosa,Azinhaga,Trimestral,ERC,3
MED-PT-0707,FHM,PT,Portugal,pt,PRESSE,Médias d'information générale (hors PQN),Actualités-Infos Générales,Nationale,https://pt.wikipedia.org/wiki/FHM,,,,WIKIPEDIA,3
MED-PT-0708,Fiesta!,PT,Portugal,pt,PRESSE,Médias régionaux (hors PQR),Actualités-Infos Générales,Régionale/Départementale,https://www.revistafiesta.pt,"O.L.C. Unipessoal, Lda.",Câmara de Lobos,Mensal,ERC,3
MED-PT-0709,Figueira na Hora,PT,Portugal,pt,WEB,Médias d'information générale (hors PQN),Actualités-Infos Générales,Nationale,https://www.figueiranahora.com,Jorge Manuel Fonseca Miranda Lemos,Figueira da Foz,Diária,ERC,3
MED-PT-0710,filmSPOT.pt - Cartaz de Cinema e Televisão,PT,Portugal,pt,WEB,Médias spécialisés grand public,"Culture/Divertissement, Cinéma, Jeux vidéos",Nationale,https://filmspot.pt,Webdados - Tecnologia de Informação Unip. Lda.,Pinhal de Frades,Semanal,ERC,3
MED-PT-0711,Finisterra,PT,Portugal,pt,PRESSE,Médias spécialisés grand public,Actualités-Infos Générales,Nationale,https://www.respublica.pt,Fundação Res Publica,Lisboa,Anual,ERC,3
MED-PT-0712,Finisterra - Revista Portuguesa de Geografia,PT,Portugal,pt,PRESSE,Médias spécialisés grand public,Actualités-Infos Générales,Nationale,http://revistas.rcaap.pt/finisterra,CEG - Instituto de Geografia e Ordenamento do Território da Universidade de Lisboa,Lisboa,Anual,ERC,3
MED-PT-0713,Flagra,PT,Portugal,pt,WEB,Médias spécialisés grand public,Actualités-Infos Générales,Nationale,http://flagra.pt,Ana Sofia Ribeiro de Castro,Árvore,Diária,ERC,3
MED-PT-0714,Flash!,PT,Portugal,pt,WEB,Médias spécialisés grand public,Actualités-Infos Générales,Nationale,https://www.flash.pt,"Medialivre, S.A.",Lisboa,Diária,ERC,3
MED-PT-0715,Flashes de Fátima,PT,Portugal,pt,PRESSE,Médias associatifs,Social-Société,Nationale,,Associação dos Custódios de Maria,Lisboa,Mensal,ERC,3
MED-PT-0716,Fleet Magazine,PT,Portugal,pt,PRESSE,Médias spécialisés grand public,Actualités-Infos Générales,Nationale,http://www.fleetmagazine.pt,"HDD Media Unipessoal, Lda.",Tomar,Trimestral,ERC,3
MED-PT-0717,Flor de Lis,PT,Portugal,pt,PRESSE,Médias spécialisés grand public,Actualités-Infos Générales,Nationale,,Corpo Nacional de Escutas - Escutismo Católico Português,Lisboa,Mensal,ERC,3
MED-PT-0718,Flor do Tâmega,PT,Portugal,pt,WEB,Médias régionaux (hors PQR),Actualités-Infos Générales,Régionale/Départementale,https://aflordotamega.pt,Sandra Cristina dos Santos Monteiro Marinho,Braga,Mensal,ERC,3
MED-PT-0719,FluxMedia,PT,Portugal,pt,RADIO,Radios Web/Podcasts,Actualités-Infos Générales,Régionale/Départementale,https://fluxmedia.pt,Nuno Miguel Lourenço Carvalhinho,Sertã,Continu,ERC,3
MED-PT-0720,F Luxury,PT,Portugal,pt,PRESSE,Médias spécialisés grand public,Actualités-Infos Générales,Nationale,http://www.fluxurymagazine.com,"Focuspremium - Image & Consulting, Unipessoal, Lda.",Guincho,Trimestral,ERC,3
MED-PT-0721,Focus,PT,Portugal,pt,PRESSE,Médias d'information générale (hors PQN),Actualités-Infos Générales,Nationale,https://pt.wikipedia.org/wiki/Focus_%28revista_portuguesa%29,,,,WIKIPEDIA,3
MED-PT-0722,Focus Media Sports,PT,Portugal,pt,WEB,Médias spécialisés grand public,Sports,Nationale,https://impactomedia2526.wixsite.com/focusmediasports,Ana Catarina Martins Magalhães,Porto,Mensal,ERC,3
MED-PT-0723,FOCUSMSN,PT,Portugal,pt,WEB,"Portails, Aggrégateurs",Actualités-Infos Générales,Nationale,https://www.focusmsn.pt,Joaquim Pinheiro Sanches Galante,Lisboa,Diária,ERC,3
MED-PT-0724,Focussocial,PT,Portugal,pt,PRESSE,Médias d'information générale (hors PQN),Actualités-Infos Générales,Nationale,https://www.eapn.pt/centro-de-documentacao/focussocial,EAPN Portugal / Rede Europeia Anti-Pobreza,Porto,Semestral,ERC,3
MED-PT-0725,Fogo de Campo,PT,Portugal,pt,PRESSE,Médias régionaux (hors PQR),Actualités-Infos Générales,Régionale/Départementale,,Clube de Campismo do Concelho de Almada,Almada,Trimestral,ERC,3
MED-PT-0726,Foguetão,PT,Portugal,pt,PRESSE,Médias d'information générale (hors PQN),Actualités-Infos Générales,Nationale,https://pt.wikipedia.org/wiki/Foguet%C3%A3o_%28seman%C3%A1rio%29,,,,WIKIPEDIA,3
MED-PT-0727,Folha D'Acer,PT,Portugal,pt,PRESSE,Médias régionaux (hors PQR),Actualités-Infos Générales,Régionale/Départementale,https://acer2017.blogspot.com/p/folha-dacer.html,Á.C.E.R. - Associação Cultural e de Estudos Regionais,Porto,Semestral,ERC,3
MED-PT-0728,Folha de Montemor,PT,Portugal,pt,PRESSE,Médias régionaux (hors PQR),Actualités-Infos Générales,Régionale/Départementale,https://www.terravista.pt,"Publimor - Cooperativa de Publicidade e Informação de Montemor, C.R.L.",Montemor-O-Novo,Mensal,ERC,3
MED-PT-0729,Folha de Portugal,PT,Portugal,pt,PRESSE,Médias associatifs,Social-Société,Nationale,https://www.igrejauniversal.pt,Igreja Universal do Reino de Deus,Lisboa,Mensal,ERC,3
MED-PT-0730,Folha de Tondela,PT,Portugal,pt,PRESSE,Médias régionaux (hors PQR),Actualités-Infos Générales,Régionale/Départementale,https://www.folhadetondela.com,"Publidão - Edição de Jornal, Unipessoal, Lda.",Tondela,Semanal,ERC,3
MED-PT-0731,Folha do Centro.pt,PT,Portugal,pt,PRESSE,Médias régionaux (hors PQR),Actualités-Infos Générales,Régionale/Départementale,https://www.folhadocentro.pt,"Olitexto - Sociedade Editora e Audiovisuais, Lda.",Oliveira do Hospital,Mensal,ERC,3
MED-PT-0732,Folha do Domingo,PT,Portugal,pt,PRESSE,Médias associatifs,Social-Société,Régionale/Départementale,https://folhadodomingo.pt,Diocese do Algarve,Faro,Quinzenal,ERC,3
MED-PT-0733,Folha Nacional,PT,Portugal,pt,PRESSE,Médias associatifs,Social-Société,Nationale,https://www.folhanacional.pt,Partido Chega,Lisboa,Semanal,ERC,3
MED-PT-0734,Football Dream,PT,Portugal,pt,WEB,Médias spécialisés grand public,Sports,Nationale,https://www.footballdream.pt,"Âmbito - Gestão da Informação, Lda.",Lisboa,Bissemanal,ERC,3
MED-PT-0735,Forbes,PT,Portugal,pt,PRESSE,Médias spécialisés grand public,Actualités-Infos Générales,Nationale,,Forbes IP (HK),Porto Salvo,Bimestral,ERC,3
MED-PT-0736,Forbes África Lusófona,PT,Portugal,pt,PRESSE,Médias spécialisés grand public,Actualités-Infos Générales,Nationale,https://www.forbesafricalusofona.com,"Media9Par, S.A.",Porto Salvo,Bimestral,ERC,3
MED-PT-0737,Forcadilhas e Toiros,PT,Portugal,pt,WEB,Médias spécialisés grand public,Actualités-Infos Générales,Nationale,https://www.forcadilhasetoiros.com,Armando de Sousa Alves,Bicesse,Semanal,ERC,3
MED-PT-0738,Forever Young,PT,Portugal,pt,WEB,Médias spécialisés grand public,Actualités-Infos Générales,Nationale,https://foreveryoung.sapo.pt,"Multipublicações - Edição, Publicação de Informação e Prestação de Serviços de Comunicação, Lda",Lisboa,Diária,ERC,3
MED-PT-0739,Forum Canonicum,PT,Portugal,pt,PRESSE,Médias spécialisés grand public,Actualités-Infos Générales,Nationale,https://www.isdc.lisboa.ucp.pt,Universidade Católica Portuguesa,Lisboa,Semestral,ERC,3
MED-PT-0740,Forum Estudante,PT,Portugal,pt,PRESSE,Médias spécialisés grand public,Actualités-Infos Générales,Nationale,https://www.forum.pt,"Press-Forum - Comunicação Social, Lda.",Lisboa,9 x ano,ERC,3
MED-PT-0741,Fórum Hospital do Futuro,PT,Portugal,pt,WEB,Médias spécialisés grand public,Actualités-Infos Générales,Nationale,https://www.hospitaldofuturo.pt,Paulo Manuel Coimbra Nunes de Abreu,Linhó,Mensal,ERC,3
MED-PT-0742,Foz do Mondego Radio,PT,Portugal,pt,RADIO,Radios Régionales,Actualités-Infos Générales,Régionale/Départementale,,"Foz do Mondego - Meios de Radiodifusão, Lda",Figueira da Foz,Continu,ERC,3
MED-PT-0743,FOZ - Guadiana Digital,PT,Portugal,pt,WEB,Médias régionaux (hors PQR),Actualités-Infos Générales,Régionale/Départementale,https://guadianadigital.pt,José Estêvão Cruz,Vila Real de Santo António,Diária,ERC,3
MED-PT-0744,FPF360,PT,Portugal,pt,PRESSE,Médias spécialisés grand public,Actualités-Infos Générales,Nationale,https://www.fpf.pt,Federação Portuguesa de Futebol,Cruz Quebrada,Trimestral,ERC,3
MED-PT-0745,Fraternidade,PT,Portugal,pt,PRESSE,Médias associatifs,Social-Société,Nationale,,Associação de Beneficiência Fraternidade,Lisboa,Mensal,ERC,3
MED-PT-0746,Frontal,PT,Portugal,pt,WEB,Médias régionaux (hors PQR),Actualités-Infos Générales,Régionale/Départementale,https://www.jornalfrontal.com,Santa Casa da Misericórdia da Mealhada,Mealhada,Diária,ERC,3
MED-PT-0747,"Frutas, Legumes e Flores",PT,Portugal,pt,PRESSE,Médias spécialisés grand public,Actualités-Infos Générales,Nationale,https://www.flfrevista.pt,"Publiagro - Publicações Agrícolas, Lda",Lisboa,Mensal,ERC,3
MED-PT-0748,FS Fora de Série,PT,Portugal,pt,PRESSE,Médias d'information générale (hors PQN),Actualités-Infos Générales,Nationale,https://foradeserie.sapo.pt,"Unicorn Jungle Unipessoal, Lda.",Lisboa,Trimestral,ERC,3
MED-PT-0749,Fuel TV,PT,Portugal,pt,TV,TV Grandes Chaînes,Actualités-Infos Générales,Nationale,https://en.wikipedia.org/wiki/Fuel_TV_%28international%29,,,,WIKIPEDIA,3
MED-PT-0750,Fumaça,PT,Portugal,pt,WEB,Médias d'information générale (hors PQN),Actualités-Infos Générales,Nationale,https://www.fumaca.pt,Verdes Memórias - Associação,Lisboa,Mensal,ERC,3
MED-PT-0751,Funchal Notícias,PT,Portugal,pt,WEB,Médias régionaux (hors PQR),Actualités-Infos Générales,Régionale/Départementale,https://www.funchalnoticias.net,Letras de Coragem - Lda.,Funchal,Diária,ERC,3
MED-PT-0752,Fundação AIS - ACN Portugal,PT,Portugal,pt,PRESSE,Médias associatifs,Social-Société,Nationale,https://www.fundacao-ais.pt,Fundação Ajuda à Igreja que Sofre,Lisboa,8 x ano,ERC,3
MED-PT-0753,Fundamental - Diário Online,PT,Portugal,pt,WEB,Médias régionaux (hors PQR),Actualités-Infos Générales,Régionale/Départementale,https://www.fundamental-diario.pt,"Planeta Compatível, Unipessoal, Lda.",Vale do Paraiso,Diária,ERC,3
MED-PT-0754,Fundos Europeus,PT,Portugal,pt,WEB,Médias spécialisés grand public,Actualités-Infos Générales,Nationale,https://eco.sapo.pt/fundos-europeus,"Swipe News, S.A.",Lisboa,Semanal,ERC,3
MED-PT-0755,Fungagá da Bicharada,PT,Portugal,pt,PRESSE,Médias d'information générale (hors PQN),Actualités-Infos Générales,Nationale,https://pt.wikipedia.org/wiki/Fungag%C3%A1_da_Bicharada,,,,WIKIPEDIA,3
MED-PT-0756,Futebol Português Online,PT,Portugal,pt,WEB,Médias spécialisés grand public,Sports,Nationale,https://www.futebolportuguesonline.com,Rui Manuel da Silva Cardoso,Porto,Diária,ERC,3
MED-PT-0757,Futura - Rádio de Autor,PT,Portugal,pt,RADIO,Radios Web/Podcasts,Actualités-Infos Générales,Régionale/Départementale,https://www.radiofutura.pt,José Pedro Felner Rollin Roberto Ramos,Lisboa,Continu,ERC,3
MED-PT-0758,Future Behind,PT,Portugal,pt,WEB,Médias spécialisés grand public,Actualités-Infos Générales,Nationale,http://futurebehind.com,André Calado de Oliveira Santos,Riachos,Semanal,ERC,3
MED-PT-0759,Futuro da Guarda,PT,Portugal,pt,WEB,Médias régionaux (hors PQR),Actualités-Infos Générales,Régionale/Départementale,https://www.futurodaguarda.pt,Fundação João Bento Raimundo,Guarda,Mensal,ERC,3
MED-PT-0760,Galileu - Revista de Direito e Economia,PT,Portugal,pt,WEB,Médias régionaux (hors PQR),Economie - Services,Régionale/Départementale,http://journals.ual.pt/galileu,"CEU - Cooperativa de Ensino Universitario, C.R.L.",Lisboa,Anual,ERC,3
MED-PT-0761,"Gaya - Estudos de História, Arqueologia e Património",PT,Portugal,pt,PRESSE,Médias spécialisés grand public,Actualités-Infos Générales,Nationale,https://www.queirosiana.pt,Amigos do Solar Condes de Resende-Confraria Queirosiana,Canelas,Anual,ERC,3
MED-PT-0762,Gazeta da Beira,PT,Portugal,pt,PRESSE,Médias régionaux (hors PQR),Actualités-Infos Générales,Régionale/Départementale,https://www.gazetadabeira.pt,"GLOCALDECIDE - Associação para a Democracia, a Cidadania e o Desenvolvimento",Paços de Vilharigues,Mensal,ERC,3
MED-PT-0763,Gazeta das Caldas,PT,Portugal,pt,PRESSE,Médias régionaux (hors PQR),Actualités-Infos Générales,Régionale/Départementale,https://gazetacaldas.pt,"Cooperativa Editorial Caldense, C.R.L.",Caldas da Rainha,Semanal,ERC,3
MED-PT-0764,Gazeta das Damas,PT,Portugal,pt,PRESSE,Médias d'information générale (hors PQN),Actualités-Infos Générales,Nationale,https://pt.wikipedia.org/wiki/Gazeta_das_Damas,,,,WIKIPEDIA,3
MED-PT-0765,Gazeta de Física,PT,Portugal,pt,PRESSE,Médias spécialisés grand public,Actualités-Infos Générales,Nationale,,Sociedade Portuguesa de Física,Lisboa,3 x ano,ERC,3
MED-PT-0766,Gazeta de Matemática,PT,Portugal,pt,PRESSE,Médias d'information générale (hors PQN),Actualités-Infos Générales,Nationale,https://pt.wikipedia.org/wiki/Gazeta_de_Matem%C3%A1tica,,,,WIKIPEDIA,3
MED-PT-0767,Gazeta de Paços de Ferreira,PT,Portugal,pt,PRESSE,Médias régionaux (hors PQR),Actualités-Infos Générales,Régionale/Départementale,https://gazetapacosdeferreira.pt,"Audazescrita, Lda.",Meixomil,Quinzenal,ERC,3
MED-PT-0768,Gazeta de Sátão,PT,Portugal,pt,PRESSE,Médias régionaux (hors PQR),Actualités-Infos Générales,Régionale/Départementale,,Isabel Maria Rodrigues dos Santos Figueiredo,Sátão,Mensal,ERC,3
MED-PT-0769,Gazeta de Vendas Novas,PT,Portugal,pt,PRESSE,Médias régionaux (hors PQR),Actualités-Infos Générales,Régionale/Départementale,,"Empresa Jornalistica de Vendas Novas, Lda.",Vendas Novas,Mensal,ERC,3
MED-PT-0770,Gazeta do Interior,PT,Portugal,pt,PRESSE,Médias régionaux (hors PQR),Actualités-Infos Générales,Régionale/Départementale,https://www.gazetadointerior.pt,"Informarte - Informação Regional, SA",Castelo Branco,Semanal,ERC,3
MED-PT-0771,Gazeta Rural,PT,Portugal,pt,PRESSE,Médias régionaux (hors PQR),Actualités-Infos Générales,Régionale/Départementale,https://www.gazetarural.com,"Classe Média - Comunicação e Serviços, Unipessoal, Lda.",Lourosa de Cima,Quinzenal,ERC,3
MED-PT-0772,Gente de Basto,PT,Portugal,pt,PRESSE,Médias régionaux (hors PQR),Actualités-Infos Générales,Régionale/Départementale,,"Jornal de Basto, Unipessoal Lda.",Celorico de Basto,Mensal,ERC,3
MED-PT-0773,GE-Portuguese Journal of Gastroenterology,PT,Portugal,pt,WEB,Médias spécialisés grand public,Actualités-Infos Générales,Nationale,https://www.spg.pt,Sociedade Portuguesa de Gastrenterologia,Lisboa,Bimestral,ERC,3
MED-PT-0774,Gestão e Desenvolvimento,PT,Portugal,pt,WEB,Médias professionnels,Actualités-Infos Générales,Nationale,https://revistas.ucp.pt/index.php./gestaoedesenvolvimento,Universidade Católica Portuguesa,Viseu,Anual,ERC,3
MED-PT-0775,Gina,PT,Portugal,pt,PRESSE,Médias d'information générale (hors PQN),Actualités-Infos Générales,Nationale,https://pt.wikipedia.org/wiki/Gina_%28revista%29,,,,WIKIPEDIA,3
MED-PT-0776,Global News,PT,Portugal,pt,WEB,Médias régionaux (hors PQR),Actualités-Infos Générales,Régionale/Départementale,http://globalnews.pt,Alexandre Vítor Simões Bernardo,Porto,Diária,ERC,3
MED-PT-0777,Globo,PT,Portugal,pt,TV,TV Grandes Chaînes,Actualités-Infos Générales,Nationale,https://pt.wikipedia.org/wiki/Globo_%28Portugal%29,,,,WIKIPEDIA,3
MED-PT-0778,Glorioso 1904,PT,Portugal,pt,WEB,Médias spécialisés grand public,Actualités-Infos Générales,Nationale,https://www.glorioso1904.pt,"Sílaba Notável, Lda.",Lisboa,Diária,ERC,3
MED-PT-0779,Glosas,PT,Portugal,pt,PRESSE,Médias d'information générale (hors PQN),Actualités-Infos Générales,Nationale,https://pt.wikipedia.org/wiki/Glosas,,,,WIKIPEDIA,3
MED-PT-0780,GoldenBook,PT,Portugal,pt,PRESSE,Médias spécialisés grand public,Actualités-Infos Générales,Nationale,,"Majov Edições, Lda.",Cascais,Anual,ERC,3
MED-PT-0781,Golo FM,PT,Portugal,pt,RADIO,Radios Web/Podcasts,Actualités-Infos Générales,Régionale/Départementale,https://golo.fm,"Amazing Mase - Modular Artifacts to Surprise and Enjoy, Unipessoal Lda.",Porto,Continu,ERC,3
MED-PT-0782,Golo FM (Bombarral),PT,Portugal,pt,RADIO,Radios Régionales,Actualités-Infos Générales,Régionale/Départementale,,"Benfica FM, Unipessoal Lda.",Lisboa,Continu,ERC,3
MED-PT-0783,GoRide,PT,Portugal,pt,WEB,Médias spécialisés grand public,Actualités-Infos Générales,Nationale,https://www.goride.pt,"GoRide - Edições, Lda.",Runa,Diária,ERC,3
MED-PT-0784,Gourmet Magazine,PT,Portugal,pt,PRESSE,Médias spécialisés grand public,Actualités-Infos Générales,Nationale,https://catalogos.elcorteingles.pt/ElCorteIngles/supermercado/2025/11/gourmet-magazine,"El Corte Inglês, Grandes Armazéns, SA",Lisboa,Anual,ERC,3
MED-PT-0785,Graças do Padre Cruz SJ,PT,Portugal,pt,PRESSE,Médias associatifs,Social-Société,Nationale,https://www.padrecruz.org,Causa de Beatificação e Canonização do Servo de Deus Padre Francisco da Cruz S.J.,Lisboa,Semestral,ERC,3
MED-PT-0786,Granada FM,PT,Portugal,pt,RADIO,Radios Régionales,Actualités-Infos Générales,Régionale/Départementale,,"Granada FM - Rádio e Jornalismo, Unipessoal, Lda.",Vendas Novas,Continu,ERC,3
MED-PT-0787,Grande Consumo,PT,Portugal,pt,PRESSE,Médias spécialisés grand public,Actualités-Infos Générales,Nationale,https://www.grandeconsumo.com,Carina Inês Rocha Rodrigues,Rinchoa,Bimestral,ERC,3
MED-PT-0788,Gray-film,PT,Portugal,pt,WEB,Médias spécialisés grand public,Actualités-Infos Générales,Nationale,http://gray-film.eu,José António Chagas Machado,Lisboa,Quadrimestral,ERC,3
MED-PT-0789,Green eFact,PT,Portugal,pt,WEB,Médias spécialisés grand public,Actualités-Infos Générales,Nationale,https://www.greenefact.com,"Encosta no Horizonte, Lda.",Lisboa,Semanal,ERC,3
MED-PT-0790,Green Savers,PT,Portugal,pt,PRESSE,Médias spécialisés grand public,Actualités-Infos Générales,Nationale,https://greensavers.pt,"Green News Editora, Lda.",Lisboa,Trimestral,ERC,3
MED-PT-0791,Grémio Lusitano,PT,Portugal,pt,PRESSE,Médias spécialisés grand public,Actualités-Infos Générales,Nationale,,Grémio Lusitano,Lisboa,Bianual,ERC,3
MED-PT-0792,Grupo da Imaculada,PT,Portugal,pt,PRESSE,Médias associatifs,Social-Société,Nationale,https://www.grupodaimaculada.com,Fundação Apostolado do Imaculado Coração de Maria,Cova da Iria,Trimestral,ERC,3
MED-PT-0793,Grupo Editorial Vida Económica,PT,Portugal,pt,PRESSE,Médias régionaux (hors PQR),Actualités-Infos Générales,Régionale/Départementale,https://pt.wikipedia.org/wiki/Grupo_Editorial_Vida_Econ%C3%B3mica,,,,WIKIPEDIA,3
MED-PT-0794,Grupo MCS TV,PT,Portugal,pt,TV,TV Grandes Chaînes,Actualités-Infos Générales,Nationale,https://pt.wikipedia.org/wiki/Grupo_MCS_TV,,,,WIKIPEDIA,3
MED-PT-0795,Guia das Praias Fluviais,PT,Portugal,pt,PRESSE,Médias spécialisés grand public,Actualités-Infos Générales,Nationale,https://www.praiasfluviais.pt,João Leopoldo da Cruz Almeida Matos,Castelo Branco,Anual,ERC,3
MED-PT-0796,Guia de Vinhos,PT,Portugal,pt,PRESSE,Médias d'information générale (hors PQN),Actualités-Infos Générales,Nationale,,"Deco Proteste, Editores, Lda.",Lisboa,Anual,ERC,3
MED-PT-0797,Guia do Automóvel,PT,Portugal,pt,PRESSE,Médias spécialisés grand public,Auto-Moto-Cyclo,Nationale,,Nuno António Russo Dias dos Santos Poço,Porto,Anual,ERC,3
MED-PT-0798,Guia Fiscal,PT,Portugal,pt,WEB,Médias spécialisés grand public,Actualités-Infos Générales,Nationale,https://decoproteste.streamofbooks.com/guiafiscal2025,"Deco Proteste, Editores, Lda.",Lisboa,Anual,ERC,3
MED-PT-0799,Guia Prático do Estudante,PT,Portugal,pt,PRESSE,Médias spécialisés grand public,Actualités-Infos Générales,Nationale,https://www.forum.pt,"Press-Forum - Comunicação Social, Lda.",Lisboa,Anual,ERC,3
MED-PT-0800,Gui@ da Internet,PT,Portugal,pt,PRESSE,Médias spécialisés grand public,Actualités-Infos Générales,Nationale,https://www.futuro.net,"Vias do Futuro - Tecnologias de Informação, Lda",Lisboa,Mensal,ERC,3
MED-PT-0801,Guimarães Agora,PT,Portugal,pt,WEB,Médias régionaux (hors PQR),Actualités-Infos Générales,Régionale/Départementale,https://www.guimaraesagora.pt,"Crónicaprazível Unipessoal, Lda.",São Torcato,Diária,ERC,3
MED-PT-0802,Guimarães Digital,PT,Portugal,pt,WEB,Médias régionaux (hors PQR),Actualités-Infos Générales,Régionale/Départementale,http://www.guimaraesdigital.pt,"Guimapress, SA",Guimarães,Diária,ERC,3
MED-PT-0803,H2 Magazine,PT,Portugal,pt,PRESSE,Médias spécialisés grand public,Actualités-Infos Générales,Nationale,https://www.bleed.pt,"Bleed - Sociedade Editorial e Organização de Eventos, Unipessoal, Lda.",Lisboa,Bimestral,ERC,3
MED-PT-0804,HBO Portugal,PT,Portugal,pt,TV,TV Grandes Chaînes,Actualités-Infos Générales,Nationale,https://en.wikipedia.org/wiki/HBO_Portugal,,,,WIKIPEDIA,3
MED-PT-0805,Hcdesporto.pt,PT,Portugal,pt,WEB,Médias spécialisés grand public,Sports,Nationale,https://hcdesporto.pt,"História Carmim, Unipessoal Lda",Vila Nova de Gaia,Diária,ERC,3
MED-PT-0806,Hcesports.pt,PT,Portugal,pt,WEB,Médias spécialisés grand public,Sports,Nationale,https://www.hcesports.pt,"História Carmim, Unipessoal Lda",Vila Nova de Gaia,Diária,ERC,3
MED-PT-0807,Hctreinodesportivo.pt,PT,Portugal,pt,PRESSE,Médias spécialisés grand public,Sports,Nationale,https://hcdesporto.pt/treino-desportivo,"História Carmim, Unipessoal Lda",Vila Nova de Gaia,Trimestral,ERC,3
MED-PT-0808,HealthNews - Jornalismo de Saúde,PT,Portugal,pt,WEB,Médias spécialisés grand public,Médecine,Nationale,"https://www.healthnews,pt","Healthnews, Comunicação, VMAL, Limitada",Lisboa,Diária,ERC,3
MED-PT-0809,Hemofilia,PT,Portugal,pt,PRESSE,Médias spécialisés grand public,Actualités-Infos Générales,Nationale,https://www.aphemofilia.pt,Associação Portuguesa de Hemofília e de Outras Coagulopatias Congénitas,Lisboa,Semestral,ERC,3
MED-PT-0810,Hipersuper,PT,Portugal,pt,PRESSE,Médias spécialisés grand public,Actualités-Infos Générales,Nationale,https://www.hipersuper.pt,"Work Media - Comunicação, SA",Lisboa,Mensal,ERC,3
MED-PT-0811,Hipersuper Export,PT,Portugal,pt,PRESSE,Médias spécialisés grand public,Actualités-Infos Générales,Nationale,,"Work Media - Comunicação, SA",Lisboa,4 x ano,ERC,3
MED-PT-0812,Hip Hop Rádio,PT,Portugal,pt,RADIO,Radios Web/Podcasts,Actualités-Infos Générales,Régionale/Départementale,https://www.hiphopradio.pt,Daniel de Oliveira Pinheiro Pereira,Sines,Continu,ERC,3
MED-PT-0813,Hippocampus,PT,Portugal,pt,PRESSE,Médias régionaux (hors PQR),Actualités-Infos Générales,Régionale/Départementale,https://www.cncascais.com/hippocampus,Clube Naval de Cascais,Cascais,Quadrimestral,ERC,3
MED-PT-0814,História,PT,Portugal,pt,TV,TV Grandes Chaînes,Actualités-Infos Générales,Nationale,https://pt.wikipedia.org/wiki/Hist%C3%B3ria_%28canal_de_televis%C3%A3o%29,,,,WIKIPEDIA,3
MED-PT-0815,História tétrica de uma empresa lírica,PT,Portugal,pt,PRESSE,Médias régionaux (hors PQR),Actualités-Infos Générales,Régionale/Départementale,https://pt.wikipedia.org/wiki/Hist%C3%B3ria_t%C3%A9trica_de_uma_empresa_l%C3%ADrica,,,,WIKIPEDIA,3
MED-PT-0816,History,PT,Portugal,pt,TV,TV Grandes Chaînes,Actualités-Infos Générales,Nationale,https://pt.wikipedia.org/wiki/History,,,,WIKIPEDIA,3
MED-PT-0817,Hoje,PT,Portugal,pt,PRESSE,Médias associatifs,Social-Société,Nationale,https://www.uniaobiblica.com,União Bíblica,Almada,Semestral,ERC,3
MED-PT-0818,Hollywood,PT,Portugal,pt,TV,TV Câble/Sat,"Culture/Divertissement, Cinéma, Jeux vidéos",Nationale,,"Dreamia - Serviços de Televisão, S.A.",Lisboa,Continu,ERC,3
MED-PT-0819,Holofote,PT,Portugal,pt,WEB,Médias spécialisés grand public,Actualités-Infos Générales,Nationale,https://www.holofote.pt,"Trust In News, Unipessoal, Lda.",Porto Salvo,Diária,ERC,3
MED-PT-0820,HóqueiPT,PT,Portugal,pt,WEB,Médias spécialisés grand public,Actualités-Infos Générales,Nationale,https://www.hoqueipt.com,Pedro Alexandre Caria Alves dos Santos,Amadora,3 em 3 dias,ERC,3
MED-PT-0821,Horizonte,PT,Portugal,pt,PRESSE,Médias régionaux (hors PQR),Actualités-Infos Générales,Régionale/Départementale,https://www.jhorizonte.com,Marco António Rosa Marques,Avelar,Mensal,ERC,3
MED-PT-0822,Hospitalidade,PT,Portugal,pt,PRESSE,Médias régionaux (hors PQR),Actualités-Infos Générales,Régionale/Départementale,,Província Portuguesa da Ordem Hospitaleira de S. João de Deus,Lisboa,Trimestral,ERC,3
MED-PT-0823,HOT TV,PT,Portugal,pt,TV,TV Grandes Chaînes,Actualités-Infos Générales,Nationale,https://pt.wikipedia.org/wiki/HOT_TV,,,,WIKIPEDIA,3
MED-PT-0824,HPA Magazine,PT,Portugal,pt,WEB,Médias régionaux (hors PQR),Actualités-Infos Générales,Régionale/Départementale,https://www.hpa.com,"Hospital Particular do Algarve, SA",Alvor,Semestral,ERC,3
MED-PT-0825,H - Revista da Associação Portuguesa de Hospitalização Privada,PT,Portugal,pt,PRESSE,Médias associatifs,Actualités-Infos Générales,Nationale,,Associação Portuguesa de Hospitalização Privada,Lisboa,Trimestral,ERC,3
MED-PT-0826,Human,PT,Portugal,pt,PRESSE,Médias spécialisés grand public,Actualités-Infos Générales,Nationale,https://www.human.pt,"Just Media, Lda",Lisboa,Bimestral,ERC,3
MED-PT-0827,Humanamente,PT,Portugal,pt,WEB,Médias spécialisés grand public,Actualités-Infos Générales,Nationale,http://humanamente.pt,Paula Cristina Lopes Gouveia,Nelas,Anual,ERC,3
MED-PT-0828,Humanista,PT,Portugal,pt,WEB,Médias spécialisés grand public,Actualités-Infos Générales,Nationale,https://www.amnistia.pt/humanista,Amnistia Internacional - Portugal,Oeiras,Anual,ERC,3
MED-PT-0829,Human Resources Portugal,PT,Portugal,pt,PRESSE,Médias d'information générale (hors PQN),Actualités-Infos Générales,Nationale,,"Multipublicações - Edição, Publicação de Informação e Prestação de Serviços de Comunicação, Lda",Lisboa,Mensal,ERC,3
MED-PT-0830,iALIMENTAR,PT,Portugal,pt,PRESSE,Médias spécialisés grand public,Actualités-Infos Générales,Nationale,https://www.ialimentar.pt,"Induglobal, Unipessoal, Lda.",Lisboa,Trimestral,ERC,3
MED-PT-0831,Iberian.Property,PT,Portugal,pt,PRESSE,Médias spécialisés grand public,Actualités-Infos Générales,Nationale,https://www.iberian.property,"Imoedições - Edições Periódicas e Multimédia, Unipessoal, Lda.",Porto,Trimestral,ERC,3
MED-PT-0832,Identidade 4540,PT,Portugal,pt,WEB,Médias régionaux (hors PQR),Actualités-Infos Générales,Régionale/Départementale,https://fliphtml5.com/eemcz/nuxo/identidade_4540_n%C2%BA3,Associação 4540 Jovem,Canelas de Cima,Anual,ERC,3
MED-PT-0833,Igreja Açores,PT,Portugal,pt,WEB,Médias associatifs,Social-Société,Régionale/Départementale,https://www.igrejaacores.pt,"UGA. - União Gráfica Angrense, Unipessoal, Lda.",Angra do Heroísmo,Diária,ERC,3
MED-PT-0834,Igreja e Missão,PT,Portugal,pt,PRESSE,Médias associatifs,Social-Société,Nationale,https://www.boanova.pt,Sociedade Portuguesa das Missões Católicas Ultramarinas/Sociedade Missionária da Boa Nova,Vila Nova de Gaia,Quadrimestral,ERC,3
MED-PT-0835,Igreja Militante,PT,Portugal,pt,WEB,Médias associatifs,Social-Société,Nationale,https://--,Milícia de São Miguel - União para a Cultura e Civilização Cristãs,Lisboa,Mensal,ERC,3
MED-PT-0836,Ilha Maior,PT,Portugal,pt,PRESSE,Médias régionaux (hors PQR),Actualités-Infos Générales,Régionale/Départementale,https://www.ilhamaior.pt,Círculo de Amigos da Ilha do Pico,Cais da Madalena,Semanal,ERC,3
MED-PT-0837,I Love Brides,PT,Portugal,pt,PRESSE,Médias spécialisés grand public,Actualités-Infos Générales,Nationale,https://www.ilovebrides.pt,"I Love Brides Media, Lda.",Lavra,Anual,ERC,3
MED-PT-0838,Ilustração,PT,Portugal,pt,PRESSE,Médias d'information générale (hors PQN),Actualités-Infos Générales,Nationale,https://pt.wikipedia.org/wiki/Ilustra%C3%A7%C3%A3o_%28revista%29,,,,WIKIPEDIA,3
MED-PT-0839,Imagens de Marca,PT,Portugal,pt,WEB,Médias spécialisés grand public,Actualités-Infos Générales,Nationale,https://www.imagensdemarca.pt,"Olho Azul - Produções de Audiovisuais, Lda.",Barcarena,Diária,ERC,3
MED-PT-0840,Imediato,PT,Portugal,pt,PRESSE,Médias régionaux (hors PQR),Actualités-Infos Générales,Régionale/Départementale,https://www.imediato.pt,"O Progresso - Edições e Publicidade, Lda.",Paços de Ferreira,Bimensal,ERC,3
MED-PT-0841,IMGM Quarterly,PT,Portugal,pt,WEB,Médias spécialisés grand public,"Culture/Arts, littérature et culture générale",Nationale,https://quarterly.pt,"Polyhedron SGPS, Limitada",Lisboa,Anual,ERC,3
MED-PT-0842,Impala News Portal de Notícias,PT,Portugal,pt,WEB,"Portails, Aggrégateurs",Actualités-Infos Générales,Nationale,https://www.impala.pt,"Worldimpala.Net, Lda.",Covas,Diária,ERC,3
MED-PT-0843,Incentivo,PT,Portugal,pt,WEB,Médias régionaux (hors PQR),Actualités-Infos Générales,Régionale/Départementale,https://www.jornalincentivo.com,"Escrever e Editar - Edição de Publicações, Lda",Horta,Diária (dias úteis),ERC,3
MED-PT-0844,IN Corporate Magazine,PT,Portugal,pt,PRESSE,Médias spécialisés grand public,Actualités-Infos Générales,Nationale,https://www.incorporatemagazine.pt,"Litografis - Artes Gráficas, Lda.",Vila Nova de Gaia,Mensal,ERC,3
MED-PT-0845,Independência,PT,Portugal,pt,WEB,Médias spécialisés grand public,Actualités-Infos Générales,Nationale,https://www.revistaindependencia.pt,Sociedade Histórica da Independência de Portugal,Lisboa,Semestral,ERC,3
MED-PT-0846,Independência de Águeda,PT,Portugal,pt,WEB,Médias d'information générale (hors PQN),Actualités-Infos Générales,Nationale,,"Embraceprofit, Lda",Oliveira de Azeméis,Mensal,ERC,3
MED-PT-0847,Industria e Ambiente - Revista de Informação Tecnica e Cientifica,PT,Portugal,pt,PRESSE,Médias professionnels,Industrie,Nationale,https://www.publindustria.pt,"Publindústria - Produção de Comunicação, Lda",Vila Nova de Gaia,Bimestral,ERC,3
MED-PT-0848,Indústria Portuguesa - Motor da Economia,PT,Portugal,pt,PRESSE,Médias professionnels,Economie - Services,Nationale,https://www.bleed.pt,"Bleed - Sociedade Editorial e Organização de Eventos, Unipessoal, Lda.",Lisboa,Trimestral,ERC,3
MED-PT-0849,Infância na Europa Hoje,PT,Portugal,pt,PRESSE,Médias spécialisés grand public,Actualités-Infos Générales,Nationale,https://www.apei.pt,APEI - Associação dos Profissionais de Educação de Infância,Lisboa,Anual,ERC,3
MED-PT-0850,Infobien,PT,Portugal,pt,WEB,Médias spécialisés grand public,Actualités-Infos Générales,Nationale,https://bien.pt,Rita Pestana Casquilho Alagoínha Ramalho,Alter do Chão,Semanal,ERC,3
MED-PT-0851,Infocul.pt,PT,Portugal,pt,WEB,Médias d'information générale (hors PQN),Actualités-Infos Générales,Nationale,https://www.infocul.pt,Rui Miguel Lavrador da Conceição,Lisboa,Diária,ERC,3
MED-PT-0852,InfoDigital,PT,Portugal,pt,WEB,Médias d'information générale (hors PQN),Actualités-Infos Générales,Nationale,https://www.infodigital.pt,Sara Margarida Tomé Barquinha Canceiro,Portimão,Mensal,ERC,3
MED-PT-0853,Info-Fajãs,PT,Portugal,pt,WEB,Médias régionaux (hors PQR),Actualités-Infos Générales,Régionale/Départementale,https://www.info-fajas.pt,Mark Silveira Marques,Velas,Diária,ERC,3
MED-PT-0854,InfoIASFA,PT,Portugal,pt,WEB,Médias spécialisés grand public,Actualités-Infos Générales,Nationale,https://www.iasfa.pt,"Instituto de Ação Social das Forças Armadas, IP.",Lisboa,Trimestral,ERC,3
MED-PT-0855,Informação Hospital da Luz - Edição Especial,PT,Portugal,pt,PRESSE,Médias spécialisés grand public,Actualités-Infos Générales,Nationale,https://www.hospitaldaluz.pt,"Luz Saúde, SA",Lisboa,Semestral,ERC,3
MED-PT-0856,Informática Fácil,PT,Portugal,pt,PRESSE,Médias spécialisés grand public,Actualités-Infos Générales,Nationale,,Maurício José da Silva Reis,Coimbra,Trimestral,ERC,3
MED-PT-0857,Informédia Rádio,PT,Portugal,pt,RADIO,Radios Régionales,Actualités-Infos Générales,Régionale/Départementale,,"Inforádio - Comunicação Social, S.A.",São João da Madeira,Continu,ERC,3
MED-PT-0858,Ingenium - A Engenharia Portuguesa em Revista,PT,Portugal,pt,PRESSE,Médias professionnels,Industrie,Nationale,https://www.ordemengenheiros.pt/pt/centro-de-infor,Ordem dos  Engenheiros,Lisboa,Trimestral,ERC,3
MED-PT-0859,IntelCities,PT,Portugal,pt,PRESSE,Médias spécialisés grand public,Actualités-Infos Générales,Nationale,http://intelcities.pt,"IntelCities, Lda.",Oeiras,Quadrimestral,ERC,3
MED-PT-0860,Interações Sociedade e as Novas Modernidades,PT,Portugal,pt,WEB,Médias spécialisés grand public,Mode-Beauté-Bien être,Nationale,http://interacoes-ismt.com,Instituto Superior Miguel Torga,Coimbra,Semestral,ERC,3
MED-PT-0861,Intercâmbio,PT,Portugal,pt,WEB,Médias spécialisés grand public,Actualités-Infos Générales,Nationale,https://ojs.letras.up.pt/index.php/int,Universidade do Porto,Porto,Anual,ERC,3
MED-PT-0862,Intergráficas,PT,Portugal,pt,PRESSE,Médias d'information générale (hors PQN),Actualités-Infos Générales,Nationale,,Ultraprint Comunicação e Artes Gráficas Lda,Póvoa de Santa Iria,Trimestral,ERC,3
MED-PT-0863,InterMetal,PT,Portugal,pt,PRESSE,Médias spécialisés grand public,Actualités-Infos Générales,Nationale,https://www.intermetal.pt,"Induglobal, Unipessoal, Lda.",Lisboa,Trimestral,ERC,3
MED-PT-0864,InterPlast,PT,Portugal,pt,PRESSE,Médias spécialisés grand public,Actualités-Infos Générales,Nationale,https://www.interplast.pt,"Induglobal, Unipessoal, Lda.",Lisboa,Trimestral,ERC,3
MED-PT-0865,"Investigação Criminal, Ciências Criminais e Forenses",PT,Portugal,pt,PRESSE,Médias spécialisés grand public,Actualités-Infos Générales,Nationale,https://www.asficpj.pt,Associação Sindical dos Funcionários de Investigação Criminal da Polícia Judiciária,Lisboa,Semestral,ERC,3
MED-PT-0866,IPPONZITO - Magazine do Judo do Ribatejo,PT,Portugal,pt,WEB,Médias d'information générale (hors PQN),Actualités-Infos Générales,Nationale,,Associação de Judo do Distrito de Santarém,Torres Novas,Diária,ERC,3
MED-PT-0867,Ipress Global,PT,Portugal,pt,WEB,Médias d'information générale (hors PQN),Actualités-Infos Générales,Nationale,https://www.ipressglobal.com,Paulo Alexandre Januário Perdigão,Agualva-Cacém,Diária,ERC,3
MED-PT-0868,iPress Journal,PT,Portugal,pt,WEB,Médias d'information générale (hors PQN),Actualités-Infos Générales,Nationale,https://www.ipressjournal.pt,"SpringParty-Audiovisuais, Unipessoal, Lda.",Fonte da Vaca,Trissemanal,ERC,3
MED-PT-0869,Iris FM,PT,Portugal,pt,RADIO,Radios Régionales,Actualités-Infos Générales,Régionale/Départementale,,"Iris - Serviço de Informação Regional Independente, Lda.",Samora Correia,Continu,ERC,3
MED-PT-0870,Islenha,PT,Portugal,pt,PRESSE,Médias spécialisés grand public,Actualités-Infos Générales,Nationale,,"Secretaria Regional da Economia, Turismo e Cultura - Direção Regional da Cultura",Funchal,Semestral,ERC,3
MED-PT-0871,It Channel,PT,Portugal,pt,PRESSE,Médias spécialisés grand public,Actualités-Infos Générales,Nationale,https://www.itchannel.pt,"Medianext Professional Information, Lda.",Linda a Velha,Mensal,ERC,3
MED-PT-0872,It Insight,PT,Portugal,pt,WEB,Médias spécialisés grand public,Actualités-Infos Générales,Nationale,https://www.itinsight.pt,"Medianext Professional Information, Lda.",Linda a Velha,Bimestral,ERC,3
MED-PT-0873,IT Insight Security,PT,Portugal,pt,WEB,Médias spécialisés grand public,Actualités-Infos Générales,Nationale,https://www.itsecurity.pt,"Medianext Professional Information, Lda.",Linda a Velha,Bimestral,ERC,3
MED-PT-0874,Jamm,PT,Portugal,pt,PRESSE,Médias d'information générale (hors PQN),Actualités-Infos Générales,Nationale,https://pt.wikipedia.org/wiki/Jamm,,,,WIKIPEDIA,3
MED-PT-0875,Janus,PT,Portugal,pt,PRESSE,Médias spécialisés grand public,Actualités-Infos Générales,Nationale,,"CEU - Cooperativa de Ensino Universitario, C.R.L.",Lisboa,Anual,ERC,3
MED-PT-0876,JANUS.NET e-journal of International Relations,PT,Portugal,pt,WEB,Médias spécialisés grand public,Actualités-Infos Générales,Nationale,https://observare.autonoma.pt/janus-net,"CEU - Cooperativa de Ensino Universitario, C.R.L.",Lisboa,Semestral,ERC,3
MED-PT-0877,Jardinal,PT,Portugal,pt,WEB,Médias spécialisés grand public,Actualités-Infos Générales,Nationale,https://www.lamparina.com,"Lamparina Multimédia, Lda.",Sobreposta,Anual,ERC,3
MED-PT-0878,Jardins,PT,Portugal,pt,PRESSE,Médias spécialisés grand public,Actualités-Infos Générales,Nationale,https://www.plotcontent.com,"Sopa de Letras, Lda.",Lisboa,Mensal,ERC,3
MED-PT-0879,Jazz.pt,PT,Portugal,pt,PRESSE,Médias spécialisés grand public,Actualités-Infos Générales,Nationale,https://www.jazz.pt,Jacc - Jazz ao Centro Clube,Coimbra,Anual,ERC,3
MED-PT-0880,JB Nostalgia On,PT,Portugal,pt,RADIO,Radios Web/Podcasts,Actualités-Infos Générales,Régionale/Départementale,https://radiojbnostalgiaon.pt,João Manuel da Silva Barros,Paredes,Continu,ERC,3
MED-PT-0881,JdG - Jornal de Guimarães em Revista,PT,Portugal,pt,PRESSE,PQR/PQD (Quotidiens régionaux),Actualités-Infos Générales,Régionale/Départementale,https://www.jornaldeguimaraes.pt,"RFX, Lda.",Caldas das Taipas,Semestral,ERC,3
MED-PT-0882,Jesus Vivo,PT,Portugal,pt,PRESSE,Médias associatifs,Social-Société,Nationale,https://www.cristobetania.net,Comunidade Cristo de Betânia,Telhado,Trimestral,ERC,3
MED-PT-0883,JimJam,PT,Portugal,pt,TV,TV Grandes Chaînes,Actualités-Infos Générales,Nationale,https://pt.wikipedia.org/wiki/JimJam,,,,WIKIPEDIA,3
MED-PT-0884,"JL - Jornal de Letras, Artes e Ideias",PT,Portugal,pt,PRESSE,Médias spécialisés grand public,"Culture/Arts, littérature et culture générale",Nationale,https://www.jornaldeletras.pt,"Trust In News, Unipessoal, Lda.",Porto Salvo,Quinzenal,ERC,3
MED-PT-0885,JM,PT,Portugal,pt,PRESSE,PQR/PQD (Quotidiens régionaux),Actualités-Infos Générales,Régionale/Départementale,https://www.jm.pt,"EJM - Empresa Jornalística da Madeira, Lda.",Funchal,Diária,ERC,3
MED-PT-0886,JM - FM,PT,Portugal,pt,RADIO,Radios Régionales,Actualités-Infos Générales,Régionale/Départementale,,"EJM - Empresa Jornalística da Madeira, Lda.",Funchal,Continu,ERC,3
MED-PT-0887,João Semana,PT,Portugal,pt,PRESSE,Médias régionaux (hors PQR),Actualités-Infos Générales,Régionale/Départementale,,Santa Casa da Misericórdia de Ovar,Ovar,Quinzenal,ERC,3
MED-PT-0888,Jogada do Mês,PT,Portugal,pt,WEB,Médias spécialisés grand public,Actualités-Infos Générales,Nationale,https://www.jogadadomes.com,Jorge Manuel Martins Caseiro,Almada,Diária,ERC,3
MED-PT-0889,Joiapro,PT,Portugal,pt,PRESSE,Médias spécialisés grand public,Actualités-Infos Générales,Nationale,https://www.joiapro.com,"Editora Codigopro - Edição de Publicações Periódicas Unipessoal, Lda",Porto,Trimestral,ERC,3
MED-PT-0890,Jornais da Sertã,PT,Portugal,pt,PRESSE,Médias régionaux (hors PQR),Actualités-Infos Générales,Régionale/Départementale,https://pt.wikipedia.org/wiki/Jornais_da_Sert%C3%A3,,,,WIKIPEDIA,3
MED-PT-0891,Jornal 1X2,PT,Portugal,pt,PRESSE,Médias spécialisés grand public,Actualités-Infos Générales,Nationale,http://www.jornal1x2.pt,"Joaquim Rosa da Silva, Lda.",Almada,Semanal,ERC,3
MED-PT-0892,Jornal360.pt,PT,Portugal,pt,WEB,Médias d'information générale (hors PQN),Actualités-Infos Générales,Nationale,https://www.jornal360.pt,"AD Logic.pt, Services, Lda.",Paços de Ferreira,Bissemanal,ERC,3
MED-PT-0893,Jornal Arquitectos,PT,Portugal,pt,PRESSE,Médias spécialisés grand public,Actualités-Infos Générales,Nationale,https://ordemdosarquitectos.org,Ordem dos Arquitectos,Lisboa,Trimestral,ERC,3
MED-PT-0894,Jornal Audiência,PT,Portugal,pt,PRESSE,PQR/PQD (Quotidiens régionaux),Actualités-Infos Générales,Régionale/Départementale,,"ARG Comunicação, Lda.",Ribeira Seca,Quinzenal,ERC,3
MED-PT-0895,Jornal barlavento,PT,Portugal,pt,PRESSE,PQR/PQD (Quotidiens régionaux),Actualités-Infos Générales,Régionale/Départementale,https://pt.wikipedia.org/wiki/Jornal_barlavento,,,,WIKIPEDIA,3
MED-PT-0896,Jornal Boa Nova,PT,Portugal,pt,PRESSE,PQR/PQD (Quotidiens régionaux),Actualités-Infos Générales,Régionale/Départementale,,Fábrica da Igreja Paroquial de Cantanhede,Cantanhede,Bimensal,ERC,3
MED-PT-0897,Jornal CascaisAlgés,PT,Portugal,pt,PRESSE,PQR/PQD (Quotidiens régionaux),Actualités-Infos Générales,Régionale/Départementale,,"Triunfapágina Unipessoal, Lda.",Lisboa,Mensal,ERC,3
MED-PT-0898,Jornal Ciclismo,PT,Portugal,pt,PRESSE,PQR/PQD (Quotidiens régionaux),Actualités-Infos Générales,Régionale/Départementale,https://pt.wikipedia.org/wiki/Jornal_Ciclismo,,,,WIKIPEDIA,3
MED-PT-0899,Jornal Cidade de Tomar,PT,Portugal,pt,PRESSE,PQR/PQD (Quotidiens régionaux),Actualités-Infos Générales,Régionale/Départementale,https://pt.wikipedia.org/wiki/Jornal_Cidade_de_Tomar,,,,WIKIPEDIA,3
MED-PT-0900,Jornal Comunidades Lusófonas,PT,Portugal,pt,WEB,Médias régionaux (hors PQR),Actualités-Infos Générales,Régionale/Départementale,https://www.jornalcomunidades.pt,"Cardinal Imparcial, Unipessoal Lda.",Vila Nova de Gaia,Diária,ERC,3
MED-PT-0901,Jornal Concelho de Palmela,PT,Portugal,pt,PRESSE,PQR/PQD (Quotidiens régionaux),Actualités-Infos Générales,Régionale/Départementale,https://www.jornalconcelhodepalmela.pt,"Centralnews - Comunicação & Informação, Unipessoal, Lda.",Lisboa,Semanal,ERC,3
MED-PT-0902,Jornal Cordovense,PT,Portugal,pt,WEB,Médias régionaux (hors PQR),Actualités-Infos Générales,Régionale/Départementale,https://www.jornalcordovense.com,Luís Filipe Ferreira Maia,Monte Córdova,Diária,ERC,3
MED-PT-0903,Jornal da Bairrada,PT,Portugal,pt,PRESSE,PQR/PQD (Quotidiens régionaux),Actualités-Infos Générales,Régionale/Départementale,https://www.jb.pt,"Editorial Jornal da Bairrada, Lda",Oliveira do Bairro,Semanal,ERC,3
MED-PT-0904,Jornal da Batalha,PT,Portugal,pt,PRESSE,PQR/PQD (Quotidiens régionaux),Actualités-Infos Générales,Régionale/Départementale,https://www.jornaldabatalha.pt,"Bom Senso - Edições e Aconselhamento de Mercado, Lda.",Batalha,Mensal,ERC,3
MED-PT-0905,Jornal da Beira,PT,Portugal,pt,PRESSE,PQR/PQD (Quotidiens régionaux),Actualités-Infos Générales,Régionale/Départementale,https://www.jornaldabeira.web.pt,Fundação Jornal da Beira,Viseu,Semanal,ERC,3
MED-PT-0906,Jornal da Economia do Mar,PT,Portugal,pt,WEB,Médias professionnels,Economie - Services,Nationale,https://www.jornaldaeconomiadomar.com,Gonçalo Telo Beleza de Miranda de Magalhães Colaço,Cascais,Semanal,ERC,3
MED-PT-0907,Jornal da Família,PT,Portugal,pt,PRESSE,Médias spécialisés grand public,Actualités-Infos Générales,Nationale,https://www.iscf.pt,Instituto Secular das Cooperadoras da Família,Lisboa,Mensal,ERC,3
MED-PT-0908,Jornal da Golpilheira,PT,Portugal,pt,PRESSE,PQR/PQD (Quotidiens régionaux),Actualités-Infos Générales,Régionale/Départementale,https://www.jornaldagolpilheira.com,Centro Recreativo da Golpilheira,Golpilheira,Bimestral,ERC,3
MED-PT-0909,Jornal da infância,PT,Portugal,pt,PRESSE,PQR/PQD (Quotidiens régionaux),Actualités-Infos Générales,Régionale/Départementale,https://pt.wikipedia.org/wiki/Jornal_da_inf%C3%A2ncia,,,,WIKIPEDIA,3
MED-PT-0910,Jornal da Madeira,PT,Portugal,pt,WEB,Médias associatifs,Social-Société,Régionale/Départementale,https://www.jornaldamadeira.com,Seminário Maior de Nossa Senhora de Fátima,Funchal,Diária,ERC,3
MED-PT-0911,Jornal da Maia,PT,Portugal,pt,WEB,Médias régionaux (hors PQR),Actualités-Infos Générales,Régionale/Départementale,https://www.jornaldamaia.pt,Artur José Machado Bacelar,Maia,Diária,ERC,3
MED-PT-0912,Jornal da Marinha Grande,PT,Portugal,pt,PRESSE,PQR/PQD (Quotidiens régionaux),Actualités-Infos Générales,Régionale/Départementale,https://www.jornaldamarinha.pt,"Jornal da Marinha Grande, Lda.",Marinha Grande,Semanal,ERC,3
MED-PT-0913,Jornal da Mealhada,PT,Portugal,pt,PRESSE,PQR/PQD (Quotidiens régionaux),Actualités-Infos Générales,Régionale/Départementale,https://www.jornaldamealhada.com,Santa Casa da Misericórdia da Mealhada,Mealhada,Quinzenal,ERC,3
MED-PT-0914,Jornal da Praceta - Primeiro jornal electrónico de um bairro de Lisboa,PT,Portugal,pt,WEB,Médias régionaux (hors PQR),Actualités-Infos Générales,Régionale/Départementale,https://www.jornaldapraceta.pt,Carlos Manuel Pereira Fontes,Lisboa,Quinzenal,ERC,3
MED-PT-0915,Jornal da Praia,PT,Portugal,pt,PRESSE,PQR/PQD (Quotidiens régionaux),Actualités-Infos Générales,Régionale/Départementale,https://www.jornaldapraia.com,Grupo de Amigos da Praia da Vitória,Praia da Vitória,Quinzenal,ERC,3
MED-PT-0916,Jornal Daqui,PT,Portugal,pt,PRESSE,PQR/PQD (Quotidiens régionaux),Actualités-Infos Générales,Régionale/Départementale,https://jornaldaqui.com.pt,Sérgio Teotónio da Conceição Ramos,Malveira,Mensal,ERC,3
MED-PT-0917,Jornal da Região,PT,Portugal,pt,PRESSE,PQR/PQD (Quotidiens régionaux),Actualités-Infos Générales,Régionale/Départementale,https://jregiao-online.webnode.pt/estatuto-editorial-jornal-da-regiao,"Monde Visionnaire - Comunicação Social, S.A.",Rio de Mouro,Anual,ERC,3
MED-PT-0918,Jornal das Autarquias,PT,Portugal,pt,WEB,Médias spécialisés grand public,Actualités-Infos Générales,Nationale,https://www.jornaldasautarquias.com,"Jornautarq, Lda.",Lisboa,Mensal,ERC,3
MED-PT-0919,Jornal das Caldas,PT,Portugal,pt,PRESSE,PQR/PQD (Quotidiens régionaux),Actualités-Infos Générales,Régionale/Départementale,https://jornaldascaldas.com,"Medioeste, Lda.",Caldas da Rainha,Semanal,ERC,3
MED-PT-0920,Jornal das Oficinas,PT,Portugal,pt,PRESSE,Médias spécialisés grand public,Actualités-Infos Générales,Nationale,https://www.jornaldasoficinas.pt,João Filipe Ferreira Rodrigues Vieira,Agualva-Cacém,Bimestral,ERC,3
MED-PT-0921,Jornal de Abrantes,PT,Portugal,pt,PRESSE,PQR/PQD (Quotidiens régionaux),Actualités-Infos Générales,Régionale/Départementale,,"Media On - Comunicação Social, Lda.",Abrantes,Mensal,ERC,3
MED-PT-0922,Jornal de Albergaria,PT,Portugal,pt,PRESSE,PQR/PQD (Quotidiens régionaux),Actualités-Infos Générales,Régionale/Départementale,https://www.jornaldealbergaria.pt,Paulo Jonas Ferreira Simões,Albergaria-A-Velha,Quinzenal,ERC,3
MED-PT-0923,Jornal de Anadia,PT,Portugal,pt,PRESSE,PQR/PQD (Quotidiens régionaux),Actualités-Infos Générales,Régionale/Départementale,https://www.jornaldeanadia.pt,"Página Participativa, Unipessoal, Lda.",Tamengos,Mensal,ERC,3
MED-PT-0924,Jornal de Aveiro,PT,Portugal,pt,PRESSE,PQR/PQD (Quotidiens régionaux),Actualités-Infos Générales,Régionale/Départementale,,"Adriano Lucas, Lda.",Aveiro,Anual,ERC,3
MED-PT-0925,Jornal de Azeitão,PT,Portugal,pt,PRESSE,PQR/PQD (Quotidiens régionaux),Actualités-Infos Générales,Régionale/Départementale,http://jornaldeazeitao.blogspot.com,"Santa Casa da Misericórdia de Azeitão, IPSS",Vila Nogueira de Azeitão,Mensal,ERC,3
MED-PT-0926,Jornal de Beja,PT,Portugal,pt,WEB,Médias régionaux (hors PQR),Actualités-Infos Générales,Régionale/Départementale,https://www.jornaldebeja.pt,"Justpoetic, Lda",Évora,Diária (dias úteis),ERC,3
MED-PT-0927,Jornal de Belmonte,PT,Portugal,pt,PRESSE,PQR/PQD (Quotidiens régionaux),Actualités-Infos Générales,Régionale/Départementale,,Associação Desportiva de Belmonte,Belmonte,Mensal,ERC,3
MED-PT-0928,Jornal de Cá,PT,Portugal,pt,WEB,Médias régionaux (hors PQR),Actualités-Infos Générales,Régionale/Départementale,https://www.jornaldeca.pt,"Potenciais, Unipessoal, Lda.",Cartaxo,Semanal,ERC,3
MED-PT-0929,Jornal de Chaves,PT,Portugal,pt,PRESSE,PQR/PQD (Quotidiens régionaux),Actualités-Infos Générales,Régionale/Départementale,https://jornaldechaves.pt,"Enredos & Episódios - Televisão e Multimédia, Lda.",Cocanha,Quadrimensal,ERC,3
MED-PT-0930,Jornal de Coimbra,PT,Portugal,pt,PRESSE,PQR/PQD (Quotidiens régionaux),Actualités-Infos Générales,Régionale/Départementale,,"Adriano Lucas, Lda.",Coimbra,Anual,ERC,3
MED-PT-0931,Jornal de Contabilidade,PT,Portugal,pt,WEB,Médias spécialisés grand public,Actualités-Infos Générales,Nationale,https://www.apotec.pt,APOTEC - Associação Portuguesa de Técnicos de Contabilidade,Lisboa,Quadrimestral,ERC,3
MED-PT-0932,Jornal de Famalicão,PT,Portugal,pt,PRESSE,PQR/PQD (Quotidiens régionaux),Actualités-Infos Générales,Régionale/Départementale,https://jornaldefamalicao.com.pt,"StageProfit - Unipessoal, Lda.",Vila Nova de Famalicão,Semanal,ERC,3
MED-PT-0933,Jornal de Ferreira,PT,Portugal,pt,PRESSE,PQR/PQD (Quotidiens régionaux),Actualités-Infos Générales,Régionale/Départementale,https://ferreiradoalentejo.pt,Município de Ferreira do Alentejo,Ferreira do Alentejo,Trimestral,ERC,3
MED-PT-0934,Jornal de Guimarães,PT,Portugal,pt,WEB,Médias régionaux (hors PQR),Actualités-Infos Générales,Régionale/Départementale,https://www.jornaldeguimaraes.pt,"RFX, Lda.",Caldas das Taipas,Diária,ERC,3
MED-PT-0935,Jornal de Leiria,PT,Portugal,pt,PRESSE,PQR/PQD (Quotidiens régionaux),Actualités-Infos Générales,Régionale/Départementale,https://www.jornaldeleiria.pt,"Jorlis - Edições e Publicações, Lda.",Leiria,Semanal,ERC,3
MED-PT-0936,"Jornal de Letras, Artes e Ideias",PT,Portugal,pt,PRESSE,PQR/PQD (Quotidiens régionaux),Actualités-Infos Générales,Régionale/Départementale,https://en.wikipedia.org/wiki/Jornal_de_Letras%2C_Artes_e_Ideias,,,,WIKIPEDIA,3
MED-PT-0937,Jornal de Lisboa,PT,Portugal,pt,PRESSE,PQR/PQD (Quotidiens régionaux),Actualités-Infos Générales,Régionale/Départementale,,Francisco Morais Esteves de Barros,Rio de Mouro,Mensal,ERC,3
MED-PT-0938,Jornal de Mafra,PT,Portugal,pt,WEB,Médias régionaux (hors PQR),Actualités-Infos Générales,Régionale/Départementale,http://jornaldemafra.pt,Paulo Henrique Quintela Matias,Mafra,Diária,ERC,3
MED-PT-0939,Jornal de Matosinhos,PT,Portugal,pt,PRESSE,PQR/PQD (Quotidiens régionaux),Actualités-Infos Générales,Régionale/Départementale,https://www.jornaldematosinhos.com,"Eduardo Pinto Soares, Herdeiros",Guifões,Semanal,ERC,3
MED-PT-0940,Jornal de Minde,PT,Portugal,pt,PRESSE,PQR/PQD (Quotidiens régionaux),Actualités-Infos Générales,Régionale/Départementale,https://www.jornaldeminde.com,Fábrica da Igreja Paroquial de Minde,Minde,Mensal,ERC,3
MED-PT-0941,Jornal de Monchique,PT,Portugal,pt,PRESSE,PQR/PQD (Quotidiens régionaux),Actualités-Infos Générales,Régionale/Départementale,https://www.jornaldemonchique.pt,O Monchiqueiro - Grupo de Dinamização Cultural,Monchique,Mensal,ERC,3
MED-PT-0942,Jornal de Notícias História,PT,Portugal,pt,PRESSE,Médias spécialisés grand public,Actualités-Infos Générales,Nationale,https://jnhistoria.jn.pt,"Notícias Ilimitadas, S.A.",Porto,Bimestral,ERC,3
MED-PT-0943,Jornal de Peniche,PT,Portugal,pt,PRESSE,PQR/PQD (Quotidiens régionaux),Actualités-Infos Générales,Régionale/Départementale,https://pt.wikipedia.org/wiki/Jornal_de_Peniche,,,,WIKIPEDIA,3
MED-PT-0944,Jornal de Portalegre,PT,Portugal,pt,WEB,"Portails, Aggrégateurs",Actualités-Infos Générales,Régionale/Départementale,https://jornaldeportalegre.sapo.pt,"Justpoetic, Lda",Portalegre,Diária (dias úteis),ERC,3
MED-PT-0945,Jornal de Proença,PT,Portugal,pt,PRESSE,PQR/PQD (Quotidiens régionaux),Actualités-Infos Générales,Régionale/Départementale,https://jornalproenca.pt,Fábrica da Igreja Paroquial de Proença-a-Nova,Proença-a-Nova,Quinzenal,ERC,3
MED-PT-0946,Jornal de Romariz,PT,Portugal,pt,PRESSE,PQR/PQD (Quotidiens régionaux),Actualités-Infos Générales,Régionale/Départementale,https://www.jornalderomariz.com,Associação Cultural de Romariz,Romariz,Mensal,ERC,3
MED-PT-0947,Jornal de Santa Marinha,PT,Portugal,pt,PRESSE,PQR/PQD (Quotidiens régionaux),Actualités-Infos Générales,Régionale/Départementale,https://www.jornalsantamarinha.com,Fundação Aurora da Ressurreição Coelho Borges,Santa Marinha,Mensal,ERC,3
MED-PT-0948,Jornal de Santarém,PT,Portugal,pt,WEB,Médias régionaux (hors PQR),Actualités-Infos Générales,Régionale/Départementale,https://jornaldesantarem.sapo.pt,"Justpoetic, Lda",Santarém,Diária (dias úteis),ERC,3
MED-PT-0949,Jornal de Santo Thyrso,PT,Portugal,pt,PRESSE,PQR/PQD (Quotidiens régionaux),Actualités-Infos Générales,Régionale/Départementale,https://www.noticiasdesantotirso.pt,Francisco José Gonçalves Dias Carneiro,Santo Tirso,Quinzenal,ERC,3
MED-PT-0950,Jornal de Sintra,PT,Portugal,pt,PRESSE,PQR/PQD (Quotidiens régionaux),Actualités-Infos Générales,Régionale/Départementale,https://www.jornaldesintra.com,"Tipografia Medina, SA",Sintra,Semanal,ERC,3
MED-PT-0951,Jornal Desportivo,PT,Portugal,pt,PRESSE,PQR/PQD (Quotidiens régionaux),Sports,Régionale/Départementale,https://issuu.com/merito_da_palavra,"Mérito da Palavra, Unipessoal, Lda.",Mem Martins,Mensal,ERC,3
MED-PT-0952,Jornal de Tondela,PT,Portugal,pt,PRESSE,PQR/PQD (Quotidiens régionaux),Actualités-Infos Générales,Régionale/Départementale,https://www.jornaldetondela.com.sapo.pt,"Sediton - Sociedade Editora Tondelense, Lda.",Tondela,Semanal,ERC,3
MED-PT-0953,Jornal de Válega,PT,Portugal,pt,PRESSE,PQR/PQD (Quotidiens régionaux),Actualités-Infos Générales,Régionale/Départementale,,Grupo de Acção Cultural de Válega,Válega,Mensal,ERC,3
MED-PT-0954,Jornal de Vila Meã,PT,Portugal,pt,WEB,Médias régionaux (hors PQR),Actualités-Infos Générales,Régionale/Départementale,https://jornalvilamea.pt,AEVM - Associação Empresarial de Vila Meã,Vila Meã,Diária (dias úteis),ERC,3
MED-PT-0955,Jornal de Viseu,PT,Portugal,pt,PRESSE,PQR/PQD (Quotidiens régionaux),Actualités-Infos Générales,Régionale/Départementale,,"Adriano Lucas, Lda.",Viseu,Anual,ERC,3
MED-PT-0956,Jornal Dínamo,PT,Portugal,pt,WEB,Médias d'information générale (hors PQN),Actualités-Infos Générales,Nationale,https://www.jornaldinamo.pt,Sandra Cristina Teixeira Freire dos Santos Adonis,Lisboa,Semanal,ERC,3
MED-PT-0957,Jornal do Algarve,PT,Portugal,pt,PRESSE,PQR/PQD (Quotidiens régionaux),Actualités-Infos Générales,Régionale/Départementale,https://jornaldoalgarve.pt,"Viprensa - Sociedade Editora do Algarve, Lda.",Vila Real de Santo António,Semanal,ERC,3
MED-PT-0958,Jornal do Ave,PT,Portugal,pt,PRESSE,PQR/PQD (Quotidiens régionaux),Actualités-Infos Générales,Régionale/Départementale,https://www.jornaldoave.pt,"We Do Com, Unipessoal Lda.",Santiago do Bougado,Quinzenal,ERC,3
MED-PT-0959,Jornal do Centro,PT,Portugal,pt,WEB,Médias régionaux (hors PQR),Actualités-Infos Générales,Régionale/Départementale,https://www.jornaldocentro.pt,"Legenda Transparente, Lda.",Viseu,Diária,ERC,3
MED-PT-0960,Jornal do Domingo,PT,Portugal,pt,PRESSE,PQR/PQD (Quotidiens régionaux),Actualités-Infos Générales,Régionale/Départementale,https://pt.wikipedia.org/wiki/Jornal_do_Domingo,,,,WIKIPEDIA,3
MED-PT-0961,Jornal do Fundão,PT,Portugal,pt,PRESSE,PQR/PQD (Quotidiens régionaux),Actualités-Infos Générales,Régionale/Départementale,https://www.jornaldofundao.pt,"Jornal do Fundão Editora, Lda.",Fundão,Semanal,ERC,3
MED-PT-0962,Jornal do Imobiliário,PT,Portugal,pt,WEB,Médias spécialisés grand public,BTP - Immobilier - Architecture,Nationale,https://www.jornaldoimobiliario.com,António José Ribeiro,Lisboa,Mensal,ERC,3
MED-PT-0963,Jornal do Pico,PT,Portugal,pt,PRESSE,PQR/PQD (Quotidiens régionaux),Actualités-Infos Générales,Régionale/Départementale,,"Rádio Cais, CRL",São Roque do Pico,Semanal,ERC,3
MED-PT-0964,Jornal do Pinhal Novo,PT,Portugal,pt,WEB,Médias régionaux (hors PQR),Actualités-Infos Générales,Régionale/Départementale,http://jpnovo.pt,Ana Cláudia Aldegalega Pereira,Palmela,Semanal,ERC,3
MED-PT-0965,Jornal dos Clássicos,PT,Portugal,pt,WEB,Médias spécialisés grand public,Actualités-Infos Générales,Nationale,https://www.jornaldosclassicos.com,Fundação Abel e João de Lacerda,Caramulo,Diária,ERC,3
MED-PT-0966,Jornal do Sindicato dos Trabalhadores em Funções Públicas e Sociais do Sul e Regiões Autónomas,PT,Portugal,pt,PRESSE,PQR/PQD (Quotidiens régionaux),Actualités-Infos Générales,Régionale/Départementale,,Sindicato dos Trabalhadores em Funções Públicas e Sociais do Sul e Regiões Autónomas,Lisboa,Anual,ERC,3
MED-PT-0967,Jornal E,PT,Portugal,pt,PRESSE,PQR/PQD (Quotidiens régionaux),Actualités-Infos Générales,Régionale/Départementale,https://www.jornale.pt,Associação de Divulgação Informativa - Oficina das Notícias,Estremoz,Quinzenal,ERC,3
MED-PT-0968,Jornal Espírita,PT,Portugal,pt,PRESSE,Médias associatifs,Social-Société,Nationale,,União Espírita Cristã - Associação Cultural de Divulgação Espírita,Viseu,Mensal,ERC,3
MED-PT-0969,Jornal Extra,PT,Portugal,pt,PRESSE,PQR/PQD (Quotidiens régionaux),Actualités-Infos Générales,Régionale/Départementale,https://pt.wikipedia.org/wiki/Jornal_Extra,,,,WIKIPEDIA,3
MED-PT-0970,Jornal FM,PT,Portugal,pt,RADIO,Radios Régionales,Actualités-Infos Générales,Régionale/Départementale,,"Rádio Objectiva, Lda.",Gandra,Continu,ERC,3
MED-PT-0971,Jornal Fórum da Covilhã,PT,Portugal,pt,PRESSE,PQR/PQD (Quotidiens régionaux),Actualités-Infos Générales,Régionale/Départementale,,"Aleixo & Aleixo - Edições de Jornais, Lda.",Covilhã,Semanal,ERC,3
MED-PT-0972,Jornalismo & Jornalistas,PT,Portugal,pt,PRESSE,Médias associatifs,Actualités-Infos Générales,Nationale,https://www.clubedejornalistas.pt,C.J. - Clube de Jornalistas,Lisboa,Quadrimestral,ERC,3
MED-PT-0973,Jornalíssimo,PT,Portugal,pt,WEB,Médias d'information générale (hors PQN),Actualités-Infos Générales,Nationale,https://www.jornalissimo.com,Joana Guimarães Lopes,Matosinhos,Mensal,ERC,3
MED-PT-0974,Jornal Mais Oeste,PT,Portugal,pt,WEB,Médias régionaux (hors PQR),Actualités-Infos Générales,Régionale/Départementale,https://jornaloeste.pt,"Medioeste, Lda.",Caldas da Rainha,Diária,ERC,3
MED-PT-0975,Jornal Mãos Unidas,PT,Portugal,pt,PRESSE,Médias spécialisés grand public,Actualités-Infos Générales,Nationale,https://www.maos-unidas.pt,Associação Portuguesa de Solidariedade Mãos Unidas P. Damião,Lisboa,Bimestral,ERC,3
MED-PT-0976,Jornal Miradouro,PT,Portugal,pt,PRESSE,PQR/PQD (Quotidiens régionaux),Actualités-Infos Générales,Régionale/Départementale,,"Jornal Miradouro - Edições, Lda.",Boassas,Mensal,ERC,3
MED-PT-0977,Jornal Municipal,PT,Portugal,pt,PRESSE,Médias institutionnels,Actualités-Infos Générales,Régionale/Départementale,,Município de Alcácer do Sal,Alcácer do Sal,Trimestral,ERC,3
MED-PT-0978,Jornal N,PT,Portugal,pt,PRESSE,PQR/PQD (Quotidiens régionaux),Actualités-Infos Générales,Régionale/Départementale,,"Diários e Binários - Unipessoal, Lda.",Lourosa,Semanal,ERC,3
MED-PT-0979,Jornal Notícias Onda Viva,PT,Portugal,pt,PRESSE,PQR/PQD (Quotidiens régionaux),Actualités-Infos Générales,Régionale/Départementale,http://www.noticiasondaviva.pt,"Rádio Onda Viva, SA",Póvoa de Varzim,Quinzenal,ERC,3
MED-PT-0980,Jornal Nova Aliança,PT,Portugal,pt,PRESSE,PQR/PQD (Quotidiens régionaux),Actualités-Infos Générales,Régionale/Départementale,,Associação Cultural e Desenvolvimento Nova Aliança,Casa Paroquial,Mensal,ERC,3
MED-PT-0981,Jornal Novo Regional,PT,Portugal,pt,PRESSE,PQR/PQD (Quotidiens régionaux),Actualités-Infos Générales,Régionale/Départementale,https://www.jornalnovoregional.pt,"Jornal Novo Regional, Lda",Valongo,Mensal,ERC,3
MED-PT-0982,Jornal O Despertar,PT,Portugal,pt,PRESSE,PQR/PQD (Quotidiens régionaux),Actualités-Infos Générales,Régionale/Départementale,https://www.odespertar.pt,"António de Sousa (Herdeiros), Lda.",Coimbra,Semanal,ERC,3
MED-PT-0983,Jornal O Guerra Zoelae,PT,Portugal,pt,PRESSE,PQR/PQD (Quotidiens régionaux),Actualités-Infos Générales,Régionale/Départementale,https://jornaloguerrazoelae.wordpress.com,"JNG - Jornal Norte Guerra, Lda.",Cortiços,Mensal,ERC,3
MED-PT-0984,Jornal Online,PT,Portugal,pt,WEB,Médias d'information générale (hors PQN),Actualités-Infos Générales,Nationale,https://jornalonline.pt,"RCChaves Rádio Clube de Chaves FM, Unipessoal, Lda.",Matosinhos,Diária,ERC,3
MED-PT-0985,Jornal Online Vila de Rei,PT,Portugal,pt,WEB,Médias régionaux (hors PQR),Actualités-Infos Générales,Régionale/Départementale,https://www.jornaldeviladerei.com,Joaquim Vitorino,Casal do Pinheiro,Diária,ERC,3
MED-PT-0986,Jornal O Ponney,PT,Portugal,pt,WEB,Médias spécialisés grand public,Actualités-Infos Générales,Nationale,https://oponney.pt,José Augusto Fernandes Gomes,Coimbra,Semanal,ERC,3
MED-PT-0987,Jornal O Ponto,PT,Portugal,pt,PRESSE,PQR/PQD (Quotidiens régionaux),Actualités-Infos Générales,Régionale/Départementale,https://www.jornaloponto.pt,"Palavras Lidas, Lda.",Vagos,Bimensal,ERC,3
MED-PT-0988,Jornal Os Mirandelenses,PT,Portugal,pt,PRESSE,PQR/PQD (Quotidiens régionaux),Actualités-Infos Générales,Régionale/Départementale,https://jornalosmirandelenses.wordpress.com,Anabela Maria Esteves Guerra,Vimieiro,Mensal,ERC,3
MED-PT-0989,Jornal Os Mogadourenses,PT,Portugal,pt,PRESSE,PQR/PQD (Quotidiens régionaux),Actualités-Infos Générales,Régionale/Départementale,,Pedro José Guerra Alonso,Lamoso,Mensal,ERC,3
MED-PT-0990,Jornal O Vilaverdense,PT,Portugal,pt,PRESSE,PQR/PQD (Quotidiens régionaux),Actualités-Infos Générales,Régionale/Départementale,https://www.ovilaverdense.com,"Publineiva, Unipessoal Lda.",Vila Verde,Mensal,ERC,3
MED-PT-0991,Jornal PT50,PT,Portugal,pt,WEB,Médias spécialisés grand public,Actualités-Infos Générales,Nationale,https://www.jornalpt50.pt,Cristina Bárbara Viegas Louro Dias Neves da Mota Pinto,Lisboa,Diária (dias úteis),ERC,3
MED-PT-0992,Jornal PTGreen,PT,Portugal,pt,WEB,Médias spécialisés grand public,Actualités-Infos Générales,Nationale,http://www.jornalptgreen.pt,Cristina Bárbara Viegas Louro Dias Neves da Mota Pinto,Lisboa,Diária (dias úteis),ERC,3
MED-PT-0993,Jornal Rostos,PT,Portugal,pt,PRESSE,PQR/PQD (Quotidiens régionaux),Actualités-Infos Générales,Régionale/Départementale,https://pt.wikipedia.org/wiki/Jornal_Rostos,,,,WIKIPEDIA,3
MED-PT-0994,Jornal Sete Minutos,PT,Portugal,pt,PRESSE,PQR/PQD (Quotidiens régionaux),Actualités-Infos Générales,Régionale/Départementale,https://pt.wikipedia.org/wiki/Jornal_Sete_Minutos,,,,WIKIPEDIA,3
MED-PT-0995,Jornal Sporting,PT,Portugal,pt,PRESSE,PQR/PQD (Quotidiens régionaux),Actualités-Infos Générales,Régionale/Départementale,https://pt.wikipedia.org/wiki/Jornal_Sporting,,,,WIKIPEDIA,3
MED-PT-0996,Jornal Sudoeste,PT,Portugal,pt,PRESSE,PQR/PQD (Quotidiens régionaux),Actualités-Infos Générales,Régionale/Départementale,https://www.jornalsudoeste.com,"JOTA CBS - Comunicação e Imagem, Lda.",Castro Verde,Quinzenal,ERC,3
MED-PT-0997,Jornal Terra e Mar,PT,Portugal,pt,WEB,Médias régionaux (hors PQR),Actualités-Infos Générales,Régionale/Départementale,http://www.jornalterraemar.pt,Centro Social e Cultural de Vila Praia de Âncora,Vila Praia de Âncora,Semanal,ERC,3
MED-PT-0998,Jornal Torre do Selo,PT,Portugal,pt,PRESSE,PQR/PQD (Quotidiens régionaux),Actualités-Infos Générales,Régionale/Départementale,,Associação de Beneficiência e Solidariedade Social de Torroselo,Torrozelo,Mensal,ERC,3
MED-PT-0999,Jornal Torrejano,PT,Portugal,pt,PRESSE,PQR/PQD (Quotidiens régionaux),Actualités-Infos Générales,Régionale/Départementale,https://www.jornaltorrejano.pt,"Cooperativa Editora Jornal Torrejano, C.R.L.",Torres Novas,Quinzenal,ERC,3
MED-PT-1000,Jornal Universitário de Coimbra - A Cabra,PT,Portugal,pt,PRESSE,PQR/PQD (Quotidiens régionaux),Actualités-Infos Générales,Régionale/Départementale,http://acabra.pt,Associação Académica de Coimbra,Coimbra,6 x ano,ERC,3
MED-PT-1001,Jornal Vilacondense,PT,Portugal,pt,PRESSE,PQR/PQD (Quotidiens régionaux),Actualités-Infos Générales,Régionale/Départementale,,"Vileiro - Comunicação, Lda",Vila do Conde,Semanal,ERC,3
MED-PT-1002,Jornal Vilas do Tua,PT,Portugal,pt,PRESSE,PQR/PQD (Quotidiens régionaux),Actualités-Infos Générales,Régionale/Départementale,https://jornalvilasdotua.wordpress.com,Pedro José Guerra Alonso,Murça,Mensal,ERC,3
MED-PT-1003,Jovens Agricultores,PT,Portugal,pt,PRESSE,Médias spécialisés grand public,Agroalimentaire-Agriculture,Nationale,https://www.ajap.pt,Associação dos Jovens Agricultores de Portugal - AJAP,Lisboa,Trimestral,ERC,3
MED-PT-1004,JPN,PT,Portugal,pt,WEB,Médias d'information générale (hors PQN),Actualités-Infos Générales,Nationale,https://jpn.up.pt,Universidade do Porto,Porto,Diária (dias úteis),ERC,3
MED-PT-1005,Julgar,PT,Portugal,pt,PRESSE,Médias spécialisés grand public,Actualités-Infos Générales,Nationale,http://julgar.pt,Associação Sindical dos Juízes Portugueses,Coimbra,Quadrimestral,ERC,3
MED-PT-1006,Jurisdição Administrativa e Fiscal em Revista,PT,Portugal,pt,PRESSE,Médias spécialisés grand public,Actualités-Infos Générales,Nationale,https://www.revistajaf.pt,"Letras e Conceitos - Unipessoal, Lda.",Carcavelos,Semestral,ERC,3
MED-PT-1007,Juristech,PT,Portugal,pt,WEB,Médias spécialisés grand public,Informatique-Télécommunications,Nationale,https://juristech.pt,Luís Nuno Seixal Perdigão,Queluz,Semanal,ERC,3
MED-PT-1008,Justiça TV,PT,Portugal,pt,WEB,Médias spécialisés grand public,Actualités-Infos Générales,Nationale,https://www.justicatv.com,"Datajuris - Direito e Informática, Lda",Coimbra,Semanal,ERC,3
MED-PT-1009,JVC - Jornal de Vila do Conde,PT,Portugal,pt,PRESSE,PQR/PQD (Quotidiens régionaux),Actualités-Infos Générales,Régionale/Départementale,,"Edições Linear - Cooperativa Editorial, CRL",Vila do Conde,Quinzenal,ERC,3
MED-PT-1010,Kéramica,PT,Portugal,pt,PRESSE,Médias spécialisés grand public,Actualités-Infos Générales,Nationale,https://www.apicer.pt,APICER - Associação Portuguesa das Indústrias de Cerâmica e de Cristalaria,Coimbra,Bimestral,ERC,3
MED-PT-1011,Kiss FM,PT,Portugal,pt,RADIO,Radios Régionales,Actualités-Infos Générales,Régionale/Départementale,https://en.wikipedia.org/wiki/Kiss_FM_%28Portugal%29,,,,WIKIPEDIA,3
MED-PT-1012,KJ – Knowledge Journal,PT,Portugal,pt,WEB,Médias spécialisés grand public,Actualités-Infos Générales,Nationale,https://kmjournal.com,Ricardo Filipe da Silva Pocinho,Braga,Semestral,ERC,3
MED-PT-1013,Komunica Magazine,PT,Portugal,pt,WEB,Médias régionaux (hors PQR),Actualités-Infos Générales,Régionale/Départementale,https://komunicamagazine.com,Cátia Juliana Pinto Portela,Chaves,Diária,ERC,3
MED-PT-1014,Kuriakos TV,PT,Portugal,pt,TV,TV Grandes Chaînes,Actualités-Infos Générales,Nationale,https://en.wikipedia.org/wiki/Kuriakos_TV,,,,WIKIPEDIA,3
MED-PT-1015,KWY,PT,Portugal,pt,PRESSE,Médias d'information générale (hors PQN),Actualités-Infos Générales,Nationale,https://pt.wikipedia.org/wiki/KWY,,,,WIKIPEDIA,3
MED-PT-1016,LabMED Magazine,PT,Portugal,pt,PRESSE,Médias d'information générale (hors PQN),Actualités-Infos Générales,Nationale,,"Pargef Gestão e Administração de Bens, S.A.",Fânzeres,Mensal,ERC,3
MED-PT-1017,Laboreal,PT,Portugal,pt,WEB,Médias spécialisés grand public,Actualités-Infos Générales,Nationale,https://journals.openedition.org/laboreal,Universidade do Porto,Porto,Bianual,ERC,3
MED-PT-1018,Labor.pt,PT,Portugal,pt,PRESSE,Médias régionaux (hors PQR),Actualités-Infos Générales,Régionale/Départementale,https://www.labor.pt,"Laborpress - Edições e Comunicação Social, Lda.",São João da Madeira,Semanal,ERC,3
MED-PT-1019,Labpro,PT,Portugal,pt,PRESSE,Médias spécialisés grand public,Actualités-Infos Générales,Nationale,https://www.labpro.pt,"Editora Codigopro - Edição de Publicações Periódicas Unipessoal, Lda",Porto,Quadrimestral,ERC,3
MED-PT-1020,Lagoa Informa,PT,Portugal,pt,PRESSE,Médias régionaux (hors PQR),Actualités-Infos Générales,Régionale/Départementale,,"Pressroma - Edição de Publicações Periódicas, Unipessoal, Lda",Lagoa,Quinzenal,ERC,3
MED-PT-1021,Lagos - Revista Municipal,PT,Portugal,pt,PRESSE,Médias institutionnels,Actualités-Infos Générales,Régionale/Départementale,https://www.cm-lagos.pt,Município de Lagos,Lagos,Quadrimestral,ERC,3
MED-PT-1022,La Karavelo,PT,Portugal,pt,PRESSE,Médias d'information générale (hors PQN),Actualités-Infos Générales,Nationale,https://pt.wikipedia.org/wiki/La_Karavelo,,,,WIKIPEDIA,3
MED-PT-1023,Lameiras - Boletim Cultural e Informativo da Associação de Moradores de Lameiras,PT,Portugal,pt,PRESSE,Médias associatifs,Actualités-Infos Générales,Régionale/Départementale,,AML - Associação de Moradores das Lameiras,Vila Nova de Famalicão,Trimestral,ERC,3
MED-PT-1024,Lance D'elas,PT,Portugal,pt,WEB,Médias spécialisés grand public,Actualités-Infos Générales,Nationale,https://lancedelas.pt,Lidiane Moraes Da Cunha,Mirandela,Diária,ERC,3
MED-PT-1025,Lar Cristão,PT,Portugal,pt,PRESSE,Médias associatifs,Social-Société,Nationale,https://www.livrariabaptista.com.pt,"CEBAPES - Centro Baptista de Publicações, Unipessoal, Lda.",Queluz,Trimestral,ERC,3
MED-PT-1026,Leak,PT,Portugal,pt,WEB,Médias spécialisés grand public,Actualités-Infos Générales,Nationale,http://www.leak.pt,Bruno Miguel Fernandes Peixoto Fonseca,Lisboa,Diária,ERC,3
MED-PT-1027,Legião de Maria,PT,Portugal,pt,PRESSE,Médias associatifs,Social-Société,Nationale,,Legião de Maria,Lisboa,Trimestral,ERC,3
MED-PT-1028,Leiria Informação,PT,Portugal,pt,WEB,Médias régionaux (hors PQR),Actualités-Infos Générales,Régionale/Départementale,https://www.leiriainformacao.pt,Embraceprofit - Lda.,Leiria,Diária (dias úteis),ERC,3
MED-PT-1029,Le Monde Diplomatique - Edição Portuguesa,PT,Portugal,pt,PRESSE,Médias spécialisés grand public,Actualités-Infos Générales,Nationale,,"Le Monde Diplomatique, SA",Lisboa,Mensal,ERC,3
MED-PT-1030,Leonino,PT,Portugal,pt,WEB,Médias spécialisés grand public,Actualités-Infos Générales,Nationale,https://leonino.pt,"Sílaba Notável, Lda.",Lisboa,Diária,ERC,3
MED-PT-1031,LER,PT,Portugal,pt,PRESSE,Médias d'information générale (hors PQN),Actualités-Infos Générales,Nationale,https://pt.wikipedia.org/wiki/LER_%28revista%29,,,,WIKIPEDIA,3
MED-PT-1032,Ler - Livros e Leitores,PT,Portugal,pt,PRESSE,Médias spécialisés grand public,Actualités-Infos Générales,Nationale,,Fundação Círculo de Leitores,Lisboa,Trimestral,ERC,3
MED-PT-1033,Lex Familiae - Revista Portuguesa de Direito da Familía,PT,Portugal,pt,WEB,Médias professionnels,Droit,Nationale,https://www.centrodedireitodafamilia.org,Centro de Direito da Familía,Coimbra,Semestral,ERC,3
MED-PT-1034,Lex Medicinae - Revista Portuguesa de Direito da Saúde,PT,Portugal,pt,WEB,Médias spécialisés grand public,Médecine,Nationale,http://www.centrodedireitobiomedico.org/publicações/publicações-online/revista-portuguesa-de-direito-da-saúde-lex-medicinae,Centro de Direito Biomédico,Coimbra,Semestral,ERC,3
MED-PT-1035,Lidador Notícias,PT,Portugal,pt,WEB,Médias régionaux (hors PQR),Actualités-Infos Générales,Régionale/Départementale,https://www.lidadornoticias.pt,António Teixeira Correia,Beja,Diária,ERC,3
MED-PT-1036,Liderança & Negócio,PT,Portugal,pt,WEB,Médias professionnels,Economie - Services,Nationale,https://liderancaenegocio.pt,Sandra Carla Pereira Arouca,Vila Nova de Gaia,Trimestral,ERC,3
MED-PT-1037,Liderança no Feminino,PT,Portugal,pt,WEB,Médias spécialisés grand public,Actualités-Infos Générales,Nationale,https://www.liderancanofeminino.org,Sandra Carla Pereira Arouca,Vila Nova de Gaia,Mensal,ERC,3
MED-PT-1038,Líder Ideias que Fazem Futuro,PT,Portugal,pt,PRESSE,Médias spécialisés grand public,Actualités-Infos Générales,Nationale,https://lidermagazine.sapo.pt,"Tema Central, Lda.",Porto Salvo,Trimestral,ERC,3
MED-PT-1039,Life Saving,PT,Portugal,pt,WEB,Médias spécialisés grand public,Actualités-Infos Générales,Nationale,https://www.chualgarve.min-saude.pt/lifesaving,"Centro Hospitalar do Algarve, E.P.E.",Faro,Trimestral,ERC,3
MED-PT-1040,Lifestyle & Business Frontline,PT,Portugal,pt,PRESSE,Médias professionnels,Economie - Services,Nationale,https://www.revistafrontline.com,Anabela Alves Ribeiro Laia,Alcoitão,Bimestral,ERC,3
MED-PT-1041,Lifestyle Portugal,PT,Portugal,pt,PRESSE,Médias spécialisés grand public,Lifestyle,Nationale,https://lifestylemag.pt/magazine,"Moulson & Howes, Lda",Quinta do Lago,Bimestral,ERC,3
MED-PT-1042,Liga Amadora TV Jornal Desportivo Online,PT,Portugal,pt,WEB,Médias régionaux (hors PQR),Sports,Régionale/Départementale,https://www.ligaamadoratv.pt,José Manuel Moreira Martins,Paços de Ferreira,3 x semana,ERC,3
MED-PT-1043,Liga-te,PT,Portugal,pt,WEB,Médias spécialisés grand public,Actualités-Infos Générales,Nationale,https://www.lpfp.pt,Liga Portuguesa de Futebol Profissional,Porto,Bimestral,ERC,3
MED-PT-1044,Liga-te Em Números,PT,Portugal,pt,PRESSE,Médias spécialisés grand public,Actualités-Infos Générales,Nationale,https://www.lpfp.pt,Liga Portuguesa de Futebol Profissional,Porto,Bimestral,ERC,3
MED-PT-1045,Linguará - uma revista pela língua portuguesa,PT,Portugal,pt,PRESSE,Médias spécialisés grand public,Actualités-Infos Générales,Nationale,https://www.revistalinguara.com,Maria José Amorim de Sousa Carmo,Lisboa,Semestral,ERC,3
MED-PT-1046,Linha da Notícia,PT,Portugal,pt,WEB,Médias d'information générale (hors PQN),Actualités-Infos Générales,Nationale,https://www.linhadanoticia.pt,Jorge António Torres Martins Carmona,Pinhal General,Semanal,ERC,3
MED-PT-1047,Linha Desportiva,PT,Portugal,pt,WEB,Médias régionaux (hors PQR),Sports,Régionale/Départementale,https://www.linha-desportiva.com,Nelson Maurício de Oliveira Lobo Pimentel,Oeiras,Diária,ERC,3
MED-PT-1048,Linhas de Elvas,PT,Portugal,pt,PRESSE,Médias régionaux (hors PQR),Actualités-Infos Générales,Régionale/Départementale,https://www.linhasdeelvas.pt,"C.T.C.S. - Composição de Texto para Comunicação Social e Afins, Lda.",Elvas,Semanal,ERC,3
MED-PT-1049,Link To Leaders,PT,Portugal,pt,WEB,Médias spécialisés grand public,Actualités-Infos Générales,Nationale,https://www.linktoleaders.com,Versos e Trocadilhos - Lda,Lisboa,Diária,ERC,3
MED-PT-1050,Lisboa creche: jornal miniatura,PT,Portugal,pt,PRESSE,PQR/PQD (Quotidiens régionaux),Actualités-Infos Générales,Régionale/Départementale,https://pt.wikipedia.org/wiki/Lisboa_creche%3A_jornal_miniatura,,,,WIKIPEDIA,3
MED-PT-1051,Lisboète,PT,Portugal,pt,PRESSE,Médias régionaux (hors PQR),Actualités-Infos Générales,Régionale/Départementale,https://www.lisboetemagazine.com,Pitadacrobática - Editions Lda.,Lisboa,Trimestral,ERC,3
MED-PT-1052,Lisbon By Time Out,PT,Portugal,pt,PRESSE,Médias régionaux (hors PQR),Actualités-Infos Générales,Régionale/Départementale,,"Time Out Portugal, Unipessoal, Lda.",Lisboa,Anual,ERC,3
MED-PT-1053,Litoral Centro - Comunicação e Imagem,PT,Portugal,pt,WEB,Médias d'information générale (hors PQN),Actualités-Infos Générales,Nationale,http://litoralcentro-comunicacaoeimagem.pt,Joaquim Manuel da Conceição Carlos,Aveiro,Diária,ERC,3
MED-PT-1054,Litoralgarve,PT,Portugal,pt,WEB,Médias régionaux (hors PQR),Actualités-Infos Générales,Régionale/Départementale,https://www.litoralgarve.pt,Paulo Jorge dos Reis Moreira da Silva,Lagos,Diária,ERC,3
MED-PT-1055,Liturgia Diária - A Missa de Cada Dia,PT,Portugal,pt,PRESSE,Médias associatifs,Social-Société,Nationale,,"Paulus Editora - Sociedade Unipessoal, Lda.",Apelação,Mensal,ERC,3
MED-PT-1056,Local Notícias,PT,Portugal,pt,PRESSE,Médias régionaux (hors PQR),Actualités-Infos Générales,Régionale/Départementale,https://www.localnoticias.pt,"Folhimpressionante, Lda",Algueirão,Mensal,ERC,3
MED-PT-1057,Local Online,PT,Portugal,pt,WEB,Médias spécialisés grand public,Actualités-Infos Générales,Nationale,https://www.localonline.pt,"Swipe News, S.A.",Lisboa,Diária,ERC,3
MED-PT-1058,Localvisão TV,PT,Portugal,pt,TV,TV Câble/Sat,"Culture/Arts, littérature et culture générale",Nationale,,"Canalvisão - Comunicação Multimédia, S.A.",Matarraque,Continu,ERC,3
MED-PT-1059,Locomotion,PT,Portugal,pt,TV,TV Grandes Chaînes,Actualités-Infos Générales,Nationale,https://en.wikipedia.org/wiki/Locomotion_%28TV_channel%29,,,,WIKIPEDIA,3
MED-PT-1060,Logística Moderna,PT,Portugal,pt,PRESSE,Médias spécialisés grand public,Mode-Beauté-Bien être,Nationale,,Carlos Manuel Lopes Simões,Terrugem,Bimestral,ERC,3
MED-PT-1061,Loulé TV,PT,Portugal,pt,WEB,Médias régionaux (hors PQR),Actualités-Infos Générales,Régionale/Départementale,https://www.louletv.pt,"Pajovir - Espectáculos, Marketing e Publicidade, Unipessoal, Lda.",Troto,Semanal,ERC,3
MED-PT-1062,LOURESmagazineODIVELAS,PT,Portugal,pt,PRESSE,Médias régionaux (hors PQR),Actualités-Infos Générales,Régionale/Départementale,,"Artur Lucena, Unipessoal, Lda.",Ramada,Mensal,ERC,3
MED-PT-1063,LPCDR Info Liga Portuguesa Contra as Doenças Reumáticas,PT,Portugal,pt,PRESSE,Médias spécialisés grand public,Actualités-Infos Générales,Nationale,https://www.lpcdr.org.pt,Liga Portuguesa Contra as Doenças Reumáticas,Lisboa,Trimestral,ERC,3
MED-PT-1064,LPP Lisboa Para Pessoas,PT,Portugal,pt,PRESSE,Médias régionaux (hors PQR),Actualités-Infos Générales,Régionale/Départementale,https://lisboaparapessoas.pt,"Shifter Generation, Unipessoal, Lda.",Lisboa,3 x ano,ERC,3
MED-PT-1065,Ludis Images,PT,Portugal,pt,WEB,Médias spécialisés grand public,Actualités-Infos Générales,Nationale,https://ludisimages.com,Luis Filipe Ribeiro Eiras,Creixomil,Mensal,ERC,3
MED-PT-1066,Lusitana - Revista do Clube de Consumidores,PT,Portugal,pt,PRESSE,Médias associatifs,Actualités-Infos Générales,Nationale,https://brancadeneve.pt/revista-lusitana,"Fábricas Lusitana Produtos Alimentares, S.A.",Alcains,Quadrimestral,ERC,3
MED-PT-1067,Lusitânia,PT,Portugal,pt,PRESSE,Médias d'information générale (hors PQN),Actualités-Infos Générales,Nationale,https://pt.wikipedia.org/wiki/Lusit%C3%A2nia_%28revista_cat%C3%B3lica%29,,,,WIKIPEDIA,3
MED-PT-1068,Lusitania Sacra,PT,Portugal,pt,PRESSE,Médias spécialisés grand public,Actualités-Infos Générales,Nationale,http://portal.cehr.ft.lisboa.ucp.pt/LusitaniaSacra/index.php/journal/index,Universidade Católica Portuguesa,Lisboa,Semestral,ERC,3
MED-PT-1069,Lusomotores,PT,Portugal,pt,WEB,Médias spécialisés grand public,Auto-Moto-Cyclo,Nationale,https://www.lusomotores.com,"Lusosaber - Informação e Comunicação, Unipessoal, Lda.",Casal da Barota,Semanal,ERC,3
MED-PT-1070,Lusonotícias,PT,Portugal,pt,WEB,Médias d'information générale (hors PQN),Actualités-Infos Générales,Nationale,https://www.lusonoticias.com,"Lusosaber - Informação e Comunicação, Unipessoal, Lda.",Casal da Barota,Semanal,ERC,3
MED-PT-1071,Lusophonica,PT,Portugal,pt,RADIO,Radios Web/Podcasts,Actualités-Infos Générales,Régionale/Départementale,http://www.lusophonica.com,Pedro Avillez Pedroso Da Costa,Cascais,Continu,ERC,3
MED-PT-1072,Lusopress - Unindo os Portugueses,PT,Portugal,pt,PRESSE,Médias régionaux (hors PQR),Actualités-Infos Générales,Régionale/Départementale,https://www.lusopress.tv,"BTMI Intellectual Property, Lda.",Santa Catarina da Serra,Mensal,ERC,3
MED-PT-1073,Luta Popular,PT,Portugal,pt,WEB,Médias associatifs,Social-Société,Nationale,https://www.lutapopularonline.org,Partido Comunista dos Trabalhadores Portugueses - PCTP/MRPP,Lisboa,Semanal,ERC,3
MED-PT-1074,Lux,PT,Portugal,pt,PRESSE,Médias spécialisés grand public,Actualités-Infos Générales,Nationale,https://www.lux.iol.pt,"Masemba, Lda.",Carnaxide,Semanal,ERC,3
MED-PT-1075,Lux Woman,PT,Portugal,pt,PRESSE,Médias spécialisés grand public,Actualités-Infos Générales,Nationale,,"Masemba, Lda.",Carnaxide,Mensal,ERC,3
MED-PT-1076,Luz - Boletim Interparoquial,PT,Portugal,pt,PRESSE,Médias associatifs,Actualités-Infos Générales,Régionale/Départementale,,Fábrica da Igreja Paroquial da Freguesia de Santiago da Guarda,Santiago da Guarda,Mensal,ERC,3
MED-PT-1077,Luz da Serra,PT,Portugal,pt,PRESSE,Médias régionaux (hors PQR),Actualités-Infos Générales,Régionale/Départementale,,Fábrica da Igreja Paroquial de Santa Catarina da Serra,Santa Catarina da Serra,Mensal,ERC,3
MED-PT-1078,+M,PT,Portugal,pt,WEB,Médias spécialisés grand public,Actualités-Infos Générales,Nationale,https://eco.sapo.pt/mais-m,"Swipe News, S.A.",Lisboa,Diária (dias úteis),ERC,3
MED-PT-1079,M80 2000,PT,Portugal,pt,RADIO,Radios Web/Podcasts,Actualités-Infos Générales,Régionale/Départementale,https://rayo.pt/m80-2000,Bmhaudio Portugal Holdings Unipessoal Lda. & Comandita,Lisboa,Continu,ERC,3
MED-PT-1080,M80 60's,PT,Portugal,pt,RADIO,Radios Web/Podcasts,Actualités-Infos Générales,Régionale/Départementale,https://rayo.pt/m80-60s,"Bmhaudio Portugal Holdings, Unipessoal, Lda. & Comandita",Lisboa,Continu,ERC,3
MED-PT-1081,M80 70's,PT,Portugal,pt,RADIO,Radios Web/Podcasts,Actualités-Infos Générales,Régionale/Départementale,https://rayo.pt/m80-70s,"Bmhaudio Portugal Holdings, Unipessoal, Lda. & Comandita",Lisboa,Continu,ERC,3
MED-PT-1082,M80 80's,PT,Portugal,pt,RADIO,Radios Web/Podcasts,Actualités-Infos Générales,Régionale/Départementale,https://rayo.pt/m80-80s,"Bmhaudio Portugal Holdings, Unipessoal, Lda. & Comandita",Lisboa,Continu,ERC,3
MED-PT-1083,M80 90's,PT,Portugal,pt,RADIO,Radios Web/Podcasts,Actualités-Infos Générales,Régionale/Départementale,https://rayo.pt/m80-90s,"Bmhaudio Portugal Holdings, Unipessoal, Lda. & Comandita",Lisboa,Continu,ERC,3
MED-PT-1084,M80 Aveiro,PT,Portugal,pt,RADIO,Radios Régionales,Actualités-Infos Générales,Régionale/Départementale,,"Bmhaudio Portugal Holdings, Unipessoal, Lda. & Comandita",Lisboa,Continu,ERC,3
MED-PT-1085,M80 Ballads,PT,Portugal,pt,RADIO,Radios Web/Podcasts,Actualités-Infos Générales,Régionale/Départementale,https://rayo.pt/m80-ballads,"Bmhaudio Portugal Holdings, Unipessoal, Lda. & Comandita",Lisboa,Continu,ERC,3
MED-PT-1086,M80 Bragança,PT,Portugal,pt,RADIO,Radios Régionales,Actualités-Infos Générales,Régionale/Départementale,,"Rádio Bragançana R.B.A., CRL",Bragança,Continu,ERC,3
MED-PT-1087,M80 Brasil,PT,Portugal,pt,RADIO,Radios Web/Podcasts,Actualités-Infos Générales,Régionale/Départementale,https://rayo.pt/m80-brasil,"Bmhaudio Portugal Holdings, Unipessoal, Lda. & Comandita",Lisboa,Continu,ERC,3
MED-PT-1088,M80 Coimbra,PT,Portugal,pt,RADIO,Radios Régionales,Actualités-Infos Générales,Régionale/Départementale,,"Bmhaudio Portugal Holdings, Unipessoal, Lda. & Comandita",Lisboa,Continu,ERC,3
MED-PT-1089,M80 Dance,PT,Portugal,pt,RADIO,Radios Web/Podcasts,Actualités-Infos Générales,Régionale/Départementale,https://rayo.pt/m80-dance,"Bmhaudio Portugal Holdings, Unipessoal, Lda. & Comandita",Lisboa,Continu,ERC,3
MED-PT-1090,M80 Disco,PT,Portugal,pt,RADIO,Radios Web/Podcasts,Actualités-Infos Générales,Régionale/Départementale,https://rayo.pt/m80-disco,"Bmhaudio Portugal Holdings, Unipessoal, Lda. & Comandita",Lisboa,Continu,ERC,3
MED-PT-1091,M80 Indie,PT,Portugal,pt,RADIO,Radios Web/Podcasts,Actualités-Infos Générales,Régionale/Départementale,https://rayo.pt/m80-indie,"Bmhaudio Portugal Holdings, Unipessoal, Lda. & Comandita",Lisboa,Continu,ERC,3
MED-PT-1092,M80 Leiria,PT,Portugal,pt,RADIO,Radios Régionales,Actualités-Infos Générales,Régionale/Départementale,,"Bmhaudio Portugal Holdings, Unipessoal, Lda. & Comandita",Lisboa,Continu,ERC,3
MED-PT-1093,M80 Manteigas,PT,Portugal,pt,RADIO,Radios Régionales,Actualités-Infos Générales,Régionale/Départementale,,"Bmhaudio Portugal Holdings, Unipessoal, Lda. & Comandita",Lisboa,Continu,ERC,3
MED-PT-1094,M80 Minho,PT,Portugal,pt,RADIO,Radios Régionales,Actualités-Infos Générales,Régionale/Départementale,,"Empresa do Jornal O Correio de Fafe, Lda",Fafe,Continu,ERC,3
MED-PT-1095,M80 Mogadouro,PT,Portugal,pt,RADIO,Radios Régionales,Actualités-Infos Générales,Régionale/Départementale,,"Rádio Planalto, CRL",Mogadouro,Continu,ERC,3
MED-PT-1096,M80 Natal,PT,Portugal,pt,RADIO,Radios Web/Podcasts,Actualités-Infos Générales,Régionale/Départementale,https://bauermedia.pt/m80/m80-natal,BMHAUDIO Portugal Holdings Unipessoal Lda. & Comandita,Lisboa,Continu,ERC,3
MED-PT-1097,M80 Penalva do Castelo,PT,Portugal,pt,RADIO,Radios Régionales,Actualités-Infos Générales,Régionale/Départementale,,"Bmhaudio Portugal Holdings, Unipessoal, Lda. & Comandita",Lisboa,Continu,ERC,3
MED-PT-1098,M80 Pop,PT,Portugal,pt,RADIO,Radios Web/Podcasts,Actualités-Infos Générales,Régionale/Départementale,https://rayo.pt/m80-pop,"Bmhaudio Portugal Holdings, Unipessoal, Lda. & Comandita",Lisboa,Continu,ERC,3
MED-PT-1099,M80 Porto,PT,Portugal,pt,RADIO,Radios Régionales,Actualités-Infos Générales,Régionale/Départementale,,"Bmhaudio Portugal Holdings, Unipessoal, Lda. & Comandita",Lisboa,Continu,ERC,3
MED-PT-1100,M80 Portugal,PT,Portugal,pt,RADIO,Radios Web/Podcasts,Actualités-Infos Générales,Régionale/Départementale,https://rayo.pt/m80-portugal,"Bmhaudio Portugal Holdings, Unipessoal, Lda. & Comandita",Lisboa,Continu,ERC,3
MED-PT-1101,M80 Radio,PT,Portugal,pt,RADIO,Radios Régionales,Actualités-Infos Générales,Régionale/Départementale,https://en.wikipedia.org/wiki/M80_Radio,,,,WIKIPEDIA,3
MED-PT-1102,M80 Rock,PT,Portugal,pt,RADIO,Radios Web/Podcasts,Actualités-Infos Générales,Régionale/Départementale,https://rayo.pt/m80-rock,"Bmhaudio Portugal Holdings, Unipessoal, Lda. & Comandita",Lisboa,Continu,ERC,3
MED-PT-1103,M80 Sabugal,PT,Portugal,pt,RADIO,Radios Régionales,Actualités-Infos Générales,Régionale/Départementale,,"Bmhaudio Portugal Holdings, Unipessoal, Lda. & Comandita",Lisboa,Continu,ERC,3
MED-PT-1104,M80 Soul,PT,Portugal,pt,RADIO,Radios Web/Podcasts,Actualités-Infos Générales,Régionale/Départementale,https://rayo.pt/m80-soul,"Bmhaudio Portugal Holdings, Unipessoal, Lda. & Comandita",Lisboa,Continu,ERC,3
MED-PT-1105,M80 Top One,PT,Portugal,pt,RADIO,Radios Web/Podcasts,Actualités-Infos Générales,Régionale/Départementale,https://rayo.pt/m80-top-one,Bmhaudio Portugal Holdings Unipessoal Lda. & Comandita,Lisboa,Continu,ERC,3
MED-PT-1106,M80 Valongo,PT,Portugal,pt,RADIO,Radios Régionales,Actualités-Infos Générales,Régionale/Départementale,,"Bmhaudio Portugal Holdings, Unipessoal, Lda. & Comandita",Lisboa,Continu,ERC,3
MED-PT-1107,M80 Vila Real,PT,Portugal,pt,RADIO,Radios Régionales,Actualités-Infos Générales,Régionale/Départementale,,"Bmhaudio Portugal Holdings, Unipessoal, Lda. & Comandita",Lisboa,Continu,ERC,3
MED-PT-1108,Maçonaria XXI,PT,Portugal,pt,PRESSE,Médias spécialisés grand public,Actualités-Infos Générales,Nationale,,GLLP/GLRP - Grande Loja Legal de Portugal/Grande Loja Regular de Portugal - Associação,Lisboa,Bianual,ERC,3
MED-PT-1109,Madeira Island Magazine,PT,Portugal,pt,PRESSE,Médias régionaux (hors PQR),Actualités-Infos Générales,Régionale/Départementale,https://issuu.com/madeiramagazine,Vítor Maurício Vieira Nunes,Funchal,Bimestral,ERC,3
MED-PT-1110,Mafra Digital Guia Local,PT,Portugal,pt,WEB,Médias régionaux (hors PQR),Informatique-Télécommunications,Régionale/Départementale,https://mafra.digital,José Carlos de Oliveira Batista Calapez,Baleia - Carvoeira,Semanal,ERC,3
MED-PT-1111,Mafra TV,PT,Portugal,pt,WEB,Médias régionaux (hors PQR),Actualités-Infos Générales,Régionale/Départementale,https://www.mafra.tv,Luis Miguel Pereira Veloso Campos,Silveira,Diária,ERC,3
MED-PT-1112,Magazine Imobiliário,PT,Portugal,pt,PRESSE,Médias spécialisés grand public,BTP - Immobilier - Architecture,Nationale,http://www.magazineimobiliario.com,"Palavras Aliadas - Unipessoal, Lda.",Queluz,Bimestral,ERC,3
MED-PT-1113,Magazine Reportagem,PT,Portugal,pt,WEB,Médias d'information générale (hors PQN),Actualités-Infos Générales,Nationale,https://issuu.com/magazinereportagem/docs/magazine_reportagem_2024,Rui Miguel Vidal da Cunha,Almoinha,Anual,ERC,3
MED-PT-1114,Magazine Serrano,PT,Portugal,pt,PRESSE,Médias régionaux (hors PQR),Actualités-Infos Générales,Régionale/Départementale,,Maria da Conceição Violante Monteiro Pacheco,Fornos de Algodres,Mensal,ERC,3
MED-PT-1115,MAGG,PT,Portugal,pt,WEB,Médias spécialisés grand public,Actualités-Infos Générales,Nationale,https://magg.sapo.pt,"Creative Ninjas, Lda.",Lisboa,Diária,ERC,3
MED-PT-1116,Magriça,PT,Portugal,pt,PRESSE,Médias spécialisés grand public,Agroalimentaire-Agriculture,Nationale,https://www.magrica.pt,"Smooth Click, Lda.",Santa Maria da Feira,Bimestral,ERC,3
MED-PT-1117,Maia Hoje,PT,Portugal,pt,PRESSE,Médias régionaux (hors PQR),Actualités-Infos Générales,Régionale/Départementale,https://www.maiahoje.pt,Artur José Machado Bacelar,Maia,Quinzenal,ERC,3
MED-PT-1118,Maiorca FM,PT,Portugal,pt,RADIO,Radios Régionales,Actualités-Infos Générales,Régionale/Départementale,,"Record FM - Sociedade de Meios Audiovisuais de Sintra, Unipessoal Lda.",Terrugem,Continu,ERC,3
MED-PT-1119,Mais Além,PT,Portugal,pt,PRESSE,Médias régionaux (hors PQR),Actualités-Infos Générales,Régionale/Départementale,,Fábrica da Igreja Paroquial de Santa Eufémia,Santa Eufémia,Mensal,ERC,3
MED-PT-1120,Mais Alentejo,PT,Portugal,pt,PRESSE,Médias régionaux (hors PQR),Actualités-Infos Générales,Régionale/Départementale,https://www.revistamaisalentejo.com,José António Biléu Sancho,Évora,Bimestral,ERC,3
MED-PT-1121,Mais Alto,PT,Portugal,pt,PRESSE,Médias spécialisés grand public,Actualités-Infos Générales,Nationale,https://www.emfa.pt,Força Aérea Portuguesa,Amadora,Bimestral,ERC,3
MED-PT-1122,Mais Bancário,PT,Portugal,pt,PRESSE,Médias spécialisés grand public,Actualités-Infos Générales,Nationale,https://www.mais.pt,"Sindicato da Banca, Seguros e Tecnologias - Mais Sindicato",Lisboa,Mensal,ERC,3
MED-PT-1123,Mais Beiras Informação,PT,Portugal,pt,PRESSE,PQR/PQD (Quotidiens régionaux),Actualités-Infos Générales,Régionale/Départementale,https://www.maisbeiras.com,Parágrafo Boémio Turismo e Comunicação Unipessoal Lda,Fornos de Algodres,Diária,ERC,3
MED-PT-1124,Mais Educativa,PT,Portugal,pt,PRESSE,Médias d'information générale (hors PQN),Actualités-Infos Générales,Nationale,https://www.maiseducativa.com,"Young Direct Media, Lda",Póvoa de Santa Iria,5 x ano,ERC,3
MED-PT-1125,MaisFutebol,PT,Portugal,pt,WEB,Médias spécialisés grand public,Sports,Nationale,https://www.maisfutebol.iol.pt,"Média Capital - Digital, S.A.",Queluz de Baixo,Diária,ERC,3
MED-PT-1126,Mais Guimarães - A Revista da Cidade Berço,PT,Portugal,pt,PRESSE,Médias régionaux (hors PQR),Actualités-Infos Générales,Régionale/Départementale,http://www.maisguimaraes.pt,"Eliseu Sampaio - Publicidade Unipessoal, Lda.",Guimarães,Mensal,ERC,3
MED-PT-1127,Mais Guimarães - O Jornal,PT,Portugal,pt,WEB,Médias régionaux (hors PQR),Actualités-Infos Générales,Régionale/Départementale,https://www.maisguimaraes.pt,"Eliseu Sampaio - Publicidade Unipessoal, Lda.",Guimarães,Semanal,ERC,3
MED-PT-1128,Mais Música Web Rádio,PT,Portugal,pt,RADIO,Radios Web/Podcasts,Actualités-Infos Générales,Régionale/Départementale,https://www.maissmusica.pt,Sebastião Manuel das Neves Ramos,Marinhais,Continu,ERC,3
MED-PT-1129,Mais Ribatejo,PT,Portugal,pt,WEB,Médias régionaux (hors PQR),Actualités-Infos Générales,Régionale/Départementale,https://maisribatejo.pt,"Mais Ribatejo - Comunicação, Unipessoal, Lda.",Santarém,Diária,ERC,3
MED-PT-1130,MAIS/Semanário,PT,Portugal,pt,PRESSE,Médias régionaux (hors PQR),Actualités-Infos Générales,Régionale/Départementale,https://www.maissemanario.pt,"Ilustrepágina, Lda.",Póvoa de Varzim,Semanal,ERC,3
MED-PT-1131,Mais Superior,PT,Portugal,pt,PRESSE,Médias d'information générale (hors PQN),Actualités-Infos Générales,Nationale,,"Young Direct Media, Lda",Póvoa de Santa Iria,3 x ano,ERC,3
MED-PT-1132,Mama Sumé,PT,Portugal,pt,PRESSE,Médias spécialisés grand public,Actualités-Infos Générales,Nationale,,Associação de Comandos,Lisboa,Anual,ERC,3
MED-PT-1133,Mangualde Novo Rumo,PT,Portugal,pt,PRESSE,Médias régionaux (hors PQR),Actualités-Infos Générales,Régionale/Départementale,,José Francisco Sobral Abrantes,Mangualde,Trimestral,ERC,3
MED-PT-1134,Manifesto Temas Sociais e Políticos,PT,Portugal,pt,PRESSE,Médias associatifs,Social-Société,Nationale,,Fórum Manifesto-  Centro de Estudos Sociais e Políticos,Lisboa,Semestral,ERC,3
MED-PT-1135,Manja,PT,Portugal,pt,PRESSE,Médias spécialisés grand public,Actualités-Infos Générales,Nationale,https://www.manja.pt/revista,Paulo José da Luz Amado,Lisboa,Trimestral,ERC,3
MED-PT-1136,Manutenção,PT,Portugal,pt,PRESSE,Médias spécialisés grand public,Actualités-Infos Générales,Nationale,https://www.revistamanutencao.pt,Associação Portuguesa de Manutenção e Gestão de Activos (A.P.M.I.),Porto,Trimestral,ERC,3
MED-PT-1137,Mapa - Jornal de Informação Crítica,PT,Portugal,pt,PRESSE,PQN (Quotidiens nationaux),Actualités-Infos Générales,Nationale,https://www.jornalmapa.pt,Associação Mapa Crítico,Palmela,Trimestral,ERC,3
MED-PT-1138,Máquinas Agro,PT,Portugal,pt,WEB,Médias spécialisés grand public,Agroalimentaire-Agriculture,Nationale,https://www.maquinasagro.com,"Presstrans - Editora de Publicações, Unipessoal, Lda.",Torres Vedras,Mensal,ERC,3
MED-PT-1139,Marés,PT,Portugal,pt,PRESSE,Médias spécialisés grand public,Actualités-Infos Générales,Nationale,https://www.mutuapescadores.pt,"Mútua dos Pescadores - Mútua de Seguros, C.R.L.",Lisboa,Anual,ERC,3
MED-PT-1140,Maré Viva,PT,Portugal,pt,PRESSE,Médias régionaux (hors PQR),Actualités-Infos Générales,Régionale/Départementale,https://issuu.com/jornalmareviva,"Nascente - Cooperativa de Acção Cultural, C.R.L.",Espinho,Semanal,ERC,3
MED-PT-1141,Maria,PT,Portugal,pt,PRESSE,Médias spécialisés grand public,Actualités-Infos Générales,Nationale,,Jacques da Conceição Rodrigues,Covas,Semanal,ERC,3
MED-PT-1142,Maria da Fonte,PT,Portugal,pt,PRESSE,Médias régionaux (hors PQR),Actualités-Infos Générales,Régionale/Départementale,,"Arcada Nova - Comunicação, Marketing e Publicidade, Lda.",Póvoa de Lanhoso,Quinzenal,ERC,3
MED-PT-1143,Maria Helena Previsões,PT,Portugal,pt,PRESSE,Médias spécialisés grand public,Actualités-Infos Générales,Nationale,,"MH Portugal, Lda.",Lisboa,Anual,ERC,3
MED-PT-1144,Mariana,PT,Portugal,pt,PRESSE,Médias spécialisés grand public,Actualités-Infos Générales,Nationale,,"Presspeople - Edição de Publicações, Unipessoal Lda",Alcabideche,Semanal,ERC,3
MED-PT-1145,Marítimo Revista Oficial,PT,Portugal,pt,PRESSE,Médias d'information générale (hors PQN),Actualités-Infos Générales,Nationale,https://www.csmaritimo.org.pt,Club Sport Marítimo da Madeira,Funchal,Semestral,ERC,3
MED-PT-1146,Marítimo TV,PT,Portugal,pt,WEB,Médias régionaux (hors PQR),Actualités-Infos Générales,Régionale/Départementale,http://www.maritimo.tv,"Marítimo da Madeira TV, Unipessoal, Lda.",Funchal,Mensal,ERC,3
MED-PT-1147,Market and Competition Law Review,PT,Portugal,pt,WEB,Médias professionnels,Droit,Nationale,https://revistas.ucp.pt/index.php/mclawreview,Universidade Católica Portuguesa,Lisboa,Bianual,ERC,3
MED-PT-1148,Marketeer,PT,Portugal,pt,PRESSE,Médias spécialisés grand public,Actualités-Infos Générales,Nationale,https://www.marketeer.pt,"Multipublicações - Edição, Publicação de Informação e Prestação de Serviços de Comunicação, Lda",Lisboa,Mensal,ERC,3
MED-PT-1149,Martial Honor Magazine,PT,Portugal,pt,WEB,Médias spécialisés grand public,Actualités-Infos Générales,Nationale,https:,Ilídio José Vieira Anastácio,Faro,Semestral,ERC,3
MED-PT-1150,Materiais de Construção,PT,Portugal,pt,PRESSE,Médias spécialisés grand public,Actualités-Infos Générales,Nationale,https://www.apcmc.pt,Associação Portuguesa dos Comerciantes de Materiais de Construção,Porto,Trimestral,ERC,3
MED-PT-1151,Máxima,PT,Portugal,pt,PRESSE,Médias spécialisés grand public,Actualités-Infos Générales,Nationale,https://www.maxima.pt,"Medialivre, S.A.",Lisboa,Anual,ERC,3
MED-PT-1152,Maxmen,PT,Portugal,pt,PRESSE,Médias d'information générale (hors PQN),Actualités-Infos Générales,Nationale,https://pt.wikipedia.org/wiki/Maxmen,,,,WIKIPEDIA,3
MED-PT-1153,MCM Pop,PT,Portugal,pt,TV,TV Grandes Chaînes,Actualités-Infos Générales,Nationale,https://pt.wikipedia.org/wiki/MCM_Pop,,,,WIKIPEDIA,3
MED-PT-1154,MD Minho Digital,PT,Portugal,pt,WEB,Médias régionaux (hors PQR),Actualités-Infos Générales,Régionale/Départementale,https://minhodigital.pt,Margareth Gonçalves da Silva,Vila Praia de Âncora,Semanal,ERC,3
MED-PT-1155,Mêda FM,PT,Portugal,pt,RADIO,Radios Régionales,Actualités-Infos Générales,Régionale/Départementale,,"Rádio Clube da Mêda, Lda",Meda,Continu,ERC,3
MED-PT-1156,Media Culta,PT,Portugal,pt,WEB,Médias d'information générale (hors PQN),Actualités-Infos Générales,Nationale,https://mediaculta.pt,Jorge Manuel de Abreu Castilho,Coimbra,Diária,ERC,3
MED-PT-1157,Media & Jornalismo,PT,Portugal,pt,WEB,Médias spécialisés grand public,Communication - Médias - Internet,Nationale,http://impactum-journals.uc.pt/mj,ICNOVA - Instituto de Comunicação da Nova,Lisboa,Semestral,ERC,3
MED-PT-1158,Medicina Interna - Revista da Sociedade Portuguesa de Medicina Interna,PT,Portugal,pt,WEB,Médias spécialisés grand public,Médecine,Nationale,https://revista.spmi.pt/index.php/rpmi,Sociedade Portuguesa de Medicina Interna,Lisboa,Trimestral,ERC,3
MED-PT-1159,Medi@ções: Revista Online da Escola Superior de Educação do Inst. Politécnico de Setúbal,PT,Portugal,pt,WEB,Médias spécialisés grand public,Education-Enseignement,Nationale,http://mediacoes.ese.ips.pt/index.php/mediacoesonline,Escola Superior de Educação - Instituto Politécnico de Setúbal,Setúbal,Semestral,ERC,3
MED-PT-1160,Mediotejo.net,PT,Portugal,pt,WEB,Médias régionaux (hors PQR),Actualités-Infos Générales,Régionale/Départementale,https://www.mediotejo.net,Patrícia Antónia Lourenço Fonseca,Tramagal,Diária,ERC,3
MED-PT-1161,Mega Hits Algarve,PT,Portugal,pt,RADIO,Radios Régionales,Actualités-Infos Générales,Régionale/Départementale,,"Rádio Foia, C.R.L.",Monchique,Continu,ERC,3
MED-PT-1162,Mega Hits Aveiro,PT,Portugal,pt,RADIO,Radios Régionales,Actualités-Infos Générales,Régionale/Départementale,,"Rádio Regional de Aveiro - Empresa de Radiodifusão, Lda.",Vila Nova de Gaia,Continu,ERC,3
MED-PT-1163,Mega Hits Braga,PT,Portugal,pt,RADIO,Radios Régionales,Actualités-Infos Générales,Régionale/Départementale,,"RTM - Rádio e Televisão do Minho, Lda.",Braga,Continu,ERC,3
MED-PT-1164,Mega Hits - Coimbra,PT,Portugal,pt,RADIO,Radios Régionales,Actualités-Infos Générales,Régionale/Départementale,,"Rádio 90 FM, Coimbra - Radiodifusão, Lda",Lisboa,Continu,ERC,3
MED-PT-1165,Mega Hits Dance,PT,Portugal,pt,RADIO,Radios Web/Podcasts,Actualités-Infos Générales,Régionale/Départementale,https://megahits.sapo.pt/ouvir-emissao-mega-hits-dance,"Rádio Renascença, Lda.",Lisboa,Continu,ERC,3
MED-PT-1166,Mega Hits Fresh,PT,Portugal,pt,RADIO,Radios Web/Podcasts,Actualités-Infos Générales,Régionale/Départementale,https://megahits.sapo.pt/ouvir-emissao-mega-hits-fresh,"Rádio Renascença, Lda.",Lisboa,Continu,ERC,3
MED-PT-1167,Mega Hits Hip Hop Rap e R&B,PT,Portugal,pt,RADIO,Radios Web/Podcasts,Actualités-Infos Générales,Régionale/Départementale,https://megahits.sapo.pt/ouvir-emissao-mega-hits-hip-hop-rb,"Rádio Renascença, Lda.",Lisboa,Continu,ERC,3
MED-PT-1168,Mega Hits Porto,PT,Portugal,pt,RADIO,Radios Régionales,Actualités-Infos Générales,Régionale/Départementale,,"Rádio Metropolitana - Comunicação Social, Lda",Vila Nova de Gaia,Continu,ERC,3
MED-PT-1169,Mega Hits Sintra,PT,Portugal,pt,RADIO,Radios Régionales,Actualités-Infos Générales,Régionale/Départementale,,"RO - Edições e Publicidade, Sociedade Unipessoal, Ldª",Lisboa,Continu,ERC,3
MED-PT-1170,Mega Hits Viseu,PT,Portugal,pt,RADIO,Radios Régionales,Actualités-Infos Générales,Régionale/Départementale,,"Rádio Renascença, Lda.",Lisboa,Continu,ERC,3
MED-PT-1171,Meios & Publicidade,PT,Portugal,pt,PRESSE,Médias spécialisés grand public,Actualités-Infos Générales,Nationale,https://www.meiosepublicidade.pt,"Work Media - Comunicação, SA",Lisboa,Quinzenal,ERC,3
MED-PT-1172,Memória Alentejana,PT,Portugal,pt,PRESSE,Médias régionaux (hors PQR),Actualités-Infos Générales,Régionale/Départementale,,CEDA - Centro de Estudos Documentais do Alentejo - Mem. Colectiva e Cidadania,Lisboa,Anual,ERC,3
MED-PT-1173,Mensageiro de Alter,PT,Portugal,pt,PRESSE,Médias régionaux (hors PQR),Actualités-Infos Générales,Régionale/Départementale,,Fabrica da Igreja Paroquial de Nossa Senhora da Assunção de Alter do Chão,Alter do Chão,Bimestral,ERC,3
MED-PT-1174,Mensageiro de Bragança,PT,Portugal,pt,PRESSE,Médias régionaux (hors PQR),Actualités-Infos Générales,Régionale/Départementale,https://www.mdb.pt,Fundação Mensageiro de Bragança,Bragança,Semanal,ERC,3
MED-PT-1175,Mensageiro do Coração de Jesus,PT,Portugal,pt,PRESSE,Médias associatifs,Social-Société,Nationale,https://redemundialdeoracaodopapa.pt,Secretariado Nacional do Apostolado da Oração,Braga,Mensal,ERC,3
MED-PT-1176,Mensageiro do Menino Jesus de Praga,PT,Portugal,pt,PRESSE,Médias associatifs,Social-Société,Nationale,https://www.santuariomeninojesus.org,"Edições Carmelo - Edição de Publicações, Unipessoal, Lda",Avessadas,Bimestral,ERC,3
MED-PT-1177,Mensagem de Lisboa,PT,Portugal,pt,WEB,Médias régionaux (hors PQR),Actualités-Infos Générales,Régionale/Départementale,https://www.amensagem.pt,"A Mensagem D'A Brasileira, Lda.",Lisboa,Diária,ERC,3
MED-PT-1178,Mensagem Nova,PT,Portugal,pt,PRESSE,Médias régionaux (hors PQR),Actualités-Infos Générales,Régionale/Départementale,,Fábrica da Igreja Paroquial de Santa Maria de Adaúfe,Adaúfe,Mensal,ERC,3
MED-PT-1179,Men's Health,PT,Portugal,pt,PRESSE,Médias spécialisés grand public,Médecine,Nationale,https://menshealth.pt,"Hearst Magazines, Inc.",Lisboa,Bimestral,ERC,3
MED-PT-1180,Mercedes-Benz Magazine,PT,Portugal,pt,PRESSE,Médias spécialisés grand public,Actualités-Infos Générales,Nationale,https://www.mercedes-benz.pt/passengercars/the-brand/mercedes-me-magazine.html,"Mercedes-Benz Portugal, S.A.",Abrunheira,Semestral,ERC,3
MED-PT-1181,Metropolitana FM 89.0,PT,Portugal,pt,RADIO,Radios Régionales,Actualités-Infos Générales,Régionale/Départementale,,"Sintonizenos - Comunicação Social, Lda.",Maia,Continu,ERC,3
MED-PT-1182,Metropolitana FM 96.2,PT,Portugal,pt,RADIO,Radios Régionales,Actualités-Infos Générales,Régionale/Départementale,,"Baobad - Comunicações e Publicações, S.A.",Maia,Continu,ERC,3
MED-PT-1183,Metropolitana FM 96.3,PT,Portugal,pt,RADIO,Radios Régionales,Actualités-Infos Générales,Régionale/Départementale,,"V.D.R.F. - Electrónica, Audio e Equipamento de Telecomunicações, Lda",Maia,Continu,ERC,3
MED-PT-1184,MGM Portugal,PT,Portugal,pt,TV,TV Grandes Chaînes,Actualités-Infos Générales,Nationale,https://pt.wikipedia.org/wiki/MGM_Portugal,,,,WIKIPEDIA,3
MED-PT-1185,MHD - Magazine.HD,PT,Portugal,pt,WEB,Médias spécialisés grand public,Actualités-Infos Générales,Nationale,https://www.magazine-hd.com,"ATMHD - Media Contents, Lda.",Porto Salvo,Diária,ERC,3
MED-PT-1186,Millenium,PT,Portugal,pt,WEB,Médias régionaux (hors PQR),Actualités-Infos Générales,Régionale/Départementale,http://revistas.rcaap.pt,Instituto Politécnico de Viseu,Viseu,Quadrimestral,ERC,3
MED-PT-1187,MINHA,PT,Portugal,pt,PRESSE,Médias régionaux (hors PQR),Actualités-Infos Générales,Régionale/Départementale,https://www.revistaminha.pt,"Empresa do Diário do Minho, Lda",Braga,Mensal,ERC,3
MED-PT-1188,Mirante,PT,Portugal,pt,PRESSE,Médias régionaux (hors PQR),Actualités-Infos Générales,Régionale/Départementale,https://www.jornalmirante.com,"António Marques Ventura Unipessoal, Lda.",Miranda do Corvo,Mensal,ERC,3
MED-PT-1189,Mira Online,PT,Portugal,pt,WEB,Médias régionaux (hors PQR),Actualités-Infos Générales,Régionale/Départementale,https://www.miraonline.pt,Maria de Lourdes Pereira Lopes Ferra,Mira,Diária,ERC,3
MED-PT-1190,Miscellanea APAV,PT,Portugal,pt,PRESSE,Médias spécialisés grand public,Actualités-Infos Générales,Nationale,https://www.apav.pt,Associação Portuguesa de Apoio à Vítima - APAV,Lisboa,Semestral,ERC,3
MED-PT-1191,Missão OMP,PT,Portugal,pt,PRESSE,Médias associatifs,Social-Société,Nationale,https://www.opf.pt,Direcção Nacional da Obra da Propagação da Fé,Lisboa,Trimestral,ERC,3
MED-PT-1192,Missões Franciscanas,PT,Portugal,pt,PRESSE,Médias associatifs,Social-Société,Nationale,https://www.união-missionária-franciscana.org,União Missionária Franciscana,Leiria,Mensal,ERC,3
MED-PT-1193,Mix FM,PT,Portugal,pt,RADIO,Radios Régionales,Actualités-Infos Générales,Régionale/Départementale,https://en.wikipedia.org/wiki/Mix_FM_%28Portugal%29,,,,WIKIPEDIA,3
MED-PT-1194,Mobiliário em Noticia,PT,Portugal,pt,PRESSE,Médias spécialisés grand public,Actualités-Infos Générales,Nationale,https://www.mobiliarioemnoticia.pt,"Emibra - Publicidade e Consultadoria de Gestao, Lda",Matosinhos,Bimestral,ERC,3
MED-PT-1195,Moda e Moda,PT,Portugal,pt,WEB,Médias spécialisés grand public,Mode-Beauté-Bien être,Nationale,https://www.modaemoda.pt,"Editorial Venus, Ldª",Lisboa,Mensal,ERC,3
MED-PT-1196,Moda na Medida Certa,PT,Portugal,pt,WEB,Médias spécialisés grand public,Mode-Beauté-Bien être,Nationale,https://www.modanamedidacerta.com.br,Katia Chirinhan Garrido,Rinchoa,Bissemanal,ERC,3
MED-PT-1197,Moeda,PT,Portugal,pt,PRESSE,Médias spécialisés grand public,Actualités-Infos Générales,Nationale,,"Publinummus - Publicações de Numismática, Lda.",Lisboa,Trimestral,ERC,3
MED-PT-1198,Molde,PT,Portugal,pt,PRESSE,Médias spécialisés grand public,Actualités-Infos Générales,Nationale,https://issuu.com/cefamol,Cefamol - Associação Nacional da Indústria de Moldes,Amieirinha,Trimestral,ERC,3
MED-PT-1199,Momento do Porto,PT,Portugal,pt,WEB,Médias régionaux (hors PQR),Actualités-Infos Générales,Régionale/Départementale,https://www.momentodoporto.pt,Sérgio Dias dos Santos,Porto,Mensal,ERC,3
MED-PT-1200,Monte Carmelo,PT,Portugal,pt,RADIO,Radios Web/Podcasts,Actualités-Infos Générales,Régionale/Départementale,http://radio.carmelitas.pt,Ordem dos Padres Carmelitas Descalços em Portugal,Cova da Iria,Continu,ERC,3
MED-PT-1201,Monte do Castelo,PT,Portugal,pt,PRESSE,Médias régionaux (hors PQR),Actualités-Infos Générales,Régionale/Départementale,,Grupo Recreativo e Cultural de Castelo do Neiva - GRECANE,Castelo do Neiva,Mensal,ERC,3
MED-PT-1202,Montepio,PT,Portugal,pt,WEB,Médias spécialisés grand public,Actualités-Infos Générales,Nationale,https://www.montepio.org/vantagens-montepio/publicacoes/revista-montepio,Montepio Geral - Associação Mutualista,Lisboa,Trimestral,ERC,3
MED-PT-1203,Montijo On City,PT,Portugal,pt,WEB,Médias régionaux (hors PQR),Actualités-Infos Générales,Régionale/Départementale,https://www.montijo.oncity.pt,"Centralnews - Comunicação & Informação, Unipessoal, Lda.",Lisboa,Diária,ERC,3
MED-PT-1204,Mood,PT,Portugal,pt,WEB,Médias d'information générale (hors PQN),Actualités-Infos Générales,Nationale,https://www.moodmagazine.pt,Sónia Santos Dias,Santa Marta do Pinhal,Diária,ERC,3
MED-PT-1205,Morse Images,PT,Portugal,pt,WEB,Médias spécialisés grand public,Actualités-Infos Générales,Nationale,https://images.morseplus.eu,Nuno Miguel Pires Veloso,Montenegro,Mensal,ERC,3
MED-PT-1206,Motojornal,PT,Portugal,pt,PRESSE,Médias spécialisés grand public,Auto-Moto-Cyclo,Nationale,,"Fast Lane II, Lda.",Lisboa,Mensal,ERC,3
MED-PT-1207,Moto Mais,PT,Portugal,pt,WEB,Médias spécialisés grand public,Auto-Moto-Cyclo,Nationale,https://motomais.motosport.com.pt,"Editorial Grupo V - Portugal, Lda",Covas,Diária,ERC,3
MED-PT-1208,Motor24,PT,Portugal,pt,WEB,Médias spécialisés grand public,Auto-Moto-Cyclo,Nationale,http://motor24.pt,"Global Notícias - Media Group, S.A.",Lisboa,Semanal,ERC,3
MED-PT-1209,Motor Clássico,PT,Portugal,pt,PRESSE,Médias spécialisés grand public,Auto-Moto-Cyclo,Nationale,,Ricardo Manuel Carvalho da Silva Nabais,Talaíde,Bimestral,ERC,3
MED-PT-1210,Motorsport.tv,PT,Portugal,pt,TV,TV Grandes Chaînes,Actualités-Infos Générales,Nationale,https://pt.wikipedia.org/wiki/Motorsport.tv,,,,WIKIPEDIA,3
MED-PT-1211,MotoSport,PT,Portugal,pt,WEB,Médias spécialisés grand public,Sports,Nationale,https://www.motosport.com.pt,"Editorial Grupo V - Portugal, Lda",Covas,Diária,ERC,3
MED-PT-1212,Motricidade,PT,Portugal,pt,WEB,Médias spécialisés grand public,Actualités-Infos Générales,Nationale,http://revistas.rcaap.pt/motricidade,"Sílabas Didáticas Unipessoal, Lda.",Lordelo,Anual,ERC,3
MED-PT-1213,MOV,PT,Portugal,pt,TV,TV Grandes Chaînes,Actualités-Infos Générales,Nationale,https://pt.wikipedia.org/wiki/MOV,,,,WIKIPEDIA,3
MED-PT-1214,Move Notícias,PT,Portugal,pt,WEB,Médias d'information générale (hors PQN),Actualités-Infos Générales,Nationale,https://www.movenoticias.com,"Move Notícias, Lda.",Vila Nova de Gaia,Diária,ERC,3
MED-PT-1215,MPX Sports,PT,Portugal,pt,WEB,Médias spécialisés grand public,Sports,Nationale,https://www.mpxsports.pt,Afonso Bernardo de Sousa Teixeira Ferraz Augusto,Valbom,Mensal,ERC,3
MED-PT-1216,MTV,PT,Portugal,pt,TV,TV Grandes Chaînes,Actualités-Infos Générales,Nationale,https://en.wikipedia.org/wiki/MTV_%28Portugal%29,,,,WIKIPEDIA,3
MED-PT-1217,MTV Portugal,PT,Portugal,pt,TV,TV Grandes Chaînes,Actualités-Infos Générales,Nationale,https://pt.wikipedia.org/wiki/MTV_Portugal,,,,WIKIPEDIA,3
MED-PT-1218,Mundo Columbófilo,PT,Portugal,pt,PRESSE,Médias spécialisés grand public,Actualités-Infos Générales,Nationale,,Gustavo Fernando de Almeida Moura,Porto,Mensal,ERC,3
MED-PT-1219,Mundo da Canção,PT,Portugal,pt,PRESSE,Médias d'information générale (hors PQN),Actualités-Infos Générales,Nationale,https://pt.wikipedia.org/wiki/Mundo_da_Can%C3%A7%C3%A3o,,,,WIKIPEDIA,3
MED-PT-1220,Mundo de Aventuras,PT,Portugal,pt,PRESSE,Médias d'information générale (hors PQN),Actualités-Infos Générales,Nationale,https://pt.wikipedia.org/wiki/Mundo_de_Aventuras,,,,WIKIPEDIA,3
MED-PT-1221,Mundo h,PT,Portugal,pt,PRESSE,Médias spécialisés grand public,Actualités-Infos Générales,Nationale,https://www.ccspt.org,Associação Helpo,Cascais,Quadrimestral,ERC,3
MED-PT-1222,Mundo Informal TV,PT,Portugal,pt,WEB,Médias régionaux (hors PQR),Actualités-Infos Générales,Régionale/Départementale,https://www.mitv.pt,"Mundo Informal, Unipessoal, Lda",Vila Nova de Gaia,Diária,ERC,3
MED-PT-1223,Mundo Rural,PT,Portugal,pt,PRESSE,Médias associatifs,Social-Société,Nationale,https://www.movimento-acr.org,Acção Católica Rural,Lisboa,Bimestral,ERC,3
MED-PT-1224,Municipalismo,PT,Portugal,pt,PRESSE,Médias institutionnels,Actualités-Infos Générales,Nationale,https://www.atam.pt,ATAM - Associação dos Trabalhadores da Administração Local,Santarém,Anual,ERC,3
MED-PT-1225,"Muros - Imaginamos a Eurorregião Alentejo, Algarve e Andaluzia",PT,Portugal,pt,WEB,Médias régionaux (hors PQR),Actualités-Infos Générales,Régionale/Départementale,https://www.muros.online,"Delaurent  - Turismo, Comunicação e Consultoria, Lda.",Malhão,Anual,ERC,3
MED-PT-1226,Musica.com.pt,PT,Portugal,pt,WEB,Médias spécialisés grand public,Culture/Musique,Nationale,https://musica.com.pt,Rui Pedro Viana e Carmo Pereira Ribeiro,Viseu,Diária,ERC,3
MED-PT-1227,Música & Som,PT,Portugal,pt,WEB,Médias spécialisés grand public,Actualités-Infos Générales,Nationale,https://www.musicaesom.pt,"AEMpress, Lda.",Frielas,Semanal,ERC,3
MED-PT-1228,Mvm,PT,Portugal,pt,TV,TV Grandes Chaînes,Actualités-Infos Générales,Nationale,https://en.wikipedia.org/wiki/Mvm,,,,WIKIPEDIA,3
MED-PT-1229,MVM TV,PT,Portugal,pt,TV,TV Grandes Chaînes,Actualités-Infos Générales,Nationale,https://pt.wikipedia.org/wiki/MVM_TV,,,,WIKIPEDIA,3
MED-PT-1230,Mwana Afrika - Crianças de África - Children of África,PT,Portugal,pt,WEB,Médias spécialisés grand public,Actualités-Infos Générales,Nationale,http://revistamwanaafrika.org,Rosa Maria Mayunga,Lisboa,Bienal,ERC,3
MED-PT-1231,My Star Luxury,PT,Portugal,pt,PRESSE,Médias spécialisés grand public,Actualités-Infos Générales,Nationale,https://www.mystarluxury.pt,"Editora Codigopro - Edição de Publicações Periódicas Unipessoal, Lda",Porto,Trimestral,ERC,3
MED-PT-1232,N16,PT,Portugal,pt,RADIO,Radios Web/Podcasts,Actualités-Infos Générales,Régionale/Départementale,https://www.n16.pt,Montanhàsolta - Associação de Comunicação e Cultura,Sever do Vouga,Continu,ERC,3
MED-PT-1233,N16 - Nacional16,PT,Portugal,pt,WEB,Médias régionaux (hors PQR),Actualités-Infos Générales,Régionale/Départementale,https://www.nacional16.pt,"Classe Média - Comunicação e Serviços, Unipessoal, Lda.",Lourosa de Cima,Quinzenal,ERC,3
MED-PT-1234,Nação e Defesa,PT,Portugal,pt,PRESSE,Médias spécialisés grand public,Actualités-Infos Générales,Nationale,,Instituto da Defesa Nacional,Lisboa,Quadrimestral,ERC,3
MED-PT-1235,Naminhaterratv,PT,Portugal,pt,TV,TV Régionales,Actualités-Infos Générales,Régionale/Départementale,https://naminhaterra.com,"Saber Vanguardista, Lda",Câmara de Lobos,Continu,ERC,3
MED-PT-1236,NA Novo Almourol,PT,Portugal,pt,PRESSE,Médias régionaux (hors PQR),Actualités-Infos Générales,Régionale/Départementale,,Associação Centro de Interpretação de Arqueologia do Alto Ribatejo,Vila Nova da Barquinha,Mensal,ERC,3
MED-PT-1237,Nascer do Sol,PT,Portugal,pt,PRESSE,Médias régionaux (hors PQR),Actualités-Infos Générales,Régionale/Départementale,https://pt.wikipedia.org/wiki/Nascer_do_Sol_%28jornal%29,,,,WIKIPEDIA,3
MED-PT-1238,Nasci Para Cantar,PT,Portugal,pt,RADIO,Radios Web/Podcasts,Actualités-Infos Générales,Régionale/Départementale,https://www.nasciparacantar.pt,Alexandre Teixeira de Faria,Sobrosa,Continu,ERC,3
MED-PT-1239,Naturales - Tauromaquia,PT,Portugal,pt,WEB,Médias spécialisés grand public,Actualités-Infos Générales,Nationale,https://www.naturales-tauromaquia.com,Patrícia de Fátima Caeiro Sardinha,Lisboa,Trissemanal,ERC,3
MED-PT-1240,Náutica Press,PT,Portugal,pt,PRESSE,Médias spécialisés grand public,Actualités-Infos Générales,Nationale,https://www.nauticapress.com,"Lobo do Mar - Sociedade Editorial, Lda",Alqueve,Anual,ERC,3
MED-PT-1241,Nazaré Marés de Maio,PT,Portugal,pt,PRESSE,Médias régionaux (hors PQR),Actualités-Infos Générales,Régionale/Départementale,,Nazaré Marés de Maio - Associação Para o Desenvolvimento Integrado do Concelho da Nazaré,Sítio da Nazaré,Anual,ERC,3
MED-PT-1242,NDC - Notícias do Centro,PT,Portugal,pt,WEB,Médias régionaux (hors PQR),Actualités-Infos Générales,Régionale/Départementale,https://www.noticiasdocentro.pt,"Publipolis, Unipessoal, Lda.",Coimbra,Diária,ERC,3
MED-PT-1243,Nefrâmea,PT,Portugal,pt,PRESSE,Médias spécialisés grand public,Actualités-Infos Générales,Nationale,http://www.apir.org.pt,Associação Portuguesa de Insuficientes Renais - APIR,Lisboa,Trimestral,ERC,3
MED-PT-1244,Negócios,PT,Portugal,pt,PRESSE,Médias professionnels,Economie - Services,Nationale,https://www.jornaldenegocios.pt,"Medialivre, S.A.",Lisboa,Diária,ERC,3
MED-PT-1245,Negócios de Valpaços,PT,Portugal,pt,PRESSE,Médias régionaux (hors PQR),Actualités-Infos Générales,Régionale/Départementale,,Manuel António Pires Brás,Valpaços,Mensal,ERC,3
MED-PT-1246,Negócios Estrangeiros,PT,Portugal,pt,WEB,Médias professionnels,Economie - Services,Nationale,http://idi.mne.pt/pt/revistne.html,Ministério dos Negócios Estrangeiros - Instituto Diplomático,Lisboa,Semestral,ERC,3
MED-PT-1247,NE - Negócios & Empresas,PT,Portugal,pt,WEB,Médias professionnels,Economie - Services,Nationale,https://www.aip.pt,Associação Industrial Portuguesa - Câmara de Comércio e Indústria,Lisboa,Semestral,ERC,3
MED-PT-1248,New In Amadora,PT,Portugal,pt,WEB,Médias régionaux (hors PQR),Actualités-Infos Générales,Régionale/Départementale,https://newinamadora.nit.pt,"Madmen, Lda.",Lisboa,Diária,ERC,3
MED-PT-1249,New In Barreiro,PT,Portugal,pt,WEB,Médias régionaux (hors PQR),Actualités-Infos Générales,Régionale/Départementale,https://newinbarreiro.nit.pt,"Madmen, Lda.",Lisboa,Diária,ERC,3
MED-PT-1250,New In Braga,PT,Portugal,pt,WEB,Médias régionaux (hors PQR),Actualités-Infos Générales,Régionale/Départementale,https://newinbraga.nit.pt,"Madmen, Lda.",Lisboa,Diária,ERC,3
MED-PT-1251,New In Cascais,PT,Portugal,pt,WEB,Médias régionaux (hors PQR),Actualités-Infos Générales,Régionale/Départementale,https://newincascais.nit.pt,"Madmen, Lda.",Lisboa,Diária,ERC,3
MED-PT-1252,New In Évora,PT,Portugal,pt,WEB,Médias régionaux (hors PQR),Actualités-Infos Générales,Régionale/Départementale,https://newinevora.nit.pt,"Madmen, Lda.",Lisboa,Diária,ERC,3
MED-PT-1253,New In Guarda,PT,Portugal,pt,WEB,Médias régionaux (hors PQR),Actualités-Infos Générales,Régionale/Départementale,https://newinguarda.nit.pt,"Madmen, Lda.",Lisboa,Diária,ERC,3
MED-PT-1254,New In Oeiras,PT,Portugal,pt,WEB,Médias régionaux (hors PQR),Actualités-Infos Générales,Régionale/Départementale,https://www.newinoeiras.nit.pt,"Madmen, Lda.",Lisboa,Diária,ERC,3
MED-PT-1255,New In Porto,PT,Portugal,pt,WEB,Médias régionaux (hors PQR),Actualités-Infos Générales,Régionale/Départementale,https://newinporto.nit.pt,"Madmen, Lda.",Lisboa,Diária,ERC,3
MED-PT-1256,New In Seixal,PT,Portugal,pt,WEB,Médias régionaux (hors PQR),Actualités-Infos Générales,Régionale/Départementale,https://newinseixal.nit.pt,"Madmen, Lda.",Lisboa,Diária,ERC,3
MED-PT-1257,New In Setúbal,PT,Portugal,pt,WEB,Médias régionaux (hors PQR),Actualités-Infos Générales,Régionale/Départementale,https://www.newinsetubal.nit.pt,"Madmen, Lda.",Lisboa,Diária,ERC,3
MED-PT-1258,News Now,PT,Portugal,pt,TV,TV Grandes Chaînes,Actualités-Infos Générales,Nationale,https://pt.wikipedia.org/wiki/News_Now,,,,WIKIPEDIA,3
MED-PT-1259,Nexum Press,PT,Portugal,pt,WEB,Médias d'information générale (hors PQN),Actualités-Infos Générales,Nationale,https://nexumpress.com,Pedro Miguel Barrelas Gomes,Rio de Mouro,Semanal,ERC,3
MED-PT-1260,Nickelodeon,PT,Portugal,pt,TV,TV Grandes Chaînes,Actualités-Infos Générales,Nationale,https://pt.wikipedia.org/wiki/Nickelodeon_%28Portugal%29,,,,WIKIPEDIA,3
MED-PT-1261,Nick Jr.,PT,Portugal,pt,TV,TV Grandes Chaînes,Actualités-Infos Générales,Nationale,https://pt.wikipedia.org/wiki/Nick_Jr._%28Portugal%29,,,,WIKIPEDIA,3
MED-PT-1262,Nit,PT,Portugal,pt,WEB,Médias spécialisés grand public,Actualités-Infos Générales,Nationale,https://Nit.pt,"Madmen, Lda.",Lisboa,Diária,ERC,3
MED-PT-1263,NitFM,PT,Portugal,pt,RADIO,Radios Web/Podcasts,Actualités-Infos Générales,Régionale/Départementale,https://www.nitfm.pt,"Madmen, Lda.",Lisboa,Continu,ERC,3
MED-PT-1264,NM Notícias Matosinhos,PT,Portugal,pt,PRESSE,Médias régionaux (hors PQR),Actualités-Infos Générales,Régionale/Départementale,https://www.nmmatosinhos.com,"Emibra - Publicidade e Consultadoria de Gestao, Lda",Matosinhos,Mensal,ERC,3
MED-PT-1265,Noise Culture Music Magazine,PT,Portugal,pt,WEB,Médias spécialisés grand public,"Culture/Arts, littérature et culture générale",Nationale,http://www.noiseculture.pt,João Carlos da Silva Rico,Peniche,Mensal,ERC,3
MED-PT-1266,Noite e Música Magazine,PT,Portugal,pt,WEB,Médias spécialisés grand public,Actualités-Infos Générales,Nationale,http://www.noitemusicamagazine.pt,Nelson Tiago Araújo Martins,Porto,Semanal,ERC,3
MED-PT-1267,Noivas de Portugal,PT,Portugal,pt,PRESSE,Médias spécialisés grand public,Actualités-Infos Générales,Nationale,https://www.noivasdeportugal.com,"Corfu Media, Lda.",Porto,Semestral,ERC,3
MED-PT-1268,Nordeste,PT,Portugal,pt,PRESSE,Médias régionaux (hors PQR),Actualités-Infos Générales,Régionale/Départementale,https://www.jornalnordeste.com,"Pressnordeste, Lda.",Bragança,Semanal,ERC,3
MED-PT-1269,Nortemédico,PT,Portugal,pt,PRESSE,Médias régionaux (hors PQR),Actualités-Infos Générales,Régionale/Départementale,https://www.nortemedico.pt,Ordem dos Médicos,Porto,Trimestral,ERC,3
MED-PT-1270,Nós - Jornal Online da UMinho,PT,Portugal,pt,WEB,Médias d'information générale (hors PQN),Actualités-Infos Générales,Nationale,http://www.nos.uminho.pt,Universidade do Minho,Braga,9 x ano,ERC,3
MED-PT-1271,Nossoterritório.pt,PT,Portugal,pt,WEB,Médias régionaux (hors PQR),Actualités-Infos Générales,Régionale/Départementale,https://www.nossoterritorio.pt,Sandra Luísa Pinto Teixeira,Baião,Diária,ERC,3
MED-PT-1272,NOS Studios,PT,Portugal,pt,TV,TV Grandes Chaînes,Actualités-Infos Générales,Nationale,https://pt.wikipedia.org/wiki/NOS_Studios,,,,WIKIPEDIA,3
MED-PT-1273,Notários Portugueses,PT,Portugal,pt,WEB,Médias spécialisés grand public,Actualités-Infos Générales,Nationale,https://ordem.notarios.pt/revista-np,Ordem dos Notários,Lisboa,Trimestral,ERC,3
MED-PT-1274,Notícias CAP,PT,Portugal,pt,WEB,Médias spécialisés grand public,Actualités-Infos Générales,Nationale,https://www.cap.pt,Confederação dos Agricultores de Portugal - CAP,Lisboa,Diária,ERC,3
MED-PT-1275,Notícias da Amadora,PT,Portugal,pt,PRESSE,Médias régionaux (hors PQR),Actualités-Infos Générales,Régionale/Départementale,https://pt.wikipedia.org/wiki/Not%C3%ADcias_da_Amadora,,,,WIKIPEDIA,3
MED-PT-1276,Notícias da Barca,PT,Portugal,pt,PRESSE,Médias régionaux (hors PQR),Actualités-Infos Générales,Régionale/Départementale,,Gualter de Carvalho Venâncio Bacelar,Ponte da Barca,Trimensal,ERC,3
MED-PT-1277,Notícias da Beira,PT,Portugal,pt,PRESSE,Médias régionaux (hors PQR),Actualités-Infos Générales,Régionale/Départementale,,Fundação Cónego Monteiro,Mangualde,Quinzenal,ERC,3
MED-PT-1278,Notícias da Beira Douro,PT,Portugal,pt,PRESSE,Médias régionaux (hors PQR),Actualités-Infos Générales,Régionale/Départementale,,"Uniarte Gráfica, SA",Porto,Mensal,ERC,3
MED-PT-1279,Noticias da Caranguejeira,PT,Portugal,pt,PRESSE,Médias régionaux (hors PQR),Actualités-Infos Générales,Régionale/Départementale,,Fábrica da Igreja Paroquial de Caranguejeira,Caranguejeira,Mensal,ERC,3
MED-PT-1280,Notícias da Covilhã,PT,Portugal,pt,PRESSE,Médias régionaux (hors PQR),Actualités-Infos Générales,Régionale/Départementale,https://noticiasdacovilha.pt,"Gold Digger, Unipessoal Lda.",Covilhã,Semanal,ERC,3
MED-PT-1281,Noticias da Estela,PT,Portugal,pt,PRESSE,Médias régionaux (hors PQR),Actualités-Infos Générales,Régionale/Départementale,,"Grupo Desportivo, Cultural e Recreativo Senhora do Ó",Estela,Mensal,ERC,3
MED-PT-1282,Notícias da Gandaia,PT,Portugal,pt,WEB,Médias d'information générale (hors PQN),Actualités-Infos Générales,Nationale,https://www.gandaia.info,Associação Gandaia,Costa de Caparica,Mensal,ERC,3
MED-PT-1283,Notícias da Madalena,PT,Portugal,pt,PRESSE,Médias régionaux (hors PQR),Actualités-Infos Générales,Régionale/Départementale,https://en.wikipedia.org/wiki/Not%C3%ADcias_da_Madalena,,,,WIKIPEDIA,3
MED-PT-1284,Notícias da Sua Terra,PT,Portugal,pt,PRESSE,Médias régionaux (hors PQR),Actualités-Infos Générales,Régionale/Départementale,https://www.noticiasdasuaterra.com,José António Ribeiro Pereira,Louriçal,Mensal,ERC,3
MED-PT-1285,Notícias de Águeda,PT,Portugal,pt,WEB,Médias régionaux (hors PQR),Actualités-Infos Générales,Régionale/Départementale,http://www.noticiasdeagueda.pt,"TVC Televisão do Centro, Lda.",Águeda,Diária,ERC,3
MED-PT-1286,Notícias de Aguiar,PT,Portugal,pt,PRESSE,Médias régionaux (hors PQR),Actualités-Infos Générales,Régionale/Départementale,http://noticiasdeaguiar.pt,"Páginas Simples, Unipessoal, Lda.",Vila Pouca de Aguiar,Quadrimensal,ERC,3
MED-PT-1287,Notícias de Albergaria,PT,Portugal,pt,WEB,Médias régionaux (hors PQR),Actualités-Infos Générales,Régionale/Départementale,https://noticiasdealbergaria.pt,"TVC Televisão do Centro, Lda.",Águeda,Diária,ERC,3
MED-PT-1288,Notícias de Albufeira Jornal Regional do Algarve,PT,Portugal,pt,PRESSE,PQR/PQD (Quotidiens régionaux),Actualités-Infos Générales,Régionale/Départementale,https://www.noticiasalbufeira.com,"Albufeira Magazine - Imagem e Empreendimentos Turísticos, Lda.",Albufeira,Mensal,ERC,3
MED-PT-1289,Notícias de Anadia,PT,Portugal,pt,WEB,Médias régionaux (hors PQR),Actualités-Infos Générales,Régionale/Départementale,http://www.noticiasdeanadia.pt,"TVC Televisão do Centro, Lda.",Valongo do Vouga,Diária,ERC,3
MED-PT-1290,Notícias de Arronches,PT,Portugal,pt,PRESSE,Médias régionaux (hors PQR),Actualités-Infos Générales,Régionale/Départementale,https://www.noticiasdearronches.com,Isaurinda Maria Venâncio Belchior Marques,Arronches,Mensal,ERC,3
MED-PT-1291,Notícias de Avanca,PT,Portugal,pt,PRESSE,Médias régionaux (hors PQR),Actualités-Infos Générales,Régionale/Départementale,,Fábrica da Igreja Paroquial de Avanca,Avanca,Mensal,ERC,3
MED-PT-1292,Notícias de Aveiro,PT,Portugal,pt,WEB,Médias régionaux (hors PQR),Actualités-Infos Générales,Régionale/Départementale,https://www.noticiasdeaveiro.pt,"Notícias de Aveiro - Unipessoal, Lda",Aveiro,Diária,ERC,3
MED-PT-1293,Notícias de Barroselas - Jornal da Região do Neiva e do Lima,PT,Portugal,pt,PRESSE,PQR/PQD (Quotidiens régionaux),Actualités-Infos Générales,Régionale/Départementale,https://www.noticiasde.barroselas.net,Vítor Manuel Santos Diegues,Barroselas,Mensal,ERC,3
MED-PT-1294,Noticias de Barroso,PT,Portugal,pt,PRESSE,Médias régionaux (hors PQR),Actualités-Infos Générales,Régionale/Départementale,,José António Carvalho de Moura,Montalegre,Quinzenal,ERC,3
MED-PT-1295,Notícias de Beja,PT,Portugal,pt,WEB,Médias associatifs,Social-Société,Régionale/Départementale,https://noticiasdebeja.com,Diocese de Beja,Beja,Semanal,ERC,3
MED-PT-1296,Notícias De Cá e De Lá,PT,Portugal,pt,WEB,Médias régionaux (hors PQR),Actualités-Infos Générales,Régionale/Départementale,https://nclnoticias.webnode.pt,Carlos Alberto Correia Cardoso,Almada,Semanal,ERC,3
MED-PT-1297,Notícias de Cascais,PT,Portugal,pt,PRESSE,Médias régionaux (hors PQR),Actualités-Infos Générales,Régionale/Départementale,https://issuu.com/merito_da_palavra,"Mérito da Palavra, Unipessoal, Lda.",Mem Martins,Mensal,ERC,3
MED-PT-1298,Notícias de Castelo de Vide,PT,Portugal,pt,WEB,Blogs,Actualités-Infos Générales,Régionale/Départementale,https://www.noticiasdecastelodevide.blogspot.com,Grupo de Amigos de Castelo de Vide,Castelo de Vide,Diária,ERC,3
MED-PT-1299,Notícias de Castro Daire,PT,Portugal,pt,PRESSE,Médias régionaux (hors PQR),Actualités-Infos Générales,Régionale/Départementale,,"Infordaire - Edições Gráficas, Lda.",Castro Daire,Quinzenal,ERC,3
MED-PT-1300,Notícias de Coimbra,PT,Portugal,pt,WEB,Médias régionaux (hors PQR),Actualités-Infos Générales,Régionale/Départementale,https://www.noticiasdecoimbra.pt,"Sociedade Fechada, Lda.",Coimbra,Diária,ERC,3
MED-PT-1301,Notícias de Colmeias,PT,Portugal,pt,PRESSE,Médias régionaux (hors PQR),Actualités-Infos Générales,Régionale/Départementale,,"Inforletra - Edição e Publicação de Jornais, Lda.",Valongo,Mensal,ERC,3
MED-PT-1302,Notícias de Coura,PT,Portugal,pt,PRESSE,Médias régionaux (hors PQR),Actualités-Infos Générales,Régionale/Départementale,https://www.noticiasdecoura.com,"Azevinho - Cooperativa Promoção Cultural de Paredes de Coura, C.R.L.",Paredes de Coura,Quinzenal,ERC,3
MED-PT-1303,Notícias de Fafe,PT,Portugal,pt,PRESSE,Médias régionaux (hors PQR),Actualités-Infos Générales,Régionale/Départementale,https://www.noticiasdefafe.pt,"Notifafe - Comunicação, Lda.",Fafe,Semanal,ERC,3
MED-PT-1304,Notícias de Famalicão,PT,Portugal,pt,WEB,Médias régionaux (hors PQR),Actualités-Infos Générales,Régionale/Départementale,https://www.noticiasdefamalicao.pt,"Argumento Especial, Unipessoal, Lda.",Vila Nova de Famalicão,Diária,ERC,3
MED-PT-1305,Noticias de Fatima,PT,Portugal,pt,PRESSE,Médias régionaux (hors PQR),Actualités-Infos Générales,Régionale/Départementale,https://www.noticiasdefatima.pt,"Noticias de Fatima, Lda.",Fátima,Quinzenal,ERC,3
MED-PT-1306,Noticias de Freixo de Numão,PT,Portugal,pt,PRESSE,Médias régionaux (hors PQR),Actualités-Infos Générales,Régionale/Départementale,,Associação Cultural Desportiva e Recreativa de Freixo de Numão,Freixo de Numão,Bimestral,ERC,3
MED-PT-1307,Noticias de Gouveia,PT,Portugal,pt,PRESSE,Médias régionaux (hors PQR),Actualités-Infos Générales,Régionale/Départementale,https://www.noticiasdegouveia.pt,Associação de Beneficiência Popular de Gouveia,Gouveia,Trimensal,ERC,3
MED-PT-1308,Noticias de Lafões,PT,Portugal,pt,PRESSE,Médias régionaux (hors PQR),Actualités-Infos Générales,Régionale/Départementale,,"Divervouga - Diversoes do Vouga, Lda.",São Pedro do Sul,Quinzenal,ERC,3
MED-PT-1309,Notícias de Oeiras,PT,Portugal,pt,PRESSE,Médias régionaux (hors PQR),Actualités-Infos Générales,Régionale/Départementale,https://www.noticias-oeiras.pt,"Mérito da Palavra, Unipessoal, Lda.",Mem Martins,Mensal,ERC,3
MED-PT-1310,Notícias de Ourém,PT,Portugal,pt,PRESSE,Médias régionaux (hors PQR),Actualités-Infos Générales,Régionale/Départementale,https://www.noticiasdeourem.pt,"Normedia - Comunicação, Lda.",Ourém,Semanal,ERC,3
MED-PT-1311,Notícias de Resende,PT,Portugal,pt,PRESSE,Médias régionaux (hors PQR),Actualités-Infos Générales,Régionale/Départementale,,Cármina Manuela Vieira Fonseca,Lamego,Mensal,ERC,3
MED-PT-1312,Notícias de S. Bráz,PT,Portugal,pt,PRESSE,Médias régionaux (hors PQR),Actualités-Infos Générales,Régionale/Départementale,https://www.jornalregional.com,Joaquim Manuel Dias,São Brás de Alportel,Mensal,ERC,3
MED-PT-1313,Noticias de Tábua,PT,Portugal,pt,PRESSE,Médias régionaux (hors PQR),Actualités-Infos Générales,Régionale/Départementale,https://noticiasdetabua.sapo.pt,"Olitexto - Sociedade Editora e Audiovisuais, Lda.",Oliveira do Hospital,Mensal,ERC,3
MED-PT-1314,Notícias de Viana,PT,Portugal,pt,PRESSE,Médias régionaux (hors PQR),Actualités-Infos Générales,Régionale/Départementale,https://www.noticiasdeviana.pt,Diocese de Viana do Castelo,Viana do Castelo,Mensal,ERC,3
MED-PT-1315,Notícias de Vieira,PT,Portugal,pt,WEB,Médias régionaux (hors PQR),Actualités-Infos Générales,Régionale/Départementale,https://www.noticiasdevieira.pt,Associação Dinamizadora dos Interesses de Vieira,Vieira do Minho,Quinzenal,ERC,3
MED-PT-1316,Notícias de Vila Real,PT,Portugal,pt,PRESSE,Médias régionaux (hors PQR),Actualités-Infos Générales,Régionale/Départementale,https://www.noticiasvr.com,"Maronesa - Comunicação Social, Lda.",Vila Real,Quadrimensal,ERC,3
MED-PT-1317,Notícias de Vouzela,PT,Portugal,pt,PRESSE,Médias régionaux (hors PQR),Actualités-Infos Générales,Régionale/Départementale,https://www.noticiasdevouzela.pt,"Sociedade Editora Lafonense, Lda.",Vouzela,Semanal,ERC,3
MED-PT-1318,Notícias Diáspora,PT,Portugal,pt,WEB,Médias régionaux (hors PQR),Actualités-Infos Générales,Régionale/Départementale,https://www.noticiasdiaspora.pt,"Notícias da Diáspora - Serviços Globais, Unipessoal, Lda.",Funchal,Semanal,ERC,3
MED-PT-1319,Notícias do Arrabal,PT,Portugal,pt,PRESSE,Médias régionaux (hors PQR),Actualités-Infos Générales,Régionale/Départementale,,Rancho Folclórico do Freixial,Freixial,Mensal,ERC,3
MED-PT-1320,Notícias do Berço,PT,Portugal,pt,WEB,Médias régionaux (hors PQR),Actualités-Infos Générales,Régionale/Départementale,https://www.noticiasdoberco.pt,Vítor Jorge Guimarães de Oliveira,Guimarães,Diária,ERC,3
MED-PT-1321,Noticias do Douro,PT,Portugal,pt,PRESSE,Médias régionaux (hors PQR),Actualités-Infos Générales,Régionale/Départementale,http://www.noticiasdodouro.pt,"Dodouro Press/Net, Lda.",Peso da Régua,Semanal,ERC,3
MED-PT-1322,Notícias do Mar,PT,Portugal,pt,PRESSE,Médias régionaux (hors PQR),Actualités-Infos Générales,Régionale/Départementale,https://pt.wikipedia.org/wiki/Not%C3%ADcias_do_Mar,,,,WIKIPEDIA,3
MED-PT-1323,Notícias do Paiva,PT,Portugal,pt,PRESSE,Médias régionaux (hors PQR),Actualités-Infos Générales,Régionale/Départementale,,Fernando José de Carvalho Bonito,Vila Nova de Paiva,Mensal,ERC,3
MED-PT-1324,Notícias do Parque,PT,Portugal,pt,PRESSE,Médias régionaux (hors PQR),Actualités-Infos Générales,Régionale/Départementale,https://www.noticiasdoparque.com,"Central Park - Produção de Texto e Imagem, Lda.",Lisboa,Bimestral,ERC,3
MED-PT-1325,Notícias dos Arcos,PT,Portugal,pt,PRESSE,Médias régionaux (hors PQR),Actualités-Infos Générales,Régionale/Départementale,https://www.noticiasdosarcos.com,"Jornalgraf, Edições, Lda",Arcos de Valdevez,Quinzenal,ERC,3
MED-PT-1326,Notícias dos Homens,PT,Portugal,pt,PRESSE,Médias spécialisés grand public,Actualités-Infos Générales,Nationale,,Fernando Tavares de Oliveira,Póvoa de Varzim,Anual,ERC,3
MED-PT-1327,Notícias do Sorraia.pt,PT,Portugal,pt,WEB,Médias régionaux (hors PQR),Actualités-Infos Générales,Régionale/Départementale,https://www.noticiasdosorraia.pt,João Dinis Nunes Leal,Coruche,Diária,ERC,3
MED-PT-1328,Notícias do Tâmega,PT,Portugal,pt,PRESSE,Médias régionaux (hors PQR),Actualités-Infos Générales,Régionale/Départementale,https://www.noticiasdotamega.com,"ERA - Emissora Regional de Amarante, Lda.",Amarante,Mensal,ERC,3
MED-PT-1329,Notícias em Direto,PT,Portugal,pt,WEB,Médias d'information générale (hors PQN),Actualités-Infos Générales,Nationale,https://www.noticiasemdireto.pt,"Gritar ao Mundo, Lda",Caldas da Rainha,Diária,ERC,3
MED-PT-1330,Noticias LX,PT,Portugal,pt,WEB,Médias régionaux (hors PQR),Actualités-Infos Générales,Régionale/Départementale,https://NoticiasLx.pt,António Luís Guedes Tavares,Santo António dos Cavaleiros,Diária,ERC,3
MED-PT-1331,Notícias Maia,PT,Portugal,pt,WEB,Médias régionaux (hors PQR),Actualités-Infos Générales,Régionale/Départementale,https://www.noticiasmaia.com,"Espadas & Dragões, Lda.",Maia,Diária,ERC,3
MED-PT-1332,Notícias Online,PT,Portugal,pt,WEB,Médias d'information générale (hors PQN),Actualités-Infos Générales,Nationale,https://www.noticiasonline.eu,Jacinto José Carolino Furtado e Luísa Margarida Ferreira da Silva,Queluz,Mensal,ERC,3
MED-PT-1333,Notícias Primeira Mão,PT,Portugal,pt,WEB,Médias régionaux (hors PQR),Actualités-Infos Générales,Régionale/Départementale,https://www.noticiasprimeiramao.pt,Acácio Martins Marinho,Maia,Diária,ERC,3
MED-PT-1334,Notícias que Contam,PT,Portugal,pt,PRESSE,Médias régionaux (hors PQR),Actualités-Infos Générales,Régionale/Départementale,http://www.noticiasquecontam.pt,"Narrativa Frequente Unipessoal, Lda.",Lagoa,Mensal,ERC,3
MED-PT-1335,Notícias Terras de Sol,PT,Portugal,pt,PRESSE,Médias régionaux (hors PQR),Actualités-Infos Générales,Régionale/Départementale,http://www.terrasdesol.pt,João Alberto Catalão Garrido Ferreira,Amareleja,Trimestral,ERC,3
MED-PT-1336,Notícias TV,PT,Portugal,pt,WEB,Médias spécialisés grand public,Actualités-Infos Générales,Nationale,https://www.n-tv.pt,"Notícias Ilimitadas, S.A.",Porto,Semanal,ERC,3
MED-PT-1337,Nova360,PT,Portugal,pt,WEB,Médias d'information générale (hors PQN),Actualités-Infos Générales,Nationale,http://www.nova360.pt,Henrique Manuel Dias Freire,Vale do Carangueijo,Diária,ERC,3
MED-PT-1338,Nova Cidadania,PT,Portugal,pt,PRESSE,Médias régionaux (hors PQR),Actualités-Infos Générales,Régionale/Départementale,https://www.novacidadania.pt,Universidade Católica Portuguesa,Lisboa,Quadrimestral,ERC,3
MED-PT-1339,Nova Costa de Oiro,PT,Portugal,pt,WEB,Médias régionaux (hors PQR),Actualités-Infos Générales,Régionale/Départementale,https://correiodelagos.com/revista-costa-oiro,"JL Unipessoal, Lda.",Lagos,Mensal,ERC,3
MED-PT-1340,Nova Gazeta,PT,Portugal,pt,WEB,Médias spécialisés grand public,Actualités-Infos Générales,Nationale,http://www.novagazeta.pt,Isabel Alexandra Lourenço de Almeida,Samouco,Diária,ERC,3
MED-PT-1341,Novas de Alegria,PT,Portugal,pt,PRESSE,Médias associatifs,Social-Société,Nationale,https://assinaturascapu.com/pt/produtos/novas-de-alegria,Assembleia de Deus Pentecostal,Lisboa,Mensal,ERC,3
MED-PT-1342,Nove3cinco,PT,Portugal,pt,RADIO,Radios Régionales,Actualités-Infos Générales,Régionale/Départementale,,"Castelo de Lanhoso 2, Comunicação Social,  Lda",Póvoa de Lanhoso,Continu,ERC,3
MED-PT-1343,Novo Burladero,PT,Portugal,pt,PRESSE,Médias spécialisés grand public,Actualités-Infos Générales,Nationale,,Joao Paulo da Silva Queiroz Soares,Merendeiro,Mensal,ERC,3
MED-PT-1344,NovoPerfil,PT,Portugal,pt,PRESSE,Médias spécialisés grand public,Actualités-Infos Générales,Nationale,https://www.novoperfil.pt,"Induglobal, Unipessoal, Lda.",Lisboa,6 x ano,ERC,3
MED-PT-1345,Novum Canal,PT,Portugal,pt,WEB,Médias régionaux (hors PQR),Actualités-Infos Générales,Régionale/Départementale,https://www.novumcanal.pt,"Vozes da Ribalta, Unipessoal Lda.",Paredes,Diária,ERC,3
MED-PT-1346,Novum Jornal,PT,Portugal,pt,PRESSE,PQR/PQD (Quotidiens régionaux),Actualités-Infos Générales,Régionale/Départementale,http://www.novumcanal.pt,"Crepúsculobservador, Lda.",Paredes,Quinzenal,ERC,3
MED-PT-1347,NRP - Nova Rádio Portugal,PT,Portugal,pt,RADIO,Radios Web/Podcasts,Actualités-Infos Générales,Régionale/Départementale,https://www.novaradioportugal.pt,Tiago Miguel Alves Xavier,Paço de Arcos,Continu,ERC,3
MED-PT-1348,Ntech.news,PT,Portugal,pt,WEB,Médias spécialisés grand public,Informatique-Télécommunications,Nationale,https://www.ntech.news,Luísa Maria do Carmo Dâmaso,Póvoa de Santa Iria,Semanal,ERC,3
MED-PT-1349,O Alcoa,PT,Portugal,pt,PRESSE,Médias régionaux (hors PQR),Actualités-Infos Générales,Régionale/Départementale,https://www.oalcoa.com,Fábrica da Igreja Paroquial do Santíssimo Sacramento de Alcobaça,Alcobaça,Quinzenal,ERC,3
MED-PT-1350,O ALentejo,PT,Portugal,pt,WEB,Médias régionaux (hors PQR),Actualités-Infos Générales,Régionale/Départementale,https://oalentejo.pt,Pedro Miguel Borreicho Andrade,Pavia,Diária,ERC,3
MED-PT-1351,O Algarve,PT,Portugal,pt,PRESSE,Médias régionaux (hors PQR),Actualités-Infos Générales,Régionale/Départementale,https://pt.wikipedia.org/wiki/O_Algarve_%28seman%C3%A1rio%29,,,,WIKIPEDIA,3
MED-PT-1352,O Algarve.pt Económico,PT,Portugal,pt,WEB,Médias d'information générale (hors PQN),Actualités-Infos Générales,Nationale,https://www.oalgarve.pt,Associação do Comércio e Serviços da Região do Algarve - ACRAL,Faro,Diária,ERC,3
MED-PT-1353,O Almeirinense,PT,Portugal,pt,PRESSE,Médias régionaux (hors PQR),Actualités-Infos Générales,Régionale/Départementale,https://www.almeirinense.com,Santa Casa da Misericórdia de Almeirim,Almeirim,Quinzenal,ERC,3
MED-PT-1354,O Alvaiazerense,PT,Portugal,pt,PRESSE,Médias régionaux (hors PQR),Actualités-Infos Générales,Régionale/Départementale,https://www.oalvaiazerense.com.pt,Casa do Concelho de Alvaiázere,Alvaiázere,Mensal,ERC,3
MED-PT-1355,O Amarense,PT,Portugal,pt,PRESSE,Médias régionaux (hors PQR),Actualités-Infos Générales,Régionale/Départementale,https://www.oamarense.pt,"Publineiva, Unipessoal Lda.",Vila Verde,Mensal,ERC,3
MED-PT-1356,O Amigo do Povo,PT,Portugal,pt,PRESSE,Médias associatifs,Social-Société,Régionale/Départementale,,Seminário Maior da Sagrada Família de Coimbra,Coimbra,Semanal,ERC,3
MED-PT-1357,O Angrense,PT,Portugal,pt,PRESSE,Médias régionaux (hors PQR),Actualités-Infos Générales,Régionale/Départementale,https://pt.wikipedia.org/wiki/O_Angrense,,,,WIKIPEDIA,3
MED-PT-1358,O António Maria,PT,Portugal,pt,PRESSE,Médias régionaux (hors PQR),Actualités-Infos Générales,Régionale/Départementale,https://pt.wikipedia.org/wiki/O_Ant%C3%B3nio_Maria,,,,WIKIPEDIA,3
MED-PT-1359,O Arrais,PT,Portugal,pt,PRESSE,Médias régionaux (hors PQR),Actualités-Infos Générales,Régionale/Départementale,,"Figueiredo, Correia & Monteiro, Lda",Peso da Régua,Mensal,ERC,3
MED-PT-1360,O Atleta,PT,Portugal,pt,WEB,Médias spécialisés grand public,Actualités-Infos Générales,Nationale,https://www.oatleta.pt,"Gôndola D'Ideias, Lda.",Braga,Diária,ERC,3
MED-PT-1361,O Baluarte de Santa Maria,PT,Portugal,pt,PRESSE,Médias régionaux (hors PQR),Actualités-Infos Générales,Régionale/Départementale,https://pt.wikipedia.org/wiki/O_Baluarte_de_Santa_Maria,,,,WIKIPEDIA,3
MED-PT-1362,O Basto,PT,Portugal,pt,PRESSE,Médias régionaux (hors PQR),Actualités-Infos Générales,Régionale/Départementale,,Ad Basto - Associação de Desenvolvimento Técnico Profissional das Terras de Basto,Refojos de Basto,Mensal,ERC,3
MED-PT-1363,O Benfica,PT,Portugal,pt,PRESSE,Médias spécialisés grand public,Actualités-Infos Générales,Nationale,https://www.slbenfica.pt,Sport Lisboa e Benfica,Lisboa,Semanal,ERC,3
MED-PT-1364,O Binóculo,PT,Portugal,pt,PRESSE,Médias régionaux (hors PQR),Actualités-Infos Générales,Régionale/Départementale,https://pt.wikipedia.org/wiki/O_Bin%C3%B3culo,,,,WIKIPEDIA,3
MED-PT-1365,Objectivo,PT,Portugal,pt,WEB,Médias d'information générale (hors PQN),Actualités-Infos Générales,Nationale,https://www.objectivo.pt,Paulo Jorge Bravo Gaião,Lisboa,Semanal,ERC,3
MED-PT-1366,O Breves,PT,Portugal,pt,PRESSE,Médias régionaux (hors PQR),Actualités-Infos Générales,Régionale/Départementale,,Associação de Amigos para a Divulgação das Tradições da Ilha de S. Jorge,Velas,Semanal,ERC,3
MED-PT-1367,Observador 88.1,PT,Portugal,pt,RADIO,Radios Régionales,Actualités-Infos Générales,Régionale/Départementale,,"Baobad - Comunicações e Publicações, S.A.",Maia,Continu,ERC,3
MED-PT-1368,Observador 92.6,PT,Portugal,pt,RADIO,Radios Régionales,Actualités-Infos Générales,Régionale/Départementale,,"Rádio Maior - Publicidade e Comunicação, Lda.",Rio Maior,Continu,ERC,3
MED-PT-1369,Observador 98.4,PT,Portugal,pt,RADIO,Radios Régionales,Actualités-Infos Générales,Régionale/Départementale,,"RFA - Rádio Foz do Ave, Lda",Maia,Continu,ERC,3
MED-PT-1370,Observador - Especial Aniversário,PT,Portugal,pt,PRESSE,Médias spécialisés grand public,Actualités-Infos Générales,Nationale,,"Observador on Time, S.A.",Lisboa,Anual,ERC,3
MED-PT-1371,Observador Lifestyle,PT,Portugal,pt,PRESSE,Médias spécialisés grand public,Lifestyle,Nationale,https://www.510.pt,"Observador on Time, S.A.",Lisboa,4 x ano,ERC,3
MED-PT-1372,(OBS*) Observatório,PT,Portugal,pt,WEB,Médias spécialisés grand public,Actualités-Infos Générales,Nationale,http://obs.obercom.pt/index.php/obs,Obercom - Observatório da Comunicação,Lisboa,Trimestral,ERC,3
MED-PT-1373,O Caminhense,PT,Portugal,pt,PRESSE,Médias régionaux (hors PQR),Actualités-Infos Générales,Régionale/Départementale,https://www.jornalc.pt,Herdeiros de António José Guerreiro Cepa,Caminha,Mensal,ERC,3
MED-PT-1374,O Carrilhão,PT,Portugal,pt,PRESSE,Médias régionaux (hors PQR),Actualités-Infos Générales,Régionale/Départementale,http://jornalocarrilhao.com,Associação de Cultura e Informação Regional de Mafra,Mafra,Quinzenal,ERC,3
MED-PT-1375,O Casapiano,PT,Portugal,pt,PRESSE,Médias régionaux (hors PQR),Maison-Décoration,Régionale/Départementale,https://www.casapia-ac.pt.,Casa Pia Atlético Clube (Ateneu Casapiano),Lisboa,Mensal,ERC,3
MED-PT-1376,O Cascalense Noticias do Concelho de Cascais,PT,Portugal,pt,WEB,Médias régionaux (hors PQR),Actualités-Infos Générales,Régionale/Départementale,http://www.cascalense.pt,Guilherme Alves Martins Fafaiol,Parede,Semanal,ERC,3
MED-PT-1377,Ocasião,PT,Portugal,pt,PRESSE,Médias régionaux (hors PQR),Actualités-Infos Générales,Régionale/Départementale,https://pt.wikipedia.org/wiki/Ocasi%C3%A3o,,,,WIKIPEDIA,3
MED-PT-1378,O Centro Digital - Notícias Online,PT,Portugal,pt,WEB,Médias régionaux (hors PQR),Actualités-Infos Générales,Régionale/Départementale,http://www.ocentrodigital.pt,"Desenhos Criativos, Unipessoal Lda.",Paredinha,Semanal,ERC,3
MED-PT-1379,O Cidadão,PT,Portugal,pt,WEB,Médias d'information générale (hors PQN),Actualités-Infos Générales,Nationale,https://www.ocidadao.pt,"Pluralidades - Edição, Comunicação e Multimédia, CRL",Vila Nova de Gaia,Diária,ERC,3
MED-PT-1380,O Comércio da Póvoa de Varzim,PT,Portugal,pt,PRESSE,Médias régionaux (hors PQR),Actualités-Infos Générales,Régionale/Départementale,https://pt.wikipedia.org/wiki/O_Com%C3%A9rcio_da_P%C3%B3voa_de_Varzim,,,,WIKIPEDIA,3
MED-PT-1381,O Comércio de Baião,PT,Portugal,pt,PRESSE,Médias régionaux (hors PQR),Actualités-Infos Générales,Régionale/Départementale,https://www.ocomerciodebaiao.pt,"Baiarte - Publicacoes e Artes Graficas, Lda.",Baião,Quinzenal,ERC,3
MED-PT-1382,O Comércio de Guimarães,PT,Portugal,pt,PRESSE,Médias régionaux (hors PQR),Actualités-Infos Générales,Régionale/Départementale,https://www.guimaraesdigital.pt/index.php/grupo-santiago/o-comercio-de-guimaraes/edicao-da-semana,"Guimapress, SA",Guimarães,Semanal,ERC,3
MED-PT-1383,O Concelho da Murtosa,PT,Portugal,pt,PRESSE,Médias régionaux (hors PQR),Actualités-Infos Générales,Régionale/Départementale,https://www.jornalcmurtosa,"Ferreira Primo - Sociedade Unipessoal, Lda.",Murtosa,Mensal,ERC,3
MED-PT-1384,O Concelho de Estarreja,PT,Portugal,pt,PRESSE,Médias régionaux (hors PQR),Actualités-Infos Générales,Régionale/Départementale,https://www.oconcelhodeestarreja.com,"Domingas Cândida de Matos e Sousa Mota, Herdeiros",Pardilhó,Mensal,ERC,3
MED-PT-1385,O Concelho de Vila Velha de Rodão,PT,Portugal,pt,PRESSE,Médias d'information générale (hors PQN),Actualités-Infos Générales,Nationale,,Casa do Concelho de Vila Velha de Rodão,Lisboa,Mensal,ERC,3
MED-PT-1386,O Conquistador,PT,Portugal,pt,PRESSE,Médias régionaux (hors PQR),Actualités-Infos Générales,Régionale/Départementale,,Fábrica da Igreja Paroquial de Nossa Senhora da Oliveira,Guimarães,Mensal,ERC,3
MED-PT-1387,O Correio,PT,Portugal,pt,PRESSE,Médias régionaux (hors PQR),Actualités-Infos Générales,Régionale/Départementale,https://pt.wikipedia.org/wiki/O_Correio_%28Porto%29,,,,WIKIPEDIA,3
MED-PT-1388,O Correio da Linha,PT,Portugal,pt,PRESSE,Médias régionaux (hors PQR),Actualités-Infos Générales,Régionale/Départementale,https://www.ocorreiodalinha.pt,"Vaga Litoral - Publicações e Edições, Lda.",Oeiras,Mensal,ERC,3
MED-PT-1389,Odemira em Notícia,PT,Portugal,pt,PRESSE,Médias régionaux (hors PQR),Actualités-Infos Générales,Régionale/Départementale,,Município de Odemira,Odemira,Trimestral,ERC,3
MED-PT-1390,Odesporto.pt,PT,Portugal,pt,WEB,Médias spécialisés grand public,Sports,Nationale,https://www.odesporto.pt,José Augusto da Silva Santos Moreira,Castelo de Paiva,Semanal,ERC,3
MED-PT-1391,O Dever,PT,Portugal,pt,PRESSE,Médias régionaux (hors PQR),Actualités-Infos Générales,Régionale/Départementale,https://pt.wikipedia.org/wiki/O_Dever,,,,WIKIPEDIA,3
MED-PT-1392,O Diabo,PT,Portugal,pt,PRESSE,Médias spécialisés grand public,Actualités-Infos Générales,Nationale,https://www.jornaldiabo.com,"Pixeldecimal, Unipessoal Lda.",Lisboa,Semanal,ERC,3
MED-PT-1393,O Diabo Veste Prada,PT,Portugal,pt,PRESSE,Médias d'information générale (hors PQN),Actualités-Infos Générales,Nationale,https://pt.wikipedia.org/wiki/O_Diabo_Veste_Prada_%28livro%29,,,,WIKIPEDIA,3
MED-PT-1394,O Diabo Veste Prada 2,PT,Portugal,pt,PRESSE,Médias d'information générale (hors PQN),Actualités-Infos Générales,Nationale,https://pt.wikipedia.org/wiki/O_Diabo_Veste_Prada_2,,,,WIKIPEDIA,3
MED-PT-1395,O Digital,PT,Portugal,pt,WEB,Médias régionaux (hors PQR),Actualités-Infos Générales,Régionale/Départementale,https://www.odigital.pt,"Calado Comunicação, Unipessoal, Lda.",Vila Viçosa,Diária,ERC,3
MED-PT-1396,O Direito,PT,Portugal,pt,WEB,Médias professionnels,Droit,Nationale,https://www.cidp.pt/publicacoes/revistas/o-direito/243/248/1/12,Instituto de Direito Privado - IDP e Instituto de Ciências Juridico-Políticas da Faculdade de Direi,Lisboa,Trimestral,ERC,3
MED-PT-1397,Odisseia,PT,Portugal,pt,TV,TV Grandes Chaînes,Actualités-Infos Générales,Nationale,https://en.wikipedia.org/wiki/Odisseia,,,,WIKIPEDIA,3
MED-PT-1398,OdivelasHoje,PT,Portugal,pt,WEB,Médias régionaux (hors PQR),Actualités-Infos Générales,Régionale/Départementale,https://www.odivelashoje.pt,Paulo Alexandre Lopes Ferreira,Cascais,Diária,ERC,3
MED-PT-1399,O Economista,PT,Portugal,pt,PRESSE,Médias professionnels,Economie - Services,Nationale,https://www.cadernoseconomia.pt,"Polimeios - Produção de Meios, Lda.",Lisboa,Anual,ERC,3
MED-PT-1400,O Electricista,PT,Portugal,pt,PRESSE,Médias spécialisés grand public,Actualités-Infos Générales,Nationale,https://www.oelectricista.pt,"Publindústria - Produção de Comunicação, Lda",Porto,Trimestral,ERC,3
MED-PT-1401,O Ericeira,PT,Portugal,pt,PRESSE,Médias régionaux (hors PQR),Actualités-Infos Générales,Régionale/Départementale,,Pretendalcançar - Associação Imprensa Regional,Ericeira,Mensal,ERC,3
MED-PT-1402,O Escalhonense,PT,Portugal,pt,PRESSE,Médias régionaux (hors PQR),Actualités-Infos Générales,Régionale/Départementale,https://o-escalhonense.webflow.io,Artur Correia Gonçalves,Escalhão,Mensal,ERC,3
MED-PT-1403,O Escanção,PT,Portugal,pt,WEB,Médias spécialisés grand public,Actualités-Infos Générales,Nationale,https://www.escancao.com,Associação dos Escanções de Portugal,Lisboa,Bimestral,ERC,3
MED-PT-1404,OffRoad Moto,PT,Portugal,pt,WEB,Médias spécialisés grand public,Auto-Moto-Cyclo,Nationale,https://offroadmoto.motosport.com.pt,"Editorial Grupo V - Portugal, Lda",Covas,Diária,ERC,3
MED-PT-1405,O Figueirense,PT,Portugal,pt,PRESSE,Médias régionaux (hors PQR),Actualités-Infos Générales,Régionale/Départementale,https://www.ofigueirense.com,"Fozcom - Produção e Comunicação Multimédia, S.A.",Figueira da Foz,Mensal,ERC,3
MED-PT-1406,O Foguete,PT,Portugal,pt,PRESSE,Médias d'information générale (hors PQN),Actualités-Infos Générales,Nationale,https://pt.wikipedia.org/wiki/O_Foguete,,,,WIKIPEDIA,3
MED-PT-1407,O Forjanense,PT,Portugal,pt,PRESSE,Médias régionaux (hors PQR),Actualités-Infos Générales,Régionale/Départementale,,"Associação Social, Cultural, Artística e Recreativa de Forjães - ACARF",Igreja,Mensal,ERC,3
MED-PT-1408,Oftalpro,PT,Portugal,pt,PRESSE,Médias spécialisés grand public,Actualités-Infos Générales,Nationale,https://www.oftalpro.pt,"Editora Codigopro - Edição de Publicações Periódicas Unipessoal, Lda",Porto,Trimestral,ERC,3
MED-PT-1409,O Gafanhoto,PT,Portugal,pt,PRESSE,Médias d'information générale (hors PQN),Actualités-Infos Générales,Nationale,https://pt.wikipedia.org/wiki/O_Gafanhoto,,,,WIKIPEDIA,3
MED-PT-1410,O Gaiato,PT,Portugal,pt,PRESSE,Médias régionaux (hors PQR),Actualités-Infos Générales,Régionale/Départementale,,Obra da Rua ou Obra do Padre Américo,Paço de Sousa,Quinzenal,ERC,3
MED-PT-1411,O Gaiense,PT,Portugal,pt,PRESSE,Médias régionaux (hors PQR),Actualités-Infos Générales,Régionale/Départementale,https://www.ogaiense.pt,"O Gaiense - Comunicação e Eventos, Unipessoal, Lda",Vila Nova de Gaia,Semanal,ERC,3
MED-PT-1412,O Gira-Volei,PT,Portugal,pt,WEB,Médias spécialisés grand public,Actualités-Infos Générales,Nationale,https://www.giravolei.com,Federação Portuguesa de Voleibol,Porto,Trimestral,ERC,3
MED-PT-1413,O IAC em Notícia,PT,Portugal,pt,WEB,Médias spécialisés grand public,Actualités-Infos Générales,Nationale,https://iacrianca.pt,Instituto de Apoio à Criança - IAC,Lisboa,Mensal,ERC,3
MED-PT-1414,O Ideário Patrimonial,PT,Portugal,pt,WEB,Médias spécialisés grand public,Actualités-Infos Générales,Nationale,https://www.cta.ipt.pt,Instituto Politécnico de Tomar,Tomar,Semestral,ERC,3
MED-PT-1415,O Ilhavense,PT,Portugal,pt,PRESSE,Médias régionaux (hors PQR),Actualités-Infos Générales,Régionale/Départementale,http://oilhavense.com/jornal-online,"Telecal - Empresa Jornalistica, Lda.",Ílhavo,Quinzenal,ERC,3
MED-PT-1416,O Independente,PT,Portugal,pt,PRESSE,Médias régionaux (hors PQR),Actualités-Infos Générales,Régionale/Départementale,https://en.wikipedia.org/wiki/O_Independente,,,,WIKIPEDIA,3
MED-PT-1417,O Influente,PT,Portugal,pt,WEB,Médias d'information générale (hors PQN),Actualités-Infos Générales,Nationale,http://www.oinfluente.pt,Ricardo Daniel Martins Costa,Braga,Diária,ERC,3
MED-PT-1418,O Informador Fiscal,PT,Portugal,pt,WEB,Médias spécialisés grand public,Actualités-Infos Générales,Nationale,https://informador.pt,"O Informador Fiscal (OIF) - Edições Técnicas, Lda.",Porto,Semanal,ERC,3
MED-PT-1419,O Instalador,PT,Portugal,pt,PRESSE,Médias spécialisés grand public,Actualités-Infos Générales,Nationale,https://www.oinstalador.com,"Induglobal, Unipessoal, Lda.",Lisboa,10 x ano,ERC,3
MED-PT-1420,O Interior,PT,Portugal,pt,PRESSE,Médias régionaux (hors PQR),Actualités-Infos Générales,Régionale/Départementale,https://www.ointerior.pt,"Jorinterior - Jornal do Interior, Lda.",Guarda,Semanal,ERC,3
MED-PT-1421,OJE - O Jornal Económico,PT,Portugal,pt,PRESSE,Médias spécialisés grand public,Actualités-Infos Générales,Nationale,https://www.jornaleconomico.pt,"Media9Par, S.A.",Porto Salvo,Semanal,ERC,3
MED-PT-1422,O Jogo,PT,Portugal,pt,PRESSE,Médias spécialisés grand public,Actualités-Infos Générales,Nationale,https://www.ojogo.pt,"Notícias Ilimitadas, S.A.",Porto,Diária,ERC,3
MED-PT-1423,O Jorgense,PT,Portugal,pt,PRESSE,Médias régionaux (hors PQR),Actualités-Infos Générales,Régionale/Départementale,https://pt.wikipedia.org/wiki/O_Jorgense,,,,WIKIPEDIA,3
MED-PT-1424,O Jornal,PT,Portugal,pt,WEB,Médias régionaux (hors PQR),Actualités-Infos Générales,Régionale/Départementale,https://www.ojornal.pt,"Presslivre - Imprensa Livre, Lda.",Torres Vedras,Semanal,ERC,3
MED-PT-1425,O Jornal da Lixa,PT,Portugal,pt,PRESSE,PQR/PQD (Quotidiens régionaux),Actualités-Infos Générales,Régionale/Départementale,https://www.ojornaldalixa.pt,Cooplixa - Cooperativa do Bordado da Lixa de Responsabilidade Limitada,Lixa,Mensal,ERC,3
MED-PT-1426,O Jornal de Amarante,PT,Portugal,pt,PRESSE,PQR/PQD (Quotidiens régionaux),Actualités-Infos Générales,Régionale/Départementale,https://www.jornaldeamarante.pt,"Publitâmega - Publicações do Tâmega, Lda.",Amarante,Mensal,ERC,3
MED-PT-1427,O Jornal Dentistry - Para Profissionais de Medicina Dentária,PT,Portugal,pt,PRESSE,Médias spécialisés grand public,Médecine,Nationale,https://www.jornaldentistry.pt,"Medianext Professional Information, Lda.",Linda a Velha,Mensal,ERC,3
MED-PT-1428,O Jornal de Vieira,PT,Portugal,pt,PRESSE,PQR/PQD (Quotidiens régionaux),Actualités-Infos Générales,Régionale/Départementale,https://www.jornaldevieira.com,Arciprestado de Vieira do Minho,Vieira do Minho,Quinzenal,ERC,3
MED-PT-1429,O Largo.,PT,Portugal,pt,WEB,Médias d'information générale (hors PQN),Actualités-Infos Générales,Nationale,https://olargo.pt,Bruno Micael Costa Fernandes,Barcelos,Mensal,ERC,3
MED-PT-1430,Oleiros Magazine,PT,Portugal,pt,PRESSE,Médias régionaux (hors PQR),Actualités-Infos Générales,Régionale/Départementale,http://www.oleirosmagazine.com/oleiros-magazine.aspx,"RVJ - Editores, Ldª",Castelo Branco,Trimestral,ERC,3
MED-PT-1431,O Leme,PT,Portugal,pt,PRESSE,Médias régionaux (hors PQR),Actualités-Infos Générales,Régionale/Départementale,https://www.jornaloleme.pt,Fábrica da Igreja Paroquial de Santa Maria,Vila Nova de Santo André,Quinzenal,ERC,3
MED-PT-1432,Olhar Brasileiro Portugal,PT,Portugal,pt,WEB,Médias spécialisés grand public,Actualités-Infos Générales,Nationale,https://www.revista.olharbrasileiro.pt,Ruy Alexandre Generoso,Braga,Mensal,ERC,3
MED-PT-1433,Olhares de Carnaxide e Queijas,PT,Portugal,pt,PRESSE,Médias régionaux (hors PQR),Actualités-Infos Générales,Régionale/Départementale,,"Avalanche de Sonhos, Unipessoal, Lda.",Lisboa,Trimestral,ERC,3
MED-PT-1434,Olhares de Lisboa.pt,PT,Portugal,pt,PRESSE,PQR/PQD (Quotidiens régionaux),Actualités-Infos Générales,Régionale/Départementale,https://www.olharesdelisboa.pt,"Avalanche de Sonhos, Unipessoal, Lda.",Lisboa,Diária,ERC,3
MED-PT-1435,Olhar Loures,PT,Portugal,pt,PRESSE,PQR/PQD (Quotidiens régionaux),Actualités-Infos Générales,Régionale/Départementale,https://olharesdelisboa.pt/loures,"Avalanche de Sonhos, Unipessoal, Lda.",Lisboa,Diária,ERC,3
MED-PT-1436,Olhar Oeiras,PT,Portugal,pt,PRESSE,PQR/PQD (Quotidiens régionaux),Actualités-Infos Générales,Régionale/Départementale,https://olharesdelisboa.pt/estatuto-editorial-olhar-oeiras,"Avalanche de Sonhos, Unipessoal, Lda.",Lisboa,Diária,ERC,3
MED-PT-1437,Olimpo,PT,Portugal,pt,PRESSE,Médias spécialisés grand public,Actualités-Infos Générales,Nationale,,Comité Olimpico de Portugal,Lisboa,Anual,ERC,3
MED-PT-1438,O Lordelense,PT,Portugal,pt,PRESSE,Médias régionaux (hors PQR),Actualités-Infos Générales,Régionale/Départementale,https://www.cidadelordelo.pt,Junta de Freguesia de Lordelo,Lordelo,Quadrimestral,ERC,3
MED-PT-1439,O Louzadense,PT,Portugal,pt,PRESSE,Médias régionaux (hors PQR),Actualités-Infos Générales,Régionale/Départementale,https://www.olouzadense.pt,"Inovlousada - Cooperativa Para o Desenvolvimento Económico, Inovação Social e Promoção Turística e Cultural do Concelho de Lousada, Crl.",Lousada,Mensal,ERC,3
MED-PT-1440,OMD - Revista da Ordem dos Médicos Dentistas,PT,Portugal,pt,PRESSE,Médias spécialisés grand public,Actualités-Infos Générales,Nationale,https://www.omd.pt,Ordem dos Médicos Dentistas,Porto,Trimestral,ERC,3
MED-PT-1441,O Metropolitano,PT,Portugal,pt,WEB,Médias d'information générale (hors PQN),Actualités-Infos Générales,Nationale,https://www.ometropolitano.pt,"Espadas & Dragões, Lda.",Maia,Quinzenal,ERC,3
MED-PT-1442,O Militante,PT,Portugal,pt,PRESSE,Médias associatifs,Social-Société,Nationale,https://www.pcp.pt,Partido Comunista Português - PCP,Lisboa,Bimestral,ERC,3
MED-PT-1443,O Minho,PT,Portugal,pt,WEB,Médias régionaux (hors PQR),Actualités-Infos Générales,Régionale/Départementale,https://ominho.pt,PDG5 Media Lda.,Braga,Diária,ERC,3
MED-PT-1444,O Mirante,PT,Portugal,pt,PRESSE,Médias régionaux (hors PQR),Actualités-Infos Générales,Régionale/Départementale,https://pt.wikipedia.org/wiki/O_Mirante,,,,WIKIPEDIA,3
MED-PT-1445,O Mirante - Semanário Regional,PT,Portugal,pt,PRESSE,Médias régionaux (hors PQR),Actualités-Infos Générales,Régionale/Départementale,,"Valedotejo - Comunicação Social, Lda.",Santarém,Semanal,ERC,3
MED-PT-1446,O Montemorense,PT,Portugal,pt,PRESSE,Médias régionaux (hors PQR),Actualités-Infos Générales,Régionale/Départementale,,Fábrica de Igreja Paroquial de Nossa Senhora da Vila de Montemor-o-Novo,Montemor-O-Novo,Mensal,ERC,3
MED-PT-1447,O Mosquito,PT,Portugal,pt,PRESSE,Médias d'information générale (hors PQN),Actualités-Infos Générales,Nationale,https://pt.wikipedia.org/wiki/O_Mosquito,,,,WIKIPEDIA,3
MED-PT-1448,O Municipal,PT,Portugal,pt,PRESSE,Médias institutionnels,Actualités-Infos Générales,Nationale,https://www.atam.pt,ATAM - Associação dos Trabalhadores da Administração Local,Santarém,Bimestral,ERC,3
MED-PT-1449,Om Yess,PT,Portugal,pt,PRESSE,Médias spécialisés grand public,Actualités-Infos Générales,Nationale,,Confederação Portuguesa / Lusa do Yoga - CONPORYO,Lisboa,Anual,ERC,3
MED-PT-1450,Onco Glam,PT,Portugal,pt,PRESSE,Médias spécialisés grand public,Actualités-Infos Générales,Nationale,https://www.oncoglam.pt,"Poesia Permanente, Unipessoal, Lda.",Charneca de Caparica,Trimestral,ERC,3
MED-PT-1451,Onda Certa Web Rádio,PT,Portugal,pt,RADIO,Radios Web/Podcasts,Actualités-Infos Générales,Régionale/Départementale,http://www.ondacertawebradio.pt,Marco Aurélio da Silva Santos,Pinheirinho,Continu,ERC,3
MED-PT-1452,Onda Nacional,PT,Portugal,pt,RADIO,Radios Web/Podcasts,Actualités-Infos Générales,Régionale/Départementale,https://www.ondanacional.com,António Domingues Maciel,Gondifelos,Continu,ERC,3
MED-PT-1453,Ondas da Serra,PT,Portugal,pt,WEB,Médias spécialisés grand public,Actualités-Infos Générales,Nationale,http://ondasdaserra.pt,Rosa Maria Leal Rodrigues,Ovar,Semestral,ERC,3
MED-PT-1454,O Norte Desportivo,PT,Portugal,pt,WEB,Médias spécialisés grand public,Sports,Nationale,http://www.onortedesportivo.pt,"Justpoetic, Lda",Portalegre,Mensal,ERC,3
MED-PT-1455,O Notícias da Trofa,PT,Portugal,pt,WEB,Médias régionaux (hors PQR),Actualités-Infos Générales,Régionale/Départementale,https://www.onoticiasdatrofa.pt,"We Do Com, Unipessoal Lda.",Santiago do Bougado,Diária,ERC,3
MED-PT-1456,O Novo Seringador,PT,Portugal,pt,PRESSE,Médias d'information générale (hors PQN),Actualités-Infos Générales,Nationale,https://www.seringador.com,Carlos Luís Teixeira,Porto,Anual,ERC,3
MED-PT-1457,O Ocidente,PT,Portugal,pt,PRESSE,Médias d'information générale (hors PQN),Actualités-Infos Générales,Nationale,https://pt.wikipedia.org/wiki/O_Ocidente,,,,WIKIPEDIA,3
MED-PT-1458,O Olhanense,PT,Portugal,pt,PRESSE,Médias régionaux (hors PQR),Actualités-Infos Générales,Régionale/Départementale,,Sporting Clube Olhanense,Olhão,Quinzenal,ERC,3
MED-PT-1459,O País,PT,Portugal,pt,PRESSE,Médias régionaux (hors PQR),Actualités-Infos Générales,Régionale/Départementale,https://pt.wikipedia.org/wiki/O_Pa%C3%ADs_%28Portugal%29,,,,WIKIPEDIA,3
MED-PT-1460,O Papagaio,PT,Portugal,pt,PRESSE,Médias d'information générale (hors PQN),Actualités-Infos Générales,Nationale,https://pt.wikipedia.org/wiki/O_Papagaio,,,,WIKIPEDIA,3
MED-PT-1461,Opção,PT,Portugal,pt,PRESSE,Médias d'information générale (hors PQN),Actualités-Infos Générales,Nationale,,"Mil - Mais Visão Pela Imprensa Livre, Lda.",Lisboa,Semanal,ERC,3
MED-PT-1462,O Penafidelense,PT,Portugal,pt,PRESSE,Médias régionaux (hors PQR),Actualités-Infos Générales,Régionale/Départementale,,Hugo Miguel Costa da Veiga Ferreira,Penafiel,Quinzenal,ERC,3
MED-PT-1463,O Penalvense,PT,Portugal,pt,PRESSE,Médias régionaux (hors PQR),Actualités-Infos Générales,Régionale/Départementale,,Fábrica da Igreja Paroquial de Ínsua,Penalva do Castelo,Mensal,ERC,3
MED-PT-1464,Opinião Pública,PT,Portugal,pt,WEB,Médias régionaux (hors PQR),Actualités-Infos Générales,Régionale/Départementale,https://www.opiniaopublica.pt,"Editave Multimédia, Lda.",Vila Nova de Famalicão,Diária,ERC,3
MED-PT-1465,O Pombal,PT,Portugal,pt,PRESSE,Médias régionaux (hors PQR),Actualités-Infos Générales,Régionale/Départementale,https://www.arcpa.pt,Associação Recreativa e Cultural de Pombal de Ansiães,Pombal,Mensal,ERC,3
MED-PT-1466,O Popular de Soure,PT,Portugal,pt,PRESSE,Médias régionaux (hors PQR),Actualités-Infos Générales,Régionale/Départementale,https://www.radiosoure.pt,"R.P.C.S. - Soure F.M. Radiodifusão e Publicidade, Unipessoal, Lda.",Soure,Quinzenal,ERC,3
MED-PT-1467,O Portomosense,PT,Portugal,pt,PRESSE,Médias régionaux (hors PQR),Actualités-Infos Générales,Régionale/Départementale,https://www.oportomosense.pt,"CINCUP - Cooperativa de Informação e Cultura de Porto de Mós, CRL",Porto de Mós,Quinzenal,ERC,3
MED-PT-1468,O Povo de Cortegaça,PT,Portugal,pt,PRESSE,Médias régionaux (hors PQR),Actualités-Infos Générales,Régionale/Départementale,https://www.povodecortegaca.pt,"Crecor - Solidariedade Social, Cultura, Recreio e Desporto de Cortegaça",Cortegaça,Mensal,ERC,3
MED-PT-1469,O Povo Famalicense,PT,Portugal,pt,PRESSE,Médias régionaux (hors PQR),Actualités-Infos Générales,Régionale/Départementale,https://www.opovofamalicense.com,"Páginas Inesperadas, Lda.",Vila Nova de Famalicão,Semanal,ERC,3
MED-PT-1470,O Praticante.pt,PT,Portugal,pt,WEB,Médias spécialisés grand public,Actualités-Infos Générales,Nationale,https://www.opraticante.pt,David Henrique Dias da Silva,Granja,Semanal,ERC,3
MED-PT-1471,O Primeiro de Janeiro,PT,Portugal,pt,WEB,Médias d'information générale (hors PQN),Actualités-Infos Générales,Nationale,https://www.oprimeirodejaneiro.com.pt,"Popquestion - Unipessoal, Lda.",Porto,Diária,ERC,3
MED-PT-1472,Opticapro,PT,Portugal,pt,PRESSE,Médias spécialisés grand public,Actualités-Infos Générales,Nationale,https://www.opticapro.pt,"Editora Codigopro - Edição de Publicações Periódicas Unipessoal, Lda",Porto,Mensal,ERC,3
MED-PT-1473,Ordem da Armada,PT,Portugal,pt,PRESSE,Médias régionaux (hors PQR),Actualités-Infos Générales,Régionale/Départementale,https://pt.wikipedia.org/wiki/Ordem_da_Armada,,,,WIKIPEDIA,3
MED-PT-1474,Ordem do Exército,PT,Portugal,pt,PRESSE,Médias régionaux (hors PQR),Actualités-Infos Générales,Régionale/Départementale,https://pt.wikipedia.org/wiki/Ordem_do_Ex%C3%A9rcito,,,,WIKIPEDIA,3
MED-PT-1475,O Regiões,PT,Portugal,pt,PRESSE,Médias d'information générale (hors PQN),Actualités-Infos Générales,Nationale,https://www.oregioes.pt,Fernando Joaquim de Jesus Pires,Castelo Branco,Anual,ERC,3
MED-PT-1476,O Regional,PT,Portugal,pt,PRESSE,Médias régionaux (hors PQR),Actualités-Infos Générales,Régionale/Départementale,https://www.oregional.pt,"José Soares da Silva, Lda.",São João da Madeira,Semanal,ERC,3
MED-PT-1477,O Riachense,PT,Portugal,pt,PRESSE,Médias régionaux (hors PQR),Actualités-Infos Générales,Régionale/Départementale,https://www.oriachense.pt,"O Riachense - Cooperativa Editora e de Promoção Cultural de Riachos, C.R.L.",Riachos,Mensal,ERC,3
MED-PT-1478,O Ribeira de Pera,PT,Portugal,pt,PRESSE,Médias régionaux (hors PQR),Actualités-Infos Générales,Régionale/Départementale,https://www.oribeiradepera.pt,"Fercorber - Madeiras e Materiais de Construção, Lda.",Castanheira de Pêra,Mensal,ERC,3
MED-PT-1479,Oriente,PT,Portugal,pt,PRESSE,Médias d'information générale (hors PQN),Actualités-Infos Générales,Nationale,,Fundação Oriente,Lisboa,Anual,ERC,3
MED-PT-1480,O Riomaiorense,PT,Portugal,pt,WEB,Médias régionaux (hors PQR),Actualités-Infos Générales,Régionale/Départementale,https://www.oriomaiorense.com,Nuno Alexandre Dias Rocha,Rio Maior,Anual,ERC,3
MED-PT-1481,Orpheu,PT,Portugal,pt,PRESSE,Médias d'information générale (hors PQN),Actualités-Infos Générales,Nationale,https://pt.wikipedia.org/wiki/Orpheu_%28revista%29,,,,WIKIPEDIA,3
MED-PT-1482,O Sambrasense,PT,Portugal,pt,PRESSE,Médias régionaux (hors PQR),Actualités-Infos Générales,Régionale/Départementale,https://sambrasense.pt,União Desportiva e Recreativa Sambrasense,São Brás de Alportel,Mensal,ERC,3
MED-PT-1483,O Século,PT,Portugal,pt,PRESSE,Médias régionaux (hors PQR),Actualités-Infos Générales,Régionale/Départementale,https://en.wikipedia.org/wiki/O_S%C3%A9culo,,,,WIKIPEDIA,3
MED-PT-1484,O Semeador Baptista,PT,Portugal,pt,WEB,Médias associatifs,Social-Société,Nationale,https://convencaobaptista.pt/recursos/semeador-baptista,Convenção Baptista Portuguesa,Queluz,Quadrimestral,ERC,3
MED-PT-1485,O Sempre Fixe,PT,Portugal,pt,PRESSE,Médias d'information générale (hors PQN),Actualités-Infos Générales,Nationale,https://pt.wikipedia.org/wiki/O_Sempre_Fixe,,,,WIKIPEDIA,3
MED-PT-1486,O Seringador Marca T,PT,Portugal,pt,PRESSE,Médias d'information générale (hors PQN),Actualités-Infos Générales,Nationale,https://www.seringador.com,Carlos Luís Teixeira,Porto,Anual,ERC,3
MED-PT-1487,O Servo de Deus Padre Cruz,PT,Portugal,pt,PRESSE,Médias associatifs,Social-Société,Nationale,https://www.padrecruz.org,Causa de Beatificação e Canonização do Servo de Deus Padre Francisco da Cruz S.J.,Lisboa,3 x ano,ERC,3
MED-PT-1488,O Sesimbrense,PT,Portugal,pt,PRESSE,Médias régionaux (hors PQR),Actualités-Infos Générales,Régionale/Départementale,https://www.osesimbrense.com.pt,Liga dos Amigos de Sesimbra,Sesimbra,Mensal,ERC,3
MED-PT-1489,O Setubalense,PT,Portugal,pt,PRESSE,PQR/PQD (Quotidiens régionaux),Actualités-Infos Générales,Régionale/Départementale,https://www.osetubalense.com,"Outra Margem - Publicações e Publicidade, Lda.",Setúbal,Diária (dias úteis),ERC,3
MED-PT-1490,O Simonense,PT,Portugal,pt,PRESSE,Médias associatifs,Social-Société,Régionale/Départementale,,Fábrica da Igreja Paroquial de São Simão de Litém,São Simão de Litém,Mensal,ERC,3
MED-PT-1491,Os Monhacas,PT,Portugal,pt,WEB,Médias spécialisés grand public,Actualités-Infos Générales,Nationale,http://osmonhacas.com,Dino César Martins Frazão,Rio Maior,Diária,ERC,3
MED-PT-1492,O Tabuense,PT,Portugal,pt,PRESSE,Médias régionaux (hors PQR),Actualités-Infos Générales,Régionale/Départementale,,"Egicos - Comércio e Serviços, Lda.",Tábua,Quinzenal,ERC,3
MED-PT-1493,O Templário,PT,Portugal,pt,PRESSE,Médias régionaux (hors PQR),Actualités-Infos Générales,Régionale/Départementale,https://www.otemplario.pt,"Traços & Sílabas, Unipessoal Lda.",Asseiceira,Semanal,ERC,3
MED-PT-1494,O Tomarense,PT,Portugal,pt,WEB,Médias régionaux (hors PQR),Actualités-Infos Générales,Régionale/Départementale,https://www.cctomar.pt,Casa do Concelho de Tomar,Lisboa,Quadrimestral,ERC,3
MED-PT-1495,O Tripeiro,PT,Portugal,pt,PRESSE,Médias d'information générale (hors PQN),Actualités-Infos Générales,Nationale,https://pt.wikipedia.org/wiki/O_Tripeiro,,,,WIKIPEDIA,3
MED-PT-1496,OvarNews,PT,Portugal,pt,WEB,Médias régionaux (hors PQR),Actualités-Infos Générales,Régionale/Départementale,https://www.ovarnews.pt,Suzy Paula Mendonça Ventura,Ovar,Diária,ERC,3
MED-PT-1497,O Varzeense,PT,Portugal,pt,PRESSE,Médias régionaux (hors PQR),Actualités-Infos Générales,Régionale/Départementale,,Associação Cristã de Cultura e Cidadania de Vila Nova do Ceira,Várzea Grande,Quinzenal,ERC,3
MED-PT-1498,Ovelha,PT,Portugal,pt,PRESSE,Médias régionaux (hors PQR),Actualités-Infos Générales,Régionale/Départementale,https://www.acos.pt,ACOS - Associação de Agricultores do Sul,Beja,Quadrimestral,ERC,3
MED-PT-1499,O Verdadeiro Almanaque Borda d'Água,PT,Portugal,pt,PRESSE,Médias spécialisés grand public,Actualités-Infos Générales,Nationale,,"Editorial Minerva Manuel Rodrigues Sucessores, Lda",Lisboa,Anual,ERC,3
MED-PT-1500,O Veterano de Guerra,PT,Portugal,pt,PRESSE,Médias spécialisés grand public,Actualités-Infos Générales,Nationale,,Associação Portuguesa dos Veteranos de Guerra,Braga,Trimestral,ERC,3
MED-PT-1501,O Vila Maior,PT,Portugal,pt,PRESSE,Médias régionaux (hors PQR),Actualités-Infos Générales,Régionale/Départementale,,"VILA MAIOR 3660 - Associação Cultural, Social e Desportiva",Goja,Mensal,ERC,3
MED-PT-1502,O Voleibol,PT,Portugal,pt,WEB,Médias spécialisés grand public,Actualités-Infos Générales,Nationale,https://www.fpvoleibol.pt,Federação Portuguesa de Voleibol,Porto,Semestral,ERC,3
MED-PT-1503,Oxigénio,PT,Portugal,pt,RADIO,Radios Régionales,Actualités-Infos Générales,Régionale/Départementale,,"Rádio Comercial da Linha - Sociedade de Radiodifusão de Oeiras, Lda.",Lisboa,Continu,ERC,3
MED-PT-1504,Packaging,PT,Portugal,pt,PRESSE,Médias d'information générale (hors PQN),Actualités-Infos Générales,Nationale,https://www.revistapackaging.pt,"Pixelpower, Lda.",Terra Chã,3 x ano,ERC,3
MED-PT-1505,Pacoslook - O Poder dos Factos,PT,Portugal,pt,WEB,Médias régionaux (hors PQR),Actualités-Infos Générales,Régionale/Départementale,https://www.pacoslook.pt,Arnaldo Ferreira Baptista de Meireles,Paços de Ferreira,Semanal,ERC,3
MED-PT-1506,Página Um,PT,Portugal,pt,WEB,Médias d'information générale (hors PQN),Actualités-Infos Générales,Nationale,https://www.paginaum.pt,"Página Um, Lda.",Lisboa,Diária,ERC,3
MED-PT-1507,Paionense,PT,Portugal,pt,PRESSE,Médias régionaux (hors PQR),Actualités-Infos Générales,Régionale/Départementale,,Fábrica da Igreja Paroquial de Paião,Paião,Mensal,ERC,3
MED-PT-1508,Paivense,PT,Portugal,pt,WEB,Médias régionaux (hors PQR),Actualités-Infos Générales,Régionale/Départementale,https://www.paivense.pt,Fabiano de Abreu Rodrigues,Bairros,Diária,ERC,3
MED-PT-1509,Paixão Pelo Vinho,PT,Portugal,pt,WEB,Médias spécialisés grand public,Tourisme-Gastronomie,Nationale,https://revistapaixaopelovinho.com,"Purplesummer Media & Events, Lda.",Amadora,Bimestral,ERC,3
MED-PT-1510,Palavra - Jornal Mensal,PT,Portugal,pt,PRESSE,PQR/PQD (Quotidiens régionaux),Actualités-Infos Générales,Régionale/Départementale,https://www.ciberevora.pt/palavra,Fábrica da Igreja Paroquial de Santo António de Reguengos de Monsaraz,Reguengos de Monsaraz,Mensal,ERC,3
MED-PT-1511,PALAVRAR - Ler e escrever é resistir,PT,Portugal,pt,WEB,Médias spécialisés grand public,Actualités-Infos Générales,Nationale,https://palavrar.oprazerdaescrita.com,Analita Alves dos Santos,Portimão,Semestral,ERC,3
MED-PT-1512,Pampilhosa 97.8 FM,PT,Portugal,pt,RADIO,Radios Régionales,Actualités-Infos Générales,Régionale/Départementale,,"Fercorber - Madeiras e Materiais de Construção, Lda.",Castanheira de Pêra,Continu,ERC,3
MED-PT-1513,Panda Kids,PT,Portugal,pt,TV,TV Câble/Sat,Lifestyle,Nationale,,"Dreamia - Serviços de Televisão, S.A.",Lisboa,Continu,ERC,3
MED-PT-1514,Panorama,PT,Portugal,pt,PRESSE,Médias d'information générale (hors PQN),Actualités-Infos Générales,Nationale,https://pt.wikipedia.org/wiki/Panorama_%28revista_portuguesa_de_arte_e_turismo%29,,,,WIKIPEDIA,3
MED-PT-1515,Para Eles,PT,Portugal,pt,WEB,Médias spécialisés grand public,Actualités-Infos Générales,Nationale,https://www.paraeles.pt,"Worldimpala.Net, Lda.",Covas,Diária,ERC,3
MED-PT-1516,Parq,PT,Portugal,pt,WEB,Médias d'information générale (hors PQN),Actualités-Infos Générales,Nationale,https://www.parqmag.com,Francisco José Vaz Fernandes,Lisboa,Bimestral,ERC,3
MED-PT-1517,Partícula,PT,Portugal,pt,WEB,Médias d'information générale (hors PQN),Actualités-Infos Générales,Nationale,http://www.aparticula.pt,Francisco Ferrão de Almeida Fernandes,Amadora,Quinzenal,ERC,3
MED-PT-1518,Passear.com,PT,Portugal,pt,WEB,Médias spécialisés grand public,Actualités-Infos Générales,Nationale,https://www.passear.com,"Lobo do Mar - Sociedade Editorial, Lda",Alqueve,Mensal,ERC,3
MED-PT-1519,Passos Litterae Communionis,PT,Portugal,pt,PRESSE,Médias associatifs,Social-Société,Nationale,,"Taprobana, Associação Cultural",Lisboa,Trimestral,ERC,3
MED-PT-1520,Pataias à Letra,PT,Portugal,pt,PRESSE,Médias régionaux (hors PQR),Actualités-Infos Générales,Régionale/Départementale,,Ana Luísa Borges Ferraz Gonçalves Pereira,Pataias,Mensal,ERC,3
MED-PT-1521,Patrimónios - Boletim da Associação Cultural Amigos de Gaia,PT,Portugal,pt,PRESSE,Médias associatifs,"Culture/Arts, littérature et culture générale",Régionale/Départementale,,Associação Cultural Amigos de Gaia,Vila Nova de Gaia,Semestral,ERC,3
MED-PT-1522,PC Guia,PT,Portugal,pt,PRESSE,Médias spécialisés grand public,Actualités-Infos Générales,Nationale,https://www.pcguia.pt,"Fidemo - Sociedade de Media, Lda.",Lisboa,Mensal,ERC,3
MED-PT-1523,Pedra e Cal,PT,Portugal,pt,PRESSE,Médias spécialisés grand public,Actualités-Infos Générales,Nationale,https://www.gecorpa.pt,Gecorpa - Grémio do Património,Palmeira,2 x ano,ERC,3
MED-PT-1524,Pela Lei e Pela Grei,PT,Portugal,pt,PRESSE,Médias spécialisés grand public,Actualités-Infos Générales,Nationale,https://www.gnr.pt,Guarda Nacional Republicana,Lisboa,Trimestral,ERC,3
MED-PT-1525,Penacova Actual,PT,Portugal,pt,WEB,Médias régionaux (hors PQR),Actualités-Infos Générales,Régionale/Départementale,https://penacovactual.eu,"Penacova Actual, Unipessoal, Lda.",Várzea,Diária,ERC,3
MED-PT-1526,Peneda Gerês TV,PT,Portugal,pt,WEB,Médias régionaux (hors PQR),Actualités-Infos Générales,Régionale/Départementale,https://www.penedagerestv.com,Jorge Pereira Matos da Costa,Passos,Diária,ERC,3
MED-PT-1527,Pensar,PT,Portugal,pt,WEB,Médias spécialisés grand public,Actualités-Infos Générales,Nationale,http://www.pensar.pt,Jorge Van Krieken Mota,Vale de Rodão,Semanal,ERC,3
MED-PT-1528,Pensar Fora da Caixa,PT,Portugal,pt,PRESSE,Médias régionaux (hors PQR),Actualités-Infos Générales,Régionale/Départementale,https://www.gruposd.pt,Joaquim José Sobreiro Duarte,Caldas da Rainha,Anual,ERC,3
MED-PT-1529,Percursos & Ideias,PT,Portugal,pt,WEB,Médias spécialisés grand public,Actualités-Infos Générales,Nationale,https://www.iscet.pt,"Facultas - Gestão de Estabelecimentos de Ensino Superior, S.A.",Porto,Anual,ERC,3
MED-PT-1530,Perspectiva Cristã,PT,Portugal,pt,WEB,Médias associatifs,Social-Société,Nationale,https://msmportugal.wixsite.com/perspectivacrista/assinatura,Milícia de São Miguel - União para a Cultura e Civilização Cristãs,Lisboa,Mensal,ERC,3
MED-PT-1531,Perspetiva,PT,Portugal,pt,WEB,Médias régionaux (hors PQR),Actualités-Infos Générales,Régionale/Départementale,https://www.perspetiva.com,"Perspetiva Produções, Lda.",Calçadinha,Diária,ERC,3
MED-PT-1532,Pesados & Mercadorias,PT,Portugal,pt,PRESSE,Médias spécialisés grand public,Actualités-Infos Générales,Nationale,https://www.pesadosemercadorias.com,"Presstrans - Editora de Publicações, Unipessoal, Lda.",Torres Vedras,Bimestral,ERC,3
MED-PT-1533,Pessoas,PT,Portugal,pt,PRESSE,Médias spécialisés grand public,Actualités-Infos Générales,Nationale,https://www.apg.pt,APG - Associação Portuguesa de Gestão das Pessoas,Lisboa,Trimestral,ERC,3
MED-PT-1534,PetMagazine,PT,Portugal,pt,WEB,Médias spécialisés grand public,Actualités-Infos Générales,Nationale,https://petloversportugal.pt,"Narrativalíder, Unipessoal, Lda.",Vila Nova de Gaia,Trimestral,ERC,3
MED-PT-1535,Pets and Company,PT,Portugal,pt,WEB,Médias spécialisés grand public,Actualités-Infos Générales,Nationale,https://www.petsandcompany.pt,"Medialivre, S.A.",Lisboa,Diária,ERC,3
MED-PT-1536,Pinhal Digital,PT,Portugal,pt,WEB,Médias régionaux (hors PQR),Actualités-Infos Générales,Régionale/Départementale,https://www.pinhaldigital.com,Paulo Jorge Fernandes Marques,Proença-a-Nova,Diária,ERC,3
MED-PT-1537,PiT - Pets In Town,PT,Portugal,pt,WEB,Médias spécialisés grand public,Actualités-Infos Générales,Nationale,https://pit.nit.pt,"Pit - Pets In Town, Lda.",Lisboa,Diária,ERC,3
MED-PT-1538,Planalto Barrosão,PT,Portugal,pt,PRESSE,Médias régionaux (hors PQR),Actualités-Infos Générales,Régionale/Départementale,,Associação Editorial das Terras Altas,Montalegre,Mensal,ERC,3
MED-PT-1539,PME Magazine - Portugal.Mundo.Empresas,PT,Portugal,pt,PRESSE,Médias spécialisés grand public,Actualités-Infos Générales,Nationale,https://pmemagazine.sapo.pt,"Parágrafinesperado - Unipessoal, Lda.",Lisboa,Anual,ERC,3
MED-PT-1540,Pneuma,PT,Portugal,pt,PRESSE,Médias associatifs,Social-Société,Nationale,https://www.pneuma-rc.pt,PNEUMA - Renovamento Carismático,Lisboa,Bimestral,ERC,3
MED-PT-1541,Poder Local,PT,Portugal,pt,PRESSE,Médias spécialisés grand public,Actualités-Infos Générales,Nationale,,"Página a Página - Divulgação do Livro, SA",Lisboa,Anual,ERC,3
MED-PT-1542,Pod Informar.,PT,Portugal,pt,WEB,Médias spécialisés grand public,Actualités-Infos Générales,Nationale,https://podinformar.pt,Ordem dos Advogados,Lisboa,Mensal,ERC,3
MED-PT-1543,Poesia 61,PT,Portugal,pt,PRESSE,Médias d'information générale (hors PQN),Actualités-Infos Générales,Nationale,https://pt.wikipedia.org/wiki/Poesia_61,,,,WIKIPEDIA,3
MED-PT-1544,Polígrafo,PT,Portugal,pt,WEB,Médias d'information générale (hors PQN),Actualités-Infos Générales,Nationale,https://poligrafo.sapo.pt,"Inevitável e Fundamental, Lda.",Queluz de Baixo,Diária,ERC,3
MED-PT-1545,Polis,PT,Portugal,pt,WEB,Médias spécialisés grand public,Actualités-Infos Générales,Nationale,http://revistas.lis.ulusiada.pt/index.php/polis/pt,"Fundação Minerva - Cultura, Ensino e Investigação Científica",Lisboa,Semestral,ERC,3
MED-PT-1546,Politécnica,PT,Portugal,pt,WEB,Médias régionaux (hors PQR),Actualités-Infos Générales,Régionale/Départementale,https://http:/hdl.handle.net/10400.26/31532,C.E.P. - Cooperativa de Ensino Politécnico CRL,Vila Nova de Gaia,Anual,ERC,3
MED-PT-1547,Política,PT,Portugal,pt,PRESSE,Médias d'information générale (hors PQN),Actualités-Infos Générales,Nationale,https://pt.wikipedia.org/wiki/Pol%C3%ADtica_%281929%29,,,,WIKIPEDIA,3
MED-PT-1548,Political Observer - Portuguese Journal of Political Science | Revista Portuguesa de Ciência Política,PT,Portugal,pt,PRESSE,Médias spécialisés grand public,Politique,Nationale,https://rpcp.pt/index.php/rpcp,Observatório Político - Associação de Investigação em Estudos Políticos,Lisboa,Semestral,ERC,3
MED-PT-1549,Pombal Jornal,PT,Portugal,pt,PRESSE,PQR/PQD (Quotidiens régionaux),Actualités-Infos Générales,Régionale/Départementale,https://www.pombaljornal.pt,"Crónicas Mágicas, Unipessoal, Lda.",Pombal,Quinzenal,ERC,3
MED-PT-1550,Pontos de Vista,PT,Portugal,pt,PRESSE,Médias d'information générale (hors PQN),Actualités-Infos Générales,Nationale,https://www.pontosdevista.pt,"Horizonte de Palavras, Edições Unipessoal, Lda",Perafita,Mensal,ERC,3
MED-PT-1551,Popular FM,PT,Portugal,pt,RADIO,Radios Régionales,Actualités-Infos Générales,Régionale/Départementale,,"Som do Pinhal II - Multimédia, Lda.",Pinhal Novo,Continu,ERC,3
MED-PT-1552,Popular TV,PT,Portugal,pt,WEB,Médias régionaux (hors PQR),Actualités-Infos Générales,Régionale/Départementale,https://www.populartv.pt,Páginas Radiantes - Unipessoal Lda.,Torres Vedras,Diária,ERC,3
MED-PT-1553,Porta do Sol,PT,Portugal,pt,PRESSE,Médias associatifs,Social-Société,Régionale/Départementale,,Diocese de Santarém,Torres Novas,Quinzenal,ERC,3
MED-PT-1554,Porta Dos Sustos,PT,Portugal,pt,WEB,Médias spécialisés grand public,Actualités-Infos Générales,Nationale,https://www.portadossustos.com,Maria João Prazeres das Neves Mil-Homens,Ericeira,Mensal,ERC,3
MED-PT-1555,Portal da Liderança,PT,Portugal,pt,WEB,"Portails, Aggrégateurs",Actualités-Infos Générales,Nationale,https://www.portaldalideranca.pt,"Leadership Business Consulting - Consultoria e Serviços, S.A.",Lisboa,Semestral,ERC,3
MED-PT-1556,Portal de Alcanede,PT,Portugal,pt,WEB,"Portails, Aggrégateurs",Actualités-Infos Générales,Régionale/Départementale,https://www.portalalcanede.pt,Paulo Alexandre Santos Coelho,Alcanede,Trissemanal,ERC,3
MED-PT-1557,Portal Margem Sul,PT,Portugal,pt,WEB,"Portails, Aggrégateurs",Actualités-Infos Générales,Régionale/Départementale,https://margemsul.sapo.pt,"Neurónio Criativo, Unipessoal Lda.",Lisboa,Diária,ERC,3
MED-PT-1558,Portimão Jornal,PT,Portugal,pt,PRESSE,PQR/PQD (Quotidiens régionaux),Actualités-Infos Générales,Régionale/Départementale,http://portimaojornal.pt,"Pressroma - Edição de Publicações Periódicas, Unipessoal, Lda",Lagoa,Quinzenal,ERC,3
MED-PT-1559,PortoBestCity,PT,Portugal,pt,WEB,Médias régionaux (hors PQR),Actualités-Infos Générales,Régionale/Départementale,https://www.portobest.city,Bruno Edgar Oliveira,Vila Nova de Gaia,Semanal,ERC,3
MED-PT-1560,Porto Canal,PT,Portugal,pt,TV,TV Grandes Chaînes,Actualités-Infos Générales,Nationale,https://pt.wikipedia.org/wiki/Porto_Canal,,,,WIKIPEDIA,3
MED-PT-1561,Porto TV,PT,Portugal,pt,WEB,Médias régionaux (hors PQR),Actualités-Infos Générales,Régionale/Départementale,https://www.portotv.pt,"Imagocima, Lda.",Lustosa,Diária,ERC,3
MED-PT-1562,Portugal Activo,PT,Portugal,pt,WEB,Médias spécialisés grand public,Actualités-Infos Générales,Nationale,https://www.portugalactivo.pt,Portugal Activo - Associação de Clubes de Fitness e Saúde,Lisboa,Quadrimestral,ERC,3
MED-PT-1563,Portugal Business On the Way,PT,Portugal,pt,PRESSE,Médias professionnels,Economie - Services,Nationale,https://www.portugalbusinessontheway.com,AEP - Associação Empresarial de Portugal,Torres Vedras,Quadrimestral,ERC,3
MED-PT-1564,Portugal Evangélico,PT,Portugal,pt,WEB,Médias associatifs,Social-Société,Nationale,https://www.vozmetodista.pt,Igreja Evangélica Metodista Portuguesa,Porto,4 x ano,ERC,3
MED-PT-1565,Portugal Global,PT,Portugal,pt,WEB,Médias spécialisés grand public,Actualités-Infos Générales,Nationale,https://www.portugalglobal.pt,"Agência para o Investimento e Comércio Externo de Portugal, EPE",Lisboa,Mensal,ERC,3
MED-PT-1566,Portugaliae Electrochimica Acta,PT,Portugal,pt,WEB,Médias spécialisés grand public,Actualités-Infos Générales,Nationale,https://www.peacta.org,Sociedade Portuguesa de Electroquimica,Coimbra,Bimestral,ERC,3
MED-PT-1567,Portugal Star,PT,Portugal,pt,RADIO,Radios Web/Podcasts,Actualités-Infos Générales,Régionale/Départementale,https://www.portugalstar.pt,Abílio Lourenço de Oliveira,Monte de Caparica,Continu,ERC,3
MED-PT-1568,PortuGOAL.net - Portuguese Football in English,PT,Portugal,pt,WEB,Médias spécialisés grand public,Sports,Nationale,https://www.portugoal.net,Thomas Joseph Fontes Kundert,Lisboa,Diária,ERC,3
MED-PT-1569,Portuguese Journal of Public Health,PT,Portugal,pt,WEB,Médias spécialisés grand public,Médecine,Nationale,https://karger.com/PJP,Universidade Nova de Lisboa,Lisboa,Quadrimestral,ERC,3
MED-PT-1570,Portuguese Kidney Journal,PT,Portugal,pt,WEB,Médias spécialisés grand public,Actualités-Infos Générales,Nationale,https://pkj.spnefro.pt,Sociedade Portuguesa de Nefrologia,Lisboa,Trimestral,ERC,3
MED-PT-1571,Portu Rádio,PT,Portugal,pt,RADIO,Radios Web/Podcasts,Actualités-Infos Générales,Régionale/Départementale,http://www.porturadio.pt,Nelson Filipe Soares Gomes,Porto,Continu,ERC,3
MED-PT-1572,Postal do Algarve,PT,Portugal,pt,PRESSE,Médias régionaux (hors PQR),Actualités-Infos Générales,Régionale/Départementale,https://www.postal.pt,Henrique Manuel Dias Freire,Tavira,Quinzenal,ERC,3
MED-PT-1573,Posto Emissor do Funchal - Canal 1,PT,Portugal,pt,RADIO,Radios Régionales,Actualités-Infos Générales,Régionale/Départementale,,"Posto Emissor de Radiodifusão do Funchal, Lda.",Funchal,Continu,ERC,3
MED-PT-1574,Posto Emissor do Funchal - Canal 2,PT,Portugal,pt,RADIO,Radios Régionales,Actualités-Infos Générales,Régionale/Départementale,,"Posto Emissor de Radiodifusão do Funchal, Lda.",Funchal,Continu,ERC,3
MED-PT-1575,"Pós - Venda - Peças, Manutenção e Reparação",PT,Portugal,pt,PRESSE,Médias spécialisés grand public,Actualités-Infos Générales,Nationale,,"ORMP - Pós-Venda Média, Lda.",Abóboda,Mensal,ERC,3
MED-PT-1576,"Pós-Venda Pesados - Peças, Manutenção e Reparação",PT,Portugal,pt,PRESSE,Médias spécialisés grand public,Actualités-Infos Générales,Nationale,,"ORMP - Pós-Venda Média, Lda.",Abóboda,Bimestral,ERC,3
MED-PT-1577,Póvoa de Varzim - Boletim Cultural,PT,Portugal,pt,PRESSE,Médias régionaux (hors PQR),"Culture/Arts, littérature et culture générale",Régionale/Départementale,"https://www,cm-pvarzim.pt",Município da Póvoa de Varzim,Póvoa de Varzim,Anual,ERC,3
MED-PT-1578,Póvoa de Varzim - Informação,PT,Portugal,pt,WEB,Médias d'information générale (hors PQN),Actualités-Infos Générales,Nationale,http://www.povoadevarzim.info,António Xavier Almeida Flores,Mindelo,Semanal,ERC,3
MED-PT-1579,Povo de Fafe,PT,Portugal,pt,PRESSE,Médias régionaux (hors PQR),Actualités-Infos Générales,Régionale/Départementale,,"Jornal Povo de Fafe, Lda.",Apartado 26,Quinzenal,ERC,3
MED-PT-1580,Povo Livre,PT,Portugal,pt,WEB,Médias associatifs,Social-Société,Nationale,https://www.psd.pt/pt/povo-livre,Partido Social Democrata - PSD,Lisboa,Semanal,ERC,3
MED-PT-1581,Pplware,PT,Portugal,pt,WEB,Médias spécialisés grand public,Actualités-Infos Générales,Nationale,https://pplware.sapo.pt,"PPLWARE.COM - Tecnologias de Informação e Serviços Web, Lda.",Riba de Ave,Diária,ERC,3
MED-PT-1582,Praça Alta,PT,Portugal,pt,PRESSE,Médias régionaux (hors PQR),Actualités-Infos Générales,Régionale/Départementale,http://www.amigosdealmeida.com,Associação dos Amigos de Almeida,Almeida,Mensal,ERC,3
MED-PT-1583,Praça Local,PT,Portugal,pt,PRESSE,Médias régionaux (hors PQR),Actualités-Infos Générales,Régionale/Départementale,,"Maisactual - Comunicação e Meios, Lda",Ferreiros,Mensal,ERC,3
MED-PT-1584,Praça Pública,PT,Portugal,pt,PRESSE,Médias régionaux (hors PQR),Actualités-Infos Générales,Régionale/Départementale,https://www.pracapublica.com,"COM+Comunicação, Lda.",Ovar,Quinzenal,ERC,3
MED-PT-1585,Praia Expresso - Jornal Digital Diário,PT,Portugal,pt,WEB,Blogs,Actualités-Infos Générales,Régionale/Départementale,https://praiaexpresso.wordpress.com,Francisco José Fernandes Soares,Praia da Vitória,Diária,ERC,3
MED-PT-1586,Praia Magazine,PT,Portugal,pt,PRESSE,Médias régionaux (hors PQR),Actualités-Infos Générales,Régionale/Départementale,https://www.linhadapraia.pt,"Linha da Praia - Imobiliária e Turismo, Lda.",Vila do Conde,Bimestral,ERC,3
MED-PT-1587,Prana Magazine,PT,Portugal,pt,WEB,Médias spécialisés grand public,Actualités-Infos Générales,Nationale,http://www.pranamagazine.net,Ana João da Silva Fernandes,Cruz Quebrada,Mensal,ERC,3
MED-PT-1588,Prémio,PT,Portugal,pt,PRESSE,Médias spécialisés grand public,Actualités-Infos Générales,Nationale,https://issuu.com/cunhavaz,"CV&A Europe, Lda.",Lisboa,Semestral,ERC,3
MED-PT-1589,Presença,PT,Portugal,pt,PRESSE,Médias d'information générale (hors PQN),Actualités-Infos Générales,Nationale,https://pt.wikipedia.org/wiki/Presen%C3%A7a_%28revista%29,,,,WIKIPEDIA,3
MED-PT-1590,Press Magazine,PT,Portugal,pt,WEB,Médias spécialisés grand public,Actualités-Infos Générales,Nationale,https://www.pressmagazine.pt,Carlos Manuel Oliveira Valença,Rio Tinto,Mensal,ERC,3
MED-PT-1591,Press Minho,PT,Portugal,pt,WEB,Médias régionaux (hors PQR),Actualités-Infos Générales,Régionale/Départementale,https://www.pressminho.pt,"Publineiva, Unipessoal Lda.",Vila Verde,Diária,ERC,3
MED-PT-1592,Pressnet,PT,Portugal,pt,WEB,Médias d'information générale (hors PQN),Actualités-Infos Générales,Nationale,https://www.pressnet.pt,José Manuel Gomes de Carvalho,Braga,Diária,ERC,3
MED-PT-1593,Press ou Post,PT,Portugal,pt,WEB,Médias spécialisés grand public,Actualités-Infos Générales,Nationale,http://www.pressoupost.pt,António José Moreira Ferreira Lopes,Arcozelo,Diária,ERC,3
MED-PT-1594,Primeiro Minuto,PT,Portugal,pt,WEB,Médias régionaux (hors PQR),Actualités-Infos Générales,Régionale/Départementale,https://primeirominuto.sapo.pt,"Login Alpha, Unipessoal, Lda.",Friande,Diária,ERC,3
MED-PT-1595,Primitiva,PT,Portugal,pt,PRESSE,Médias spécialisés grand public,Actualités-Infos Générales,Nationale,https://primitivamag.com,Luís Octávio Costa,Monção,Bianual,ERC,3
MED-PT-1596,Printz Media,PT,Portugal,pt,WEB,Médias spécialisés grand public,Communication - Médias - Internet,Nationale,http://www.printz-media.pt,Ana Isabel Oliveira Ribeiro,Viana do Castelo,Bissemanal,ERC,3
MED-PT-1597,Prismafra,PT,Portugal,pt,PRESSE,Médias régionaux (hors PQR),Actualités-Infos Générales,Régionale/Départementale,,Jorge Humberto Santos Carnaxide,Mafra,Bimestral,ERC,3
MED-PT-1598,Privacy and Data Protection Magazine,PT,Portugal,pt,WEB,Médias spécialisés grand public,Actualités-Infos Générales,Nationale,https://www.europeia.pt/investigacao/privacy-and-data-protection-center/publicacoes,"Ensilis - Educação e Formação, Unipessoal, Lda.",Lisboa,Anual,ERC,3
MED-PT-1599,Produtores de Leite,PT,Portugal,pt,PRESSE,Médias spécialisés grand public,Actualités-Infos Générales,Nationale,https://www.aprolep.pt,Associação dos Produtores de Leite de Portugal - APROLEP,Valado Santa Quitéria,Semestral,ERC,3
MED-PT-1600,Progresso de Paredes,PT,Portugal,pt,PRESSE,Médias régionaux (hors PQR),Actualités-Infos Générales,Régionale/Départementale,https://www.progressodeparedes.com.pt,"UNI - Comunicação, Lda.",Paredes,Quinzenal,ERC,3
MED-PT-1601,Properties in Portugal,PT,Portugal,pt,PRESSE,Médias spécialisés grand public,Actualités-Infos Générales,Nationale,https://www.propertiesinportugal.com,"Anglopress - Edições e Publicidade, Lda.",Lagoa,Trianual,ERC,3
MED-PT-1602,Pro Runners Magazine,PT,Portugal,pt,PRESSE,Médias spécialisés grand public,Actualités-Infos Générales,Nationale,https://www.prorunners.pt,Eduardo Sérgio de Oliveira Carvalho,Lisboa,Bimestral,ERC,3
MED-PT-1603,Proteger,PT,Portugal,pt,WEB,Médias spécialisés grand public,Actualités-Infos Générales,Nationale,https://www.apsei.org.pt/proteger,APSEI - Associação Portuguesa de Segurança,Sacavém,Quadrimestral,ERC,3
MED-PT-1604,Psicologia,PT,Portugal,pt,WEB,Médias spécialisés grand public,Actualités-Infos Générales,Nationale,http://revista.appsicologia.org,Associação Portuguesa de Psicologia,Lisboa,Bianual,ERC,3
MED-PT-1605,Psit!!!,PT,Portugal,pt,PRESSE,Médias régionaux (hors PQR),Actualités-Infos Générales,Régionale/Départementale,https://pt.wikipedia.org/wiki/Psit%21%21%21,,,,WIKIPEDIA,3
MED-PT-1606,PT Jornal,PT,Portugal,pt,WEB,Médias d'information générale (hors PQN),Actualités-Infos Générales,Nationale,https://ptjornal.com,"Clever Advertising, Lda. (Zona Franca da Madeira)",Funchal,Diária,ERC,3
MED-PT-1607,Publituris,PT,Portugal,pt,PRESSE,Médias spécialisés grand public,Actualités-Infos Générales,Nationale,https://www.publituris.pt,"Publiotel - Empresa de Publicações Turísticas Hoteleiras, Sociedade Unipessoal, Lda.",Lisboa,Quinzenal,ERC,3
MED-PT-1608,Publituris Hotelaria,PT,Portugal,pt,PRESSE,Médias spécialisés grand public,Actualités-Infos Générales,Nationale,https://www.publiturishotelaria.pt,"Publiotel - Empresa de Publicações Turísticas Hoteleiras, Sociedade Unipessoal, Lda.",Lisboa,Mensal,ERC,3
MED-PT-1609,Q,PT,Portugal,pt,TV,TV Câble/Sat,"Culture/Divertissement, Cinéma, Jeux vidéos",Nationale,,"Canal Q, Unipessoal, Lda.",Palmela,Continu,ERC,3
MED-PT-1610,Quadrante - Revista de Investigação em Educação Matemática,PT,Portugal,pt,WEB,Médias spécialisés grand public,Education-Enseignement,Nationale,https://quadrante.apm.pt,Associação de Professores de Matemática,Lisboa,Semestral,ERC,3
MED-PT-1611,Qualidade,PT,Portugal,pt,PRESSE,Médias spécialisés grand public,Actualités-Infos Générales,Nationale,https://www.apq.pt,Associaçao Portuguesa para a Qualidade,Lisboa,Trimestral,ERC,3
MED-PT-1612,Quattroruote,PT,Portugal,pt,PRESSE,Médias d'information générale (hors PQN),Actualités-Infos Générales,Nationale,https://pt.wikipedia.org/wiki/Quattroruote,,,,WIKIPEDIA,3
MED-PT-1613,Quick Track Agency,PT,Portugal,pt,WEB,Médias spécialisés grand public,Actualités-Infos Générales,Nationale,https://quick-track.agency,Nadezhda Manannikova,Lisboa,Semanal,ERC,3
MED-PT-1614,Química - Boletim da Sociedade Portuguesa de Quimica,PT,Portugal,pt,PRESSE,Médias spécialisés grand public,Actualités-Infos Générales,Nationale,https://www.spq.pt,Sociedade Portuguesa de Quíimica,Lisboa,Trimestral,ERC,3
MED-PT-1615,Quinto Canal,PT,Portugal,pt,WEB,Médias spécialisés grand public,Actualités-Infos Générales,Nationale,http://quinto-canal.com,André Emanuel Nunes Ribeiro,Canas de Senhorim,Diária,ERC,3
MED-PT-1616,Quinzenário A Defesa,PT,Portugal,pt,PRESSE,Médias régionaux (hors PQR),Actualités-Infos Générales,Régionale/Départementale,http://www.adefesa.org,"Sociedade Instrutiva Regional Eborense, Unipessoal, Lda.",Évora,Quinzenal,ERC,3
MED-PT-1617,Quinzenário O Paredense,PT,Portugal,pt,PRESSE,Médias régionaux (hors PQR),Actualités-Infos Générales,Régionale/Départementale,https://www.oparedense.pt,"PRD - O Paredense - Comunicação, Unipessoal, Lda.",Paredes,Quinzenal,ERC,3
MED-PT-1618,R100 Rádio Digital,PT,Portugal,pt,RADIO,Radios Web/Podcasts,Actualités-Infos Générales,Régionale/Départementale,https://www.r100.pt,Diogo André Granada Maia,Corroios,Continu,ERC,3
MED-PT-1619,R80 Super Onda,PT,Portugal,pt,RADIO,Radios Régionales,Actualités-Infos Générales,Régionale/Départementale,,"Super Onda, Unipessoal, Lda.",Ponta Delgada,Continu,ERC,3
MED-PT-1620,RACAB - Rádio Castelo Branco,PT,Portugal,pt,RADIO,Radios Régionales,Actualités-Infos Générales,Régionale/Départementale,,Opacajanela – Unipessoal Lda,Santa Marta do Pinhal,Continu,ERC,3
MED-PT-1621,Radar,PT,Portugal,pt,RADIO,Radios Régionales,Actualités-Infos Générales,Régionale/Départementale,,"Lusocanal - Radiodifusão, Lda.",Lisboa,Continu,ERC,3
MED-PT-1622,Rádio 93.8 ON FM,PT,Portugal,pt,RADIO,Radios Régionales,Actualités-Infos Générales,Régionale/Départementale,,93.8 ON FM - Cooperativa de Responsabilidade Limitada,Torres Vedras,Continu,ERC,3
MED-PT-1623,Rádio AdGentes,PT,Portugal,pt,RADIO,Radios Web/Podcasts,Actualités-Infos Générales,Régionale/Départementale,https://www.radioadgentes.pt,Sociedade Missionária da Boa Nova,Lisboa,Continu,ERC,3
MED-PT-1624,Rádio Afurada,PT,Portugal,pt,RADIO,Radios Web/Podcasts,Actualités-Infos Générales,Régionale/Départementale,https://www.radioafurada.com,Associação Recreativa Mocidade Rádio Afurada,Canelas,Continu,ERC,3
MED-PT-1625,Rádio Agita,PT,Portugal,pt,RADIO,Radios Web/Podcasts,Actualités-Infos Générales,Régionale/Départementale,https://www.radioagita.com,Ricardo Daniel Dias Oliveira,Borralha,Continu,ERC,3
MED-PT-1626,Rádio Alentejo,PT,Portugal,pt,RADIO,Radios Régionales,Actualités-Infos Générales,Régionale/Départementale,,"Rádio Corval, CRL",São Pedro do Corval,Continu,ERC,3
MED-PT-1627,Rádio Alive FM,PT,Portugal,pt,RADIO,Radios Régionales,Actualités-Infos Générales,Régionale/Départementale,,"Centro de Formação, Assistência e Desenvolvimento",Guarda,Continu,ERC,3
MED-PT-1628,Rádio Alpendorada,PT,Portugal,pt,RADIO,Radios Web/Podcasts,Actualités-Infos Générales,Régionale/Départementale,https://www.radioalpendorada.net,Joaquim Monteiro Silva,Funchal,Continu,ERC,3
MED-PT-1629,Rádio Alta Tensão,PT,Portugal,pt,RADIO,Radios Web/Podcasts,Actualités-Infos Générales,Régionale/Départementale,http://www.radioaltatensao.com,Vitor Daniel Machado da Silva,Casal de Santo António,Continu,ERC,3
MED-PT-1630,Rádio Altitude,PT,Portugal,pt,RADIO,Radios Régionales,Actualités-Infos Générales,Régionale/Départementale,,"Radialtitude - Sociedade de Comunicação da Guarda, Lda.",Guarda,Continu,ERC,3
MED-PT-1631,Rádio Alto Ave,PT,Portugal,pt,RADIO,Radios Régionales,Actualités-Infos Générales,Régionale/Départementale,,"Coral - Cooperativa de Emissões Radiofónicas do Alto Ave, CRL",Vieira do Minho,Continu,ERC,3
MED-PT-1632,Rádio Alto Douro,PT,Portugal,pt,RADIO,Radios Web/Podcasts,Actualités-Infos Générales,Régionale/Départementale,http://www.radioaltodouro.com,António Pedro Amaral de Sousa,Lamego,Continu,ERC,3
MED-PT-1633,Rádio Alto Minho,PT,Portugal,pt,RADIO,Radios Régionales,Actualités-Infos Générales,Régionale/Départementale,,"Rádio Alto Minho - Sociedade de Informação Regional, Ldª",Viana do Castelo,Continu,ERC,3
MED-PT-1634,Rádio Alvor,PT,Portugal,pt,RADIO,Radios Régionales,Actualités-Infos Générales,Régionale/Départementale,,"Rádio Alvor, CRL",Portimão,Continu,ERC,3
MED-PT-1635,Rádio Amália de Setúbal,PT,Portugal,pt,RADIO,Radios Régionales,Actualités-Infos Générales,Régionale/Départementale,,"Rádio Voz de Setúbal, Lda",Setúbal,Continu,ERC,3
MED-PT-1636,Rádio Amália FM,PT,Portugal,pt,RADIO,Radios Régionales,Actualités-Infos Générales,Régionale/Départementale,,"RNL - Rádio Nova Loures, Lda.",Lisboa,Continu,ERC,3
MED-PT-1637,Rádio Amália - Matosinhos,PT,Portugal,pt,RADIO,Radios Régionales,Actualités-Infos Générales,Régionale/Départementale,,"Radiodifusão Publicidade e Espectáculos, Lda.",Porto,Continu,ERC,3
MED-PT-1638,Rádio Amigos Unidos,PT,Portugal,pt,RADIO,Radios Web/Podcasts,Actualités-Infos Générales,Régionale/Départementale,https://www.radioamigosunidos.pt,Manuel Cardoso dos Santos,São Romão do Coronado,Continu,ERC,3
MED-PT-1639,Rádio Amparo,PT,Portugal,pt,RADIO,Radios Web/Podcasts,Actualités-Infos Générales,Régionale/Départementale,http://www.radioamparo.pt,Fábrica da Igreja Paroquial da Freguesia de Nossa Senhora do Amparo de Benfica,Lisboa,Continu,ERC,3
MED-PT-1640,Rádio Ansiães,PT,Portugal,pt,RADIO,Radios Régionales,Actualités-Infos Générales,Régionale/Départementale,,"Cooperativa Rádio Ansiães, CRL",Carrazeda de Ansiães,Continu,ERC,3
MED-PT-1641,Rádio Antena Livre,PT,Portugal,pt,RADIO,Radios Régionales,Actualités-Infos Générales,Régionale/Départementale,,"Media On - Comunicação Social, Lda.",Abrantes,Continu,ERC,3
MED-PT-1642,Rádio Antena Livre de Gouveia,PT,Portugal,pt,RADIO,Radios Régionales,Actualités-Infos Générales,Régionale/Départementale,,"Antena Livre de Gouveia - Cooperativa de Radiodifusão, CRL",Gouveia,Continu,ERC,3
MED-PT-1643,Radio Antena Minho,PT,Portugal,pt,RADIO,Radios Régionales,Actualités-Infos Générales,Régionale/Départementale,,"Antena Minho - Emissora Regional de Braga, Lda",Braga,Continu,ERC,3
MED-PT-1644,Rádio Atlântico,PT,Portugal,pt,RADIO,Radios Web/Podcasts,Actualités-Infos Générales,Régionale/Départementale,https://www.radioatlantico.pt,Miguel Marques da Silva,Matosinhos,Continu,ERC,3
MED-PT-1645,Rádio Atlântida,PT,Portugal,pt,RADIO,Radios Régionales,Actualités-Infos Générales,Régionale/Départementale,,"Atlantirádio, Sociedade de Radiodifusão, Lda.",Ponta Delgada,Continu,ERC,3
MED-PT-1646,Rádio Azores High,PT,Portugal,pt,RADIO,Radios Web/Podcasts,Actualités-Infos Générales,Régionale/Départementale,https://www.azoreshigh.pt,Associação Cultural Azores High,Feteira,Continu,ERC,3
MED-PT-1647,Rádio Azul,PT,Portugal,pt,RADIO,Radios Régionales,Actualités-Infos Générales,Régionale/Départementale,,"RA - Produções Radiofónicas, Lda.",Setúbal,Continu,ERC,3
MED-PT-1648,Rádio Barca,PT,Portugal,pt,RADIO,Radios Régionales,Actualités-Infos Générales,Régionale/Départementale,,"Rádio Barca - Cooperativa de Informação de Ponte da Barca, CRL",Ponte da Barca,Continu,ERC,3
MED-PT-1649,Rádio Barreirinha,PT,Portugal,pt,RADIO,Radios Web/Podcasts,Actualités-Infos Générales,Régionale/Départementale,https://www.radiobarreirinha.com,Luís Miguel Alves Guerra,Vilela Seca,Continu,ERC,3
MED-PT-1650,Rádio Barreiro Web,PT,Portugal,pt,RADIO,Radios Web/Podcasts,Actualités-Infos Générales,Régionale/Départementale,https://www.radiobarreiroweb.pt,Agostinho Manuel Cabrito Pires,Quinta da Lomba,Continu,ERC,3
MED-PT-1651,Rádio Beira Litoral,PT,Portugal,pt,RADIO,Radios Régionales,Actualités-Infos Générales,Régionale/Départementale,,"Radibeli - Produções Radiofónicas, Lda.",Arazede,Continu,ERC,3
MED-PT-1652,Rádio Boa Nova,PT,Portugal,pt,RADIO,Radios Régionales,Actualités-Infos Générales,Régionale/Départementale,,"Cooperativa Rádio Boa Nova de Oliveira do Hospital, C.R.L.",Oliveira do Hospital,Continu,ERC,3
MED-PT-1653,Rádio Bobadela 2020,PT,Portugal,pt,RADIO,Radios Web/Podcasts,Actualités-Infos Générales,Régionale/Départementale,https://www.radiobobadela2020.org,Jorge Humberto Queiróz Ferreira,Bobadela,Continu,ERC,3
MED-PT-1654,Rádio Bonfim,PT,Portugal,pt,RADIO,Radios Régionales,Actualités-Infos Générales,Régionale/Départementale,,"Rádio Bonfim - Produções Audiovisuais, Lda",Almeirim,Continu,ERC,3
MED-PT-1655,Rádio Borba,PT,Portugal,pt,RADIO,Radios Régionales,Actualités-Infos Générales,Régionale/Départementale,,"Mediaborba - Sociedade de Comunicação Social, Unipessoal, Lda.",Borba,Continu,ERC,3
MED-PT-1656,Rádio Botareu,PT,Portugal,pt,RADIO,Radios Régionales,Actualités-Infos Générales,Régionale/Départementale,,"Sons da Botaréu - Actividades de Rádio, Unipessoal, Lda.",Águeda,Continu,ERC,3
MED-PT-1657,Rádio Brigantia,PT,Portugal,pt,RADIO,Radios Régionales,Actualités-Infos Générales,Régionale/Départementale,,"Cooperativa de Radiodifusão Brigantia, CRL",Bragança,Continu,ERC,3
MED-PT-1658,Rádio Cais 106. 1FM,PT,Portugal,pt,RADIO,Radios Régionales,Actualités-Infos Générales,Régionale/Départementale,,"Rádio Cais, CRL",São Roque do Pico,Continu,ERC,3
MED-PT-1659,Rádio Caldas,PT,Portugal,pt,RADIO,Radios Régionales,Actualités-Infos Générales,Régionale/Départementale,,"Pense Positivo - Radiodifusão, Lda",Lisboa,Continu,ERC,3
MED-PT-1660,Radio Calheta,PT,Portugal,pt,RADIO,Radios Régionales,Actualités-Infos Générales,Régionale/Départementale,,"Radiurbe - Produção e Comércio de Publicidade Rádio Unipessoal, Lda",Calheta,Continu,ERC,3
MED-PT-1661,Rádio Campanário,PT,Portugal,pt,RADIO,Radios Régionales,Actualités-Infos Générales,Régionale/Départementale,,"Rádio Campanário - Voz de Vila Viçosa, CRL",Vila Viçosa,Continu,ERC,3
MED-PT-1662,Rádio Campo Maior,PT,Portugal,pt,RADIO,Radios Régionales,Actualités-Infos Générales,Régionale/Départementale,,"Palavras Originais, Lda.",Elvas,Continu,ERC,3
MED-PT-1663,Rádio Canção Nova,PT,Portugal,pt,RADIO,Radios Régionales,Actualités-Infos Générales,Régionale/Départementale,,"Rádio Clube de Ourém, Lda.",Fátima,Continu,ERC,3
MED-PT-1664,Rádio Cantinho da Madeira,PT,Portugal,pt,RADIO,Radios Web/Podcasts,Actualités-Infos Générales,Régionale/Départementale,https://www.cantinhodamadeira.pt,Cesário Porfírio Oliveira Camacho,Funchal,Continu,ERC,3
MED-PT-1665,Rádio Cardal,PT,Portugal,pt,RADIO,Radios Régionales,Actualités-Infos Générales,Régionale/Départementale,,"Rádio Cardal, Lda.",Pombal,Continu,ERC,3
MED-PT-1666,Rádio Caria,PT,Portugal,pt,RADIO,Radios Régionales,Actualités-Infos Générales,Régionale/Départementale,,"TVC Televisão do Centro, Lda.",Valongo do Vouga,Continu,ERC,3
MED-PT-1667,Rádio Castrense,PT,Portugal,pt,RADIO,Radios Régionales,Actualités-Infos Générales,Régionale/Départementale,,"Cortiçol - Cooperativa de Informação e Cultura, CRL.",Castro Verde,Continu,ERC,3
MED-PT-1668,Rádio Cávado,PT,Portugal,pt,RADIO,Radios Régionales,Actualités-Infos Générales,Régionale/Départementale,,"Justpoetic, Lda",Portalegre,Continu,ERC,3
MED-PT-1669,Rádio Caxinas,PT,Portugal,pt,RADIO,Radios Web/Podcasts,Actualités-Infos Générales,Régionale/Départementale,https://radiocaxinas.com,Luís Miguel Maravalhas da Cunha,Vila do Conde,Continu,ERC,3
MED-PT-1670,Rádio Cereja do Fundão,PT,Portugal,pt,RADIO,Radios Web/Podcasts,Actualités-Infos Générales,Régionale/Départementale,https://radio-cereja-do-fundao.webnode.pt,Carlos Damião Duarte,Fundão,Continu,ERC,3
MED-PT-1671,Rádio Cidade de Lamego,PT,Portugal,pt,RADIO,Radios Web/Podcasts,Actualités-Infos Générales,Régionale/Départementale,http://www.radiocidadedelamego.pt,"Rádio Cidade de Lamego, Sociedade Unipessoal, Lda",Lamego,Continu,ERC,3
MED-PT-1672,Rádio Cidade de Tomar,PT,Portugal,pt,RADIO,Radios Régionales,Actualités-Infos Générales,Régionale/Départementale,,"Empresa Editora Cidade de Tomar, Lda.",Tomar,Continu,ERC,3
MED-PT-1673,Rádio Cidade Hoje,PT,Portugal,pt,RADIO,Radios Régionales,Actualités-Infos Générales,Régionale/Départementale,,Círculo de Cultura Famalicense,Vila Nova de Famalicão,Continu,ERC,3
MED-PT-1674,Rádio Cidade Nova,PT,Portugal,pt,RADIO,Radios Web/Podcasts,Actualités-Infos Générales,Régionale/Départementale,http://radiocidadenova.com,"Centro Cultural, Desportivo e Recreativo - Cooperativa Cultural, CRL.",Vila Nova de Santo André,Continu,ERC,3
MED-PT-1675,Rádio Club de Armamar,PT,Portugal,pt,RADIO,Radios Régionales,Actualités-Infos Générales,Régionale/Départementale,,"Radio Club de Armamar - Produções Radiofónicas, Unipessoal, Lda.",Armamar,Continu,ERC,3
MED-PT-1676,Rádio Clube,PT,Portugal,pt,RADIO,Radios Régionales,Actualités-Infos Générales,Régionale/Départementale,,"Rádio Clube (Madeira), Lda.",Funchal,Continu,ERC,3
MED-PT-1677,Rádio Clube Aguiarense,PT,Portugal,pt,RADIO,Radios Régionales,Actualités-Infos Générales,Régionale/Départementale,,"Rádio Clube Aguiarense, C.R.L.",Parada de Aguiar,Continu,ERC,3
MED-PT-1678,Rádio Clube da Feira,PT,Portugal,pt,RADIO,Radios Régionales,Actualités-Infos Générales,Régionale/Départementale,,"Rádio Clube da Feira, Emissor das Terras de Sta. Maria, CRL",Santa Maria da Feira,Continu,ERC,3
MED-PT-1679,Rádio Clube da Lourinhã,PT,Portugal,pt,RADIO,Radios Régionales,Actualités-Infos Générales,Régionale/Départementale,,"Rádio Clube da Lourinhã, CRL",Capelas,Continu,ERC,3
MED-PT-1680,Rádio Clube de Alcoutim,PT,Portugal,pt,RADIO,Radios Régionales,Actualités-Infos Générales,Régionale/Départementale,,"Rádio Clube de Alcoutim, Lda",Cerro dos Balurcos,Continu,ERC,3
MED-PT-1681,Rádio Clube de Angra,PT,Portugal,pt,RADIO,Radios Régionales,Actualités-Infos Générales,Régionale/Départementale,,Rádio Clube de Angra,Angra do Heroísmo,Continu,ERC,3
MED-PT-1682,Rádio Clube de Arganil,PT,Portugal,pt,RADIO,Radios Régionales,Actualités-Infos Générales,Régionale/Départementale,,"Rádio Clube de Arganil - Cooperativa de Rádio, CRL",Arganil,Continu,ERC,3
MED-PT-1683,Rádio Clube de Grândola,PT,Portugal,pt,RADIO,Radios Régionales,Actualités-Infos Générales,Régionale/Départementale,,"Rádio Clube de Grândola, CRL",Grândola,Continu,ERC,3
MED-PT-1684,Rádio Clube de Lamego,PT,Portugal,pt,RADIO,Radios Régionales,Actualités-Infos Générales,Régionale/Départementale,,"Rádio Clube de Lamego, Lda.",Lamego,Continu,ERC,3
MED-PT-1685,Rádio Clube de Penafiel,PT,Portugal,pt,RADIO,Radios Régionales,Actualités-Infos Générales,Régionale/Départementale,,"Rádio Clube de Penafiel Cooperativa Radiofónica, CRL",Penafiel,Continu,ERC,3
MED-PT-1686,Rádio Clube de Pombal,PT,Portugal,pt,RADIO,Radios Régionales,Actualités-Infos Générales,Régionale/Départementale,,"Rádio Clube de Pombal, CRL",Pombal,Continu,ERC,3
MED-PT-1687,Rádio Clube de Sintra,PT,Portugal,pt,RADIO,Radios Régionales,Actualités-Infos Générales,Régionale/Départementale,,"Rádio Clube de Sintra, Lda.",Sintra,Continu,ERC,3
MED-PT-1688,Rádio Clube do Dão,PT,Portugal,pt,RADIO,Radios Web/Podcasts,Actualités-Infos Générales,Régionale/Départementale,https://www.radioclubedodao.blogspot.pt,Jorge Paulo Pais Henriques,Aguieira,Continu,ERC,3
MED-PT-1689,Rádio Clube Marinhense,PT,Portugal,pt,RADIO,Radios Régionales,Actualités-Infos Générales,Régionale/Départementale,,"MG - Rádio e Comunicação da Marinha Grande, Lda",Marinha Grande,Continu,ERC,3
MED-PT-1690,Rádio Clube Paços Ferreira,PT,Portugal,pt,RADIO,Radios Régionales,Actualités-Infos Générales,Régionale/Départementale,,"Rádio Paços - Comunicação Regional, Lda.",Paços de Ferreira,Continu,ERC,3
MED-PT-1691,Rádio Clube Santa Marta,PT,Portugal,pt,RADIO,Radios Web/Podcasts,Actualités-Infos Générales,Régionale/Départementale,https://radioclubesantamarta.blogspot.com,Damásio Manuel Queirós Ribeiro,Souto,Continu,ERC,3
MED-PT-1692,Rádio Comercial dos Açores,PT,Portugal,pt,RADIO,Radios Régionales,Actualités-Infos Générales,Régionale/Départementale,,"Rádio Comercial dos Açores, Lda",Ponta Delgada,Continu,ERC,3
MED-PT-1693,Rádio Condestável,PT,Portugal,pt,RADIO,Radios Régionales,Actualités-Infos Générales,Régionale/Départementale,,Associação Cultural e Recreativa Rádio Condestável,Cernache do Bonjardim,Continu,ERC,3
MED-PT-1694,Rádio Coração Divertido,PT,Portugal,pt,RADIO,Radios Web/Podcasts,Actualités-Infos Générales,Régionale/Départementale,https://radiocoracaodivertido.pt,Alexandre Manuel de Oliveira Abrantes,Avelãs de Cima,Continu,ERC,3
MED-PT-1695,Rádio Cordial,PT,Portugal,pt,RADIO,Radios Web/Podcasts,Actualités-Infos Générales,Régionale/Départementale,https://www.radiocordial.pt,José Isidoro dos Santos Fernandes,Segunda Lombada,Continu,ERC,3
MED-PT-1696,Rádio Costa do Sol,PT,Portugal,pt,RADIO,Radios Web/Podcasts,Actualités-Infos Générales,Régionale/Départementale,https://www.radiocostadosol.pt,Joaquim Pedro Gonçalves Morgado,Tires,Continu,ERC,3
MED-PT-1697,Radio Cova da Beira,PT,Portugal,pt,RADIO,Radios Régionales,Actualités-Infos Générales,Régionale/Départementale,,"RCB - Rádio Cova da Beira, CRL",Fundão,Continu,ERC,3
MED-PT-1698,Rádio Cultural da Filarmónica Pampilhosense,PT,Portugal,pt,RADIO,Radios Web/Podcasts,Actualités-Infos Générales,Régionale/Départementale,https://filarmonicapampilhosense.pt/radio,Filarmónica Pampilhosense,Pampilhosa,Continu,ERC,3
MED-PT-1699,Rádio Cultural de Cerveira,PT,Portugal,pt,RADIO,Radios Régionales,Actualités-Infos Générales,Régionale/Départementale,,"Rádio Cultural de Cerveira - Cooperativa de Radiodifusão, CRL",Vila Nova de Cerveira,Continu,ERC,3
MED-PT-1700,Rádio da Igreja Salvação de Todas as Nações Sol da Justiça - RISTNSJ,PT,Portugal,pt,RADIO,Radios Web/Podcasts,Actualités-Infos Générales,Régionale/Départementale,https://radiodaigrejadasalva.webradiosite.com,Iolanda Irene Miguel Luamba,Leiria,Continu,ERC,3
MED-PT-1701,Rádio D. Bosco FM (Lamego),PT,Portugal,pt,RADIO,Radios Régionales,Actualités-Infos Générales,Régionale/Départementale,,"Rádio João Bosco, Lda.",Vilarinho de Tanha,Continu,ERC,3
MED-PT-1702,Rádio D. Bosco FM (Trancoso),PT,Portugal,pt,RADIO,Radios Régionales,Actualités-Infos Générales,Régionale/Départementale,,"Rádio João Bosco, Lda.",Vilarinho de Tanha,Continu,ERC,3
MED-PT-1703,Rádio D. Fuas,PT,Portugal,pt,RADIO,Radios Régionales,Actualités-Infos Générales,Régionale/Départementale,,"Cincup - Cooperativa de Informação e Cultura de Porto de Mós, C.R.L.",Porto de Mós,Continu,ERC,3
MED-PT-1704,Rádio Diana,PT,Portugal,pt,RADIO,Radios Régionales,Actualités-Infos Générales,Régionale/Départementale,,"Diana FM - Radiodifusão Unipessoal, Lda.",Évora,Continu,ERC,3
MED-PT-1705,Rádio Doce Amiga,PT,Portugal,pt,RADIO,Radios Web/Podcasts,Actualités-Infos Générales,Régionale/Départementale,https://www.radiodoceamiga.pt,Doçuras Divertidas - Associação de Ação Social,Ermesinde,Continu,ERC,3
MED-PT-1706,Rádio Douro FM,PT,Portugal,pt,RADIO,Radios Régionales,Actualités-Infos Générales,Régionale/Départementale,,"Douro FM, CRL",Godim,Continu,ERC,3
MED-PT-1707,Rádio Dueça,PT,Portugal,pt,RADIO,Radios Régionales,Actualités-Infos Générales,Régionale/Départementale,,"Rádio Dueça Informiranda, CRL",Miranda do Corvo,Continu,ERC,3
MED-PT-1708,Rádio Ecos da Raia,PT,Portugal,pt,RADIO,Radios Régionales,Actualités-Infos Générales,Régionale/Départementale,,"Ecos da Raia - Publicidade e Rádio, Lda.",Mazedo,Continu,ERC,3
MED-PT-1709,Rádio Elmo,PT,Portugal,pt,RADIO,Radios Régionales,Actualités-Infos Générales,Régionale/Départementale,,"Rádio Elmo, Lda.",Pinhel,Continu,ERC,3
MED-PT-1710,Rádio Elvas,PT,Portugal,pt,RADIO,Radios Régionales,Actualités-Infos Générales,Régionale/Départementale,,"Ser - Sociedade Elvense de Radiodifusão, Lda.",Elvas,Continu,ERC,3
MED-PT-1711,Rádio Escuro,PT,Portugal,pt,RADIO,Radios Régionales,Actualités-Infos Générales,Régionale/Départementale,,"Rádio Escuro, CRL",Vila Nova de Paiva,Continu,ERC,3
MED-PT-1712,Radioeste,PT,Portugal,pt,RADIO,Radios Régionales,Actualités-Infos Générales,Régionale/Départementale,,"Narrativas e Ficções - Unipessoal, Lda.",Melroeira,Continu,ERC,3
MED-PT-1713,Rádio Estrada Nacional 2,PT,Portugal,pt,RADIO,Radios Web/Podcasts,Actualités-Infos Générales,Régionale/Départementale,https://radioestradanacional2.minhawebradio.com,Pedro António Lopes Simões,Cheira,Continu,ERC,3
MED-PT-1714,Rádio Êxitos Portugueses,PT,Portugal,pt,RADIO,Radios Web/Podcasts,Actualités-Infos Générales,Régionale/Départementale,https://www.radioexitosportugueses.com,Mário José Pacheco Teixeira,Sobrosa,Continu,ERC,3
MED-PT-1715,Rádio F,PT,Portugal,pt,RADIO,Radios Régionales,Actualités-Infos Générales,Régionale/Départementale,,Fundação Frei Pedro,Guarda,Continu,ERC,3
MED-PT-1716,Rádio Fado de Coimbra,PT,Portugal,pt,RADIO,Radios Web/Podcasts,Actualités-Infos Générales,Régionale/Départementale,https://www.radiofadodecoimbra.pt,"Rádio Regional do Centro,Lda",Condeixa-a-Velha,Continu,ERC,3
MED-PT-1717,Rádio Felgueiras,PT,Portugal,pt,RADIO,Radios Régionales,Actualités-Infos Générales,Régionale/Départementale,,"Rádio Felgueiras - Cooperativa de Meios Audiovisuais de Comunicação Social, CRL",Felgueiras,Continu,ERC,3
MED-PT-1718,Rádio Festival,PT,Portugal,pt,RADIO,Radios Régionales,Actualités-Infos Générales,Régionale/Départementale,,"Frequência Máxima - Gestão de Rádio, Lda.",Matosinhos,Continu,ERC,3
MED-PT-1719,Rádio Festival Madeira,PT,Portugal,pt,RADIO,Radios Régionales,Actualités-Infos Générales,Régionale/Départementale,,"Ramos, Marques e Vasconcelos, Lda",Bemposta,Continu,ERC,3
MED-PT-1720,Rádio Freamunde,PT,Portugal,pt,RADIO,Radios Web/Podcasts,Actualités-Infos Générales,Régionale/Départementale,https://www.radiofreamunde.pt,Arnaldo Ferreira Baptista de Meireles,Paços de Ferreira,Continu,ERC,3
MED-PT-1721,Rádio Freguesia de Belém,PT,Portugal,pt,RADIO,Radios Web/Podcasts,Actualités-Infos Générales,Régionale/Départementale,https://www.radiobelem.jf-belem.pt,Junta de Freguesia de Belém,Lisboa,Continu,ERC,3
MED-PT-1722,Rádio Fronteira,PT,Portugal,pt,RADIO,Radios Régionales,Actualités-Infos Générales,Régionale/Départementale,,"RSF - Radiodifusão, Lda.",Maia,Continu,ERC,3
MED-PT-1723,Rádio Fundação FM,PT,Portugal,pt,RADIO,Radios Régionales,Actualités-Infos Générales,Régionale/Départementale,,"Interlocal - Comunicação, Lda",Guimarães,Continu,ERC,3
MED-PT-1724,Rádio Geice,PT,Portugal,pt,RADIO,Radios Régionales,Actualités-Infos Générales,Régionale/Départementale,,GEICE - Grupo de Estudos e Investigação de Ciências Experimentais,Viana do Castelo,Continu,ERC,3
MED-PT-1725,Rádio Gilão,PT,Portugal,pt,RADIO,Radios Régionales,Actualités-Infos Générales,Régionale/Départementale,,"Rádio Gilão Tavira - Cooperativa de Radiodifusão, C.R.L.",Tavira,Continu,ERC,3
MED-PT-1726,Rádio Ginga,PT,Portugal,pt,RADIO,Radios Web/Podcasts,Actualités-Infos Générales,Régionale/Départementale,https://radioginga.pt,José Carlos Tristão Costa Duarte,Funchal,Continu,ERC,3
MED-PT-1727,Rádio Graciosa,PT,Portugal,pt,RADIO,Radios Régionales,Actualités-Infos Générales,Régionale/Départementale,,"Sociedade de Radiodifusão Graciosense, Lda.",Santa Cruz da Graciosa,Continu,ERC,3
MED-PT-1728,Rádio Guadiana,PT,Portugal,pt,RADIO,Radios Régionales,Actualités-Infos Générales,Régionale/Départementale,,"Guadisom - Sociedade de Radiodifusão Guadiana, Lda.",Vila Real de Santo António,Continu,ERC,3
MED-PT-1729,Rádio H2O,PT,Portugal,pt,RADIO,Radios Web/Podcasts,Actualités-Infos Générales,Régionale/Départementale,https://radioh2o.pt,Cristiano Marques Vagos,Nazaré,Continu,ERC,3
MED-PT-1730,Rádio Hertz,PT,Portugal,pt,RADIO,Radios Régionales,Actualités-Infos Générales,Régionale/Départementale,,Associação Cultural e Recreativa - Rádio Hertz,Tomar,Continu,ERC,3
MED-PT-1731,Rádio Hiper FM,PT,Portugal,pt,RADIO,Radios Régionales,Actualités-Infos Générales,Régionale/Départementale,,"Rádio Hiper FM, Lda.",Rio Maior,Continu,ERC,3
MED-PT-1732,Rádio HipHop24,PT,Portugal,pt,RADIO,Radios Web/Podcasts,Actualités-Infos Générales,Régionale/Départementale,https://radiohiphop24.weebly.com,João Carlos Pina Alves Lopes Aguiar,Lisboa,Continu,ERC,3
MED-PT-1733,Rádio Horizonte,PT,Portugal,pt,RADIO,Radios Régionales,Actualités-Infos Générales,Régionale/Départementale,,"Ciclone - Publicações e Difusões, Lda",São Mateus,Continu,ERC,3
MED-PT-1734,Rádio Horizonte Algarve,PT,Portugal,pt,RADIO,Radios Régionales,Actualités-Infos Générales,Régionale/Départementale,,"Tavirádio - Cooperativa de Radiodifusão, C.R.L.",Tavira,Continu,ERC,3
MED-PT-1735,Rádio Horizonte Atlântico,PT,Portugal,pt,RADIO,Radios Web/Podcasts,Actualités-Infos Générales,Régionale/Départementale,https://radiohorizonteatla.wixsite.com/horizonteatlantico,Márcio Gomes Madeira Martins,Benfica do Ribatejo,Continu,ERC,3
MED-PT-1736,Rádio Ilha .Net,PT,Portugal,pt,RADIO,Radios Web/Podcasts,Actualités-Infos Générales,Régionale/Départementale,https://radioilha.top,Ana Rita Melo Pereira,São Roque,Continu,ERC,3
MED-PT-1737,Rádio Ilhéu,PT,Portugal,pt,RADIO,Radios Web/Podcasts,Actualités-Infos Générales,Régionale/Départementale,https://www.radioilheu.pt,Ana Paula Morais de Jesus,Vila do Topo,Continu,ERC,3
MED-PT-1738,Rádio Imagem,PT,Portugal,pt,RADIO,Radios Régionales,Actualités-Infos Générales,Régionale/Départementale,,"Associação de Promoção Social, Cultural e Desportiva de Fornos de Algodres",Fornos de Algodres,Continu,ERC,3
MED-PT-1739,Rádio Independente Paivense,PT,Portugal,pt,RADIO,Radios Régionales,Actualités-Infos Générales,Régionale/Départementale,,"Cooperativa Nova Paivense FM, CRL",Castelo de Paiva,Continu,ERC,3
MED-PT-1740,Rádio Inquieta,PT,Portugal,pt,RADIO,Radios Web/Podcasts,Actualités-Infos Générales,Régionale/Départementale,https://www.radioinquieta.com,Joaquim Filipe Fernandes Félix,Guimarães,Continu,ERC,3
MED-PT-1741,Rádio Jorginho Moreira,PT,Portugal,pt,RADIO,Radios Web/Podcasts,Actualités-Infos Générales,Régionale/Départementale,https://www.radiojm.pt,Paulo Jorge Moreira Silva Talina,Maia,Continu,ERC,3
MED-PT-1742,Rádio Jornal Caminhense,PT,Portugal,pt,RADIO,Radios Régionales,Actualités-Infos Générales,Régionale/Départementale,,"Rádio Jornal Caminhense, Lda.",Caminha,Continu,ERC,3
MED-PT-1743,Rádio Jornal de Setúbal,PT,Portugal,pt,RADIO,Radios Régionales,Actualités-Infos Générales,Régionale/Départementale,,"Rádio Jornal de Setúbal - Sociedade de Comunicação, Lda.",Setúbal,Continu,ERC,3
MED-PT-1744,Rádio Jornal do Centro,PT,Portugal,pt,RADIO,Radios Régionales,Actualités-Infos Générales,Régionale/Départementale,,"Soncentro - Emissora de Radio, Lda.",Viseu,Continu,ERC,3
MED-PT-1745,Rádio Jovem,PT,Portugal,pt,RADIO,Radios Régionales,Actualités-Infos Générales,Régionale/Départementale,,"Difusão de Ideias - Sociedade de Radiodifusão, Lda.",Lisboa,Continu,ERC,3
MED-PT-1746,Rádio Lafões,PT,Portugal,pt,RADIO,Radios Régionales,Actualités-Infos Générales,Régionale/Départementale,,"Rádio Lafões - Clube de Animação e Informação de Lafões, CRL",São Pedro do Sul,Continu,ERC,3
MED-PT-1747,Rádio Lagoa,PT,Portugal,pt,RADIO,Radios Régionales,Actualités-Infos Générales,Régionale/Départementale,,"Lagoanima - Empresa Radiofónica e de Comunicação da Lagoa, Lda.",Lagoa,Continu,ERC,3
MED-PT-1748,Rádio Lezíria,PT,Portugal,pt,RADIO,Radios Régionales,Actualités-Infos Générales,Régionale/Départementale,,"Lezíria - Comunicação Social, SA",Vila Franca de Xira,Continu,ERC,3
MED-PT-1749,Rádio Limite,PT,Portugal,pt,RADIO,Radios Régionales,Actualités-Infos Générales,Régionale/Départementale,,"Cooperativa de Produções Radiofónicas Rádio Limite de Castro Daire, CRL",Castro Daire,Continu,ERC,3
MED-PT-1750,Rádio Linda Mónica,PT,Portugal,pt,RADIO,Radios Web/Podcasts,Actualités-Infos Générales,Régionale/Départementale,https://www.lindamonica.pt,Arminda Ribeiro da Silva,Amadora,Continu,ERC,3
MED-PT-1751,Rádio Linear,PT,Portugal,pt,RADIO,Radios Régionales,Actualités-Infos Générales,Régionale/Départementale,,"Rádio Sem Fronteiras - Sociedade de Radiodifusão, S.A.",Terrugem,Continu,ERC,3
MED-PT-1752,Rádio Local de Barcelos,PT,Portugal,pt,RADIO,Radios Régionales,Actualités-Infos Générales,Régionale/Départementale,,"Publicelos - Publicidade de Barcelos, Lda.",Barcelos,Continu,ERC,3
MED-PT-1753,Rádio Lumena,PT,Portugal,pt,RADIO,Radios Régionales,Actualités-Infos Générales,Régionale/Départementale,,"Cooperativa de Difusão Cultural Jorgense, C.R.L.",Velas,Continu,ERC,3
MED-PT-1754,Rádio M24,PT,Portugal,pt,RADIO,Radios Régionales,Actualités-Infos Générales,Régionale/Départementale,,"Antena Miróbriga - Cooperativa de Serviços, CRL",Santiago do Cacém,Continu,ERC,3
MED-PT-1755,Rádio Mais FM,PT,Portugal,pt,RADIO,Radios Web/Podcasts,Actualités-Infos Générales,Régionale/Départementale,https://maisfm.pt,"Maisactual - Comunicação e Meios, Lda",Ferreiros,Continu,ERC,3
MED-PT-1756,Rádio Marcoense,PT,Portugal,pt,RADIO,Radios Régionales,Actualités-Infos Générales,Régionale/Départementale,,"OCIM - Organização Cooperativa Informativa do Marco, C.R.L.",Marco de Canaveses,Continu,ERC,3
MED-PT-1757,Rádio Marginal,PT,Portugal,pt,RADIO,Radios Régionales,Actualités-Infos Générales,Régionale/Départementale,,"Marginaudio - Actividades Radiofónicas, Lda.",Lisboa,Continu,ERC,3
MED-PT-1758,Radio Maria,PT,Portugal,pt,RADIO,Radios Régionales,Actualités-Infos Générales,Régionale/Départementale,https://en.wikipedia.org/wiki/Radio_Maria,,,,WIKIPEDIA,3
MED-PT-1759,Rádio Maria Alentejo,PT,Portugal,pt,RADIO,Radios Régionales,Actualités-Infos Générales,Régionale/Départementale,,"97.5 FM - Rádio Portel, Unipessoal, Lda.",Évora,Continu,ERC,3
MED-PT-1760,Rádio Maria Porto,PT,Portugal,pt,RADIO,Radios Régionales,Actualités-Infos Générales,Régionale/Départementale,,"Moviface - Meios Publicitários, Lda",Carnaxide,Continu,ERC,3
MED-PT-1761,Radio Marinhais,PT,Portugal,pt,RADIO,Radios Régionales,Actualités-Infos Générales,Régionale/Départementale,,Clube Cultural Rádio Marinhais,Marinhais,Continu,ERC,3
MED-PT-1762,Rádio Marmeleira,PT,Portugal,pt,RADIO,Radios Web/Podcasts,Actualités-Infos Générales,Régionale/Départementale,https://radiomarmeleira.wixsite.com/r-marmeleira,António Augusto Ramos Pedroso,Vila da Marmeleira,Continu,ERC,3
MED-PT-1763,Rádio Matosinhos Online,PT,Portugal,pt,RADIO,Radios Web/Podcasts,Actualités-Infos Générales,Régionale/Départementale,https://www.radiomatosinhosonline.pt,Associação Recreativa de Informação e Comunicação Matosinhos - RMO,Senhora da Hora,Continu,ERC,3
MED-PT-1764,Rádio Mértola,PT,Portugal,pt,RADIO,Radios Régionales,Actualités-Infos Générales,Régionale/Départementale,,"Rádio Mértola, Lda.",Alcaria Ruiva,Continu,ERC,3
MED-PT-1765,Rádio Metropolitana Porto,PT,Portugal,pt,RADIO,Radios Web/Podcasts,Actualités-Infos Générales,Régionale/Départementale,https://www.radiometropolitanaporto.pt,Inês Maria Oliveira Santos,Porto,Continu,ERC,3
MED-PT-1766,Rádio Mira,PT,Portugal,pt,RADIO,Radios Web/Podcasts,Actualités-Infos Générales,Régionale/Départementale,https://www.radiomira.pt,Jorge Filipe Pinto de Jesus,Mira,Continu,ERC,3
MED-PT-1767,Rádio Miúdos,PT,Portugal,pt,RADIO,Radios Web/Podcasts,Actualités-Infos Générales,Régionale/Départementale,https://www.radiomiudos.pt,Verónica Ribeiro dos Milagres da Silva,Bombarral,Continu,ERC,3
MED-PT-1768,Rádio Montalegre,PT,Portugal,pt,RADIO,Radios Régionales,Actualités-Infos Générales,Régionale/Départementale,,"Infor Barroso - Informação, Lda",Montalegre,Continu,ERC,3
MED-PT-1769,Rádio Montanha,PT,Portugal,pt,RADIO,Radios Régionales,Actualités-Infos Générales,Régionale/Départementale,,"Rádio Clube das Lajes do Pico - A Voz da Montanha, CRL",Lajes do Pico,Continu,ERC,3
MED-PT-1770,Rádio Montemuro,PT,Portugal,pt,RADIO,Radios Régionales,Actualités-Infos Générales,Régionale/Départementale,,"Oficina de Video, Lda.",Cinfães,Continu,ERC,3
MED-PT-1771,Rádio Movimento PT On-Line,PT,Portugal,pt,RADIO,Radios Web/Podcasts,Actualités-Infos Générales,Régionale/Départementale,https://www.radiomovimento.pt,Arca de Ritmos - Associação Radiofónica Cultural e Artística,Lisboa,Continu,ERC,3
MED-PT-1772,Rádio MTop,PT,Portugal,pt,RADIO,Radios Web/Podcasts,Actualités-Infos Générales,Régionale/Départementale,http://www.radiomtop.pt,Rui Manuel Rodrigues Pedro,Criação Velha,Continu,ERC,3
MED-PT-1773,Rádio Nazaré,PT,Portugal,pt,RADIO,Radios Régionales,Actualités-Infos Générales,Régionale/Départementale,,Meia Maratona Internacional da Nazaré - Associação de Cultura e Desporto,Nazaré,Continu,ERC,3
MED-PT-1774,Rádio NoAr,PT,Portugal,pt,RADIO,Radios Régionales,Actualités-Infos Générales,Régionale/Départementale,,"Jornal da Trofa, Lda.",Maia,Continu,ERC,3
MED-PT-1775,Rádio NoAr Azeméis,PT,Portugal,pt,RADIO,Radios Régionales,Actualités-Infos Générales,Régionale/Départementale,,"Quarteto das Letras Unipessoal, Lda.",Maia,Continu,ERC,3
MED-PT-1776,Rádio Nova,PT,Portugal,pt,RADIO,Radios Régionales,Actualités-Infos Générales,Régionale/Départementale,,"SIRS - Sociedade Independente de Radiodifusão Sonora, S.A.",Maia,Continu,ERC,3
MED-PT-1777,Rádio Nova Cidade,PT,Portugal,pt,RADIO,Radios Régionales,Actualités-Infos Générales,Régionale/Départementale,,"Cooperativa do Ramo de Cultura Denominada Ecos do Norte, CRL",Ribeira Grande,Continu,ERC,3
MED-PT-1778,Rádio Nova Era (Paredes),PT,Portugal,pt,RADIO,Radios Régionales,Actualités-Infos Générales,Régionale/Départementale,,"Rádio Nova Era - Sociedade de Comunicação, SA",Vila Nova de Gaia,Continu,ERC,3
MED-PT-1779,Rádio Nova Era (Vila Nova de Gaia),PT,Portugal,pt,RADIO,Radios Régionales,Actualités-Infos Générales,Régionale/Départementale,,"Rádio Nova Era - Sociedade de Comunicação, SA",Vila Nova de Gaia,Continu,ERC,3
MED-PT-1780,Rádio Nova Nacional,PT,Portugal,pt,RADIO,Radios Web/Podcasts,Actualités-Infos Générales,Régionale/Départementale,https://radionovanacional.com,Carlos André Babo de Carvalho,Porto,Continu,ERC,3
MED-PT-1781,Rádio Nova Oeste,PT,Portugal,pt,RADIO,Radios Web/Podcasts,Actualités-Infos Générales,Régionale/Départementale,https://radionovaoeste.pt,Fábio Rafael Cruz Fernandes,Moínhos,Continu,ERC,3
MED-PT-1782,Rádio Nova Paixão,PT,Portugal,pt,RADIO,Radios Web/Podcasts,Actualités-Infos Générales,Régionale/Départementale,https://www.radionovapaixao.com,Romeu Francisco,Frossos,Continu,ERC,3
MED-PT-1783,Rádio Observador Leiria,PT,Portugal,pt,RADIO,Radios Régionales,Actualités-Infos Générales,Régionale/Départementale,,"EDR - Empresa de Difusão de Rádio, S.A.",Leiria,Continu,ERC,3
MED-PT-1784,Rádio Observador Lisboa,PT,Portugal,pt,RADIO,Radios Régionales,Actualités-Infos Générales,Régionale/Départementale,,"Rádio Horizonte Tejo - Radiodifusão, Comunicação e Meios, Unipessoal, Lda.",Bobadela,Continu,ERC,3
MED-PT-1785,Rádio Observador Viseu,PT,Portugal,pt,RADIO,Radios Régionales,Actualités-Infos Générales,Régionale/Départementale,,"Ao Tom Dela (Rádio), Lda",Lisboa,Continu,ERC,3
MED-PT-1786,Rádio Onda Celta,PT,Portugal,pt,RADIO,Radios Web/Podcasts,Actualités-Infos Générales,Régionale/Départementale,https://radioondacelta.pt,Agrupamento de Escolas de Briteiros,Briteiros São Salvador,Continu,ERC,3
MED-PT-1787,Rádio Onda Livre Macedense,PT,Portugal,pt,RADIO,Radios Régionales,Actualités-Infos Générales,Régionale/Départementale,,"Cooperativa de Informação e Cultura de Macedo Cavaleiros-Rádio Onda Livre Macedense, CRL",Macedo de Cavaleiros,Continu,ERC,3
MED-PT-1788,Rádio Ondas do Lima,PT,Portugal,pt,RADIO,Radios Régionales,Actualités-Infos Générales,Régionale/Départementale,,"Socirol - Sociedade de Radiodifusão Limiana, Lda.",Ponte de Lima,Continu,ERC,3
MED-PT-1789,Rádio Onda Viva,PT,Portugal,pt,RADIO,Radios Régionales,Actualités-Infos Générales,Régionale/Départementale,,"Rádio Onda Viva, SA",Póvoa de Varzim,Continu,ERC,3
MED-PT-1790,Rádio Online - Desporto nas Beiras,PT,Portugal,pt,RADIO,Radios Web/Podcasts,Actualités-Infos Générales,Régionale/Départementale,http://www.radio-desportonasbeiras.blogspot.pt,João Fernando Silva Cruz,Mangualde,Continu,ERC,3
MED-PT-1791,Rádio Orbital,PT,Portugal,pt,RADIO,Radios Régionales,Actualités-Infos Générales,Régionale/Départementale,,"Publidifusão, Sociedade de Radiodifusão e Publicidade, Lda.",Sacavém,Continu,ERC,3
MED-PT-1792,Rádio Ourique,PT,Portugal,pt,RADIO,Radios Régionales,Actualités-Infos Générales,Régionale/Départementale,,"Rádio Ourique, Lda.",Ourique,Continu,ERC,3
MED-PT-1793,Rádio Palmeira,PT,Portugal,pt,RADIO,Radios Régionales,Actualités-Infos Générales,Régionale/Départementale,,"Ramos, Marques e Vasconcelos, Lda",Bemposta,Continu,ERC,3
MED-PT-1794,Rádio PA News,PT,Portugal,pt,RADIO,Radios Web/Podcasts,Actualités-Infos Générales,Régionale/Départementale,https://radiopanews.pt,Fábio Rafael Cruz Fernandes,Moínhos,Continu,ERC,3
MED-PT-1795,Rádio Pax,PT,Portugal,pt,RADIO,Radios Régionales,Actualités-Infos Générales,Régionale/Départementale,,"Rádio Pax - Cooperativa de Serviços, CRL",Beja,Continu,ERC,3
MED-PT-1796,Rádio Pazamor e Alegria,PT,Portugal,pt,RADIO,Radios Web/Podcasts,Actualités-Infos Générales,Régionale/Départementale,https://www.rpa-alegria.com,João dos Santos de Oliveira,Mundão,Continu,ERC,3
MED-PT-1797,Rádio Pensar Fora da Caixa,PT,Portugal,pt,RADIO,Radios Web/Podcasts,Actualités-Infos Générales,Régionale/Départementale,https://www.radioforadacaixa.pt,"Sobreiro Duarte, Lda.",Caldas da Rainha,Continu,ERC,3
MED-PT-1798,Rádio Pico,PT,Portugal,pt,RADIO,Radios Régionales,Actualités-Infos Générales,Régionale/Départementale,,"Cooperativa de Radiodifusão do Pico, CRL",Madalena,Continu,ERC,3
MED-PT-1799,Rádio Planície,PT,Portugal,pt,RADIO,Radios Régionales,Actualités-Infos Générales,Régionale/Départementale,,"SEB - Sociedade Editorial Bética, Lda.",Moura,Continu,ERC,3
MED-PT-1800,Rádio Popular Afifense,PT,Portugal,pt,RADIO,Radios Régionales,Actualités-Infos Générales,Régionale/Départementale,,NAIAA - Núcleo Amador de Investigação Arqueológica de Afife,Afife,Continu,ERC,3
MED-PT-1801,Rádio Popular da Madeira,PT,Portugal,pt,RADIO,Radios Régionales,Actualités-Infos Générales,Régionale/Départementale,,"SPN - Sociedade Produtora de Notícias, Lda.",Funchal,Continu,ERC,3
MED-PT-1802,Rádio Popular de Soure,PT,Portugal,pt,RADIO,Radios Régionales,Actualités-Infos Générales,Régionale/Départementale,,"RPCS - Soure FM, Radiodifusão e Publicidade, Unipessoal, Lda.",Soure,Continu,ERC,3
MED-PT-1803,Radio Portalegre,PT,Portugal,pt,RADIO,Radios Régionales,Actualités-Infos Générales,Régionale/Départementale,,"Rádio Portalegre - Cooperativa de Rádio, Recreio e Animação, CRL",Portalegre,Continu,ERC,3
MED-PT-1804,Rádio Portimão,PT,Portugal,pt,RADIO,Radios Régionales,Actualités-Infos Générales,Régionale/Départementale,,"Código Suplente, Lda.",Carvoeiro,Continu,ERC,3
MED-PT-1805,Rádio Porto,PT,Portugal,pt,RADIO,Radios Web/Podcasts,Actualités-Infos Générales,Régionale/Départementale,https://radioporto.pt,Edmundo Jorge Lisboa de Oliveira e Camara Sampaio,Póvoa de Varzim,Continu,ERC,3
MED-PT-1806,Rádio Porto Moniz,PT,Portugal,pt,RADIO,Radios Régionales,Actualités-Infos Générales,Régionale/Départementale,,Associação Humanitária de Bombeiros Voluntários de São Vicente e Porto Moniz,Vila de São Vicente,Continu,ERC,3
MED-PT-1807,Rádio Portugal Antena Nacional,PT,Portugal,pt,RADIO,Radios Web/Podcasts,Actualités-Infos Générales,Régionale/Départementale,https://www.radiopan.pt,Jorge Miguel Oliveira Leite,Quinta da Lomba,Continu,ERC,3
MED-PT-1808,Rádio Portugal Somos Nós,PT,Portugal,pt,RADIO,Radios Web/Podcasts,Actualités-Infos Générales,Régionale/Départementale,https://www.radioportugalsomosnos.pt,Nuno Miguel de Sousa Prazeres,Queluz,Continu,ERC,3
MED-PT-1809,Rádio Positiva,PT,Portugal,pt,RADIO,Radios Régionales,Actualités-Infos Générales,Régionale/Départementale,,"Rádio Sem Fronteiras - Sociedade de Radiodifusão, S.A.",Terrugem,Continu,ERC,3
MED-PT-1810,Rádio Praia,PT,Portugal,pt,RADIO,Radios Régionales,Actualités-Infos Générales,Régionale/Départementale,,"Betamar - Rádio Ilha Dourada, Lda",Porto Santo,Continu,ERC,3
MED-PT-1811,Rádio Província,PT,Portugal,pt,RADIO,Radios Régionales,Actualités-Infos Générales,Régionale/Départementale,,"Rádio Província, Lda.",Anadia,Continu,ERC,3
MED-PT-1812,Rádio Quântica,PT,Portugal,pt,RADIO,Radios Web/Podcasts,Actualités-Infos Générales,Régionale/Départementale,https://radioquantica.com,Maria Inês Marques Guedes Borges Coutinho,Lisboa,Continu,ERC,3
MED-PT-1813,Rádio RCE - Golegã,PT,Portugal,pt,RADIO,Radios Régionales,Actualités-Infos Générales,Régionale/Départementale,,"CR - Comunicação Regional, Lda.",Tomar,Continu,ERC,3
MED-PT-1814,Rádio Região de Basto,PT,Portugal,pt,RADIO,Radios Régionales,Actualités-Infos Générales,Régionale/Départementale,,"Bastomédia - Produções de Rádio e Espectáculos, Lda.",Celorico de Basto,Continu,ERC,3
MED-PT-1815,Rádio Regional,PT,Portugal,pt,RADIO,Radios Web/Podcasts,Actualités-Infos Générales,Régionale/Départementale,https://radioregional.pt,"RCChaves Rádio Clube de Chaves FM, Unipessoal, Lda",Rebordelo,Continu,ERC,3
MED-PT-1816,Rádio Regional de Arouca,PT,Portugal,pt,RADIO,Radios Régionales,Actualités-Infos Générales,Régionale/Départementale,,"Rádio Regional de Arouca, Lda.",Arouca,Continu,ERC,3
MED-PT-1817,Rádio Regional de Valpaços,PT,Portugal,pt,RADIO,Radios Régionales,Actualités-Infos Générales,Régionale/Départementale,,"RCChaves Rádio Clube de Chaves FM, Unipessoal, Lda",Rebordelo,Continu,ERC,3
MED-PT-1818,Rádio Regional do Centro,PT,Portugal,pt,RADIO,Radios Régionales,Actualités-Infos Générales,Régionale/Départementale,,"Rádio Regional do Centro, Lda",Condeixa-A-Nova,Continu,ERC,3
MED-PT-1819,Rádio Regional Sabrosa,PT,Portugal,pt,RADIO,Radios Régionales,Actualités-Infos Générales,Régionale/Départementale,,"RCChaves Rádio Clube de Chaves FM, Unipessoal, Lda",Rebordelo,Continu,ERC,3
MED-PT-1820,Rádio Regional Vimioso,PT,Portugal,pt,RADIO,Radios Régionales,Actualités-Infos Générales,Régionale/Départementale,,"RCChaves Rádio Clube de Chaves FM, Unipessoal, Lda",Rebordelo,Continu,ERC,3
MED-PT-1821,Rádio Riba - Távora,PT,Portugal,pt,RADIO,Radios Régionales,Actualités-Infos Générales,Régionale/Départementale,,"Rádio Riba Távora, Moimenta da Beira, Cooperativa de Produções Radiofónicas, CRL",Moimenta da Beira,Continu,ERC,3
MED-PT-1822,Rádio Ribatejo,PT,Portugal,pt,WEB,Médias régionaux (hors PQR),Actualités-Infos Générales,Régionale/Départementale,http://www.radioribatejo.pt,Vitor Paulo Leitão Ferreira de Melo,Azambuja,Semestral,ERC,3
MED-PT-1823,Rádio Ritmos Online,PT,Portugal,pt,RADIO,Radios Web/Podcasts,Actualités-Infos Générales,Régionale/Départementale,https://www.radioritmos.com,Rádio Ritmos Online - Associação Cultural e Recreativa,Arreigada,Continu,ERC,3
MED-PT-1824,Rádio Salesiana 105.7,PT,Portugal,pt,RADIO,Radios Régionales,Actualités-Infos Générales,Régionale/Départementale,,"R.V.E.-Sociedade Radiofónica, Unipessoal, Lda.",Entroncamento,Continu,ERC,3
MED-PT-1825,Rádio Salesiana 90.1,PT,Portugal,pt,RADIO,Radios Régionales,Actualités-Infos Générales,Régionale/Départementale,,"R.V.E.-Sociedade Radiofónica, Unipessoal, Lda.",Entroncamento,Continu,ERC,3
MED-PT-1826,Rádio Santiago,PT,Portugal,pt,RADIO,Radios Régionales,Actualités-Infos Générales,Régionale/Départementale,,"Guimapress, S.A.",Guimarães,Continu,ERC,3
MED-PT-1827,Rádio Santiago Canal 2,PT,Portugal,pt,RADIO,Radios Web/Podcasts,Actualités-Infos Générales,Régionale/Départementale,https://www.guimaraesdigital.com/play/index.php,"Guimapress, S.A",Guimarães,Continu,ERC,3
MED-PT-1828,Rádio São Vicente,PT,Portugal,pt,RADIO,Radios Régionales,Actualités-Infos Générales,Régionale/Départementale,,Associação Humanitária de Bombeiros Voluntários de São Vicente e Porto Moniz,Vila de São Vicente,Continu,ERC,3
MED-PT-1829,Rádio Satélite,PT,Portugal,pt,RADIO,Radios Régionales,Actualités-Infos Générales,Régionale/Départementale,,"Bmhaudio Portugal Holdings, Unipessoal, Lda. & Comandita",Lisboa,Continu,ERC,3
MED-PT-1830,Rádio Saudade Portugal,PT,Portugal,pt,RADIO,Radios Web/Podcasts,Actualités-Infos Générales,Régionale/Départementale,https://www.radiosaudade.pt,"Rádio Regional do Centro,Lda",Condeixa-a-Velha,Continu,ERC,3
MED-PT-1831,Rádio Sem Limites Sintra,PT,Portugal,pt,RADIO,Radios Web/Podcasts,Actualités-Infos Générales,Régionale/Départementale,http://www.radiosemlimitessintra.com,RSL - Associação Rádio Sem Limites Sintra,Lameiras,Continu,ERC,3
MED-PT-1832,Rádio Sénior,PT,Portugal,pt,RADIO,Radios Web/Podcasts,Actualités-Infos Générales,Régionale/Départementale,https://www.radiosenior.pt,Santa Casa da Misericórdia de Pampilhosa da Serra,Pampilhosa da Serra,Continu,ERC,3
MED-PT-1833,Rádio Sines,PT,Portugal,pt,RADIO,Radios Régionales,Actualités-Infos Générales,Régionale/Départementale,,Associação Humanitária de Bombeiros Voluntários de Sines,Sines,Continu,ERC,3
MED-PT-1834,Rádio Singa,PT,Portugal,pt,RADIO,Radios Régionales,Actualités-Infos Générales,Régionale/Départementale,,"RS - Rádio Singa, CRL",Ferreira do Alentejo,Continu,ERC,3
MED-PT-1835,Rádio Soberania,PT,Portugal,pt,RADIO,Radios Régionales,Actualités-Infos Générales,Régionale/Départementale,,"Rádio Soberania Empresa de Radiodifusão, Lda",Águeda,Continu,ERC,3
MED-PT-1836,Rádio Sol,PT,Portugal,pt,RADIO,Radios Régionales,Actualités-Infos Générales,Régionale/Départementale,,"Ramos, Marques e Vasconcelos, Lda",Bemposta,Continu,ERC,3
MED-PT-1837,Rádio Sucesso,PT,Portugal,pt,RADIO,Radios Web/Podcasts,Actualités-Infos Générales,Régionale/Départementale,https://sucessosdaradio.com,Nuno José Abreu da Encarnação Figueira,Funchal,Continu,ERC,3
MED-PT-1838,Rádio Surpresa,PT,Portugal,pt,RADIO,Radios Web/Podcasts,Actualités-Infos Générales,Régionale/Départementale,http://www.radiosurpresa.com,Jorge Ferreira da Silva Pinto,São João da Madeira,Continu,ERC,3
MED-PT-1839,Rádio Swordfish,PT,Portugal,pt,RADIO,Radios Web/Podcasts,Actualités-Infos Générales,Régionale/Départementale,https://www.radioswordfish.com,Paulo Aurélio Moleta da Silva e Sousa,Porto,Continu,ERC,3
MED-PT-1840,Rádio Telefonia do Alentejo,PT,Portugal,pt,RADIO,Radios Régionales,Actualités-Infos Générales,Régionale/Départementale,,"Piçarra & CA, Lda.",Évora,Continu,ERC,3
MED-PT-1841,Rádio Terra Quente,PT,Portugal,pt,RADIO,Radios Régionales,Actualités-Infos Générales,Régionale/Départementale,,"SIT - Sociedade de Informação de Trás-os-Montes, Lda.",Mirandela,Continu,ERC,3
MED-PT-1842,Rádio Toca A Dançar,PT,Portugal,pt,RADIO,Radios Web/Podcasts,Actualités-Infos Générales,Régionale/Départementale,https://www.radiotocaadancar.com,Associação Recreativa Cultural Toca a Dançar - ARTAD,Matosinhos,Continu,ERC,3
MED-PT-1843,Rádio Torre de Moncorvo,PT,Portugal,pt,RADIO,Radios Régionales,Actualités-Infos Générales,Régionale/Départementale,,Associação Cultural de Torre de Moncorvo,Torre de Moncorvo,Continu,ERC,3
MED-PT-1844,Rádio Transforma,PT,Portugal,pt,RADIO,Radios Web/Podcasts,Actualités-Infos Générales,Régionale/Départementale,https://radiotransforma.net,"Querido Domingo - Comunicação, Lda.",Porto,Continu,ERC,3
MED-PT-1845,Rádio União - A Nossa Voz,PT,Portugal,pt,RADIO,Radios Web/Podcasts,Actualités-Infos Générales,Régionale/Départementale,https://www.radiouniao.pt,Associação de Apoio aos Deficientes Visuais do Distrito de Braga,Póvoa de Lanhoso,Continu,ERC,3
MED-PT-1846,Rádio Universidade de Coimbra,PT,Portugal,pt,RADIO,Radios Régionales,Actualités-Infos Générales,Régionale/Départementale,,Rádio Universidade de Coimbra - Associação Académica de Coimbra,Coimbra,Continu,ERC,3
MED-PT-1847,Rádio Universitária do Minho,PT,Portugal,pt,RADIO,Radios Régionales,Actualités-Infos Générales,Régionale/Départementale,,AAUMinho - Associação Académica da Universidade do Minho,Braga,Continu,ERC,3
MED-PT-1848,Rádio Valdevez,PT,Portugal,pt,RADIO,Radios Régionales,Actualités-Infos Générales,Régionale/Départementale,,Rádio Valdevez - Associação Cultural de Radiodifusão,Arcos de Valdevez,Continu,ERC,3
MED-PT-1849,Rádio Vale do Minho,PT,Portugal,pt,RADIO,Radios Régionales,Actualités-Infos Générales,Régionale/Départementale,,"Rádio Nova Contrasta -  Comunicação, Lda",Valença,Continu,ERC,3
MED-PT-1850,Rádio Valor Local,PT,Portugal,pt,RADIO,Radios Web/Podcasts,Actualités-Infos Générales,Régionale/Départementale,https://www.valorlocal.pt,"Metáforas & Parábolas, Unipessoal, Lda.",Azambuja,Continu,ERC,3
MED-PT-1851,Rádio Via Aberta,PT,Portugal,pt,RADIO,Radios Web/Podcasts,Actualités-Infos Générales,Régionale/Départementale,http://www.radioviaaberta.pt,Sérgio Manuel da Silva Antunes,Venda do Pinheiro,Continu,ERC,3
MED-PT-1852,Rádio Vida,PT,Portugal,pt,RADIO,Radios Régionales,Actualités-Infos Générales,Régionale/Départementale,,"Fernando Moura, Unipessoal Lda.",Arruda dos Vinhos,Continu,ERC,3
MED-PT-1853,Rádio Vida Nova,PT,Portugal,pt,RADIO,Radios Régionales,Actualités-Infos Générales,Régionale/Départementale,,"Rádio Vida Nova, CRL",Santiago da Guarda,Continu,ERC,3
MED-PT-1854,Rádio Vidigueira,PT,Portugal,pt,RADIO,Radios Régionales,Actualités-Infos Générales,Régionale/Départementale,,Associação Humanitária Bombeiros Voluntários da Vidigueira,Vidigueira,Continu,ERC,3
MED-PT-1855,Rádio Vila Franca,PT,Portugal,pt,RADIO,Radios Régionales,Actualités-Infos Générales,Régionale/Départementale,,"Pacheco & Freitas, Lda.",São Roque,Continu,ERC,3
MED-PT-1856,Rádio Vila Nova,PT,Portugal,pt,RADIO,Radios Web/Podcasts,Actualités-Infos Générales,Régionale/Départementale,https://www.rvn.pt,Associação Cívica Novo Fórum,Cucujães,Continu,ERC,3
MED-PT-1857,Rádio Vinhais,PT,Portugal,pt,RADIO,Radios Régionales,Actualités-Infos Générales,Régionale/Départementale,,"Cooperativa de Informação e Cultura Rádio Vinhais, CRL",Vinhais,Continu,ERC,3
MED-PT-1858,Rádio Viseu,PT,Portugal,pt,RADIO,Radios Web/Podcasts,Actualités-Infos Générales,Régionale/Départementale,https://www.radioviseu.com,David Earl Ball,Viseu,Continu,ERC,3
MED-PT-1859,Rádio Vizela,PT,Portugal,pt,RADIO,Radios Régionales,Actualités-Infos Générales,Régionale/Départementale,,"Rádio Vizela - Cooperativa de Radiodifusão, CRL",Santa Eulália,Continu,ERC,3
MED-PT-1860,Rádio Vouzela,PT,Portugal,pt,RADIO,Radios Régionales,Actualités-Infos Générales,Régionale/Départementale,,"Cooperativa Rádio Vouzela, CRL",Monte Cavalo,Continu,ERC,3
MED-PT-1861,Rádio Voz da Planície,PT,Portugal,pt,RADIO,Radios Régionales,Actualités-Infos Générales,Régionale/Départementale,,"Voz da Planície - Cooperativa Cultural de Animação Radiofónica, CRL",Beja,Continu,ERC,3
MED-PT-1862,Rádio Voz da Raia,PT,Portugal,pt,RADIO,Radios Régionales,Actualités-Infos Générales,Régionale/Départementale,,"Rádio Voz da Raia, Sociedade Unipessoal, Lda.",Penamacor,Continu,ERC,3
MED-PT-1863,Rádio Voz da Ria,PT,Portugal,pt,RADIO,Radios Régionales,Actualités-Infos Générales,Régionale/Départementale,,"Rádio Voz da Ria - Emissora Concelhia de Estarreja, CRL",Estarreja,Continu,ERC,3
MED-PT-1864,Rádio Voz de Alenquer,PT,Portugal,pt,RADIO,Radios Régionales,Actualités-Infos Générales,Régionale/Départementale,,"Presépio de Portugal - Comunicação Social, Unipessoal, Lda",Alenquer,Continu,ERC,3
MED-PT-1865,Rádio Voz de Basto,PT,Portugal,pt,RADIO,Radios Régionales,Actualités-Infos Générales,Régionale/Départementale,,"Basminho - Publicidade, Lda.",Refojos de Basto,Continu,ERC,3
MED-PT-1866,Rádio Voz de Esmoriz,PT,Portugal,pt,RADIO,Radios Régionales,Actualités-Infos Générales,Régionale/Départementale,,Comissão de Melhoramentos de Esmoriz,Esmoriz,Continu,ERC,3
MED-PT-1867,Rádio Voz de Reguengos,PT,Portugal,pt,RADIO,Radios Régionales,Actualités-Infos Générales,Régionale/Départementale,,Rádio Voz de Reguengos de Monsaraz CRL,Reguengos de Monsaraz,Continu,ERC,3
MED-PT-1868,Rádio Voz de Tarouca,PT,Portugal,pt,RADIO,Radios Web/Podcasts,Actualités-Infos Générales,Régionale/Départementale,http://www.radiovosdetarouca.com,António Manuel Carvalho Veloso,Tapadinha,Continu,ERC,3
MED-PT-1869,Rádio Voz de Vagos,PT,Portugal,pt,RADIO,Radios Régionales,Actualités-Infos Générales,Régionale/Départementale,,"Cooperativa Rádio Emissora Santo António de Vagos, C.R.L.",Corgo do Seixo de Baixo,Continu,ERC,3
MED-PT-1870,Radio Voz do Douro,PT,Portugal,pt,RADIO,Radios Régionales,Actualités-Infos Générales,Régionale/Départementale,,"Lamegráfica - Sociedade Comercial e Editorial, Lda.",São João da Pesqueira,Continu,ERC,3
MED-PT-1871,Rádio Voz do Marão,PT,Portugal,pt,RADIO,Radios Régionales,Actualités-Infos Générales,Régionale/Départementale,,"Basminho - Publicidade, Lda.",Refojos de Basto,Continu,ERC,3
MED-PT-1872,Rádio Voz do Norte,PT,Portugal,pt,RADIO,Radios Web/Podcasts,Actualités-Infos Générales,Régionale/Départementale,https://www.radiovozdonorte.pt,Agostinho José Ferreira da Silva,Vila Nova de Gaia,Continu,ERC,3
MED-PT-1873,Rádio Voz do Sorraia,PT,Portugal,pt,RADIO,Radios Régionales,Actualités-Infos Générales,Régionale/Départementale,,"A Voz do Sorraia - Emissor Regional do Concelho de Coruche, CRL",Coruche,Continu,ERC,3
MED-PT-1874,Rádio Voz do Tua,PT,Portugal,pt,RADIO,Radios Web/Podcasts,Actualités-Infos Générales,Régionale/Départementale,https://vozdotua.com,Armindo Diogo Santos,Felgueiras,Continu,ERC,3
MED-PT-1875,Rádio Web Pinhal Novo,PT,Portugal,pt,RADIO,Radios Web/Podcasts,Actualités-Infos Générales,Régionale/Départementale,https://radiowebpinhalnovo.webradiosite.com,Manuel Francisco de Oliveira Pinguinhas,Pinhal Novo,Continu,ERC,3
MED-PT-1876,Rádio Zarco,PT,Portugal,pt,RADIO,Radios Régionales,Actualités-Infos Générales,Régionale/Départementale,,"Ramos, Marques e Vasconcelos, Lda",Bemposta,Continu,ERC,3
MED-PT-1877,Rádio Zip Online,PT,Portugal,pt,RADIO,Radios Web/Podcasts,Actualités-Infos Générales,Régionale/Départementale,https://www.radiozip.pt,Associação de Inter-ajuda de Jovens - Eco-estilistas,Lisboa,Continu,ERC,3
MED-PT-1878,Raiano,PT,Portugal,pt,PRESSE,Médias régionaux (hors PQR),Actualités-Infos Générales,Régionale/Départementale,,Fábrica da Igreja Paroquial da Freguesia de Idanha-a-Nova,Idanha-A-Nova,Mensal,ERC,3
MED-PT-1879,Raio de Luz,PT,Portugal,pt,PRESSE,Médias régionaux (hors PQR),Actualités-Infos Générales,Régionale/Départementale,https://geral251.wixsite.com/cecas-raio-de-luz/jornal-raio-de-luz,Centro de Estudos Culturais e de Acção Social Raio de Luz,Sampaio,Mensal,ERC,3
MED-PT-1880,RaioX,PT,Portugal,pt,WEB,Médias spécialisés grand public,Actualités-Infos Générales,Nationale,https://www.raiox.pt,"Alfa Gama Beta, Lda.",Ramada,Mensal,ERC,3
MED-PT-1881,Ramo D'Além,PT,Portugal,pt,PRESSE,Médias régionaux (hors PQR),Actualités-Infos Générales,Régionale/Départementale,https://www.ramodalem.blogspot.com,Associação de Promoção da Freguesia do Cercal,Ninho de Águia,Mensal,ERC,3
MED-PT-1882,Razão Automóvel,PT,Portugal,pt,WEB,Médias spécialisés grand public,Auto-Moto-Cyclo,Nationale,https://www.razaoautomovel.com,"Blogenjoy - Media e Publicidade, Lda.",Arrentela,Diária,ERC,3
MED-PT-1883,RCA - Ribatejo,PT,Portugal,pt,RADIO,Radios Régionales,Actualités-Infos Générales,Régionale/Départementale,,"Rádio Comercial de Almeirim, Lda.",Almeirim,Continu,ERC,3
MED-PT-1884,RCC - Rádio Clube da Covilhã,PT,Portugal,pt,RADIO,Radios Régionales,Actualités-Infos Générales,Régionale/Départementale,,"RCC - Rádio Clube da Covilhã, CRL",Covilhã,Continu,ERC,3
MED-PT-1885,RCI,PT,Portugal,pt,RADIO,Radios Régionales,Actualités-Infos Générales,Régionale/Départementale,,"Rede Regional de Radiodifusão RCI, Lda.",Viseu,Continu,ERC,3
MED-PT-1886,RCM - Rádio C Matosinhos,PT,Portugal,pt,RADIO,Radios Web/Podcasts,Actualités-Infos Générales,Régionale/Départementale,https://radio-clube-de-matosinhos.webnode.pt,Ângelo Manuel dos Santos Monteiro,Porto,Continu,ERC,3
MED-PT-1887,RCM-Rádio do Concelho de Mafra,PT,Portugal,pt,RADIO,Radios Régionales,Actualités-Infos Générales,Régionale/Départementale,,"Mafra FM - Cooperativa de Radiodifusão, CRL",Mafra,Continu,ERC,3
MED-PT-1888,RCS - Rádio Cultura de Seia,PT,Portugal,pt,RADIO,Radios Régionales,Actualités-Infos Générales,Régionale/Départementale,,"Rede Regional de Radiodifusão RCI, Lda.",Viseu,Continu,ERC,3
MED-PT-1889,RD Rádio Despertar - Voz de Estremoz,PT,Portugal,pt,RADIO,Radios Régionales,Actualités-Infos Générales,Régionale/Départementale,,"RD Rádio Despertar - Voz de Estremoz, CRL",Estremoz,Continu,ERC,3
MED-PT-1890,RDS,PT,Portugal,pt,RADIO,Radios Régionales,Actualités-Infos Générales,Régionale/Départementale,,"RS - Rádio Seixal, Lda.",Paivas,Continu,ERC,3
MED-PT-1891,RDS 92.2,PT,Portugal,pt,RADIO,Radios Régionales,Actualités-Infos Générales,Régionale/Départementale,,"PFM - Radiodifusão, Lda",Santa Marta do Pinhal,Continu,ERC,3
MED-PT-1892,RDS 92.6,PT,Portugal,pt,RADIO,Radios Régionales,Actualités-Infos Générales,Régionale/Départementale,,"Rádio Clube da Pampilhosa - Cooperativa de Radiodifusão, Cultura e Recreio da Pampilhosa",Pampilhosa,Continu,ERC,3
MED-PT-1893,RDS 94.2,PT,Portugal,pt,RADIO,Radios Régionales,Actualités-Infos Générales,Régionale/Départementale,,"Narrativas & Melodias, Lda.",Santa Marta do Pinhal,Continu,ERC,3
MED-PT-1894,RDS Algarve,PT,Portugal,pt,RADIO,Radios Régionales,Actualités-Infos Générales,Régionale/Départementale,,"S.R.A - Sociedade de Radiodifusão de Albufeira, Lda.",Albufeira,Continu,ERC,3
MED-PT-1895,RDS Monsanto,PT,Portugal,pt,RADIO,Radios Régionales,Actualités-Infos Générales,Régionale/Départementale,,"Monsantorádio - Rádio Clube de Monsanto, Unipessoal, Lda.",Santa Marta do Pinhal,Continu,ERC,3
MED-PT-1896,Real Madrid TV,PT,Portugal,pt,TV,TV Grandes Chaînes,Actualités-Infos Générales,Nationale,https://pt.wikipedia.org/wiki/Real_Madrid_TV,,,,WIKIPEDIA,3
MED-PT-1897,Reconquista,PT,Portugal,pt,PRESSE,Médias régionaux (hors PQR),Actualités-Infos Générales,Régionale/Départementale,https://www.reconquista.pt,Fábrica da Igreja Paroquial de São Miguel da Sé,Castelo Branco,Semanal,ERC,3
MED-PT-1898,Record Algarve,PT,Portugal,pt,RADIO,Radios Régionales,Actualités-Infos Générales,Régionale/Départementale,,"R.T.A. - Sociedade de Radiodifusão e Telecomunicações de Albufeira, Unipessoal, Lda.",Albufeira,Continu,ERC,3
MED-PT-1899,Record FM,PT,Portugal,pt,RADIO,Radios Régionales,Actualités-Infos Générales,Régionale/Départementale,https://en.wikipedia.org/wiki/Record_FM_%28Portugal%29,,,,WIKIPEDIA,3
MED-PT-1900,Record Leiria,PT,Portugal,pt,RADIO,Radios Régionales,Actualités-Infos Générales,Régionale/Départementale,,"Record FM - Sociedade de Meios Audiovisuais de Sintra, Unipessoal Lda.",Terrugem,Continu,ERC,3
MED-PT-1901,Record Porto,PT,Portugal,pt,RADIO,Radios Régionales,Actualités-Infos Générales,Régionale/Départementale,,"Rádio Clube de Gaia - Serviço Local de Radiodifusão Sonora, SA",Vila Nova de Gaia,Continu,ERC,3
MED-PT-1902,Record Santarém,PT,Portugal,pt,RADIO,Radios Régionales,Actualités-Infos Générales,Régionale/Départementale,,"Rádio Pernes, Lda.",Santarém,Continu,ERC,3
MED-PT-1903,RecordTV,PT,Portugal,pt,TV,TV Grandes Chaînes,Actualités-Infos Générales,Nationale,,"Rede Record de Televisão - Europa, S.A.",Prior Velho,Continu,ERC,3
MED-PT-1904,Recursos Hídricos,PT,Portugal,pt,WEB,Médias spécialisés grand public,Actualités-Infos Générales,Nationale,https://www.aprh.pt/rh,Associação Portuguesa dos Recursos Hídricos,Lisboa,Semestral,ERC,3
MED-PT-1905,Rede Regional,PT,Portugal,pt,WEB,Médias régionaux (hors PQR),Actualités-Infos Générales,Régionale/Départementale,https://www.rederegional.com,"Conteúdos Globais, Lda.",Alcanhões,Diária,ERC,3
MED-PT-1906,Rede - Revista Digital Diocese Leiria-Fátima,PT,Portugal,pt,WEB,Médias associatifs,Social-Société,Régionale/Départementale,http://rede.leiria-fatima.pt,Diocese de Leiria - Fátima,Leiria,Semanal,ERC,3
MED-PT-1907,Reflexo Digital,PT,Portugal,pt,WEB,Médias régionaux (hors PQR),Actualités-Infos Générales,Régionale/Départementale,https://www.reflexodigital.com,"RFX, Lda.",Caldas das Taipas,Diária,ERC,3
MED-PT-1908,Reflexo - O Norte de Guimarães,PT,Portugal,pt,PRESSE,Médias régionaux (hors PQR),Actualités-Infos Générales,Régionale/Départementale,https://www.relexodigital.com,"RFX, Lda.",Caldas das Taipas,Mensal,ERC,3
MED-PT-1909,Refugiados,PT,Portugal,pt,PRESSE,Médias spécialisés grand public,Actualités-Infos Générales,Nationale,https://www.pacnur.org,Portugal com ACNUR - Fundação,Lisboa,Quadrimestral,ERC,3
MED-PT-1910,Região da Nazaré,PT,Portugal,pt,PRESSE,Médias régionaux (hors PQR),Actualités-Infos Générales,Régionale/Départementale,https://regiaodanazare.com,"Medioeste, Lda.",Caldas da Rainha,Mensal,ERC,3
MED-PT-1911,Região de Águeda,PT,Portugal,pt,WEB,Médias régionaux (hors PQR),Actualités-Infos Générales,Régionale/Départementale,https://regiaodeagueda.net,"Embraceprofit, Lda",Viseu,Mensal,ERC,3
MED-PT-1912,Região de Cister,PT,Portugal,pt,PRESSE,Médias régionaux (hors PQR),Actualités-Infos Générales,Régionale/Départementale,https://regiaodecister.pt,"Palavras Necessárias, Lda.",Alcobaça,Semanal,ERC,3
MED-PT-1913,Região de Coimbra,PT,Portugal,pt,WEB,Médias régionaux (hors PQR),Actualités-Infos Générales,Régionale/Départementale,https://www.regiaodecoimbra.pt,"Notícias Amplas - Unipessoal, Lda.",Viseu,Diária (dias úteis),ERC,3
MED-PT-1914,Região de Leiria,PT,Portugal,pt,PRESSE,Médias régionaux (hors PQR),Actualités-Infos Générales,Régionale/Départementale,https://www.regiaodeleiria.pt,"Empresa Jornalística Região de Leiria, Lda.",Leiria,Semanal,ERC,3
MED-PT-1915,Região de Lisboa,PT,Portugal,pt,PRESSE,Médias régionaux (hors PQR),Actualités-Infos Générales,Régionale/Départementale,https://regiaodelisboa.sapo.pt,"Words Wizard, Lda.",Lisboa,Mensal,ERC,3
MED-PT-1916,Região de Rio Maior,PT,Portugal,pt,WEB,Médias régionaux (hors PQR),Actualités-Infos Générales,Régionale/Départementale,https://regiaoriomaior.pt,Miguel Félix Paulo,Rio Maior,Diária,ERC,3
MED-PT-1917,Região de Terras de Santa Maria,PT,Portugal,pt,WEB,Médias régionaux (hors PQR),Actualités-Infos Générales,Régionale/Départementale,https://regiaodeterrasdesantamaria,EDV Comunicação Lda,Arrifana,Diária (dias úteis),ERC,3
MED-PT-1918,Regiãonline,PT,Portugal,pt,WEB,Médias régionaux (hors PQR),Actualités-Infos Générales,Régionale/Départementale,https://www.regiaonline.pt,Raquel Martins da Silva Filipe,Algueirão,Diária,ERC,3
MED-PT-1919,Regiões TV,PT,Portugal,pt,TV,TV Grandes Chaînes,Actualités-Infos Générales,Nationale,https://pt.wikipedia.org/wiki/Regi%C3%B5es_TV,,,,WIKIPEDIA,3
MED-PT-1920,Relações Internacionais,PT,Portugal,pt,PRESSE,Médias spécialisés grand public,Actualités-Infos Générales,Nationale,https://www.ipri.pt,Instituto Português de Relações Internacionais,Lisboa,Trimestral,ERC,3
MED-PT-1921,Renascença,PT,Portugal,pt,RADIO,Radios Nationales,Actualités-Infos Générales,Nationale,,"Rádio Renascença, Lda.",Lisboa,Continu,ERC,3
MED-PT-1922,Renascença Hotel Califórnia,PT,Portugal,pt,RADIO,Radios Web/Podcasts,Actualités-Infos Générales,Régionale/Départementale,https://www.rr.sapo.pt/ouvir-online-renascenca-hotel-california,"Rádio Renascença, Lda.",Lisboa,Continu,ERC,3
MED-PT-1923,Renascença Non Stop,PT,Portugal,pt,RADIO,Radios Web/Podcasts,Actualités-Infos Générales,Régionale/Départementale,https://rr.sapo.pt/ouvir-online-renascenca-nonstop,"Rádio Renascença, Lda.",Lisboa,Continu,ERC,3
MED-PT-1924,Renascença.pt,PT,Portugal,pt,RADIO,Radios Web/Podcasts,Actualités-Infos Générales,Régionale/Départementale,https://rr.sapo.pt/ouvir-online-renascenca-ponto-pt,"Rádio Renascença, Lda.",Lisboa,Continu,ERC,3
MED-PT-1925,Renascença Rock in Rio,PT,Portugal,pt,RADIO,Radios Web/Podcasts,Actualités-Infos Générales,Régionale/Départementale,https://rr.sapo.pt/ouvir-online-renascenca-rock-in-rio-2024,"Rádio Renascença, Lda.",Lisboa,Continu,ERC,3
MED-PT-1926,Renascimento,PT,Portugal,pt,PRESSE,Médias régionaux (hors PQR),Actualités-Infos Générales,Régionale/Départementale,,"Empresa Jornalística Renascimento, Lda.",Mangualde,Mensal,ERC,3
MED-PT-1927,Renovação,PT,Portugal,pt,WEB,Médias d'information générale (hors PQN),Actualités-Infos Générales,Nationale,https://www.jornal-renovacao.pt,"Renovar Vila do Conde, Lda.",Vila do Conde,Diária,ERC,3
MED-PT-1928,Renováveis Magazine,PT,Portugal,pt,PRESSE,Médias spécialisés grand public,Actualités-Infos Générales,Nationale,https://www.renovaveismagazine.pt,"Publindústria - Produção de Comunicação, Lda",Porto,Trimestral,ERC,3
MED-PT-1929,Rent Magazine,PT,Portugal,pt,WEB,Médias spécialisés grand public,Actualités-Infos Générales,Nationale,https://www.arac.pt,Associação Nacional dos Locadores de Veículos - ARAC,Lisboa,Trimestral,ERC,3
MED-PT-1930,Repórter de Gondomar,PT,Portugal,pt,PRESSE,Médias régionaux (hors PQR),Actualités-Infos Générales,Régionale/Départementale,,"Letras Valiosas, Lda",Gondomar,Mensal,ERC,3
MED-PT-1931,(REP) Rádio Esperança Popular,PT,Portugal,pt,RADIO,Radios Web/Podcasts,Actualités-Infos Générales,Régionale/Départementale,https://xn--radioesperanapopular-f1b.my.canva.site/rep,Orlando Manuel Leite Cruz,Pedroso,Continu,ERC,3
MED-PT-1932,República Portuguesa,PT,Portugal,pt,PRESSE,Médias d'information générale (hors PQN),Actualités-Infos Générales,Nationale,,António de Morais Sarmento dos Santos Lucas e Costa Brotas,Lisboa,Bianual,ERC,3
MED-PT-1933,Resende Informação,PT,Portugal,pt,PRESSE,Médias régionaux (hors PQR),Actualités-Infos Générales,Régionale/Départementale,,Município de Resende,Resende,Anual,ERC,3
MED-PT-1934,RES FM,PT,Portugal,pt,RADIO,Radios Régionales,Actualités-Infos Générales,Régionale/Départementale,,"Rádio 100 - Sociedade de Produções Audiovisuais, Lda.",Almeirim,Continu,ERC,3
MED-PT-1935,Revela Arrábida,PT,Portugal,pt,WEB,Médias régionaux (hors PQR),Actualités-Infos Générales,Régionale/Départementale,https://www.revelaarrabida.pt,Vírgulas Curiosas Lda.,Setúbal,Diária (dias úteis),ERC,3
MED-PT-1936,Revisores e Auditores,PT,Portugal,pt,PRESSE,Médias spécialisés grand public,Actualités-Infos Générales,Nationale,,Ordem dos Revisores Oficiais de Contas,Lisboa,Trimestral,ERC,3
MED-PT-1937,Revista a+,PT,Portugal,pt,PRESSE,Médias d'information générale (hors PQN),Actualités-Infos Générales,Nationale,,Miguel José Santos Gabriel,Tibalde,Trimestral,ERC,3
MED-PT-1938,Revista Agros,PT,Portugal,pt,PRESSE,Médias régionaux (hors PQR),Agroalimentaire-Agriculture,Régionale/Départementale,,"Agros - União das Cooperativas de Produtores de Leite de Entre Douro e Minho e Trás-os-Montes, UCRL",Argivai,Quadrimestral,ERC,3
MED-PT-1939,Revista Alentejo,PT,Portugal,pt,PRESSE,Médias régionaux (hors PQR),Actualités-Infos Générales,Régionale/Départementale,https://www.casadoalentejo.pt,Casa do Alentejo,Lisboa,Semestral,ERC,3
MED-PT-1940,Revista ANTRAL,PT,Portugal,pt,PRESSE,Médias spécialisés grand public,Actualités-Infos Générales,Nationale,,ANTRAL - Associação Nacional dos Transportadores Rodoviários em Automóveis Ligeiros,Lisboa,Trimestral,ERC,3
MED-PT-1941,Revista Antram,PT,Portugal,pt,PRESSE,Médias spécialisés grand public,Actualités-Infos Générales,Nationale,https://www.antram.pt,ANTRAM - Associação Nacional de Transportadores Públicos Rodoviários de Mercadorias,Lisboa,Trimestral,ERC,3
MED-PT-1942,Revista APEMIP,PT,Portugal,pt,PRESSE,Médias spécialisés grand public,Actualités-Infos Générales,Nationale,https://apemip.pt,Associação dos Profissionais e Empresas de Mediação Imobiliária de Portugal - APEMIP,Porto,Trimestral,ERC,3
MED-PT-1943,Revista Aqui é Fresco,PT,Portugal,pt,PRESSE,Médias spécialisés grand public,Actualités-Infos Générales,Nationale,http://www.aquiefresco.pt,"Aqui é Fresco - Sociedade de Desenvolvimento Retalhista, SA",Bobadela,Semestral,ERC,3
MED-PT-1944,Revista Atletismo,PT,Portugal,pt,WEB,Médias spécialisés grand public,Actualités-Infos Générales,Nationale,https://www.revistaatletismo.com,"Xistarca - Promoções e Publicações Desportivas, Lda.",Lisboa,Diária,ERC,3
MED-PT-1945,Revista Business Portugal,PT,Portugal,pt,PRESSE,Médias professionnels,Economie - Services,Nationale,https://www.revistabusinessportugal.pt,António Fernando Alves Rodrigues Silva,Vila Nova de Gaia,Bimestral,ERC,3
MED-PT-1946,Revista Canção Nova,PT,Portugal,pt,PRESSE,Médias associatifs,Social-Société,Nationale,https://cancaonova.pt,Comunidade Canção Nova,Fátima,Bimestral,ERC,3
MED-PT-1947,Revista Comunidades Portuguesas,PT,Portugal,pt,PRESSE,Médias régionaux (hors PQR),Actualités-Infos Générales,Régionale/Départementale,https://www.revistacomunidades.pt,"CEVID - Cedilha Evidente, Lda.",Coimbra,Bimestral,ERC,3
MED-PT-1948,Revista Crítica de Ciências Sociais,PT,Portugal,pt,PRESSE,Médias spécialisés grand public,Actualités-Infos Générales,Nationale,http://rccs.revues.org,Centro de Estudos Sociais,Coimbra,Trianual,ERC,3
MED-PT-1949,Revista da Armada,PT,Portugal,pt,PRESSE,Médias spécialisés grand public,Actualités-Infos Générales,Nationale,https://www.marinha.pt,Ministério da Defesa Nacional - Marinha,Lisboa,Mensal,ERC,3
MED-PT-1950,Revista da Dança,PT,Portugal,pt,WEB,Médias spécialisés grand public,Actualités-Infos Générales,Nationale,https://www.revistadadanca.com,Cais de Culturas - Associação,Lisboa,Bimestral,ERC,3
MED-PT-1951,Revista da Ordem dos Farmacêuticos,PT,Portugal,pt,PRESSE,Médias spécialisés grand public,Actualités-Infos Générales,Nationale,https://www.ordemfarmaceuticos.pt,Ordem dos Farmacêuticos,Lisboa,Anual,ERC,3
MED-PT-1952,Revista das Freguesias,PT,Portugal,pt,PRESSE,Médias spécialisés grand public,Actualités-Infos Générales,Nationale,https://www.aedrel.org,Associação de Estudos de Direito Regional e Local - AEDREL,Braga,Semestral,ERC,3
MED-PT-1953,Revista de Concorrência e Regulação,PT,Portugal,pt,WEB,Médias spécialisés grand public,Actualités-Infos Générales,Nationale,http://www.concorrencia.pt/vPT/Estudos_e_Publicacoes/Revista_CR/Paginas/Revista-CR.aspx,Autoridade da Concorrência+Instituto de Direito Económico Financeiro e Fiscal,Lisboa,Semestral,ERC,3
MED-PT-1954,Revista de Contabilidade e Comércio,PT,Portugal,pt,PRESSE,Médias d'information générale (hors PQN),Actualités-Infos Générales,Nationale,https://pt.wikipedia.org/wiki/Revista_de_Contabilidade_e_Com%C3%A9rcio,,,,WIKIPEDIA,3
MED-PT-1955,Revista de Contratos Públicos,PT,Portugal,pt,PRESSE,Médias spécialisés grand public,Actualités-Infos Générales,Nationale,http://www.fd.uc.pt/cedipre,Cedipre - Centro de Estudos de Direito Público e Regulação,Coimbra,Quadrimestral,ERC,3
MED-PT-1956,Revista de Direito Administrativo,PT,Portugal,pt,PRESSE,Médias professionnels,Droit,Nationale,,Luis Filipe Fonseca Verde de Sousa,Lisboa,Quadrimestral,ERC,3
MED-PT-1957,Revista de Direito Civil,PT,Portugal,pt,WEB,Médias professionnels,Droit,Nationale,https://www.revistadedireitocivil.pt,Instituto de Direito Privado - IDP,Lisboa,Semestral,ERC,3
MED-PT-1958,Revista de Direito Comercial,PT,Portugal,pt,WEB,Médias professionnels,Droit,Nationale,https://www.revistadedireitocomercial.com,Pedro Manuel de Melo Pais de Vasconcelos,Lisboa,Anual,ERC,3
MED-PT-1959,Revista de Direito da Responsabilidade,PT,Portugal,pt,WEB,Médias professionnels,Droit,Nationale,https://www.revistadireitoresponsabilidade.pt,Ana Mafalda Castanheira Neves de Miranda Barbosa,Coimbra,Diária,ERC,3
MED-PT-1960,Revista de Direito das Sociedades,PT,Portugal,pt,WEB,Médias professionnels,Droit,Nationale,https://www.revistadedireitodassociedades.pt,Instituto de Direito Privado - IDP,Lisboa,Semestral,ERC,3
MED-PT-1961,Revista de Direito do Desporto,PT,Portugal,pt,PRESSE,Médias spécialisés grand public,Sports,Nationale,,Federação Portuguesa de Futebol,Cruz Quebrada,Quadrimestral,ERC,3
MED-PT-1962,Revista de Direito Financeiro e dos Mercados de Capitais,PT,Portugal,pt,WEB,Médias professionnels,Banques-Finance,Nationale,https://rdfmc.com,"Blook, Lda.",Lisboa,Trianual,ERC,3
MED-PT-1963,Revista de Direito Intelectual,PT,Portugal,pt,PRESSE,Médias professionnels,Droit,Nationale,https://www.apdi.pt/revista-de-direito-intelectual,APDI - Associação Portuguesa de Direito Intelectual,Lisboa,Semestral,ERC,3
MED-PT-1964,Revista de Direito Local,PT,Portugal,pt,PRESSE,Médias professionnels,Droit,Nationale,,Associação de Estudos de Direito Regional e Local - AEDREL,Braga,Trimestral,ERC,3
MED-PT-1965,Revista de Espiritualidade,PT,Portugal,pt,PRESSE,Médias associatifs,Social-Société,Nationale,https://www.carmelo.pt,"Edições Carmelo - Edição de Publicações, Unipessoal, Lda",Marco de Canaveses,Trimestral,ERC,3
MED-PT-1966,Revista de Finanças Públicas e Direito Fiscal,PT,Portugal,pt,PRESSE,Médias professionnels,Droit,Nationale,https://www.ideff.pt,Instituto de Direito Económico Financeiro e Fiscal,Lisboa,Trimestral,ERC,3
MED-PT-1967,Revista de Fisioterapia Desportiva In Forma,PT,Portugal,pt,PRESSE,Médias spécialisés grand public,Sports,Nationale,https://www.revfisiodesp.pt,"Linha única - Edição e Comunicação em Saúde e Desporto, Lda.",São Mamede de Infesta,Bimestral,ERC,3
MED-PT-1968,Revista de Maçonaria,PT,Portugal,pt,PRESSE,Médias spécialisés grand public,Actualités-Infos Générales,Nationale,,"Fine Mirabilis Consulting, Lda.",Lisboa,Semestral,ERC,3
MED-PT-1969,Revista de Marinha,PT,Portugal,pt,PRESSE,Médias spécialisés grand public,Actualités-Infos Générales,Nationale,https://www.revistademarinha.com,"Barco à Vela Editora, Lda",Póvoa de Varzim,Bimestral,ERC,3
MED-PT-1970,Revista de Medicina Desportiva In Forma,PT,Portugal,pt,PRESSE,Médias spécialisés grand public,Sports,Nationale,https://www.revdesportiva.pt,"Linha única - Edição e Comunicação em Saúde e Desporto, Lda.",São Mamede de Infesta,Bimestral,ERC,3
MED-PT-1971,Revista de Partes – Perspectiva,PT,Portugal,pt,PRESSE,Médias d'information générale (hors PQN),Actualités-Infos Générales,Nationale,https://pt.wikipedia.org/wiki/Revista_de_Partes_%E2%80%93_Perspectiva,,,,WIKIPEDIA,3
MED-PT-1972,Revista de Portugal,PT,Portugal,pt,PRESSE,Médias d'information générale (hors PQN),Actualités-Infos Générales,Nationale,https://www.queirosiana.pt;confrariaqueirosiana.blogspot.pt,Amigos do Solar Condes de Resende-Confraria Queirosiana,Canelas,Anual,ERC,3
MED-PT-1973,Revista de Teatro e Música,PT,Portugal,pt,PRESSE,Médias d'information générale (hors PQN),Actualités-Infos Générales,Nationale,https://pt.wikipedia.org/wiki/Revista_de_Teatro_e_M%C3%BAsica,,,,WIKIPEDIA,3
MED-PT-1974,Revista de Vinhos - A Essência do Vinho,PT,Portugal,pt,PRESSE,Médias spécialisés grand public,Tourisme-Gastronomie,Nationale,,"Essência Eventos e Comunicação Unipessoal, Lda.",Porto,Mensal,ERC,3
MED-PT-1975,Revista do Agricultor,PT,Portugal,pt,PRESSE,Médias spécialisés grand public,Agroalimentaire-Agriculture,Nationale,https://www.cap.pt,Confederação dos Agricultores de Portugal - CAP,Lisboa,Bimestral,ERC,3
MED-PT-1976,Revista do Direito da Insolvência,PT,Portugal,pt,PRESSE,Médias professionnels,Droit,Nationale,https://www.almedina.net,"Ediçoes Almedina, SA",Coimbra,Anual,ERC,3
MED-PT-1977,Revista do Empreendedor,PT,Portugal,pt,WEB,Médias spécialisés grand public,Actualités-Infos Générales,Nationale,https://www.empreendedor.com,Carlos Miguel Santos Cordeiro,Odivelas,Diária,ERC,3
MED-PT-1978,Revista Dois,PT,Portugal,pt,PRESSE,Médias régionaux (hors PQR),Actualités-Infos Générales,Régionale/Départementale,http://www.revistadois.pt,Página em Branco - Associação de Comunicadores e Jornalistas Independentes,Faro,Anual,ERC,3
MED-PT-1979,Revista do Ministério Público,PT,Portugal,pt,PRESSE,Médias spécialisés grand public,Actualités-Infos Générales,Nationale,https://www.smmp.pt,Sindicato dos Magistrados do Ministério Público,Lisboa,Trimestral,ERC,3
MED-PT-1980,Revista dos Municípios,PT,Portugal,pt,PRESSE,Médias spécialisés grand public,Actualités-Infos Générales,Nationale,https://www.aedrel.org,Associação de Estudos de Direito Regional e Local - AEDREL,Braga,Semestral,ERC,3
MED-PT-1981,Revista dos Pneus,PT,Portugal,pt,PRESSE,Médias spécialisés grand public,Actualités-Infos Générales,Nationale,https://www.revistadospneus.com,João Filipe Ferreira Rodrigues Vieira,Agualva-Cacém,Anual,ERC,3
MED-PT-1982,Revista é Ribatejo,PT,Portugal,pt,PRESSE,Médias régionaux (hors PQR),Actualités-Infos Générales,Régionale/Départementale,https://www.eribatejo.pt,Manuel Alberto Ferreira Pinheiro Silva,Fazendas de Almeirim,Mensal,ERC,3
MED-PT-1983,Revista Fenacerci,PT,Portugal,pt,PRESSE,Médias spécialisés grand public,Actualités-Infos Générales,Nationale,https://www.fenacerci.pt,"FENACERCI-Federação Nacional de Cooperativas de Solidariedade Social, FCRL",Lisboa,Anual,ERC,3
MED-PT-1984,Revista Filosófica de Coimbra,PT,Portugal,pt,PRESSE,Médias régionaux (hors PQR),Actualités-Infos Générales,Régionale/Départementale,https://impactum-journals.uc.pt/rfc/issue/view/988,Universidade de Coimbra - Faculdade de Letras,Coimbra,Semestral,ERC,3
MED-PT-1985,Revista Flor de Lis,PT,Portugal,pt,PRESSE,Médias d'information générale (hors PQN),Actualités-Infos Générales,Nationale,https://pt.wikipedia.org/wiki/Revista_Flor_de_Lis,,,,WIKIPEDIA,3
MED-PT-1986,Revista Gerador,PT,Portugal,pt,PRESSE,Médias d'information générale (hors PQN),Actualités-Infos Générales,Nationale,https://www.gerador.eu,Associação Cultural Gerador,Lisboa,Semestral,ERC,3
MED-PT-1987,Revista Internacional de Arbitragem e Conciliação,PT,Portugal,pt,PRESSE,Médias spécialisés grand public,Actualités-Infos Générales,Nationale,https://www.arbitragem.pt,Associação Portuguesa de Arbitragem,Lisboa,Semestral,ERC,3
MED-PT-1988,Revista Internacional de Direito do Trabalho,PT,Portugal,pt,WEB,Médias professionnels,Droit,Nationale,https://www.ridt.pt,IDT - Instituto de Direito do Trabalho,Lisboa,Semestral,ERC,3
MED-PT-1989,Revista Internacional em Língua Portuguesa,PT,Portugal,pt,PRESSE,Médias spécialisés grand public,Actualités-Infos Générales,Nationale,https://www.aulp.org,Associação das Universidades de Língua Portuguesa (AULP),Lisboa,Semestral,ERC,3
MED-PT-1990,Revista Jazz.pt,PT,Portugal,pt,PRESSE,Médias d'information générale (hors PQN),Actualités-Infos Générales,Nationale,https://pt.wikipedia.org/wiki/Revista_Jazz.pt,,,,WIKIPEDIA,3
MED-PT-1991,Revista MA,PT,Portugal,pt,PRESSE,Médias spécialisés grand public,Actualités-Infos Générales,Nationale,https://revistama.cargo.site,AEFAUP - Associação de Estudantes da Faculdade de Arquitectura da Universidade do Porto,Porto,Anual,ERC,3
MED-PT-1992,Revista Militar,PT,Portugal,pt,PRESSE,Médias spécialisés grand public,Actualités-Infos Générales,Nationale,https://www.exercito.pt,Empresa da Revista Militar,Lisboa,Mensal,ERC,3
MED-PT-1993,Revista Motos 2000,PT,Portugal,pt,PRESSE,Médias spécialisés grand public,Auto-Moto-Cyclo,Nationale,,"Editorial Grupo V - Portugal, Lda",Covas,Mensal,ERC,3
MED-PT-1994,Revista Network Empresários e Negócios,PT,Portugal,pt,WEB,Médias régionaux (hors PQR),Economie - Services,Régionale/Départementale,https://www.aerlis.pt,AERLIS - Associação Empresarial da Região de Lisboa,Oeiras,Trimestral,ERC,3
MED-PT-1995,Revista Notícias do Jet7,PT,Portugal,pt,WEB,Médias spécialisés grand public,Actualités-Infos Générales,Nationale,https://www.jet7.pt,"Prime Press, Unipessoal, Lda.",Porto,Diária,ERC,3
MED-PT-1996,Revista Notícias do Pedal,PT,Portugal,pt,WEB,Blogs,Actualités-Infos Générales,Nationale,https://revistanoticiasdopedal.blogspot.com,José Manuel Cunha Morais,Mogos,Diária,ERC,3
MED-PT-1997,Revista NU,PT,Portugal,pt,PRESSE,Médias d'information générale (hors PQN),Actualités-Infos Générales,Nationale,https://pt.wikipedia.org/wiki/Revista_NU,,,,WIKIPEDIA,3
MED-PT-1998,Revista Oito,PT,Portugal,pt,PRESSE,Médias régionaux (hors PQR),Actualités-Infos Générales,Régionale/Départementale,,Ricardo Jorge Ferreira Rodrigues,Gouxaria,Anual,ERC,3
MED-PT-1999,Revista Portuguesa de Cardiologia - Portuguese Journal Of Cardiology,PT,Portugal,pt,WEB,Médias spécialisés grand public,Actualités-Infos Générales,Nationale,https://www.revportcardiol.org,Sociedade Portuguesa de Cardiologia,Lisboa,Mensal,ERC,3
MED-PT-2000,Revista Portuguesa de Ciência Criminal,PT,Portugal,pt,PRESSE,Médias spécialisés grand public,Actualités-Infos Générales,Nationale,,Instituto de Direito Penal Economico e Europeu,Coimbra,Quadrimestral,ERC,3
MED-PT-2001,Revista Portuguesa de Contabilidade,PT,Portugal,pt,WEB,Médias spécialisés grand public,Actualités-Infos Générales,Nationale,https://www.revistadecontabilidade.pt/index.php/rpc/login?source=%2Findex.php%2Frpc%2Findex,"O Informador Fiscal (OIF) - Edições Técnicas, Lda.",Porto,Anual,ERC,3
MED-PT-2002,Revista Portuguesa de Direito Constitucional,PT,Portugal,pt,WEB,Médias professionnels,Droit,Nationale,https://www.rpdc.pt,AATRIC - Associação dos Assessores do Tribunal Constitucional,Lisboa,Anual,ERC,3
MED-PT-2003,Revista Portuguesa de Investigação Comportamental e Social,PT,Portugal,pt,WEB,Médias spécialisés grand public,Social-Société,Nationale,http://rpics.ismt.pt/index.php/ISMT/index,Instituto Superior Miguel Torga,Coimbra,Semestral,ERC,3
MED-PT-2004,Revista Portuguesa de Investigação Educacional,PT,Portugal,pt,WEB,Médias spécialisés grand public,Education-Enseignement,Nationale,https://revistas.ucp.pt/index.php/investigacaoeducacional,Universidade Católica Portuguesa,Porto,Semestral,ERC,3
MED-PT-2005,Revista Portuguesa de Psicanálise,PT,Portugal,pt,PRESSE,Médias spécialisés grand public,Actualités-Infos Générales,Nationale,https://www.sppsicanalise.pt,Sociedade Portuguesa de Psicanálise,Lisboa,Bianual,ERC,3
MED-PT-2006,Revista Portuguesa de Saúde Ocupacional,PT,Portugal,pt,WEB,Médias spécialisés grand public,Médecine,Nationale,http://www.rpso.pt,"Ajeogene - Serviços Médicos, Lda.",Rio Tinto,Semestral,ERC,3
MED-PT-2007,Revista PsiRelacional - Perspectivas Relacionais em Psicanálise,PT,Portugal,pt,PRESSE,Médias spécialisés grand public,Actualités-Infos Générales,Nationale,https://revistapsirelacional.pt,PsiRelacional - Associação de Psicanálise Relacional,Lisboa,Anual,ERC,3
MED-PT-2008,Revista Publiracing,PT,Portugal,pt,WEB,Médias spécialisés grand public,Actualités-Infos Générales,Nationale,http://www.publiracing.pt,Artur Jorge Lista Semedo,Portalegre,Diária,ERC,3
MED-PT-2009,Revista Reabilitação e Traumatologia do Desporto,PT,Portugal,pt,WEB,Médias spécialisés grand public,Sports,Nationale,https://jrtd.pt/jornal,João Paulo Neves Branco,Coimbra,Semestral,ERC,3
MED-PT-2010,Revista Rua,PT,Portugal,pt,WEB,Médias régionaux (hors PQR),Actualités-Infos Générales,Régionale/Départementale,https://www.revistarua.pt,"Érre Design & Editorial, Lda.",Esposende,Semanal,ERC,3
MED-PT-2011,Revista Spot,PT,Portugal,pt,WEB,Médias régionaux (hors PQR),Actualités-Infos Générales,Régionale/Départementale,https://www.revistaspot.pt,Paginencantada - Unipessoal Lda.,Soutelo,Quinzenal,ERC,3
MED-PT-2012,RFM Dance It,PT,Portugal,pt,RADIO,Radios Web/Podcasts,Actualités-Infos Générales,Régionale/Départementale,https://rfm.sapo.pt/emissaorfmdanceit,"Rádio Renascença, Lda.",Lisboa,Continu,ERC,3
MED-PT-2013,RFM JAZZY,PT,Portugal,pt,RADIO,Radios Web/Podcasts,Actualités-Infos Générales,Régionale/Départementale,https://rfm.sapo.pt,"Rádio Renascença, Lda.",Lisboa,Continu,ERC,3
MED-PT-2014,RFM Latinas,PT,Portugal,pt,RADIO,Radios Web/Podcasts,Actualités-Infos Générales,Régionale/Départementale,https://rfm.sapo.pt/ouvir-emissao-rfm-latinas,"Rádio Renascença, Lda.",Lisboa,Continu,ERC,3
MED-PT-2015,RFM Novas,PT,Portugal,pt,RADIO,Radios Web/Podcasts,Actualités-Infos Générales,Régionale/Départementale,https://rfm.pt,"Rádio Renascença, Lda.",Lisboa,Continu,ERC,3
MED-PT-2016,RFM Oceano Pacífico,PT,Portugal,pt,RADIO,Radios Web/Podcasts,Actualités-Infos Générales,Régionale/Départementale,http://rfm.sapo.pt/ouviremissaooceanopacifico,"Rádio Renascença, Lda.",Lisboa,Continu,ERC,3
MED-PT-2017,RFM Rocks,PT,Portugal,pt,RADIO,Radios Web/Podcasts,Actualités-Infos Générales,Régionale/Départementale,https://rfm.sapo.pt/emissaorfmrocks,"Rádio Renascença, Lda.",Lisboa,Continu,ERC,3
MED-PT-2018,RFM Toca Portugal,PT,Portugal,pt,RADIO,Radios Web/Podcasts,Actualités-Infos Générales,Régionale/Départementale,https://rfm.sapo.pt/ouvir-emissao-rfm-toca-portugal,"Rádio Renascença, Lda.",Lisboa,Continu,ERC,3
MED-PT-2019,RH Magazine,PT,Portugal,pt,PRESSE,Médias spécialisés grand public,Actualités-Infos Générales,Nationale,https://www.rhmagazine.publ.pt,"IIRH - Instituto de Informação em Recursos Humanos, Unipessoal, Lda.",Lisboa,Bimestral,ERC,3
MED-PT-2020,Ria,PT,Portugal,pt,WEB,Médias régionaux (hors PQR),Actualités-Infos Générales,Régionale/Départementale,https://radioria.pt,Associação Académica da Universidade de Aveiro,Aveiro,Semanal,ERC,3
MED-PT-2021,RIAGE - Revista Ibero-Americana de Gerontologia,PT,Portugal,pt,WEB,Médias spécialisés grand public,Actualités-Infos Générales,Nationale,https://www.anges.pt/riage,ANGES - Associação Nacional de Gerontologia Social,Pombal,Semestral,ERC,3
MED-PT-2022,Rialidade,PT,Portugal,pt,WEB,Médias régionaux (hors PQR),Actualités-Infos Générales,Régionale/Départementale,https://rialidade.webnode.pt,"959 - Associação Para a Investigação, Consultoria e Edição em Comunicação",Aveiro,Semanal,ERC,3
MED-PT-2023,Ribeira Verde,PT,Portugal,pt,PRESSE,Médias régionaux (hors PQR),Actualités-Infos Générales,Régionale/Départementale,,"União das Freguesias de Freixianda,Ribeira do Fárrio,Formigais e Centro Social da Ribeira do Fárrio",Farrio,Bimestral,ERC,3
MED-PT-2024,Rimas e Batidas,PT,Portugal,pt,WEB,Médias spécialisés grand public,Actualités-Infos Générales,Nationale,https://www.rimasebatidas.pt,"Rui Miguel Abreu - Produções Musicais, Unipessoal Lda",Amoreira,Diária,ERC,3
MED-PT-2025,RIO (Rádio Internacional Odemira),PT,Portugal,pt,RADIO,Radios Web/Podcasts,Actualités-Infos Générales,Régionale/Départementale,https://radiodemira.pt,Associação Rádio Mira,Vale da Brasa,Continu,ERC,3
MED-PT-2026,Risco,PT,Portugal,pt,PRESSE,Médias d'information générale (hors PQN),Actualités-Infos Générales,Nationale,,"Multipublicações - Edição, Publicação de Informação e Prestação de Serviços de Comunicação, Lda",Lisboa,Trimestral,ERC,3
MED-PT-2027,RLO - Rádio Litoral Oeste,PT,Portugal,pt,RADIO,Radios Web/Podcasts,Actualités-Infos Générales,Régionale/Départementale,https://www.radiolitoraloeste.pt,Helder Jorge Pires dos Santos,Rebelos,Continu,ERC,3
MED-PT-2028,RLX - Rádio Lisboa,PT,Portugal,pt,RADIO,Radios Web/Podcasts,Actualités-Infos Générales,Régionale/Départementale,https://rlx-radiolisboa.pt,António Jorge dos Santos Serra,Ramada,Continu,ERC,3
MED-PT-2029,RNA - Montemor,PT,Portugal,pt,RADIO,Radios Régionales,Actualités-Infos Générales,Régionale/Départementale,,"Janela Indiscreta - Sociedade de Comunicação, Lda.",Montemor-O-Novo,Continu,ERC,3
MED-PT-2030,Road Panda 92,PT,Portugal,pt,WEB,Médias spécialisés grand public,Actualités-Infos Générales,Nationale,https://www.roadpanda92.com,António Rui de Santa Rita Madeira Teixeira,Matosinhos,Semanal,ERC,3
MED-PT-2031,Robótica - Revista Técnico - Científica,PT,Portugal,pt,PRESSE,Médias spécialisés grand public,Actualités-Infos Générales,Nationale,https://www.robotica.pt,"Publindústria - Produção de Comunicação, Lda",Porto,Trimestral,ERC,3
MED-PT-2032,Rodas Magazine,PT,Portugal,pt,PRESSE,Médias régionaux (hors PQR),Actualités-Infos Générales,Régionale/Départementale,,"Criativaçores Unipessoal, Lda.",Lagoa,Mensal,ERC,3
MED-PT-2033,Roda Viva O Jornal do Concelho de Arouca,PT,Portugal,pt,PRESSE,PQR/PQD (Quotidiens régionaux),Actualités-Infos Générales,Régionale/Départementale,https://www.rodaviva.pt,"Roda Viva - Comunicação e Publicidade, Lda",Arouca,Mensal,ERC,3
MED-PT-2034,Romântica FM,PT,Portugal,pt,RADIO,Radios Régionales,Actualités-Infos Générales,Régionale/Départementale,https://en.wikipedia.org/wiki/Rom%C3%A2ntica_FM,,,,WIKIPEDIA,3
MED-PT-2035,Rosacruz,PT,Portugal,pt,PRESSE,Médias spécialisés grand public,Actualités-Infos Générales,Nationale,https://www.rosacruz.pt,Fraternidade  Rosacruz de Portugal,Lisboa,Trimestral,ERC,3
MED-PT-2036,Rosário de Maria,PT,Portugal,pt,PRESSE,Médias associatifs,Social-Société,Nationale,https://www.rosario.pt.vu,Secretariado Nacional do Rosário,Cova da Iria,Mensal,ERC,3
MED-PT-2037,Rosário e Vida Cristâ,PT,Portugal,pt,PRESSE,Médias associatifs,Social-Société,Nationale,,Secretariado Nacional do Rosário,Cova da Iria,Trimestral,ERC,3
MED-PT-2038,Roster Sports,PT,Portugal,pt,WEB,Médias spécialisés grand public,Sports,Nationale,https://rostersports.pt,Tiago Mílton Vilas Boas Antunes,Queijada,Mensal,ERC,3
MED-PT-2039,Rostos,PT,Portugal,pt,PRESSE,Médias régionaux (hors PQR),Actualités-Infos Générales,Régionale/Départementale,https://www.rostos.pt,António de Jesus Sousa Pereira,Barreiro,Anual,ERC,3
MED-PT-2040,Rotary,PT,Portugal,pt,PRESSE,Médias spécialisés grand public,Actualités-Infos Générales,Nationale,http://www.revistarotaryportugal.pt,Associação Portugal Rotário,Coimbra,Mensal,ERC,3
MED-PT-2041,RQC - Rádio Quinta do Conde,PT,Portugal,pt,RADIO,Radios Web/Podcasts,Actualités-Infos Générales,Régionale/Départementale,https://www.radioqc.com,Associação de Rádio da Quinta do Conde - RQConde,Quinta do Conde,Continu,ERC,3
MED-PT-2042,RSM Press Images,PT,Portugal,pt,WEB,Médias spécialisés grand public,Actualités-Infos Générales,Nationale,https://rsmpressimages.net,Leonardo Marcelino Barros da Silva,Alumieira,Semanal,ERC,3
MED-PT-2043,RTC - Rádio e Televisão Cristã,PT,Portugal,pt,TV,TV Régionales,Actualités-Infos Générales,Régionale/Départementale,http://rtc.infor.media,Albino Ferreira,Chão da Silva,Continu,ERC,3
MED-PT-2044,RTP1 HD,PT,Portugal,pt,TV,TV Grandes Chaînes,Actualités-Infos Générales,Nationale,https://pt.wikipedia.org/wiki/RTP1_HD,,,,WIKIPEDIA,3
MED-PT-2045,RTP2,PT,Portugal,pt,TV,TV Grandes Chaînes,Actualités-Infos Générales,Nationale,https://pt.wikipedia.org/wiki/RTP2,,,,WIKIPEDIA,3
MED-PT-2046,RTP Açores,PT,Portugal,pt,TV,TV Grandes Chaînes,Actualités-Infos Générales,Nationale,https://pt.wikipedia.org/wiki/RTP_A%C3%A7ores,,,,WIKIPEDIA,3
MED-PT-2047,RTP África,PT,Portugal,pt,TV,TV Grandes Chaînes,Actualités-Infos Générales,Nationale,https://pt.wikipedia.org/wiki/RTP_%C3%81frica,,,,WIKIPEDIA,3
MED-PT-2048,RTP Antena 1,PT,Portugal,pt,RADIO,Radios Régionales,Actualités-Infos Générales,Régionale/Départementale,https://en.wikipedia.org/wiki/RTP_Antena_1,,,,WIKIPEDIA,3
MED-PT-2049,RTP Antena 1 Açores,PT,Portugal,pt,RADIO,Radios Nationales,Actualités-Infos Générales,Nationale,,"Rádio e Televisão de Portugal, SA",Lisboa,Continu,ERC,3
MED-PT-2050,RTP Antena 1 Madeira,PT,Portugal,pt,RADIO,Radios Nationales,Actualités-Infos Générales,Nationale,,"Rádio e Televisão de Portugal, SA",Lisboa,Continu,ERC,3
MED-PT-2051,RTP Antena 2,PT,Portugal,pt,RADIO,Radios Régionales,Actualités-Infos Générales,Régionale/Départementale,https://en.wikipedia.org/wiki/RTP_Antena_2,,,,WIKIPEDIA,3
MED-PT-2052,RTP Antena 3,PT,Portugal,pt,RADIO,Radios Régionales,Actualités-Infos Générales,Régionale/Départementale,https://en.wikipedia.org/wiki/RTP_Antena_3,,,,WIKIPEDIA,3
MED-PT-2053,RTP Antena 3 Madeira,PT,Portugal,pt,RADIO,Radios Nationales,Actualités-Infos Générales,Nationale,,"Rádio e Televisão de Portugal, SA",Lisboa,Continu,ERC,3
MED-PT-2054,RTP Lusitânia,PT,Portugal,pt,RADIO,Radios Régionales,Actualités-Infos Générales,Régionale/Départementale,https://en.wikipedia.org/wiki/RTP_Lusit%C3%A2nia,,,,WIKIPEDIA,3
MED-PT-2055,RTP Madeira,PT,Portugal,pt,TV,TV Grandes Chaînes,Actualités-Infos Générales,Nationale,https://pt.wikipedia.org/wiki/RTP_Madeira,,,,WIKIPEDIA,3
MED-PT-2056,RTP Memória,PT,Portugal,pt,TV,TV Grandes Chaînes,Actualités-Infos Générales,Nationale,https://pt.wikipedia.org/wiki/RTP_Mem%C3%B3ria,,,,WIKIPEDIA,3
MED-PT-2057,RTP Mobile,PT,Portugal,pt,TV,TV Grandes Chaînes,Actualités-Infos Générales,Nationale,https://pt.wikipedia.org/wiki/RTP_Mobile,,,,WIKIPEDIA,3
MED-PT-2058,RTP Mundo,PT,Portugal,pt,TV,TV Grandes Chaînes,Actualités-Infos Générales,Nationale,https://pt.wikipedia.org/wiki/RTP_Mundo,,,,WIKIPEDIA,3
MED-PT-2059,RTVON,PT,Portugal,pt,WEB,Médias régionaux (hors PQR),Actualités-Infos Générales,Régionale/Départementale,https://www.rtvon.pt,Sérgio Hugo Menezes dos Santos,Torres Vedras,Diária,ERC,3
MED-PT-2060,Rua Direita,PT,Portugal,pt,WEB,Médias d'information générale (hors PQN),Actualités-Infos Générales,Nationale,https://www.ruadireita.pt,Paulo José Neto Pereira,Viseu,Diária,ERC,3
MED-PT-2061,Rua FM,PT,Portugal,pt,RADIO,Radios Régionales,Actualités-Infos Générales,Régionale/Départementale,,Associação Rádio Universitária do Algarve,Faro,Continu,ERC,3
MED-PT-2062,Ruminantes,PT,Portugal,pt,PRESSE,Médias spécialisés grand public,Actualités-Infos Générales,Nationale,,"Aghorizons, Lda.",Oeiras,Trimestral,ERC,3
MED-PT-2063,Rumores,PT,Portugal,pt,WEB,Médias spécialisés grand public,Actualités-Infos Générales,Nationale,https://rumores.pt,Sinopse Confiante Lda,Santo António dos Cavaleiros,Diária,ERC,3
MED-PT-2064,Ruptura,PT,Portugal,pt,PRESSE,Médias associatifs,Social-Société,Nationale,,Gil de Oliveira Garcia,Lisboa,Bimestral,ERC,3
MED-PT-2065,Rural Digital Nomads,PT,Portugal,pt,WEB,Médias spécialisés grand public,Informatique-Télécommunications,Nationale,https://www.ruraldigitalnomads.com,"Virgula, Unipessoal, Lda.",Loulé,Quinzenal,ERC,3
MED-PT-2066,RV Jornal,PT,Portugal,pt,PRESSE,PQR/PQD (Quotidiens régionaux),Actualités-Infos Générales,Régionale/Départementale,https://www.radiovizela.pt/assinatura,"Rádio Vizela  - Cooperativa de Radiodifusão, CRL",Vizela,Quinzenal,ERC,3
MED-PT-2067,S+,PT,Portugal,pt,TV,TV Grandes Chaînes,Actualités-Infos Générales,Nationale,https://en.wikipedia.org/wiki/S%2B_%28TV_channel%29,,,,WIKIPEDIA,3
MED-PT-2068,Sabe Bem Faz Bem,PT,Portugal,pt,PRESSE,Médias d'information générale (hors PQN),Actualités-Infos Générales,Nationale,,"Pingo Doce - Distribuição Alimentar, S.A.",Lisboa,Bimestral,ERC,3
MED-PT-2069,Saber Madeira,PT,Portugal,pt,PRESSE,Médias régionaux (hors PQR),Actualités-Infos Générales,Régionale/Départementale,https://www.sabermadeira.pt,"O.L.C. Unipessoal, Lda.",Câmara de Lobos,Mensal,ERC,3
MED-PT-2070,Saldida FM,PT,Portugal,pt,RADIO,Radios Régionales,Actualités-Infos Générales,Régionale/Départementale,,"Saldida FM - Rádio, Informação e Cultura, CRL",Monte,Continu,ERC,3
MED-PT-2071,Saldo Positivo,PT,Portugal,pt,WEB,Médias spécialisés grand public,Actualités-Infos Générales,Nationale,http://.saldopositivo.cgd.pt,"Caixa Geral de Depósitos, S.A.",Lisboa,Diária,ERC,3
MED-PT-2072,"SAL - Saúde, Artes e Letras",PT,Portugal,pt,WEB,Médias d'information générale (hors PQN),Actualités-Infos Générales,Nationale,https://www.revistasal.pt,Carla Maria Abrunhosa Vieira,Lisboa,Semestral,ERC,3
MED-PT-2073,Salus Magazine,PT,Portugal,pt,WEB,Médias spécialisés grand public,Actualités-Infos Générales,Nationale,https://www.salusmagazine.pt,"Salus Consulting, Lda.",Lisboa,Diária,ERC,3
MED-PT-2074,Santana FM,PT,Portugal,pt,RADIO,Radios Régionales,Actualités-Infos Générales,Régionale/Départementale,,"Verbum Media - Comunicação, Lda.",Câmara de Lobos,Continu,ERC,3
MED-PT-2075,Santomensidade - Visão Global,PT,Portugal,pt,WEB,Médias spécialisés grand public,Actualités-Infos Générales,Nationale,https://www.magazinesantomensidade.com,Culturface - Associação Cultural para o Desenvolvimento,Lisboa,Semanal,ERC,3
MED-PT-2076,Santo Tirso Digital,PT,Portugal,pt,WEB,Médias régionaux (hors PQR),Actualités-Infos Générales,Régionale/Départementale,https://www.santotirsodigital.pt,Alfredo Manuel da Silva Gomes,Vila das Aves,Diária,ERC,3
MED-PT-2077,São Miguel 93.5 FM,PT,Portugal,pt,RADIO,Radios Régionales,Actualités-Infos Générales,Régionale/Départementale,,"Fercorber - Madeiras e Materiais de Construção, Lda.",Castanheira de Pêra,Continu,ERC,3
MED-PT-2078,São Miguel News,PT,Portugal,pt,WEB,Médias régionaux (hors PQR),Actualités-Infos Générales,Régionale/Départementale,https://saomiguelnews.net,"Burgopirâmide - Unipessoal, Lda.",Ponta Delgada,Mensal,ERC,3
MED-PT-2079,Saúda,PT,Portugal,pt,PRESSE,Médias spécialisés grand public,Actualités-Infos Générales,Nationale,https://www.farmaciasportuguesas.pt/revista-sauda,"Infosaúde - Instituto de Formação e Inovação em Saúde, S.A.",Lisboa,Mensal,ERC,3
MED-PT-2080,Saúde Actual,PT,Portugal,pt,PRESSE,Médias spécialisés grand public,Médecine,Nationale,https://saudeactual.pt/wp,"Saúde Actual - LFF, Unipessoal, Lda.",Setúbal,Bimestral,ERC,3
MED-PT-2081,Saúde e Bem-Estar,PT,Portugal,pt,PRESSE,Médias spécialisés grand public,Médecine,Nationale,http://www.saudebemestar.com.pt,Ana Catarina de Sousa Pereira Madureira,Prior Velho,Mensal,ERC,3
MED-PT-2082,SaúdeOnline,PT,Portugal,pt,WEB,Médias spécialisés grand public,Médecine,Nationale,https://saudeonline.pt,Joana Correia de Freitas Santos Coração de Figueiredo Araújo,Lisboa,Diária,ERC,3
MED-PT-2083,Saúde & Tecnologia,PT,Portugal,pt,WEB,Médias spécialisés grand public,Médecine,Nationale,http://journals.ipl.pt/stecnologia/index,Instituto Politécnico de Lisboa,Lisboa,Anual,ERC,3
MED-PT-2084,Saúde TV - A Informação que salva vidas,PT,Portugal,pt,WEB,Médias spécialisés grand public,Médecine,Nationale,https://www.saudetv.pt,José Manuel Valente Vieira,Palhaça,Diária,ERC,3
MED-PT-2085,SAUTK Sports,PT,Portugal,pt,WEB,Médias spécialisés grand public,Sports,Nationale,https://www.sautk.pt,Diogo Sautchuk Aramuni,Lisboa,Mensal,ERC,3
MED-PT-2086,SBA Revista de Cultura,PT,Portugal,pt,PRESSE,Médias régionaux (hors PQR),"Culture/Arts, littérature et culture générale",Régionale/Départementale,,José do Carmo Correia Martins,Farrobo,Semestral,ERC,3
MED-PT-2087,Scientia Ivridica,PT,Portugal,pt,PRESSE,Médias régionaux (hors PQR),Actualités-Infos Générales,Régionale/Départementale,https://scientiaivridica.weebly.com,Universidade do Minho,Braga,Quadrimestral,ERC,3
MED-PT-2088,S_cities,PT,Portugal,pt,PRESSE,Médias spécialisés grand public,Actualités-Infos Générales,Nationale,http://www.s-cities.pt,"SC Mag, Unipessoal Lda",Matosinhos,Trianual,ERC,3
MED-PT-2089,SCMedia News,PT,Portugal,pt,PRESSE,Médias spécialisés grand public,Communication - Médias - Internet,Nationale,https://www.supplychainmagazine.pt,"SC Media, Unipessoal, Lda.",Alcochete,Mensal,ERC,3
MED-PT-2090,SCN Sportcanal,PT,Portugal,pt,TV,TV Grandes Chaînes,Actualités-Infos Générales,Nationale,https://en.wikipedia.org/wiki/SCN_Sportcanal,,,,WIKIPEDIA,3
MED-PT-2091,Scoring Magazine,PT,Portugal,pt,PRESSE,Médias spécialisés grand public,Actualités-Infos Générales,Nationale,https://www.scoring.pt,"Scoring - Informação e Sistemas de Gestão, Lda.",Lisboa,Quadrimestral,ERC,3
MED-PT-2092,Scratch Magazine,PT,Portugal,pt,WEB,Médias spécialisés grand public,Actualités-Infos Générales,Nationale,https://www.scratch-magazine.pt,Vitor Manuel de Sousa e Costa,Vila Nova de Gaia,Diária,ERC,3
MED-PT-2093,Scripta-Ingenia,PT,Portugal,pt,WEB,Médias spécialisés grand public,Actualités-Infos Générales,Nationale,https://cdrsp.ipleiria.pt/scriptaingenia,Instituto Politécnico de Leiria,Leiria,Anual,ERC,3
MED-PT-2094,Seara Nova,PT,Portugal,pt,PRESSE,Médias spécialisés grand public,Actualités-Infos Générales,Nationale,http://searanova.publ.pt,Associação Intervenção Democrática - ID,Lisboa,Trimestral,ERC,3
MED-PT-2095,Security Magazine - Revista dos profissionais de segurança,PT,Portugal,pt,WEB,Médias spécialisés grand public,Actualités-Infos Générales,Nationale,https://www.securitymagazine.pt,Rita Simões de Sousa,Montijo,Semanal,ERC,3
MED-PT-2096,SegueNews,PT,Portugal,pt,WEB,Médias d'information générale (hors PQN),Actualités-Infos Générales,Nationale,https://www.seguenews.com,Alexandra Paula de Lemos Ferreira,Cabeço de Mouro,Diária,ERC,3
MED-PT-2097,Segurança,PT,Portugal,pt,WEB,Médias spécialisés grand public,Actualités-Infos Générales,Nationale,http://www.revistaseguranca.eu,Maria Isabel Correia Saraiva dos Santos,São Francisco,Bimestral,ERC,3
MED-PT-2098,Seia Digital,PT,Portugal,pt,WEB,Médias régionaux (hors PQR),Actualités-Infos Générales,Régionale/Départementale,http://www.seiadigital.pt,José Manuel Gomes Cardoso de Brito,Seia,Diária,ERC,3
MED-PT-2099,Selecções do Reader's Digest,PT,Portugal,pt,PRESSE,Médias d'information générale (hors PQN),Actualités-Infos Générales,Nationale,https://www.seleccoes.pt,"Ediclube - Edição e Promoção do Livro, S.A.",Amadora,Mensal,ERC,3
MED-PT-2100,Seleções,PT,Portugal,pt,PRESSE,Médias d'information générale (hors PQN),Actualités-Infos Générales,Nationale,https://pt.wikipedia.org/wiki/Sele%C3%A7%C3%B5es,,,,WIKIPEDIA,3
MED-PT-2101,Seletiva Portugal,PT,Portugal,pt,PRESSE,Médias spécialisés grand public,Actualités-Infos Générales,Nationale,https://www.seletiva.eu,António Manuel Amaral Andrade Rocha Antunes,Porto,Trimestral,ERC,3
MED-PT-2102,Selfie,PT,Portugal,pt,WEB,Médias spécialisés grand public,Actualités-Infos Générales,Nationale,https://selfie.iol.pt,"Média Capital - Digital, S.A.",Queluz de Baixo,Diária,ERC,3
MED-PT-2103,Selos & Moedas,PT,Portugal,pt,PRESSE,Médias spécialisés grand public,Actualités-Infos Générales,Nationale,https://www.galitos.pt,Clube dos Galitos,Aveiro,Semestral,ERC,3
MED-PT-2104,SEMA,PT,Portugal,pt,PRESSE,Médias d'information générale (hors PQN),Actualités-Infos Générales,Nationale,https://pt.wikipedia.org/wiki/SEMA_%28revista%29,,,,WIKIPEDIA,3
MED-PT-2105,Semmais,PT,Portugal,pt,PRESSE,Médias régionaux (hors PQR),Actualités-Infos Générales,Régionale/Départementale,https://semmais.pt,"Maiscom - Edição e Publicações, Unipessoal, Lda.",Setúbal,Semanal,ERC,3
MED-PT-2106,Sempre à Mão Notícias,PT,Portugal,pt,WEB,Médias régionaux (hors PQR),Actualités-Infos Générales,Régionale/Départementale,https://sempreamaonoticias.pt,"Rocha & Albergaria, Lda",Loulé,Diária,ERC,3
MED-PT-2107,Sempre Fixe,PT,Portugal,pt,PRESSE,Médias spécialisés grand public,Actualités-Infos Générales,Nationale,,"Renascença Gráfica, Lda.",Lisboa,Anual,ERC,3
MED-PT-2108,Sen7ir - O Triunfo da Natureza,PT,Portugal,pt,WEB,Médias régionaux (hors PQR),Actualités-Infos Générales,Régionale/Départementale,https://www.sen7ir.pt,"Sen7ir, Lda",Alto da Estrada,Semanal,ERC,3
MED-PT-2109,Ser Abrigo,PT,Portugal,pt,PRESSE,Médias spécialisés grand public,Actualités-Infos Générales,Nationale,https://www.cvidaepaz.pt,Comunidade Vida e Paz,Lisboa,Anual,ERC,3
MED-PT-2110,Serra e Vale - Mensário de Vila Nova de Cerveira e Caminha,PT,Portugal,pt,PRESSE,Médias régionaux (hors PQR),Actualités-Infos Générales,Régionale/Départementale,https://www.terravista.pt/ancora/3002/jsv.html,Fábrica da Igreja Paroquial de Covas,Covas,Mensal,ERC,3
MED-PT-2111,Serras da Pampilhosa,PT,Portugal,pt,PRESSE,Médias régionaux (hors PQR),Actualités-Infos Générales,Régionale/Départementale,https://jornal@serrasdapampilhosa.pt,Casa do Concelho da Pampilhosa da Serra,Lisboa,Mensal,ERC,3
MED-PT-2112,Serras de Ansião,PT,Portugal,pt,PRESSE,Médias régionaux (hors PQR),Actualités-Infos Générales,Régionale/Départementale,,"Serras de Ansião - Notícias e Publicidade, Lda.",Ansião,Mensal,ERC,3
MED-PT-2113,Sesimbra FM,PT,Portugal,pt,RADIO,Radios Régionales,Actualités-Infos Générales,Régionale/Départementale,,"Rádio Santiago - Cooperativa de Comunicação e Cultura de Sesimbra, CRL",Sesimbra,Continu,ERC,3
MED-PT-2114,SET Asia,PT,Portugal,pt,TV,TV Grandes Chaînes,Actualités-Infos Générales,Nationale,https://pt.wikipedia.org/wiki/SET_Asia,,,,WIKIPEDIA,3
MED-PT-2115,Sete Jornal,PT,Portugal,pt,WEB,Médias régionaux (hors PQR),Actualités-Infos Générales,Régionale/Départementale,https://www.setejornal.pt,"SETE - Sociedade Empresarial de Títulos Editoriais, Lda.",Tregosa,Semanal,ERC,3
MED-PT-2116,Setenta e Quatro,PT,Portugal,pt,PRESSE,Médias régionaux (hors PQR),Actualités-Infos Générales,Régionale/Départementale,https://pt.wikipedia.org/wiki/Setenta_e_Quatro_%28jornal_digital%29,,,,WIKIPEDIA,3
MED-PT-2117,Setúbal Informação,PT,Portugal,pt,WEB,Médias régionaux (hors PQR),Actualités-Infos Générales,Régionale/Départementale,https://setubalinformacao.sapo.pt,"Words Wizard, Lda.",Setúbal,Diária (dias úteis),ERC,3
MED-PT-2118,Setúbal Mais,PT,Portugal,pt,PRESSE,Médias régionaux (hors PQR),Actualités-Infos Générales,Régionale/Départementale,https://www.setubalmais.pt,Florindo Manuel Cantante Cardoso,Setúbal,Quinzenal,ERC,3
MED-PT-2119,Setúbal Notícias,PT,Portugal,pt,WEB,Médias régionaux (hors PQR),Actualités-Infos Générales,Régionale/Départementale,https://www.setubalnoticias.pt,Igor Pereira,Setúbal,Mensal,ERC,3
MED-PT-2120,SF Felgueiras Jornal,PT,Portugal,pt,PRESSE,PQR/PQD (Quotidiens régionaux),Actualités-Infos Générales,Régionale/Départementale,https://www.semanariofelgueiras.pt,"Semanário de Felgueiras - Sociedade Gráfica, Lda.",Felgueiras,Quinzenal,ERC,3
MED-PT-2121,Shifter,PT,Portugal,pt,PRESSE,Médias spécialisés grand public,Actualités-Infos Générales,Nationale,https://shifter.pt,"Shifter Generation, Unipessoal, Lda.",Lisboa,3 x ano,ERC,3
MED-PT-2122,SIC Caras,PT,Portugal,pt,TV,TV Grandes Chaînes,Actualités-Infos Générales,Nationale,https://pt.wikipedia.org/wiki/SIC_Caras,,,,WIKIPEDIA,3
MED-PT-2123,SIC Comédia,PT,Portugal,pt,TV,TV Grandes Chaînes,Actualités-Infos Générales,Nationale,https://pt.wikipedia.org/wiki/SIC_Com%C3%A9dia,,,,WIKIPEDIA,3
MED-PT-2124,SIC Gold,PT,Portugal,pt,TV,TV Grandes Chaînes,Actualités-Infos Générales,Nationale,https://pt.wikipedia.org/wiki/SIC_Gold,,,,WIKIPEDIA,3
MED-PT-2125,SIC HD,PT,Portugal,pt,TV,TV Grandes Chaînes,Actualités-Infos Générales,Nationale,https://pt.wikipedia.org/wiki/SIC_HD,,,,WIKIPEDIA,3
MED-PT-2126,SIC Indoor,PT,Portugal,pt,TV,TV Grandes Chaînes,Actualités-Infos Générales,Nationale,https://pt.wikipedia.org/wiki/SIC_Indoor,,,,WIKIPEDIA,3
MED-PT-2127,SIC Internacional,PT,Portugal,pt,TV,TV Grandes Chaînes,Actualités-Infos Générales,Nationale,https://pt.wikipedia.org/wiki/SIC_Internacional,,,,WIKIPEDIA,3
MED-PT-2128,SIC Internacional África,PT,Portugal,pt,TV,TV Grandes Chaînes,Actualités-Infos Générales,Nationale,https://pt.wikipedia.org/wiki/SIC_Internacional_%C3%81frica,,,,WIKIPEDIA,3
MED-PT-2129,SIC K,PT,Portugal,pt,TV,TV Grandes Chaînes,Actualités-Infos Générales,Nationale,https://pt.wikipedia.org/wiki/SIC_K,,,,WIKIPEDIA,3
MED-PT-2130,SIC Mobile,PT,Portugal,pt,TV,TV Grandes Chaînes,Actualités-Infos Générales,Nationale,https://pt.wikipedia.org/wiki/SIC_Mobile,,,,WIKIPEDIA,3
MED-PT-2131,SIC Mulher,PT,Portugal,pt,TV,TV Grandes Chaînes,Actualités-Infos Générales,Nationale,https://pt.wikipedia.org/wiki/SIC_Mulher,,,,WIKIPEDIA,3
MED-PT-2132,SIC Mulher África,PT,Portugal,pt,TV,TV Câble/Sat,Lifestyle,Nationale,,"SIC - Sociedade Independente de Comunicação, S.A.",Paço de Arcos,Continu,ERC,3
MED-PT-2133,SIC Novelas,PT,Portugal,pt,TV,TV Grandes Chaînes,Actualités-Infos Générales,Nationale,https://pt.wikipedia.org/wiki/SIC_Novelas,,,,WIKIPEDIA,3
MED-PT-2134,SIC Radical,PT,Portugal,pt,TV,TV Grandes Chaînes,Actualités-Infos Générales,Nationale,https://pt.wikipedia.org/wiki/SIC_Radical,,,,WIKIPEDIA,3
MED-PT-2135,SIC Sempre Gold,PT,Portugal,pt,TV,TV Grandes Chaînes,Actualités-Infos Générales,Nationale,https://pt.wikipedia.org/wiki/SIC_Sempre_Gold,,,,WIKIPEDIA,3
MED-PT-2136,Sim,PT,Portugal,pt,PRESSE,Médias régionaux (hors PQR),Actualités-Infos Générales,Régionale/Départementale,https://www.revistasim.pt,"Frases Soltas, Unipessoal, Lda.",Braga,Mensal,ERC,3
MED-PT-2137,sinalAberto,PT,Portugal,pt,WEB,Médias d'information générale (hors PQN),Actualités-Infos Générales,Nationale,https://www.sinalaberto.pt,"Desalinha, Associação de Conteúdos",Coimbra,Bissemanal,ERC,3
MED-PT-2138,Sintonia Feirense,PT,Portugal,pt,RADIO,Radios Régionales,Actualités-Infos Générales,Régionale/Départementale,,"Sintonia Feirense - Publicidade e Marketing, Lda.",Paçô,Continu,ERC,3
MED-PT-2139,Sintranotícias,PT,Portugal,pt,WEB,Médias régionaux (hors PQR),Actualités-Infos Générales,Régionale/Départementale,https://www.sintranoticias.pt,Jorge Manuel da Conceição Tavares,Queluz,Diária,ERC,3
MED-PT-2140,Smartphone Magazine,PT,Portugal,pt,WEB,Médias spécialisés grand public,Actualités-Infos Générales,Nationale,https://utilizador.pt,"Vias do Futuro - Tecnologias de Informação, Lda",Lisboa,Bimestral,ERC,3
MED-PT-2141,Smart Planet,PT,Portugal,pt,WEB,Médias spécialisés grand public,"Culture/Arts, littérature et culture générale",Nationale,https://www.smartplanet.pt,"Medianext Professional Information, Lda.",Linda a Velha,Semanal,ERC,3
MED-PT-2142,Smooth Blues,PT,Portugal,pt,RADIO,Radios Web/Podcasts,Actualités-Infos Générales,Régionale/Départementale,https://rayo.pt/smooth-fm-blues,"Bmhaudio Portugal Holdings, Unipessoal, Lda. & Comandita",Lisboa,Continu,ERC,3
MED-PT-2143,Smooth Bossa Nova,PT,Portugal,pt,RADIO,Radios Web/Podcasts,Actualités-Infos Générales,Régionale/Départementale,https://rayo.pt/smooth-fm-bossa-nova,"Bmhaudio Portugal Holdings, Unipessoal, Lda. & Comandita",Lisboa,Continu,ERC,3
MED-PT-2144,Smooth Cool,PT,Portugal,pt,RADIO,Radios Web/Podcasts,Actualités-Infos Générales,Régionale/Départementale,https://rayo.pt/smooth-fm-cool,"Bmhaudio Portugal Holdings, Unipessoal, Lda. & Comandita",Lisboa,Continu,ERC,3
MED-PT-2145,Smooth FM,PT,Portugal,pt,RADIO,Radios Régionales,Actualités-Infos Générales,Régionale/Départementale,https://en.wikipedia.org/wiki/Smooth_FM_%28Portugal%29,,,,WIKIPEDIA,3
MED-PT-2146,Smooth FM Classic Soul,PT,Portugal,pt,RADIO,Radios Web/Podcasts,Actualités-Infos Générales,Régionale/Départementale,https://rayo.pt/smooth-fm-classic-soul,"BMHAudioPortugal Holdings, Unipessoal Lda & Comandita",Lisboa,Continu,ERC,3
MED-PT-2147,Smooth FM Covers,PT,Portugal,pt,RADIO,Radios Web/Podcasts,Actualités-Infos Générales,Régionale/Départementale,https://rayo.pt/smooth-fm-covers,"BMHAudioPortugal Holdings, Unipessoal Lda & Comandita",Lisboa,Continu,ERC,3
MED-PT-2148,Smooth FM Figueiró,PT,Portugal,pt,RADIO,Radios Régionales,Actualités-Infos Générales,Régionale/Départementale,,"Bmhaudio Portugal Holdings, Unipessoal, Lda. & Comandita",Lisboa,Continu,ERC,3
MED-PT-2149,Smooth FM Fusion,PT,Portugal,pt,RADIO,Radios Web/Podcasts,Actualités-Infos Générales,Régionale/Départementale,https://rayo.pt/smooth-fm-fusion,"Bmhaudio Portugal Holdings, Unipessoal, Lda. & Comandita",Lisboa,Continu,ERC,3
MED-PT-2150,Smooth FM Lisboa,PT,Portugal,pt,RADIO,Radios Régionales,Actualités-Infos Générales,Régionale/Départementale,,"Bmhaudio Portugal Holdings, Unipessoal, Lda. & Comandita",Lisboa,Continu,ERC,3
MED-PT-2151,Smooth FM Matosinhos,PT,Portugal,pt,RADIO,Radios Régionales,Actualités-Infos Générales,Régionale/Départementale,,"Bmhaudio Portugal Holdings, Unipessoal, Lda. & Comandita",Lisboa,Continu,ERC,3
MED-PT-2152,Smooth FM New Soul,PT,Portugal,pt,RADIO,Radios Web/Podcasts,Actualités-Infos Générales,Régionale/Départementale,https://rayo.pt/smooth-fm-new-soul,"Bmhaudio Portugal Holdings, Unipessoal, Lda. & Comandita",Lisboa,Continu,ERC,3
MED-PT-2153,Smooth FM Santarém,PT,Portugal,pt,RADIO,Radios Régionales,Actualités-Infos Générales,Régionale/Départementale,,"Bmhaudio Portugal Holdings, Unipessoal, Lda. & Comandita",Lisboa,Continu,ERC,3
MED-PT-2154,Smooth Jazz,PT,Portugal,pt,RADIO,Radios Web/Podcasts,Actualités-Infos Générales,Régionale/Départementale,https://rayo.pt/smooth-fm-jazz,"Bmhaudio Portugal Holdings, Unipessoal, Lda. & Comandita",Lisboa,Continu,ERC,3
MED-PT-2155,Smooth Soul,PT,Portugal,pt,RADIO,Radios Web/Podcasts,Actualités-Infos Générales,Régionale/Départementale,https://rayo.pt/smooth-fm-soul,"Bmhaudio Portugal Holdings, Unipessoal, Lda. & Comandita",Lisboa,Continu,ERC,3
MED-PT-2156,Smooth Vocal Jazz,PT,Portugal,pt,RADIO,Radios Web/Podcasts,Actualités-Infos Générales,Régionale/Départementale,https://rayo.pt/smooth-fm-vocal-jazz,"Bmhaudio Portugal Holdings, Unipessoal, Lda. & Comandita",Lisboa,Continu,ERC,3
MED-PT-2157,Soberania do Povo,PT,Portugal,pt,PRESSE,Médias régionaux (hors PQR),Actualités-Infos Générales,Régionale/Départementale,https://www.soberaniadopovo.pt,"Soberania do Povo Editora, SA",Águeda,Semanal,ERC,3
MED-PT-2158,Sociedade de Instrução e Beneficência A Voz do Operário,PT,Portugal,pt,PRESSE,Médias régionaux (hors PQR),Actualités-Infos Générales,Régionale/Départementale,https://pt.wikipedia.org/wiki/Sociedade_de_Instru%C3%A7%C3%A3o_e_Benefic%C3%AAncia_A_Voz_do_Oper%C3%A1rio,,,,WIKIPEDIA,3
MED-PT-2159,Sociedade Independente de Comunicação,PT,Portugal,pt,TV,TV Grandes Chaînes,Actualités-Infos Générales,Nationale,https://pt.wikipedia.org/wiki/Sociedade_Independente_de_Comunica%C3%A7%C3%A3o,,,,WIKIPEDIA,3
MED-PT-2160,Sociologia On Line,PT,Portugal,pt,WEB,Médias spécialisés grand public,Actualités-Infos Générales,Nationale,https://revista.aps.pt/pt/inicio,Associação Portuguesa de Sociologia,Lisboa,Anual,ERC,3
MED-PT-2161,Sociologia - Problemas e Praticas,PT,Portugal,pt,PRESSE,Médias spécialisés grand public,Actualités-Infos Générales,Nationale,http://sociologiapp.iscte-iul.pt,ISCTE- Instituto Universitário de Lisboa,Lisboa,Quadrimestral,ERC,3
MED-PT-2162,SóClássicas,PT,Portugal,pt,PRESSE,Médias spécialisés grand public,Actualités-Infos Générales,Nationale,,Claudete Filomena Richieri,Sines,Bimestral,ERC,3
MED-PT-2163,Sol,PT,Portugal,pt,PRESSE,Médias régionaux (hors PQR),Actualités-Infos Générales,Régionale/Départementale,https://en.wikipedia.org/wiki/Sol_%28newspaper%29,,,,WIKIPEDIA,3
MED-PT-2164,Solicitadoria e Ação Executiva - Estudos,PT,Portugal,pt,WEB,Médias spécialisés grand public,Actualités-Infos Générales,Nationale,https://www.solicitador.net,Ordem dos Solicitadores e dos Agentes de Execução,Lisboa,Anual,ERC,3
MED-PT-2165,Solidar,PT,Portugal,pt,PRESSE,Médias spécialisés grand public,Actualités-Infos Générales,Nationale,https://www.aprevidenciaportuguesa.pt,A Previdência Portuguesa - Associação Mutualista,Coimbra,Semestral,ERC,3
MED-PT-2166,Solidariedade,PT,Portugal,pt,PRESSE,Médias spécialisés grand public,Actualités-Infos Générales,Nationale,,Confederação Nacional das Instituições de Solidariedade,Porto,Mensal,ERC,3
MED-PT-2167,Sollicitare,PT,Portugal,pt,PRESSE,Médias spécialisés grand public,Actualités-Infos Générales,Nationale,https://www.osae.pt,Ordem dos Solicitadores e dos Agentes de Execução,Lisboa,Semestral,ERC,3
MED-PT-2168,Solo Number,PT,Portugal,pt,PRESSE,Médias spécialisés grand public,Actualités-Infos Générales,Nationale,https://www.solonumber.com,"LaLaLand Studios, Unipessoal Lda.",Vila Nova de Gaia,Semestral,ERC,3
MED-PT-2169,Som da Baixa de Setúbal,PT,Portugal,pt,RADIO,Radios Web/Podcasts,Actualités-Infos Générales,Régionale/Départementale,https://www.somdabaixasetubal.pt,Jorge Manuel de Jesus Bruno,Setúbal,Continu,ERC,3
MED-PT-2170,Som Direto,PT,Portugal,pt,WEB,Médias spécialisés grand public,Actualités-Infos Générales,Nationale,https://www.som-direto.com,José Ricardo Cartaxo Coelho,Portimão,Diária,ERC,3
MED-PT-2171,Sopé da Montanha,PT,Portugal,pt,PRESSE,Médias associatifs,Social-Société,Régionale/Départementale,,Fábrica da Igreja Paroquial da Freguesia de Tarouca,Tarouca,Mensal,ERC,3
MED-PT-2172,SPMI Case Reports,PT,Portugal,pt,WEB,Médias spécialisés grand public,Actualités-Infos Générales,Nationale,https://casereports.spmi.pt/index.php/cr,Sociedade Portuguesa de Medicina Interna,Lisboa,Trimestral,ERC,3
MED-PT-2173,Sport2.me,PT,Portugal,pt,WEB,Médias spécialisés grand public,Sports,Nationale,http://www.sport2.me,Pedro Rodrigo Melo Coelho,Porto,12x ano,ERC,3
MED-PT-2174,Sporting,PT,Portugal,pt,PRESSE,Médias spécialisés grand public,Sports,Nationale,https://www.sporting.pt,Sporting Clube de Portugal,Lisboa,Semanal,ERC,3
MED-PT-2175,Sporting TV,PT,Portugal,pt,TV,TV Grandes Chaînes,Actualités-Infos Générales,Nationale,https://pt.wikipedia.org/wiki/Sporting_TV,,,,WIKIPEDIA,3
MED-PT-2176,Sport On Stage,PT,Portugal,pt,WEB,Médias spécialisés grand public,Sports,Nationale,http://www.sportonstage.com,Ivo Manuel Appelt do Amaral Aguiar Carvalho,Porto,Diária,ERC,3
MED-PT-2177,Sport TV,PT,Portugal,pt,TV,TV Câble/Sat,Actualités-Infos Générales,Nationale,https://pt.wikipedia.org/wiki/Sport_TV,,,,WIKIPEDIA,3
MED-PT-2178,Sport TV 1,PT,Portugal,pt,TV,TV Câble/Sat,Sports,Nationale,,"Sport TV Portugal, S.A.",Lisboa,Continu,ERC,3
MED-PT-2179,Sport TV 2,PT,Portugal,pt,TV,TV Câble/Sat,Sports,Nationale,,"Sport TV Portugal, S.A.",Lisboa,Continu,ERC,3
MED-PT-2180,Sport TV 3,PT,Portugal,pt,TV,TV Câble/Sat,Sports,Nationale,,"Sport TV Portugal, S.A.",Lisboa,Continu,ERC,3
MED-PT-2181,Sport TV 4,PT,Portugal,pt,TV,TV Câble/Sat,Sports,Nationale,,"Sport TV Portugal, S.A.",Lisboa,Continu,ERC,3
MED-PT-2182,Sport TV 5,PT,Portugal,pt,TV,TV Câble/Sat,Sports,Nationale,,"Sport TV Portugal, S.A.",Lisboa,Continu,ERC,3
MED-PT-2183,Sport TV 6,PT,Portugal,pt,TV,TV Câble/Sat,Sports,Nationale,,"Sport TV Portugal, S.A.",Lisboa,Continu,ERC,3
MED-PT-2184,Sport TV 7,PT,Portugal,pt,TV,TV Câble/Sat,Sports,Nationale,,"Sport TV Portugal, S.A.",Lisboa,Continu,ERC,3
MED-PT-2185,Sport TV África,PT,Portugal,pt,TV,TV Câble/Sat,Sports,Nationale,,"Sport TV Portugal, S.A.",Lisboa,Continu,ERC,3
MED-PT-2186,Star FM,PT,Portugal,pt,RADIO,Radios Régionales,Actualités-Infos Générales,Régionale/Départementale,https://en.wikipedia.org/wiki/Star_FM_%28Portugal%29,,,,WIKIPEDIA,3
MED-PT-2187,STAR Mundo,PT,Portugal,pt,TV,TV Grandes Chaînes,Actualités-Infos Générales,Nationale,https://pt.wikipedia.org/wiki/STAR_Mundo,,,,WIKIPEDIA,3
MED-PT-2188,Stella,PT,Portugal,pt,PRESSE,Médias associatifs,Social-Société,Nationale,https://www.reparadorasfatima.pt,Congregação das Irmãs Reparadoras de Nossa Senhora de Fátima,Cova da Iria,Trimestral,ERC,3
MED-PT-2189,Strada.pt,PT,Portugal,pt,WEB,Médias spécialisés grand public,Actualités-Infos Générales,Nationale,http://www.jornalstrada.com,Ana Bela Correia Nogueira,Aveiro,Trimestral,ERC,3
MED-PT-2190,Suinicultura,PT,Portugal,pt,PRESSE,Médias spécialisés grand public,"Culture/Arts, littérature et culture générale",Nationale,https://www.suinicultura.com,Federação Portuguesa de Associações de Suinicultores,Montijo,Trimestral,ERC,3
MED-PT-2191,Sul Informação,PT,Portugal,pt,WEB,Médias régionaux (hors PQR),Actualités-Infos Générales,Régionale/Départementale,http://www.sulinformacao.pt,Página em Branco - Associação de Comunicadores e Jornalistas Independentes,Faro,Diária,ERC,3
MED-PT-2192,Sul Informação Alentejo,PT,Portugal,pt,WEB,Médias régionaux (hors PQR),Actualités-Infos Générales,Régionale/Départementale,https://alentejo.sulinformacao.pt,Página em Branco - Associação de Comunicadores e Jornalistas Independentes,Faro,Diária,ERC,3
MED-PT-2193,Supercasa Notícias do Mercado Imobiliário,PT,Portugal,pt,WEB,Médias spécialisés grand public,BTP - Immobilier - Architecture,Nationale,https://www.supercasa.pt,"Janela Digital - Informática e Telecomunicações, S.A.",Casal do Zambujeiro,Diária,ERC,3
MED-PT-2194,Super FM,PT,Portugal,pt,RADIO,Radios Web/Podcasts,Actualités-Infos Générales,Régionale/Départementale,https://www.superfm.com,Rui Pedro do Carmo Marques dos Santos,Almada,Continu,ERC,3
MED-PT-2195,Sustentável,PT,Portugal,pt,PRESSE,Médias spécialisés grand public,Actualités-Infos Générales,Nationale,https://www.revistasustentável.pt,"Abilways Portugal, S.A.",Lisboa,Bimestral,ERC,3
MED-PT-2196,SV-Saber Viver,PT,Portugal,pt,PRESSE,Médias spécialisés grand public,Actualités-Infos Générales,Nationale,https://www.saberviver.pt,Léxico Definido - Lda.,Lisboa,Mensal,ERC,3
MED-PT-2197,SW,PT,Portugal,pt,RADIO,Radios Régionales,Actualités-Infos Générales,Régionale/Départementale,,"Rede A - Emissora Regional do Sul, Lda",Lisboa,Continu,ERC,3
MED-PT-2198,SW (Gondomar),PT,Portugal,pt,RADIO,Radios Régionales,Actualités-Infos Générales,Régionale/Départementale,,"Rádio Clube de Gondomar - Serviço de Radiodifusão Local, Unipessoal, Lda",Lisboa,Continu,ERC,3
MED-PT-2199,Syfy,PT,Portugal,pt,TV,TV Grandes Chaînes,Actualités-Infos Générales,Nationale,https://pt.wikipedia.org/wiki/Syfy,,,,WIKIPEDIA,3
MED-PT-2200,Take,PT,Portugal,pt,PRESSE,Médias d'information générale (hors PQN),Actualités-Infos Générales,Nationale,https://pt.wikipedia.org/wiki/Take_%28revista%29,,,,WIKIPEDIA,3
MED-PT-2201,Tal & Qual,PT,Portugal,pt,PRESSE,Médias régionaux (hors PQR),Actualités-Infos Générales,Régionale/Départementale,https://en.wikipedia.org/wiki/Tal_%26_Qual,,,,WIKIPEDIA,3
MED-PT-2202,Tâmegasousa.pt,PT,Portugal,pt,WEB,Médias d'information générale (hors PQN),Actualités-Infos Générales,Nationale,https://www.tamegasousa.pt,"Digitâmega, Unipessoal, Lda.",Macieira da Lixa,Diária,ERC,3
MED-PT-2203,Tâmega.TV,PT,Portugal,pt,WEB,Médias régionaux (hors PQR),Actualités-Infos Générales,Régionale/Départementale,https://www.tamega.tv,Carlos Manuel Ribeiro Moura,Amarante,Diária,ERC,3
MED-PT-2204,Tauromaquia.com.pt,PT,Portugal,pt,WEB,Médias spécialisés grand public,Actualités-Infos Générales,Nationale,https://www.tauromaquia.com.pt,Rui Miguel Lavrador da Conceição,Lisboa,Diária,ERC,3
MED-PT-2205,Táxi,PT,Portugal,pt,PRESSE,Médias spécialisés grand public,Actualités-Infos Générales,Nationale,http://www.fptaxi.pt,Federação Portuguesa do Táxi - FPT,Lisboa,Trimestral,ERC,3
MED-PT-2206,TB - Todas As Beiras,PT,Portugal,pt,WEB,Médias régionaux (hors PQR),Actualités-Infos Générales,Régionale/Départementale,http://www.todasasbeiras.pt,António Gustavo Gomes Brás,Guarda,Diária,ERC,3
MED-PT-2207,TDS Ponte de Sor,PT,Portugal,pt,RADIO,Radios Régionales,Actualités-Infos Générales,Régionale/Départementale,,"Match FM, Unipessoal, Lda.",Évora,Continu,ERC,3
MED-PT-2208,TDS Rádio e Televisão do Sul,PT,Portugal,pt,WEB,Médias régionaux (hors PQR),Actualités-Infos Générales,Régionale/Départementale,https://www.televisaodosul.pt,"DiálogoHabil, Unipessoal, Lda.",Évora,Diária,ERC,3
MED-PT-2209,TDS - Telefonia do Sul,PT,Portugal,pt,RADIO,Radios Régionales,Actualités-Infos Générales,Régionale/Départementale,,"DiálogoHábil, Unipessoal, Lda.",Évora,Continu,ERC,3
MED-PT-2210,"Técnica - Tecnologia, Inovação e Sustentabilidade para a Fileira do Habitat",PT,Portugal,pt,PRESSE,Médias spécialisés grand public,Actualités-Infos Générales,Nationale,https://www.ctcv.pt,Centro Tecnológico da Cerâmica e do Vidro,Coimbra,Bimestral,ERC,3
MED-PT-2211,TecnoAlimentar,PT,Portugal,pt,PRESSE,Médias spécialisés grand public,Actualités-Infos Générales,Nationale,https://www.tecnoalimentar.pt,"Publindústria - Produção de Comunicação, Lda",Vila Nova de Gaia,Trimestral,ERC,3
MED-PT-2212,Tecnohospital - Revista de Engenharia e Gestão de Saúde,PT,Portugal,pt,PRESSE,Médias professionnels,Médecine,Nationale,https://www.publindustria.pt; www.technohospital.pt,"Publindústria - Produção de Comunicação, Lda",Vila Nova de Gaia,Bimestral,ERC,3
MED-PT-2213,Tecnohotel,PT,Portugal,pt,WEB,Médias spécialisés grand public,Actualités-Infos Générales,Nationale,"https://www,tecnohotelnews.pt","Medianext Professional Information, Lda.",Linda a Velha,Bimestral,ERC,3
MED-PT-2214,Tecnometal,PT,Portugal,pt,WEB,Médias spécialisés grand public,Actualités-Infos Générales,Nationale,https://www.metalportugal.pt/p452-revista-tecnometal-pt,AIMMAP - Associação dos Industriais Metalúrgicos Metalomecânicos e Afins de Portugal,Porto,Trimestral,ERC,3
MED-PT-2215,TejoMag,PT,Portugal,pt,WEB,Médias d'information générale (hors PQN),Actualités-Infos Générales,Nationale,https://www.tejomag.com,José Ricardo Vicente Cândido,Ribamar,Diária (dias úteis),ERC,3
MED-PT-2216,Tejo Rádio Jornal,PT,Portugal,pt,RADIO,Radios Régionales,Actualités-Infos Générales,Régionale/Départementale,,"Rádio Cartaxo, CRL",Cartaxo,Continu,ERC,3
MED-PT-2217,TEK Notícias,PT,Portugal,pt,WEB,Médias spécialisés grand public,Actualités-Infos Générales,Nationale,https://teknoticias.pt,Casa dos Bits - Edições Lda.,Lisboa,Diária,ERC,3
MED-PT-2218,Telenovelas,PT,Portugal,pt,PRESSE,Médias spécialisés grand public,Actualités-Infos Générales,Nationale,,"Trust In News, Unipessoal, Lda.",Porto Salvo,Semanal,ERC,3
MED-PT-2219,TeleUno,PT,Portugal,pt,TV,TV Grandes Chaînes,Actualités-Infos Générales,Nationale,https://pt.wikipedia.org/wiki/TeleUno,,,,WIKIPEDIA,3
MED-PT-2220,Tellus,PT,Portugal,pt,PRESSE,Médias régionaux (hors PQR),Actualités-Infos Générales,Régionale/Départementale,,Município de Vila Real,Vila Real,Bianual,ERC,3
MED-PT-2221,Temple Revista Taurina,PT,Portugal,pt,PRESSE,Médias spécialisés grand public,Actualités-Infos Générales,Nationale,,Miguel Calçada de Sousa,Alhandra,Trimestral,ERC,3
MED-PT-2222,Tempo Livre,PT,Portugal,pt,PRESSE,Médias spécialisés grand public,"Culture/Arts, littérature et culture générale",Nationale,,Fundação Inatel,Lisboa,Bimestral,ERC,3
MED-PT-2223,Terra de Miranda Notícias,PT,Portugal,pt,WEB,Médias régionaux (hors PQR),Actualités-Infos Générales,Régionale/Départementale,https://terrademirandanoticias.pt,Hugo Filipe Geraldes Anes,Algoso,Diária,ERC,3
MED-PT-2224,Terra Nova,PT,Portugal,pt,RADIO,Radios Régionales,Actualités-Infos Générales,Régionale/Départementale,,"Novos Mares - Radiodifusão, Lda.",Gafanha da Nazaré,Continu,ERC,3
MED-PT-2225,Terra Ruiva,PT,Portugal,pt,PRESSE,Médias régionaux (hors PQR),Actualités-Infos Générales,Régionale/Départementale,https://www.terraruiva.pt,Associação de Desenvolvimento do Concelho de Silves Pé de Vento,São Bartolomeu de Messines,Mensal,ERC,3
MED-PT-2226,Terras da Guarda,PT,Portugal,pt,WEB,Médias régionaux (hors PQR),Actualités-Infos Générales,Régionale/Départementale,https://terrasdaguarda.sapo.pt,"Ágilpassear, Lda.",Vila Real,Diária (dias úteis),ERC,3
MED-PT-2227,Terras de Aveiro,PT,Portugal,pt,WEB,Médias régionaux (hors PQR),Actualités-Infos Générales,Régionale/Départementale,https://terrasdeaveiro.sapo.pt,"Notícias Amplas - Unipessoal, Lda.",Oliveira de Azeméis,Diária (dias úteis),ERC,3
MED-PT-2228,Terras de Basto,PT,Portugal,pt,PRESSE,Médias régionaux (hors PQR),Actualités-Infos Générales,Régionale/Départementale,https://www.jornaldebasto.pt,Letrasestratégicas - Lda.,Refojos de Basto,Quinzenal,ERC,3
MED-PT-2229,Terras de Braga,PT,Portugal,pt,WEB,Médias régionaux (hors PQR),Actualités-Infos Générales,Régionale/Départementale,https://terrasdebraga.sapo.pt,"Ágilpassear, Lda.",Braga,Diária (dias úteis),ERC,3
MED-PT-2230,Terras de Gaia,PT,Portugal,pt,PRESSE,Médias régionaux (hors PQR),Actualités-Infos Générales,Régionale/Départementale,http://www.terrasdegaia.pt,"Letras e Figuras - Comunicação e Fotografia Unipessoal, Lda.",Avintes,Mensal,ERC,3
MED-PT-2231,Terras de Santa Maria Madalena,PT,Portugal,pt,PRESSE,Médias associatifs,Social-Société,Régionale/Départementale,,Fábrica da Igreja Paroquial da Freguesia do Campo,Viseu,Mensal,ERC,3
MED-PT-2232,Terras de Sicó,PT,Portugal,pt,PRESSE,Médias régionaux (hors PQR),Actualités-Infos Générales,Régionale/Départementale,https://www.jornalterrasdesico.pt,"Rádio Regional do Centro, Lda.",Condeixa-A-Nova,Quinzenal,ERC,3
MED-PT-2233,Terras de Viana do Castelo,PT,Portugal,pt,WEB,Médias régionaux (hors PQR),Actualités-Infos Générales,Régionale/Départementale,https://terrasdevianadocastelo.sapo.pt,"Justpoetic, Lda",Viana do Castelo,Diária (dias úteis),ERC,3
MED-PT-2234,Terras de Viriato,PT,Portugal,pt,WEB,Médias régionaux (hors PQR),Actualités-Infos Générales,Régionale/Départementale,https://www.terrasdeviriato.pt,"Embraceprofit, Lda",Viseu,Mensal,ERC,3
MED-PT-2235,Terras de Viseu,PT,Portugal,pt,WEB,Médias régionaux (hors PQR),Actualités-Infos Générales,Régionale/Départementale,https://terrasdeviseu.sapo.pt,"Words Wizard, Lda.",Viseu,Diária (dias úteis),ERC,3
MED-PT-2236,Terras do Ave,PT,Portugal,pt,PRESSE,Médias régionaux (hors PQR),Actualités-Infos Générales,Régionale/Départementale,https://www.terrasdoave.pt,"Terras do Ave Media Cooperativa de Comunicação, CRL",Vila do Conde,Quinzenal,ERC,3
MED-PT-2237,Terras do Demo,PT,Portugal,pt,PRESSE,Médias régionaux (hors PQR),Actualités-Infos Générales,Régionale/Départementale,,Gil Augusto Carvalho,Moimenta da Beira,Mensal,ERC,3
MED-PT-2238,Terras do Homem,PT,Portugal,pt,PRESSE,Médias régionaux (hors PQR),Actualités-Infos Générales,Régionale/Départementale,https://www.terrasdohomem.pt,Araceli Francisca Martin Sabor,Braga,Quinzenal,ERC,3
MED-PT-2239,Terras do Minho,PT,Portugal,pt,WEB,Médias régionaux (hors PQR),Actualités-Infos Générales,Régionale/Départementale,https://terrasdominho.sapo.pt,"Ágilpassear, Lda.",Porto,Diária (dias úteis),ERC,3
MED-PT-2240,Terras do Vale do Sousa,PT,Portugal,pt,PRESSE,Médias régionaux (hors PQR),Actualités-Infos Générales,Régionale/Départementale,http://www.jornaltvs.pt,"Empresa Editorial do Vale do Sousa, Unipessoal Lda",Lousada,Quinzenal,ERC,3
MED-PT-2241,T&G,PT,Portugal,pt,PRESSE,Médias spécialisés grand public,Actualités-Infos Générales,Nationale,https://www.apigraf.pt,"Associação Portuguesa das Indústrias Gráficas, de Embalagem e de Comunicação Digital - APIGRAF",Lisboa,Quadrimestral,ERC,3
MED-PT-2242,The Blind Spot,PT,Portugal,pt,WEB,Médias spécialisés grand public,Actualités-Infos Générales,Nationale,https://theblindspot.pt,"In SiteOut, Unipessoal, Lda.",Lisboa,Bissemanal,ERC,3
MED-PT-2243,The Portugal News,PT,Portugal,pt,PRESSE,Médias d'information générale (hors PQN),Actualités-Infos Générales,Nationale,https://www.theportugalnews.com,"Anglopress - Edições e Publicidade, Lda.",Lagoa,Semanal,ERC,3
MED-PT-2244,The Portuguese Jewish News,PT,Portugal,pt,WEB,Médias spécialisés grand public,Actualités-Infos Générales,Nationale,https://www.portuguesejewishnews.com,Comunidade Israelita do Porto/Comunidade Judaica do Porto,Porto,Trissemanal,ERC,3
MED-PT-2245,The Resident,PT,Portugal,pt,PRESSE,Médias régionaux (hors PQR),Actualités-Infos Générales,Régionale/Départementale,https://www.portugalresident.com,"MMS Publishing, Lda",Lagoa,Semanal,ERC,3
MED-PT-2246,Time Out,PT,Portugal,pt,PRESSE,Médias spécialisés grand public,Actualités-Infos Générales,Nationale,https://www.timeout.pt,"Time Out Portugal, Unipessoal, Lda.",Lisboa,8 x ano,ERC,3
MED-PT-2247,Time Out Cascais,PT,Portugal,pt,PRESSE,Médias régionaux (hors PQR),Actualités-Infos Générales,Régionale/Départementale,https://www.timeout.pt/cascais/pt,"Time Out Portugal, Unipessoal, Lda.",Lisboa,Anual,ERC,3
MED-PT-2248,Timoneiro,PT,Portugal,pt,PRESSE,Médias régionaux (hors PQR),Actualités-Infos Générales,Régionale/Départementale,,Fábrica da Igreja Paroquial da Gafanha da Nazaré,Gafanha da Nazaré,Mensal,ERC,3
MED-PT-2249,Tinta Fresca,PT,Portugal,pt,WEB,Médias régionaux (hors PQR),Actualités-Infos Générales,Régionale/Départementale,https://www.tintafresca.net,Mário Américo Gaspar Lopes,Lagoa do Cão,Diária,ERC,3
MED-PT-2250,T Jornal,PT,Portugal,pt,WEB,Médias spécialisés grand public,Actualités-Infos Générales,Nationale,https://www.jornalt.pt,ATP - Associação Têxtil e Vestuário de Portugal,Vila Nova de Famalicão,Diária,ERC,3
MED-PT-2251,TLA/Telefonia Local Aljustrel,PT,Portugal,pt,RADIO,Radios Régionales,Actualités-Infos Générales,Régionale/Départementale,,"TLA/Telefonia Local de Aljustrel-Cooperativa de Informação e Cultura, CRL",Aljustrel,Continu,ERC,3
MED-PT-2252,TLN Network,PT,Portugal,pt,TV,TV Grandes Chaînes,Actualités-Infos Générales,Nationale,https://pt.wikipedia.org/wiki/TLN_Network,,,,WIKIPEDIA,3
MED-PT-2253,Tomar na Rede,PT,Portugal,pt,WEB,Médias régionaux (hors PQR),Actualités-Infos Générales,Régionale/Départementale,https://www.tomarnarede.pt,José Gaio Martins Dias,Carregueiros,Diária,ERC,3
MED-PT-2254,TOP 100,PT,Portugal,pt,PRESSE,Médias spécialisés grand public,Actualités-Infos Générales,Nationale,,João Filipe Ferreira Rodrigues Vieira,Agualva-Cacém,Bianual,ERC,3
MED-PT-2255,Top FM - Praia da Vitória,PT,Portugal,pt,RADIO,Radios Régionales,Actualités-Infos Générales,Régionale/Départementale,,"Rádio Ilha, Lda.",Praia da Vitória,Continu,ERC,3
MED-PT-2256,Top!Novelas,PT,Portugal,pt,PRESSE,Médias spécialisés grand public,Actualités-Infos Générales,Nationale,,"Presspeople - Edição de Publicações, Unipessoal Lda",Alcabideche,Semanal,ERC,3
MED-PT-2257,Topos & Clássicos,PT,Portugal,pt,PRESSE,Médias spécialisés grand public,Actualités-Infos Générales,Nationale,https://www.toposeclassicos.pt,"Edições Topos e Clássicos, Unipessoal, Lda.",Braga,Bimestral,ERC,3
MED-PT-2258,Torres Novas FM,PT,Portugal,pt,RADIO,Radios Régionales,Actualités-Infos Générales,Régionale/Départementale,,"Radiotorres, Lda",Torres Novas,Continu,ERC,3
MED-PT-2259,Torres Vedras Web,PT,Portugal,pt,WEB,Médias régionaux (hors PQR),Actualités-Infos Générales,Régionale/Départementale,https://torresvedrasweb.pt,"Asterisco Vaidoso, Lda.",Torres Vedras,Semanal,ERC,3
MED-PT-2260,Total FM,PT,Portugal,pt,RADIO,Radios Régionales,Actualités-Infos Générales,Régionale/Départementale,,"Pajovir - Espectáculos, Marketing e Publicidade, Unipessoal, Lda",Troto,Continu,ERC,3
MED-PT-2261,Toureio.pt,PT,Portugal,pt,WEB,Médias spécialisés grand public,Actualités-Infos Générales,Nationale,https://www.toureio.pt,Hugo Miguel Ramalho Calado,Vila Viçosa,Diária,ERC,3
MED-PT-2262,TouroeOuro,PT,Portugal,pt,WEB,Médias spécialisés grand public,Actualités-Infos Générales,Nationale,https://www.touroeouro.com,Solange Isabel de Almeida Pinto,Coruche,Diária,ERC,3
MED-PT-2263,Trabalho by ECO,PT,Portugal,pt,WEB,Médias spécialisés grand public,Actualités-Infos Générales,Nationale,https://eco.sapo.pt/trabalho,"Swipe News, S.A.",Lisboa,Diária (dias úteis),ERC,3
MED-PT-2264,Trabalhos de Antropologia e Etnologia,PT,Portugal,pt,WEB,Médias spécialisés grand public,Actualités-Infos Générales,Nationale,Http://revistataeonline.weebly.com,Sociedade Portuguesa de Antropologia e Etnologia,Porto,Anual,ERC,3
MED-PT-2265,Trabalho & Segurança Social,PT,Portugal,pt,PRESSE,Médias spécialisés grand public,Social-Société,Nationale,http://www.vidaeconomica.pt,"Vida Económica - Editorial, SA",Porto,Bimestral,ERC,3
MED-PT-2266,Transportes & Negócios,PT,Portugal,pt,WEB,Médias professionnels,Economie - Services,Nationale,https://www.transportesenegocios.com.pt,José Fernando  Araújo Gonçalves,Recarei,Diária,ERC,3
MED-PT-2267,Travel Magg,PT,Portugal,pt,WEB,Médias spécialisés grand public,Actualités-Infos Générales,Nationale,https://www.sapo.pt/parceiro/travel-magg,"Creative Ninjas, Unipessoal Lda.",Lisboa,Semanal,ERC,3
MED-PT-2268,Travel News Pro,PT,Portugal,pt,WEB,Médias spécialisés grand public,Actualités-Infos Générales,Nationale,https://tnews.pt,"Cenário Triangular, Lda.",Queluz de Baixo,Diária,ERC,3
MED-PT-2269,Travel & Safaris,PT,Portugal,pt,PRESSE,Médias spécialisés grand public,Actualités-Infos Générales,Nationale,https://www.travelsafaris.pt,"Across II - Tour Operator, Lda.",Lisboa,Trimestral,ERC,3
MED-PT-2270,Trend Imobiliário,PT,Portugal,pt,PRESSE,Médias spécialisés grand public,BTP - Immobilier - Architecture,Nationale,https://www.trendimobiliario.pt,"Stalker Real Estate, Lda.",Matosinhos,Quadrimestral,ERC,3
MED-PT-2271,Trends - Know The Difference,PT,Portugal,pt,PRESSE,Médias spécialisés grand public,Actualités-Infos Générales,Nationale,,"PM Media - Comunicação, Lda.",Matosinhos,Semestral,ERC,3
MED-PT-2272,Trendy Report,PT,Portugal,pt,WEB,Médias spécialisés grand public,Actualités-Infos Générales,Nationale,https://www.trendy.pt,"Fidemo - Sociedade de Media, Lda.",Lisboa,Diária,ERC,3
MED-PT-2273,Trevim,PT,Portugal,pt,PRESSE,Médias régionaux (hors PQR),Actualités-Infos Générales,Régionale/Départementale,https://www.trevim.pt,"Trevim - Cooperativa Editora e de Promoção Cultural, C.R.L.",Lousã,Quinzenal,ERC,3
MED-PT-2274,Triatleta,PT,Portugal,pt,PRESSE,Médias spécialisés grand public,Actualités-Infos Générales,Nationale,,"Soedit, Unipessoal, Lda.",Lisboa,Trimestral,ERC,3
MED-PT-2275,Tribuna Alentejo,PT,Portugal,pt,WEB,Médias régionaux (hors PQR),Actualités-Infos Générales,Régionale/Départementale,https://www.tribunaalentejo.pt,"Costa, Calado, Pina & Associados, Lda.",Évora,Diária,ERC,3
MED-PT-2276,Tribuna da Madeira,PT,Portugal,pt,PRESSE,Médias régionaux (hors PQR),Actualités-Infos Générales,Régionale/Départementale,https://www.tribunadamadeira.pt,"O.L.C. Unipessoal, Lda.",Funchal,Semanal,ERC,3
MED-PT-2277,Tribuna das Ilhas,PT,Portugal,pt,PRESSE,Médias régionaux (hors PQR),Actualités-Infos Générales,Régionale/Départementale,https://www.tribunadasilhas.pt,"IAIC - Informação, Animação e Intercâmbio Cultural, CRL",Horta,Semanal,ERC,3
MED-PT-2278,Tribuna Desportiva,PT,Portugal,pt,PRESSE,Médias régionaux (hors PQR),Sports,Régionale/Départementale,,"Mensagem Vitalícia - Consultoria Desportiva, Lda.",Covilhã,Semanal,ERC,3
MED-PT-2279,Tribuna Pacense,PT,Portugal,pt,PRESSE,Médias régionaux (hors PQR),Actualités-Infos Générales,Régionale/Départementale,,António José Gomes Ribeiro,Paços de Ferreira,Mensal,ERC,3
MED-PT-2280,Tribuna Universitária,PT,Portugal,pt,PRESSE,Médias régionaux (hors PQR),Actualités-Infos Générales,Régionale/Départementale,,"Adriano Lucas, Lda.",Coimbra,Anual,ERC,3
MED-PT-2281,Trofa TV,PT,Portugal,pt,WEB,Médias régionaux (hors PQR),Actualités-Infos Générales,Régionale/Départementale,https://www.trofa.tv,"We Do Com, Unipessoal Lda.",Santiago do Bougado,Diária,ERC,3
MED-PT-2282,Tropical FM,PT,Portugal,pt,RADIO,Radios Régionales,Actualités-Infos Générales,Régionale/Départementale,,"RCCI - Radio Comunicação Criatividade e Imagem, Lda.",Santo António dos Cavaleiros,Continu,ERC,3
MED-PT-2283,TSF/Press,PT,Portugal,pt,RADIO,Radios Régionales,Actualités-Infos Générales,Régionale/Départementale,,"Rádio Notícias - Produções e Publicidade, SA",Lisboa,Continu,ERC,3
MED-PT-2284,TTV,PT,Portugal,pt,WEB,Médias régionaux (hors PQR),Actualités-Infos Générales,Régionale/Départementale,https://tomartv.pt,"Duran, Unipessoal, Lda.",Tomar,Diária,ERC,3
MED-PT-2285,Tudobem - Informação Regional,PT,Portugal,pt,WEB,"Portails, Aggrégateurs",Actualités-Infos Générales,Régionale/Départementale,https://www.portalalentejano.com,"Publiluso - Publicidade, Lda.",Calçadinha,Diária,ERC,3
MED-PT-2286,Tudo Sobre Jardins,PT,Portugal,pt,PRESSE,Médias spécialisés grand public,Actualités-Infos Générales,Nationale,https://www.tudosobrejardins.com,"Lobo do Mar - Sociedade Editorial, Lda",Alqueve Folques,Anual,ERC,3
MED-PT-2287,Tugaleaks,PT,Portugal,pt,WEB,Médias d'information générale (hors PQN),Actualités-Infos Générales,Nationale,https://www.tugaleaks.com,Rui Diogo Morais da Cruz,Alverca do Ribatejo,Mensal,ERC,3
MED-PT-2288,TunetRádio,PT,Portugal,pt,RADIO,Radios Web/Podcasts,Actualités-Infos Générales,Régionale/Départementale,https://www.tunetradio.pt,Daniela Azevedo e Abreu da Silva Ferreira,Antas,Continu,ERC,3
MED-PT-2289,Turbilhão,PT,Portugal,pt,PRESSE,Médias spécialisés grand public,Actualités-Infos Générales,Nationale,,"Tempus Distribuição - Sociedade Comercial de Relojoaria, SA",Lisboa,Semestral,ERC,3
MED-PT-2290,Turbo,PT,Portugal,pt,PRESSE,Médias spécialisés grand public,Actualités-Infos Générales,Nationale,,"Terra de Letras -  Comunicação, Lda.",Rinchoa,Mensal,ERC,3
MED-PT-2291,Turbo Frotas & Comerciais,PT,Portugal,pt,PRESSE,Médias spécialisés grand public,Actualités-Infos Générales,Nationale,https://www.comerciais-turbo.pt,"Terra de Letras -  Comunicação, Lda.",Rinchoa,Trimestral,ERC,3
MED-PT-2292,TV 7 Dias,PT,Portugal,pt,PRESSE,Médias d'information générale (hors PQN),Actualités-Infos Générales,Nationale,https://pt.wikipedia.org/wiki/TV_7_Dias,,,,WIKIPEDIA,3
MED-PT-2293,TV Algarve Uma Região com Vida!,PT,Portugal,pt,WEB,Médias régionaux (hors PQR),Actualités-Infos Générales,Régionale/Départementale,https://www.tvalgarve.pt,"Pajovir - Espectáculos, Marketing e Publicidade, Unipessoal, Lda.",Troto,Mensal,ERC,3
MED-PT-2294,TVAmadora,PT,Portugal,pt,WEB,Médias régionaux (hors PQR),Actualités-Infos Générales,Régionale/Départementale,https://www.tvamadora.pt,Eduardo Santos Mesquita,Amadora,Diária (dias úteis),ERC,3
MED-PT-2295,TV Barroso,PT,Portugal,pt,WEB,Médias régionaux (hors PQR),Actualités-Infos Générales,Régionale/Départementale,https://www.tvbarroso.com,"TV Barroso, Lda.",Montalegre,Quinzenal,ERC,3
MED-PT-2296,TV Canção Nova Portugal,PT,Portugal,pt,TV,TV Câble/Sat,Social-Société,Nationale,,Comunidade Canção Nova,Fátima,Continu,ERC,3
MED-PT-2297,TVCine,PT,Portugal,pt,TV,TV Grandes Chaînes,Actualités-Infos Générales,Nationale,https://pt.wikipedia.org/wiki/TVCine,,,,WIKIPEDIA,3
MED-PT-2298,TV Cine Action,PT,Portugal,pt,TV,TV Câble/Sat,"Culture/Divertissement, Cinéma, Jeux vidéos",Nationale,,"NOS Audio – Sales and Distribution, S.A",Lisboa,Continu,ERC,3
MED-PT-2299,TV Cine Edition,PT,Portugal,pt,TV,TV Câble/Sat,"Culture/Divertissement, Cinéma, Jeux vidéos",Nationale,,"NOS Audio – Sales and Distribution, S.A",Lisboa,Continu,ERC,3
MED-PT-2300,TV Cine Emotion,PT,Portugal,pt,TV,TV Câble/Sat,"Culture/Divertissement, Cinéma, Jeux vidéos",Nationale,,"NOS Audio – Sales and Distribution, S.A",Lisboa,Continu,ERC,3
MED-PT-2301,TVCine Power,PT,Portugal,pt,TV,TV Câble/Sat,"Culture/Divertissement, Cinéma, Jeux vidéos",Nationale,,"NOS Audio – Sales and Distribution, S.A",Lisboa,Continu,ERC,3
MED-PT-2302,TV Cine Top,PT,Portugal,pt,TV,TV Câble/Sat,"Culture/Divertissement, Cinéma, Jeux vidéos",Nationale,,"NOS Audio – Sales and Distribution, S.A",Lisboa,Continu,ERC,3
MED-PT-2303,TV CPLP,PT,Portugal,pt,TV,TV Grandes Chaînes,Actualités-Infos Générales,Nationale,https://pt.wikipedia.org/wiki/TV_CPLP,,,,WIKIPEDIA,3
MED-PT-2304,TVC Televisão,PT,Portugal,pt,WEB,Médias régionaux (hors PQR),Actualités-Infos Générales,Régionale/Départementale,https://tvc.sapo.pt,"TVC Televisão do Centro, Lda.",Calvário,Diária,ERC,3
MED-PT-2305,TV Esposende,PT,Portugal,pt,WEB,Médias d'information générale (hors PQN),Actualités-Infos Générales,Nationale,http://www.esposendeservicostv.com,António Eduardo Loureiro Ferreira,Esposende,Diária,ERC,3
MED-PT-2306,TV Europa,PT,Portugal,pt,WEB,Médias d'information générale (hors PQN),Actualités-Infos Générales,Nationale,https://www.tveuropa.pt,Manuel António Silva,Lisboa,Diária,ERC,3
MED-PT-2307,TV Guadiana - Alentejo em Direto,PT,Portugal,pt,WEB,Médias régionaux (hors PQR),Actualités-Infos Générales,Régionale/Départementale,https://www.tvguadiana.pt,Vitória Maria Eduardo Belchiorinho Castanho,Elvas,Diária,ERC,3
MED-PT-2308,TV Guia,PT,Portugal,pt,PRESSE,Médias d'information générale (hors PQN),Actualités-Infos Générales,Nationale,https://pt.wikipedia.org/wiki/TV_Guia,,,,WIKIPEDIA,3
MED-PT-2309,TV Guia Novelas,PT,Portugal,pt,PRESSE,Médias d'information générale (hors PQN),Actualités-Infos Générales,Nationale,https://pt.wikipedia.org/wiki/TV_Guia_Novelas,,,,WIKIPEDIA,3
MED-PT-2310,TVI24,PT,Portugal,pt,TV,TV Grandes Chaînes,Actualités-Infos Générales,Nationale,https://pt.wikipedia.org/wiki/TVI24,,,,WIKIPEDIA,3
MED-PT-2311,TVI África,PT,Portugal,pt,TV,TV Grandes Chaînes,Actualités-Infos Générales,Nationale,https://pt.wikipedia.org/wiki/TVI_%C3%81frica,,,,WIKIPEDIA,3
MED-PT-2312,TVI Ficção,PT,Portugal,pt,TV,TV Grandes Chaînes,Actualités-Infos Générales,Nationale,https://pt.wikipedia.org/wiki/TVI_Fic%C3%A7%C3%A3o,,,,WIKIPEDIA,3
MED-PT-2313,TVI Internacional,PT,Portugal,pt,TV,TV Grandes Chaînes,Actualités-Infos Générales,Nationale,https://pt.wikipedia.org/wiki/TVI_Internacional,,,,WIKIPEDIA,3
MED-PT-2314,TVI Reality,PT,Portugal,pt,TV,TV Grandes Chaînes,Actualités-Infos Générales,Nationale,https://pt.wikipedia.org/wiki/TVI_Reality,,,,WIKIPEDIA,3
MED-PT-2315,TVJÁ!,PT,Portugal,pt,PRESSE,Médias d'information générale (hors PQN),Actualités-Infos Générales,Nationale,,"Presspeople - Edição de Publicações, Unipessoal Lda",Alcabideche,Semanal,ERC,3
MED-PT-2316,TV Mais,PT,Portugal,pt,PRESSE,Médias spécialisés grand public,Actualités-Infos Générales,Nationale,,"Trust In News, Unipessoal, Lda.",Porto Salvo,Semanal,ERC,3
MED-PT-2317,TV Maná-1,PT,Portugal,pt,TV,TV Régionales,Actualités-Infos Générales,Régionale/Départementale,https://www.tvmana1.com,Maná - Igreja Cristã,Pontinha,Continu,ERC,3
MED-PT-2318,TV Maná-2,PT,Portugal,pt,TV,TV Régionales,Actualités-Infos Générales,Régionale/Départementale,http://tvmana2.com,Maná - Igreja Cristã,Pontinha,Continu,ERC,3
MED-PT-2319,TV Maná Brasil,PT,Portugal,pt,TV,TV Régionales,Actualités-Infos Générales,Régionale/Départementale,http://tvmanabrasil.com,Maná - Igreja Cristã,Pontinha,Continu,ERC,3
MED-PT-2320,TV Maná Moçambique,PT,Portugal,pt,TV,TV Régionales,Actualités-Infos Générales,Régionale/Départementale,http://tvmana-mocambique.com,Maná - Igreja Cristã,Pontinha,Continu,ERC,3
MED-PT-2321,TV Mangualde,PT,Portugal,pt,WEB,Médias régionaux (hors PQR),Actualités-Infos Générales,Régionale/Départementale,https://www.tvmangualde.pt,Filipe Ricardo Gonçalves Oitavem,Loures,Diária,ERC,3
MED-PT-2322,TVNelas.com - TV Online,PT,Portugal,pt,WEB,Médias d'information générale (hors PQN),Actualités-Infos Générales,Nationale,http://www.tvnelas.com,Civilização Activa-Associação,Nelas,Diária,ERC,3
MED-PT-2323,TV Portugal,PT,Portugal,pt,WEB,Médias d'information générale (hors PQN),Actualités-Infos Générales,Nationale,https://www.tvportugal.tv,António Joaquim Pereira da Assunção,Amoreira,Semanal,ERC,3
MED-PT-2324,TV Saúde,PT,Portugal,pt,TV,TV Grandes Chaînes,Actualités-Infos Générales,Nationale,https://en.wikipedia.org/wiki/TV_Sa%C3%BAde,,,,WIKIPEDIA,3
MED-PT-2325,TVSH - Tvsenhoradahora,PT,Portugal,pt,WEB,Médias régionaux (hors PQR),Actualités-Infos Générales,Régionale/Départementale,https://www.tvsenhoradahora.com,Vasco Pereira Carvalho,Senhora da Hora,Diária,ERC,3
MED-PT-2326,Twenty4news,PT,Portugal,pt,WEB,Médias d'information générale (hors PQN),Actualités-Infos Générales,Nationale,https://www.twenty4news.com,José António Santos Teixeira de Carvalho,Seixal,Diária,ERC,3
MED-PT-2327,UALMedia Rádio,PT,Portugal,pt,RADIO,Radios Web/Podcasts,Actualités-Infos Générales,Régionale/Départementale,https://ualmedia.pt/radio-autonoma,"CEU - Cooperativa de Ensino Universitario, C.R.L.",Lisboa,Continu,ERC,3
MED-PT-2328,Ultra FM,PT,Portugal,pt,RADIO,Radios Régionales,Actualités-Infos Générales,Régionale/Départementale,,"Paivimo, Unipessoal, Lda.",Vila Franca de Xira,Continu,ERC,3
MED-PT-2329,Umbigo,PT,Portugal,pt,PRESSE,Médias spécialisés grand public,Actualités-Infos Générales,Nationale,https://umbigo.space,"Umbigo - Edições, Lda",Lisboa,Trianual,ERC,3
MED-PT-2330,Unifé TV,PT,Portugal,pt,TV,TV Grandes Chaînes,Actualités-Infos Générales,Nationale,https://en.wikipedia.org/wiki/Unif%C3%A9_TV,,,,WIKIPEDIA,3
MED-PT-2331,Universidade FM,PT,Portugal,pt,RADIO,Radios Régionales,Actualités-Infos Générales,Régionale/Départementale,,"Rádio Universidade do Marão - Cooperativa de Radiodifusão, CRL",Vila Real,Continu,ERC,3
MED-PT-2332,Urbana,PT,Portugal,pt,PRESSE,Médias spécialisés grand public,Actualités-Infos Générales,Nationale,,"Moon Media - Comunicação, Unipessoal, Lda",Bicesse,Mensal,ERC,3
MED-PT-2333,Urbana FM,PT,Portugal,pt,RADIO,Radios Régionales,Actualités-Infos Générales,Régionale/Départementale,,"Rádio JL FM, Unipessoal, Lda.",Castelo Branco,Continu,ERC,3
MED-PT-2334,USIAReview,PT,Portugal,pt,WEB,Médias associatifs,Actualités-Infos Générales,Nationale,https://usiareview.club,Francisco Miguel Lacerda da Silva Pereira,Lisboa,Anual,ERC,3
MED-PT-2335,V+,PT,Portugal,pt,TV,TV Grandes Chaînes,Actualités-Infos Générales,Nationale,https://pt.wikipedia.org/wiki/V%2B,,,,WIKIPEDIA,3
MED-PT-2336,Valadares & a Cidade em Foco,PT,Portugal,pt,PRESSE,Médias régionaux (hors PQR),Actualités-Infos Générales,Régionale/Départementale,https://en.wikipedia.org/wiki/Valadares_%26_a_Cidade_em_Foco,,,,WIKIPEDIA,3
MED-PT-2337,Valor Local,PT,Portugal,pt,PRESSE,Médias régionaux (hors PQR),Actualités-Infos Générales,Régionale/Départementale,https://www.valorlocal.pt,"Metáforas e Parábolas, Unipessoal, Lda.",Azambuja,Mensal,ERC,3
MED-PT-2338,Valor Magazine,PT,Portugal,pt,PRESSE,Médias spécialisés grand public,Actualités-Infos Générales,Nationale,https://www.valormagazine.pt,"Sinónimos Breves, Unipessoal, Lda.",Vila Nova de Gaia,Bimestral,ERC,3
MED-PT-2339,Valpaços Online,PT,Portugal,pt,PRESSE,Médias régionaux (hors PQR),Actualités-Infos Générales,Régionale/Départementale,https://valpacosonline.pt,António Manuel Gonçalves Rodrigues,Valpaços,Quinzenal,ERC,3
MED-PT-2340,Valsousa.TV,PT,Portugal,pt,WEB,Médias régionaux (hors PQR),Actualités-Infos Générales,Régionale/Départementale,https://www.valsousa.tv,Rafael Telmo da Silva Ferreira,Paredes,Diária,ERC,3
MED-PT-2341,Ver,PT,Portugal,pt,WEB,Médias spécialisés grand public,Actualités-Infos Générales,Nationale,https://www.ano.com.pt/noticias/revista-ver,Associação Nacional dos Ópticos,Lisboa,Trimestral,ERC,3
MED-PT-2342,Verdade e Luz - Revista Espírita,PT,Portugal,pt,PRESSE,Médias associatifs,Social-Société,Nationale,https://www.geb-portugal.org.,"Verdade e Luz - Associação de Divulgação, Editora e Distribuidora Espirita",Algés,Bimestral,ERC,3
MED-PT-2343,Verdadeiro Olhar.pt,PT,Portugal,pt,WEB,Médias régionaux (hors PQR),Actualités-Infos Générales,Régionale/Départementale,https://www.verdadeiroolhar.pt,"Flama Criativa - Comunicação, Lda.",Paredes,Diária,ERC,3
MED-PT-2344,Vértice,PT,Portugal,pt,PRESSE,Médias spécialisés grand public,Actualités-Infos Générales,Nationale,https://www.paginaapagina.pt,"Página a Página - Divulgação do Livro, SA",Lisboa,Trimestral,ERC,3
MED-PT-2345,"Ver - Valores, Ética e Responsabilidade",PT,Portugal,pt,WEB,Médias spécialisés grand public,Actualités-Infos Générales,Nationale,https://www.ver.pt,"Ver - Valores, Ética e Responsabilidade, Sociedade Unipessoal, Lda.",Lisboa,Semanal,ERC,3
MED-PT-2346,Vestir,PT,Portugal,pt,PRESSE,Médias spécialisés grand public,Actualités-Infos Générales,Nationale,,"Centro de Formação Profissional da Indústria Têxtil, Vestuário, Confecção e Lanifícios MODATEX",Porto,Anual,ERC,3
MED-PT-2347,Veterinária Atual,PT,Portugal,pt,PRESSE,Médias spécialisés grand public,Actualités-Infos Générales,Nationale,https://www.veterinaria-atual.pt,"Abilways Portugal, S.A.",Lisboa,Mensal,ERC,3
MED-PT-2348,V Grandes Escolhas,PT,Portugal,pt,PRESSE,Médias spécialisés grand public,Education-Enseignement,Nationale,https://www.grandesescolhas.com,"Reserva Especial - Edições e Eventos, Lda.",Lisboa,Mensal,ERC,3
MED-PT-2349,Viagens & Resorts,PT,Portugal,pt,WEB,Médias spécialisés grand public,Actualités-Infos Générales,Nationale,https://foreveryoung.sapo.pt/categoria/viagensresorts,"Multipublicações - Edição, Publicação de Informação e Prestação de Serviços de Comunicação, Lda",Lisboa,Semanal,ERC,3
MED-PT-2350,Viajar - Aviação Comercial e Turismo,PT,Portugal,pt,PRESSE,Médias spécialisés grand public,Tourisme-Gastronomie,Nationale,,Carlos Alberto Soares e Silva Ramos,Prior Velho,Trimestral,ERC,3
MED-PT-2351,Viana ao Minuto,PT,Portugal,pt,WEB,Médias régionaux (hors PQR),Actualités-Infos Générales,Régionale/Départementale,https://vianaaominuto.pt,Duarte da Costa Lago,Viana do Castelo,Diária,ERC,3
MED-PT-2352,Viana TV,PT,Portugal,pt,WEB,Médias régionaux (hors PQR),Actualités-Infos Générales,Régionale/Départementale,https://www.vianatv.pt,Conversas e Ângulos - Produções Audiovisuais Lda.,Viana do Castelo,Diária,ERC,3
MED-PT-2353,Via Rápida,PT,Portugal,pt,PRESSE,Médias régionaux (hors PQR),Actualités-Infos Générales,Régionale/Départementale,https://www.jornalviarapida.com,José Correia Cardoso,Viseu,Quinzenal,ERC,3
MED-PT-2354,Vicentina FM,PT,Portugal,pt,RADIO,Radios Régionales,Actualités-Infos Générales,Régionale/Départementale,,"Pajovir - Espectáculos, Marketing e Publicidade, Unipessoal, Lda",Troto,Continu,ERC,3
MED-PT-2355,Vida Ascendente - Movimento Cristão de Reformados,PT,Portugal,pt,PRESSE,Médias associatifs,Social-Société,Nationale,https://www.vidascendente.org,"Vida Ascendente, Movimento Cristão de Reformados",Lisboa,Quadrimestral,ERC,3
MED-PT-2356,Vida Ativa,PT,Portugal,pt,WEB,Médias spécialisés grand public,Actualités-Infos Générales,Nationale,https://www.vidaativa.pt,"Wacemarketing Studio, Lda.",Porto,Mensal,ERC,3
MED-PT-2357,Vida Católica,PT,Portugal,pt,PRESSE,Médias associatifs,Social-Société,Régionale/Départementale,,"Nova Terra - Empresa Editorial, Lda",Lisboa,Semestral,ERC,3
MED-PT-2358,Vida Celeiro,PT,Portugal,pt,PRESSE,Médias spécialisés grand public,Actualités-Infos Générales,Nationale,https://www.celeiro.pt,"Supermercado Rocha, S.A.",Lisboa,Trimestral,ERC,3
MED-PT-2359,Vida de Paranhos,PT,Portugal,pt,PRESSE,Médias régionaux (hors PQR),Actualités-Infos Générales,Régionale/Départementale,https://www.jfparanhos-porto.pt,Freguesia de Paranhos,Porto,Trimestral,ERC,3
MED-PT-2360,Vida Económica,PT,Portugal,pt,PRESSE,Médias spécialisés grand public,Actualités-Infos Générales,Nationale,https://www.vidaeconomica.pt,"Vida Económica - Editorial, SA",Porto,Semanal,ERC,3
MED-PT-2361,Vida Imobiliária,PT,Portugal,pt,PRESSE,Médias spécialisés grand public,BTP - Immobilier - Architecture,Nationale,https://www.vidaimobiliária.com,"Imoedições - Edições Periódicas e Multimédia, Unipessoal, Lda.",Porto,Bimestral,ERC,3
MED-PT-2362,Vida Judiciária,PT,Portugal,pt,WEB,Médias spécialisés grand public,Actualités-Infos Générales,Nationale,https://www.vidaeconomica.pt,"Vida Económica - Editorial, SA",Porto,Bimestral,ERC,3
MED-PT-2363,Vida Rural,PT,Portugal,pt,PRESSE,Médias spécialisés grand public,Actualités-Infos Générales,Nationale,https://www.vidarural.pt,"Abilways Portugal, S.A.",Lisboa,Mensal,ERC,3
MED-PT-2364,Vila de Rei - FM,PT,Portugal,pt,RADIO,Radios Régionales,Actualités-Infos Générales,Régionale/Départementale,,"Empresa Editora Cidade de Tomar, Lda.",Tomar,Continu,ERC,3
MED-PT-2365,Vila TV - A realidade começa aqui,PT,Portugal,pt,WEB,Médias régionaux (hors PQR),Actualités-Infos Générales,Régionale/Départementale,https://vilatv.pt,"Imodilomi, Lda.",Vila Nova de Cima,Diária,ERC,3
MED-PT-2366,Villa da Feira - Terra de Santa Maria,PT,Portugal,pt,PRESSE,Médias régionaux (hors PQR),Actualités-Infos Générales,Régionale/Départementale,,LAF - Liga dos Amigos da Feira,Santa Maria da Feira,Quadrimestral,ERC,3
MED-PT-2367,Villas & Golfe,PT,Portugal,pt,PRESSE,Médias spécialisés grand public,Actualités-Infos Générales,Nationale,https://www.villasegolfe.com,"PM Media - Comunicação, Lda.",Matosinhos,Trimestral,ERC,3
MED-PT-2368,VinTV,PT,Portugal,pt,TV,TV Grandes Chaînes,Actualités-Infos Générales,Nationale,https://en.wikipedia.org/wiki/VinTV,,,,WIKIPEDIA,3
MED-PT-2369,VIP,PT,Portugal,pt,WEB,Médias spécialisés grand public,Actualités-Infos Générales,Nationale,https://www.vip.pt,Jacques da Conceição Rodrigues,Covas,Diária,ERC,3
MED-PT-2370,VIP Anuário de Decoração,PT,Portugal,pt,PRESSE,Médias spécialisés grand public,Maison-Décoration,Nationale,,Jacques da Conceição Rodrigues,Covas,Anual,ERC,3
MED-PT-2371,VIP Interiores - ideias e tendências,PT,Portugal,pt,PRESSE,Médias spécialisés grand public,Actualités-Infos Générales,Nationale,,Jacques da Conceição Rodrigues,Covas,Trimestral,ERC,3
MED-PT-2372,Viral Check,PT,Portugal,pt,WEB,Médias spécialisés grand public,Actualités-Infos Générales,Nationale,https://viral.sapo.pt,"Inevitável e Fundamental, Lda.",Lisboa,Diária,ERC,3
MED-PT-2373,Visão Biografia,PT,Portugal,pt,PRESSE,Médias spécialisés grand public,Actualités-Infos Générales,Nationale,https://www.visao.pt,"Trust In News, Unipessoal, Lda.",Porto Salvo,Trianual,ERC,3
MED-PT-2374,Visão História,PT,Portugal,pt,PRESSE,Médias spécialisés grand public,Actualités-Infos Générales,Nationale,,"Trust In News, Unipessoal, Lda.",Porto Salvo,Bimestral,ERC,3
MED-PT-2375,Visão Júnior,PT,Portugal,pt,PRESSE,Médias spécialisés grand public,Actualités-Infos Générales,Nationale,https://www.visaojuniordigital.visaojunior.pt,"Trust In News, Unipessoal, Lda.",Porto Salvo,Mensal,ERC,3
MED-PT-2376,Visão Saúde,PT,Portugal,pt,PRESSE,Médias spécialisés grand public,Médecine,Nationale,https://www.visao.pt,"Trust In News, Unipessoal, Lda.",Porto Salvo,Bimestral,ERC,3
MED-PT-2377,Viseu Now,PT,Portugal,pt,WEB,Médias régionaux (hors PQR),Actualités-Infos Générales,Régionale/Départementale,https://www.viseunow.pt,"Concept Line, Lda.",Pedreles,Diária,ERC,3
MED-PT-2378,Vitecazorestv.com,PT,Portugal,pt,WEB,Médias régionaux (hors PQR),Actualités-Infos Générales,Régionale/Départementale,https://www.azorestv.com,"Paulo Feliciano Audiovisual Soc.Unipessoal, Lda",Cabo da Praia,Diária,ERC,3
MED-PT-2379,Viva!,PT,Portugal,pt,WEB,Médias régionaux (hors PQR),Actualités-Infos Générales,Régionale/Départementale,https://www.viva-porto.pt,"Advice - Comunicação e Imagem, Unipessoal, Lda.",Ermesinde,Diária,ERC,3
MED-PT-2380,Viva Cidade,PT,Portugal,pt,PRESSE,Médias régionaux (hors PQR),Actualités-Infos Générales,Régionale/Départementale,https://www.vivacidade.org,"VivaCidade - Sociedade de Comunicação Social, S.A.",Baguim do Monte,Mensal,ERC,3
MED-PT-2381,VivaDouro,PT,Portugal,pt,PRESSE,Médias régionaux (hors PQR),Actualités-Infos Générales,Régionale/Départementale,https://www.vivadouro.org,"VivaCidade - Sociedade de Comunicação Social, S.A.",São João da Pesqueira,Mensal,ERC,3
MED-PT-2382,Viver a Nossa Terra,PT,Portugal,pt,PRESSE,Médias régionaux (hors PQR),Actualités-Infos Générales,Régionale/Départementale,https://www.ccdr.pt,Clube de Cultura e Desporto de Ribeirão,Ribeirão,Mensal,ERC,3
MED-PT-2383,Viver Saudável - A Revista dos Nutricionistas,PT,Portugal,pt,PRESSE,Médias spécialisés grand public,Actualités-Infos Générales,Nationale,https://www.viversaudavel.pt,"Hollyfar - Marcas e Comunicação, Unipessoal, Lda.",Lisboa,Semestral,ERC,3
MED-PT-2384,Viver Serpa,PT,Portugal,pt,PRESSE,Médias régionaux (hors PQR),Actualités-Infos Générales,Régionale/Départementale,,Município de Serpa,Serpa,Mensal,ERC,3
MED-PT-2385,Vivre Le Portugal,PT,Portugal,pt,PRESSE,Médias régionaux (hors PQR),Actualités-Infos Générales,Régionale/Départementale,https://www.vivrelalgarve@open-media.net,"Open Media - Design e Publicações, SA",Lagoa,Trimestral,ERC,3
MED-PT-2386,VMTV,PT,Portugal,pt,WEB,Médias régionaux (hors PQR),Actualités-Infos Générales,Régionale/Départementale,https://vmtv.sapo.pt,"Ilustrador de Sonhos, Unipessoal, Lda.",Vieira do Minho,Diária,ERC,3
MED-PT-2387,Vodafone FM,PT,Portugal,pt,RADIO,Radios Régionales,Actualités-Infos Générales,Régionale/Départementale,https://en.wikipedia.org/wiki/Vodafone_FM,,,,WIKIPEDIA,3
MED-PT-2388,Vogue,PT,Portugal,pt,PRESSE,Médias spécialisés grand public,Actualités-Infos Générales,Nationale,https://www.vogue.pt,Condé Nast International,Lisboa,Mensal,ERC,3
MED-PT-2389,Volta ao Mundo,PT,Portugal,pt,PRESSE,Médias spécialisés grand public,Actualités-Infos Générales,Nationale,,"Notícias Ilimitadas, S.A.",Porto,Mensal,ERC,3
MED-PT-2390,Vou Sair,PT,Portugal,pt,WEB,Médias spécialisés grand public,Actualités-Infos Générales,Nationale,https://vousair.pt,"Cenário Triangular, Lda.",Queluz de Baixo,Diária,ERC,3
MED-PT-2391,VO Versão Original,PT,Portugal,pt,PRESSE,Médias régionaux (hors PQR),Actualités-Infos Générales,Régionale/Départementale,,António Ferreira José,Valpaços,Mensal,ERC,3
MED-PT-2392,Voz da Fátima,PT,Portugal,pt,PRESSE,Médias associatifs,Social-Société,Nationale,https://www.fatima.pt,Fábrica do Santuário de Nossa Senhora do Rosário de Fátima,Cova da Iria,Mensal,ERC,3
MED-PT-2393,Voz da Minha Terra,PT,Portugal,pt,PRESSE,Médias régionaux (hors PQR),Actualités-Infos Générales,Régionale/Départementale,,União Cultural Voz da Minha Terra,Mação,Mensal,ERC,3
MED-PT-2394,Voz da Missão,PT,Portugal,pt,PRESSE,Médias associatifs,Social-Société,Nationale,,Sociedade Portuguesa das Missões Católicas Ultramarinas/Sociedade Missionária da Boa Nova,Cucujães,Mensal,ERC,3
MED-PT-2395,Voz das Misericórdias,PT,Portugal,pt,PRESSE,Médias spécialisés grand public,Actualités-Infos Générales,Nationale,https://www.ump.pt,União das Misericórdias Portuguesas,Lisboa,Mensal,ERC,3
MED-PT-2396,Voz da Terra,PT,Portugal,pt,PRESSE,Médias régionaux (hors PQR),Actualités-Infos Générales,Régionale/Départementale,https://www.cna.pt,Confederação Nacional de Agricultura - CNA,Coimbra,Bimestral,ERC,3
MED-PT-2397,Voz da Verdade,PT,Portugal,pt,WEB,Médias associatifs,Social-Société,Régionale/Départementale,https://vozdaverdade.patriarcado-lisboa.pt,"Nova Terra - Empresa Editorial, Lda",Lisboa,Semanal,ERC,3
MED-PT-2398,Voz de Alenquer - Jornal Nova Verdade,PT,Portugal,pt,PRESSE,PQR/PQD (Quotidiens régionaux),Actualités-Infos Générales,Régionale/Départementale,https://jornal.vozdealenquer.pt,"Presépio de Portugal - Comunicação Social, Unipessoal, Lda",Alenquer,Quinzenal,ERC,3
MED-PT-2399,Voz de Alfena,PT,Portugal,pt,PRESSE,Médias régionaux (hors PQR),Actualités-Infos Générales,Régionale/Départementale,,Fábrica da Igreja Paroquial da Freguesia de São Vicente de Alfena,Alfena,11 x ano,ERC,3
MED-PT-2400,Voz de Alpiarça,PT,Portugal,pt,PRESSE,Médias régionaux (hors PQR),Actualités-Infos Générales,Régionale/Départementale,,Fábrica da Igreja Paroquial da Freguesia de Santo Eustáquio de Alpiarça,Alpiarça,Mensal,ERC,3
MED-PT-2401,Voz de Antas,PT,Portugal,pt,PRESSE,Médias associatifs,Social-Société,Régionale/Départementale,https://aqualibri.cimcavado.pt/handle/20.500.12940/1994,Fábrica da Igreja Paroquial de São Paio de Antas,Igreja,Bimestral,ERC,3
MED-PT-2402,Voz de Cambra,PT,Portugal,pt,PRESSE,Médias régionaux (hors PQR),Actualités-Infos Générales,Régionale/Départementale,,Cristina Maria dos Santos,Vale de Cambra,Mensal,ERC,3
MED-PT-2403,Voz de Fermentões,PT,Portugal,pt,PRESSE,Médias régionaux (hors PQR),Actualités-Infos Générales,Régionale/Départementale,,"Farramundanes - Cooperativa Edit. Des. Int. Fermentões, CIPRL",Guimarães,Mensal,ERC,3
MED-PT-2404,Voz de Fragoso,PT,Portugal,pt,PRESSE,Médias associatifs,Social-Société,Régionale/Départementale,,Conselho Económico Paroquial S. Pedro - Fragoso,Fragoso,Bimestral,ERC,3
MED-PT-2405,Voz de Gondar,PT,Portugal,pt,PRESSE,Médias associatifs,Social-Société,Régionale/Départementale,,Fábrica da Igreja Paroquial de S. João Baptista de Gondar,Gondar,Mensal,ERC,3
MED-PT-2406,Voz de Lamego,PT,Portugal,pt,PRESSE,Médias régionaux (hors PQR),Actualités-Infos Générales,Régionale/Départementale,,Fundação Vox Lamacensis,Lamego,Semanal,ERC,3
MED-PT-2407,Voz de Mira,PT,Portugal,pt,PRESSE,Médias régionaux (hors PQR),Actualités-Infos Générales,Régionale/Départementale,https://www.vozdemira.pt,"Silvina Miranda Gabriel & Filhos, Lda",Mira,Quinzenal,ERC,3
MED-PT-2408,Voz de Mira de Aire,PT,Portugal,pt,PRESSE,Médias associatifs,Social-Société,Régionale/Départementale,,Fábrica da Igreja Paroquial de Mira de Aire,Mira de Aire,Mensal,ERC,3
MED-PT-2409,Voz Desportiva,PT,Portugal,pt,RADIO,Radios Web/Podcasts,Actualités-Infos Générales,Régionale/Départementale,https://www.vozdesportiva.blogspot.pt,José Carlos Domingues Ribeiro,Samouco,Continu,ERC,3
MED-PT-2410,VozDiPovo-Online,PT,Portugal,pt,PRESSE,Médias régionaux (hors PQR),Actualités-Infos Générales,Régionale/Départementale,https://en.wikipedia.org/wiki/VozDiPovo-Online,,,,WIKIPEDIA,3
MED-PT-2411,Voz do Campo,PT,Portugal,pt,PRESSE,Médias spécialisés grand public,Actualités-Infos Générales,Nationale,https://www.vozdocampo.pt,"Voz do Campo, Editora, Lda",Castelo Branco,Mensal,ERC,3
MED-PT-2412,Voz do Sado,PT,Portugal,pt,PRESSE,Médias régionaux (hors PQR),Actualités-Infos Générales,Régionale/Départementale,,Fábrica da Igreja Paroquial de Alcácer do Sal,Alcácer do Sal,Mensal,ERC,3
MED-PT-2413,Voz do Trabalho,PT,Portugal,pt,PRESSE,Médias associatifs,Social-Société,Nationale,https://www.loc-mtc.ecclesia.pt,Liga Operária Católica - Movimento de Trabalhadores Cristãos - LOC/MTC,Lisboa,Bimestral,ERC,3
MED-PT-2414,Voz Online,PT,Portugal,pt,RADIO,Radios Web/Podcasts,Actualités-Infos Générales,Régionale/Départementale,https://vozonlineradio.pt,Associação Voz Online - ARDVOZ,Queluz,Continu,ERC,3
MED-PT-2415,Voz Portucalense,PT,Portugal,pt,PRESSE,Médias régionaux (hors PQR),Actualités-Infos Générales,Régionale/Départementale,https://pt.wikipedia.org/wiki/Voz_Portucalense,,,,WIKIPEDIA,3
MED-PT-2416,Voz Ribatejana,PT,Portugal,pt,PRESSE,Médias régionaux (hors PQR),Actualités-Infos Générales,Régionale/Départementale,https://www.vozribatejana.com,Jorge Humberto Perdigoto Talixa,Vila Franca de Xira,Quinzenal,ERC,3
MED-PT-2417,V P - Voz Portucalense,PT,Portugal,pt,PRESSE,Médias régionaux (hors PQR),Actualités-Infos Générales,Régionale/Départementale,https://www.voz-portucalense.pt,Fundação Voz Portucalense,Porto,Semanal,ERC,3
MED-PT-2418,V+ TVI,PT,Portugal,pt,TV,TV Grandes Chaînes,Actualités-Infos Générales,Nationale,https://en.wikipedia.org/wiki/V%2B_TVI,,,,WIKIPEDIA,3
MED-PT-2419,V Versa Por Outro Lado,PT,Portugal,pt,WEB,Médias spécialisés grand public,Actualités-Infos Générales,Nationale,https://www.versa.iol.pt,"Média Capital - Digital, S.A.",Queluz de Baixo,Diária,ERC,3
MED-PT-2420,Warriors Online Tactical Magazine,PT,Portugal,pt,WEB,Médias spécialisés grand public,Actualités-Infos Générales,Nationale,https://www.warriors.pt,ACADO - Associação de Colecionadores e Atiradores do Oeste,Caldas da Rainha,3 x ano,ERC,3
MED-PT-2421,Webrádio Douro Nacional - Lamego,PT,Portugal,pt,RADIO,Radios Web/Podcasts,Actualités-Infos Générales,Régionale/Départementale,https://www.radiodouronacional.com,Nuno Miguel Coruche Monteiro,Lamego,Continu,ERC,3
MED-PT-2422,Web Rádio Figueiró,PT,Portugal,pt,RADIO,Radios Web/Podcasts,Actualités-Infos Générales,Régionale/Départementale,https://www.webradiofigueiro.pt,Orlando José Alves Pimentel,Figueiró,Continu,ERC,3
MED-PT-2423,Web Rádio Universidade Sénior de Nelas,PT,Portugal,pt,RADIO,Radios Web/Podcasts,Actualités-Infos Générales,Régionale/Départementale,https://www.cm-nelas.pt/radiousnelas,Município de Nelas,Nelas,Continu,ERC,3
MED-PT-2424,Welectric,PT,Portugal,pt,WEB,Médias spécialisés grand public,Actualités-Infos Générales,Nationale,https://www.wattson.pt,"Edições Vintage, Lda",Vila de Rei,Diária,ERC,3
MED-PT-2425,West Portugal Radio,PT,Portugal,pt,RADIO,Radios Web/Podcasts,Actualités-Infos Générales,Régionale/Départementale,http://www.westportugalradio.com,Simão Machado,Geraldes,Continu,ERC,3
MED-PT-2426,Wilder - Rewilding Your Days,PT,Portugal,pt,WEB,Médias spécialisés grand public,Actualités-Infos Générales,Nationale,https://www.wilder.pt,"Rewilders, Lda.",Lisboa,Diária,ERC,3
MED-PT-2427,W Magazine,PT,Portugal,pt,PRESSE,Médias d'information générale (hors PQN),Actualités-Infos Générales,Nationale,https://www.wmagazine.pt,Belisa Maria Castelo Branco Duarte Godinho,Lisboa,Mensal,ERC,3
MED-PT-2428,Women's Health,PT,Portugal,pt,PRESSE,Médias spécialisés grand public,Médecine,Nationale,https://www.womenshealth.pt,"Hearst Magazines, Inc.",Lisboa,Bimestral,ERC,3
MED-PT-2429,Wonder Go Travel Magazine,PT,Portugal,pt,WEB,Médias spécialisés grand public,Actualités-Infos Générales,Nationale,https://issuu.com/wondergomagazine,Fernando Bombarda Borges,Pontinha,Bimestral,ERC,3
MED-PT-2430,Wookacontece,PT,Portugal,pt,PRESSE,Médias spécialisés grand public,Actualités-Infos Générales,Nationale,https://www.wook.pt/wookacontece,"Porto Editora, SA",Porto,Bianual,ERC,3
MED-PT-2431,World News Portugal,PT,Portugal,pt,WEB,Médias d'information générale (hors PQN),Actualités-Infos Générales,Nationale,https://www.worldnewsportugal.com,Nuno Frederico Simões Barata,Lisboa,Diária,ERC,3
MED-PT-2432,Xá das 5,PT,Portugal,pt,WEB,Médias spécialisés grand public,Actualités-Infos Générales,Nationale,https://xadas5.pt,António João Madeira Esperança Gata,Lisboa,Diária,ERC,3
MED-PT-2433,XFM,PT,Portugal,pt,RADIO,Radios Régionales,Actualités-Infos Générales,Régionale/Départementale,https://en.wikipedia.org/wiki/XFM_%28Portugal%29,,,,WIKIPEDIA,3
MED-PT-2434,XRádio,PT,Portugal,pt,RADIO,Radios Web/Podcasts,Actualités-Infos Générales,Régionale/Départementale,https://www.xradio.pt,Liliana Andreia da Silva Marques,Leça do Balio,Continu,ERC,3
MED-PT-2435,Yoga a Norte,PT,Portugal,pt,PRESSE,Médias régionaux (hors PQR),Actualités-Infos Générales,Régionale/Départementale,,Associação Regional do Yoga Galaico Douriense e Grande Porto - ARYON,Vila do Conde,Anual,ERC,3
MED-PT-2436,Zahara,PT,Portugal,pt,PRESSE,Médias régionaux (hors PQR),Actualités-Infos Générales,Régionale/Départementale,,Palha de Abrantes - Associação de Desenvolvimento Cultural,Abrantes,Semestral,ERC,3
MED-PT-2437,ZAP.aeiou,PT,Portugal,pt,WEB,Médias d'information générale (hors PQN),Actualités-Infos Générales,Nationale,http://zap.aeiou.pt,"Cool Beans !, Lda.",Matosinhos,Diária,ERC,3
MED-PT-2438,ZAP Novelas,PT,Portugal,pt,TV,TV Câble/Sat,"Culture/Divertissement, Cinéma, Jeux vidéos",Nationale,,"Upstar Comunicações, S.A.",Vendas Novas,Continu,ERC,3
MED-PT-2439,ZAP Viva,PT,Portugal,pt,TV,TV Câble/Sat,"Culture/Divertissement, Cinéma, Jeux vidéos",Nationale,,"Upstar Comunicações, S.A.",Vendas Novas,Continu,ERC,3
MED-PT-2440,ZAP VIVA Internacional,PT,Portugal,pt,TV,TV Câble/Sat,"Culture/Divertissement, Cinéma, Jeux vidéos",Nationale,,"Upstar Comunicações, S.A.",Vendas Novas,Continu,ERC,3
MED-PT-2441,Zee TV,PT,Portugal,pt,TV,TV Grandes Chaînes,Actualités-Infos Générales,Nationale,https://pt.wikipedia.org/wiki/Zee_TV,,,,WIKIPEDIA,3
MED-PT-2442,zerozero,PT,Portugal,pt,WEB,Médias d'information générale (hors PQN),Actualités-Infos Générales,Nationale,https://www.zerozero.pt,ZOS LDA,Vila Nova de Gaia,Diária,ERC,3
MED-PT-2443,Zona Técnica Futsal,PT,Portugal,pt,WEB,Médias spécialisés grand public,Actualités-Infos Générales,Nationale,http://zonatecnicafutsal.com,Carlos Amaro Correia Simões,Azambuja,Diária,ERC,3
MED-PT-2444,Zoot,PT,Portugal,pt,PRESSE,Médias d'information générale (hors PQN),Actualités-Infos Générales,Nationale,https://pt.wikipedia.org/wiki/Zoot,,,,WIKIPEDIA,3
MED-PT-2445,Z Sports,PT,Portugal,pt,TV,TV Câble/Sat,Sports,Nationale,,"Upstar Comunicações, S.A.",Vendas Novas,Continu,ERC,3
MED-ES-0001,ABC,ES,Espagne,es,PRESSE,PQN (Quotidiens nationaux),Actualités-Infos Générales,Nationale,https://www.abc.es,Vocento,Madrid,Quotidien,SEED,1
MED-ES-0002,Antena 3,ES,Espagne,es,TV,TV Grandes Chaînes,Actualités-Infos Générales,Nationale,https://www.antena3.com,Atresmedia,Madrid,Continu,SEED,1
MED-ES-0003,Cadena SER,ES,Espagne,es,RADIO,Radios Nationales,Actualités-Infos Générales,Nationale,https://cadenaser.com,PRISA,Madrid,Continu,SEED,1
MED-ES-0004,Cinco Días,ES,Espagne,es,PRESSE,Médias professionnels,Economie - Services,Nationale,https://cincodias.elpais.com,PRISA,Madrid,Quotidien,SEED,1
MED-ES-0005,COPE,ES,Espagne,es,RADIO,Radios Nationales,Actualités-Infos Générales,Nationale,https://www.cope.es,Ábside Media,Madrid,Continu,SEED,1
MED-ES-0006,EFE,ES,Espagne,es,AGENCES,Agences de presse,Actualités-Infos Générales,Nationale,https://www.efe.com,Agencia EFE,Madrid,Continu,SEED,1
MED-ES-0007,El Confidencial,ES,Espagne,es,WEB,Médias d'information générale (hors PQN),Actualités-Infos Générales,Nationale,https://www.elconfidencial.com,Titania Compañía Editorial,Madrid,Continu,SEED,1
MED-ES-0008,elDiario.es,ES,Espagne,es,WEB,Médias d'information générale (hors PQN),Actualités-Infos Générales,Nationale,https://www.eldiario.es,Diario de Prensa Digital,Madrid,Continu,SEED,1
MED-ES-0009,El Mundo,ES,Espagne,es,PRESSE,PQN (Quotidiens nationaux),Actualités-Infos Générales,Nationale,https://www.elmundo.es,Unidad Editorial,Madrid,Quotidien,SEED,1
MED-ES-0010,El País,ES,Espagne,es,PRESSE,PQN (Quotidiens nationaux),Actualités-Infos Générales,Nationale,https://elpais.com,PRISA,Madrid,Quotidien,SEED,1
MED-ES-0011,Europa Press,ES,Espagne,es,AGENCES,Agences de presse,Actualités-Infos Générales,Nationale,https://www.europapress.es,Europa Press,Madrid,Continu,SEED,1
MED-ES-0012,Expansión,ES,Espagne,es,PRESSE,Médias professionnels,Economie - Services,Nationale,https://www.expansion.com,Unidad Editorial,Madrid,Quotidien,SEED,1
MED-ES-0013,La Sexta,ES,Espagne,es,TV,TV Grandes Chaînes,Actualités-Infos Générales,Nationale,https://www.lasexta.com,Atresmedia,Madrid,Continu,SEED,1
MED-ES-0014,La Vanguardia,ES,Espagne,es,PRESSE,PQN (Quotidiens nationaux),Actualités-Infos Générales,Nationale,https://www.lavanguardia.com,Grupo Godó,Barcelone,Quotidien,SEED,1
MED-ES-0015,RTVE.es,ES,Espagne,es,WEB,Médias d'information générale (hors PQN),Actualités-Infos Générales,Nationale,https://www.rtve.es,RTVE,Madrid,Continu,SEED,1
MED-ES-0016,Telecinco,ES,Espagne,es,TV,TV Grandes Chaînes,Actualités-Infos Générales,Nationale,https://www.telecinco.es,Mediaset España / MFE,Madrid,Continu,SEED,1
MED-ES-0017,TVE La 1,ES,Espagne,es,TV,TV Grandes Chaînes,Actualités-Infos Générales,Nationale,https://www.rtve.es/play/la-1/,RTVE,Madrid,Continu,SEED,1
MED-ES-0018,20 Minutos,ES,Espagne,es,PRESSE,PQN (Quotidiens nationaux),Actualités-Infos Générales,Nationale,https://www.20minutos.es,Henneo,Madrid,Quotidien,SEED,2
MED-ES-0019,Ara,ES,Espagne,ca,PRESSE,PQR/PQD (Quotidiens régionaux),Actualités-Infos Générales,Régionale/Départementale,https://www.ara.cat,Edició de Premsa Periòdica Ara,Barcelone,Quotidien,SEED,2
MED-ES-0020,AS,ES,Espagne,es,PRESSE,Médias spécialisés grand public,Sports,Nationale,https://as.com,PRISA,Madrid,Quotidien,SEED,2
MED-ES-0021,El Correo,ES,Espagne,es,PRESSE,PQR/PQD (Quotidiens régionaux),Actualités-Infos Générales,Régionale/Départementale,https://www.elcorreo.com,Vocento,Bilbao,Quotidien,SEED,2
MED-ES-0022,El Economista,ES,Espagne,es,PRESSE,Médias professionnels,Economie - Services,Nationale,https://www.eleconomista.es,Editorial Ecoprensa,Madrid,Quotidien,SEED,2
MED-ES-0023,El Español,ES,Espagne,es,WEB,Médias d'information générale (hors PQN),Actualités-Infos Générales,Nationale,https://www.elespanol.com,El León de El Español Publicaciones,Madrid,Continu,SEED,2
MED-ES-0024,El Periódico,ES,Espagne,es,PRESSE,PQN (Quotidiens nationaux),Actualités-Infos Générales,Nationale,https://www.elperiodico.com,Prensa Ibérica,Barcelone,Quotidien,SEED,2
MED-ES-0025,La Razón,ES,Espagne,es,PRESSE,PQN (Quotidiens nationaux),Actualités-Infos Générales,Nationale,https://www.larazon.es,Grupo Planeta,Madrid,Quotidien,SEED,2
MED-ES-0026,La Voz de Galicia,ES,Espagne,es,PRESSE,PQR/PQD (Quotidiens régionaux),Actualités-Infos Générales,Régionale/Départementale,https://www.lavozdegalicia.es,Corporación Voz de Galicia,La Corogne,Quotidien,SEED,2
MED-ES-0027,Marca,ES,Espagne,es,PRESSE,Médias spécialisés grand public,Sports,Nationale,https://www.marca.com,Unidad Editorial,Madrid,Quotidien,SEED,2
MED-ES-0028,Onda Cero,ES,Espagne,es,RADIO,Radios Nationales,Actualités-Infos Générales,Nationale,https://www.ondacero.es,Atresmedia,Madrid,Continu,SEED,2
MED-ES-0029,RAC1,ES,Espagne,ca,RADIO,Radios Régionales,Actualités-Infos Générales,Régionale/Départementale,https://www.rac1.cat,Grupo Godó,Barcelone,Continu,SEED,2
MED-ES-0030,RNE,ES,Espagne,es,RADIO,Radios Nationales,Actualités-Infos Générales,Nationale,https://www.rtve.es/radio,RTVE,Madrid,Continu,SEED,2
MED-ES-0031,TV3,ES,Espagne,ca,TV,TV Régionales,Actualités-Infos Générales,Régionale/Départementale,https://www.ccma.cat/tv3,CCMA,Sant Joan Despí,Continu,SEED,2
MED-ES-0032,El Diario Vasco,ES,Espagne,es,PRESSE,PQR/PQD (Quotidiens régionaux),Actualités-Infos Générales,Régionale/Départementale,https://www.diariovasco.com,Vocento,Saint-Sébastien,Quotidien,SEED,3
MED-ES-0033,La Nueva España,ES,Espagne,es,PRESSE,PQR/PQD (Quotidiens régionaux),Actualités-Infos Générales,Régionale/Départementale,https://www.lne.es,Prensa Ibérica,Oviedo,Quotidien,SEED,3
MED-ES-0034,OKDiario,ES,Espagne,es,WEB,Médias d'information générale (hors PQN),Actualités-Infos Générales,Nationale,https://okdiario.com,Acción Digital,Madrid,Continu,SEED,3
MED-ES-0035,VilaWeb,ES,Espagne,ca,WEB,Médias régionaux (hors PQR),Actualités-Infos Générales,Régionale/Départementale,https://www.vilaweb.cat,"Partal, Maresma i Associats",Barcelone,Continu,SEED,3
MED-ES-0036,0 por M+,ES,Espagne,es,TV,TV Grandes Chaînes,Actualités-Infos Générales,Nationale,https://es.wikipedia.org/wiki/0_por_M%2B,,,,WIKIPEDIA,3
MED-ES-0037,0 por Movistar Plus+,ES,Espagne,es,TV,TV Câble/Sat,Actualités-Infos Générales,Nationale,https://en.wikipedia.org/wiki/0_por_Movistar_Plus%2B,,,,WIKIPEDIA,3
MED-ES-0038,24 Horas,ES,Espagne,es,TV,TV Grandes Chaînes,Actualités-Infos Générales,Nationale,https://en.wikipedia.org/wiki/24_Horas_%28Spanish_TV_channel%29,,,,WIKIPEDIA,3
MED-ES-0039,3CatInfo,ES,Espagne,es,TV,TV Grandes Chaînes,Actualités-Infos Générales,Nationale,https://en.wikipedia.org/wiki/3CatInfo_%28TV_channel%29,,,,WIKIPEDIA,3
MED-ES-0040,3XL,ES,Espagne,es,TV,TV Grandes Chaînes,Actualités-Infos Générales,Nationale,https://en.wikipedia.org/wiki/3XL,,,,WIKIPEDIA,3
MED-ES-0041,40 Móvil,ES,Espagne,es,RADIO,Radios Régionales,Actualités-Infos Générales,Régionale/Départementale,https://es.wikipedia.org/wiki/40_M%C3%B3vil,,,,WIKIPEDIA,3
MED-ES-0042,6 TOROS 6,ES,Espagne,es,PRESSE,Médias d'information générale (hors PQN),Actualités-Infos Générales,Nationale,https://es.wikipedia.org/wiki/6_TOROS_6,,,,WIKIPEDIA,3
MED-ES-0043,7NN,ES,Espagne,es,TV,TV Grandes Chaînes,Actualités-Infos Générales,Nationale,https://en.wikipedia.org/wiki/7NN,,,,WIKIPEDIA,3
MED-ES-0044,8TV,ES,Espagne,es,TV,TV Grandes Chaînes,Actualités-Infos Générales,Nationale,https://en.wikipedia.org/wiki/8TV_%28Catalonia%29,,,,WIKIPEDIA,3
MED-ES-0045,Acció,ES,Espagne,es,PRESSE,Médias régionaux (hors PQR),Actualités-Infos Générales,Régionale/Départementale,https://en.wikipedia.org/wiki/Acci%C3%B3,,,,WIKIPEDIA,3
MED-ES-0046,Acción,ES,Espagne,es,PRESSE,Médias régionaux (hors PQR),Actualités-Infos Générales,Régionale/Départementale,https://es.wikipedia.org/wiki/Acci%C3%B3n_%28Teruel%29,,,,WIKIPEDIA,3
MED-ES-0047,Acción obrera,ES,Espagne,es,PRESSE,Médias régionaux (hors PQR),Actualités-Infos Générales,Régionale/Départementale,https://en.wikipedia.org/wiki/Acci%C3%B3n_obrera,,,,WIKIPEDIA,3
MED-ES-0048,Acción por M+,ES,Espagne,es,TV,TV Grandes Chaînes,Actualités-Infos Générales,Nationale,https://es.wikipedia.org/wiki/Acci%C3%B3n_por_M%2B,,,,WIKIPEDIA,3
MED-ES-0049,Acción por Movistar Plus+,ES,Espagne,es,TV,TV Câble/Sat,Actualités-Infos Générales,Nationale,https://en.wikipedia.org/wiki/Acci%C3%B3n_por_Movistar_Plus%2B,,,,WIKIPEDIA,3
MED-ES-0050,Acracia,ES,Espagne,es,PRESSE,Médias régionaux (hors PQR),Actualités-Infos Générales,Régionale/Départementale,https://es.wikipedia.org/wiki/Acracia_%28peri%C3%B3dico%29,,,,WIKIPEDIA,3
MED-ES-0051,Adelante,ES,Espagne,es,PRESSE,Médias régionaux (hors PQR),Actualités-Infos Générales,Régionale/Départementale,https://en.wikipedia.org/wiki/Adelante_%281902%29,,,,WIKIPEDIA,3
MED-ES-0052,ADN,ES,Espagne,es,PRESSE,PQR/PQD (Quotidiens régionaux),Actualités-Infos Générales,Régionale/Départementale,https://en.wikipedia.org/wiki/ADN_%28newspaper%29,,,,WIKIPEDIA,3
MED-ES-0053,Adolfo Llanos y Alcaraz,ES,Espagne,es,PRESSE,Médias régionaux (hors PQR),Actualités-Infos Générales,Régionale/Départementale,https://es.wikipedia.org/wiki/Adolfo_Llanos_y_Alcaraz,,,,WIKIPEDIA,3
MED-ES-0054,A gran historia de Galicia,ES,Espagne,gl,PRESSE,Médias régionaux (hors PQR),Actualités-Infos Générales,Régionale/Départementale,https://gl.wikipedia.org/wiki/A_gran_historia_de_Galicia,,,,WIKIPEDIA,3
MED-ES-0055,Agrupación Coral Aires Galegos,ES,Espagne,gl,PRESSE,Médias régionaux (hors PQR),Actualités-Infos Générales,Régionale/Départementale,https://gl.wikipedia.org/wiki/Agrupaci%C3%B3n_Coral_Aires_Galegos_%28Fonoteca_92%29,,,,WIKIPEDIA,3
MED-ES-0056,Agrupación Folklórica Rosalia de Castro,ES,Espagne,gl,PRESSE,Médias régionaux (hors PQR),Actualités-Infos Générales,Régionale/Départementale,https://gl.wikipedia.org/wiki/Agrupaci%C3%B3n_Folkl%C3%B3rica_Rosalia_de_Castro_%28Fonoteca_92%29,,,,WIKIPEDIA,3
MED-ES-0057,Agrupación Independiente de Radiodifusión Entreculturas,ES,Espagne,es,RADIO,Radios Régionales,Actualités-Infos Générales,Régionale/Départementale,https://es.wikipedia.org/wiki/Agrupaci%C3%B3n_Independiente_de_Radiodifusi%C3%B3n_Entreculturas,,,,WIKIPEDIA,3
MED-ES-0058,Agrupación Musical de O Rosal,ES,Espagne,gl,PRESSE,Médias régionaux (hors PQR),Actualités-Infos Générales,Régionale/Départementale,https://gl.wikipedia.org/wiki/Agrupaci%C3%B3n_Musical_de_O_Rosal_%28Fonoteca_92%29,,,,WIKIPEDIA,3
MED-ES-0059,Ahora,ES,Espagne,es,PRESSE,PQR/PQD (Quotidiens régionaux),Actualités-Infos Générales,Régionale/Départementale,https://es.wikipedia.org/wiki/Ahora_%28peri%C3%B3dico%29,,,,WIKIPEDIA,3
MED-ES-0060,Ahotsa.info,ES,Espagne,es,PRESSE,Médias régionaux (hors PQR),Actualités-Infos Générales,Régionale/Départementale,https://es.wikipedia.org/wiki/Ahotsa.info,,,,WIKIPEDIA,3
MED-ES-0061,¡A las Barricadas!,ES,Espagne,es,PRESSE,Médias régionaux (hors PQR),Actualités-Infos Générales,Régionale/Départementale,https://es.wikipedia.org/wiki/%C2%A1A_las_Barricadas%21_%28suplemento_de_Intervi%C3%BA%29,,,,WIKIPEDIA,3
MED-ES-0062,Albert Cuesta i Zaragosí,ES,Espagne,ca,PRESSE,Médias régionaux (hors PQR),Actualités-Infos Générales,Régionale/Départementale,https://ca.wikipedia.org/wiki/Albert_Cuesta_i_Zaragos%C3%AD,,,,WIKIPEDIA,3
MED-ES-0063,Albert Om i Ferrer,ES,Espagne,ca,PRESSE,Médias régionaux (hors PQR),Actualités-Infos Générales,Régionale/Départementale,https://ca.wikipedia.org/wiki/Albert_Om_i_Ferrer,,,,WIKIPEDIA,3
MED-ES-0064,Álbum TV,ES,Espagne,es,TV,TV Grandes Chaînes,Actualités-Infos Générales,Nationale,https://es.wikipedia.org/wiki/%C3%81lbum_TV,,,,WIKIPEDIA,3
MED-ES-0065,Alerta,ES,Espagne,es,PRESSE,Médias régionaux (hors PQR),Actualités-Infos Générales,Régionale/Départementale,https://es.wikipedia.org/wiki/Alerta_%28peri%C3%B3dico%29,,,,WIKIPEDIA,3
MED-ES-0066,Àlex Gutiérrez i Margarit,ES,Espagne,ca,PRESSE,Médias régionaux (hors PQR),Actualités-Infos Générales,Régionale/Départementale,https://ca.wikipedia.org/wiki/%C3%80lex_Guti%C3%A9rrez_i_Margarit,,,,WIKIPEDIA,3
MED-ES-0067,Alfonso de Salas,ES,Espagne,es,PRESSE,Médias régionaux (hors PQR),Actualités-Infos Générales,Régionale/Départementale,https://es.wikipedia.org/wiki/Alfonso_de_Salas,,,,WIKIPEDIA,3
MED-ES-0068,Alfonso Grupo / Os Cuadros,ES,Espagne,gl,PRESSE,Médias régionaux (hors PQR),Actualités-Infos Générales,Régionale/Départementale,https://gl.wikipedia.org/wiki/Alfonso_Grupo_/_Os_Cuadros_%28Fonoteca_92%29,,,,WIKIPEDIA,3
MED-ES-0069,Aló cando os animais falaban...,ES,Espagne,gl,PRESSE,Médias régionaux (hors PQR),Actualités-Infos Générales,Régionale/Départementale,https://gl.wikipedia.org/wiki/Al%C3%B3_cando_os_animais_falaban..._%28Fonoteca_92%29,,,,WIKIPEDIA,3
MED-ES-0070,Altamira,ES,Espagne,es,PRESSE,Médias d'information générale (hors PQN),Actualités-Infos Générales,Nationale,https://es.wikipedia.org/wiki/Altamira_%28revista%29,,,,WIKIPEDIA,3
MED-ES-0071,Alzira radio,ES,Espagne,es,RADIO,Radios Régionales,Actualités-Infos Générales,Régionale/Départementale,https://es.wikipedia.org/wiki/Alzira_radio,,,,WIKIPEDIA,3
MED-ES-0072,Amanecer,ES,Espagne,es,PRESSE,Médias régionaux (hors PQR),Actualités-Infos Générales,Régionale/Départementale,https://es.wikipedia.org/wiki/Amanecer_%28peri%C3%B3dico%29,,,,WIKIPEDIA,3
MED-ES-0073,AMC,ES,Espagne,es,TV,TV Grandes Chaînes,Actualités-Infos Générales,Nationale,https://es.wikipedia.org/wiki/AMC_%28Espa%C3%B1a%29,,,,WIKIPEDIA,3
MED-ES-0074,AMC Anime,ES,Espagne,es,TV,TV Grandes Chaînes,Actualités-Infos Générales,Nationale,https://en.wikipedia.org/wiki/AMC_Anime,,,,WIKIPEDIA,3
MED-ES-0075,AMC Break,ES,Espagne,es,TV,TV Grandes Chaînes,Actualités-Infos Générales,Nationale,https://es.wikipedia.org/wiki/AMC_Break,,,,WIKIPEDIA,3
MED-ES-0076,AMC Crime,ES,Espagne,es,TV,TV Grandes Chaînes,Actualités-Infos Générales,Nationale,https://es.wikipedia.org/wiki/AMC_Crime,,,,WIKIPEDIA,3
MED-ES-0077,AMC Living,ES,Espagne,es,TV,TV Grandes Chaînes,Actualités-Infos Générales,Nationale,https://es.wikipedia.org/wiki/AMC_Living,,,,WIKIPEDIA,3
MED-ES-0078,AMC Networks International Southern Europe,ES,Espagne,es,TV,TV Grandes Chaînes,Actualités-Infos Générales,Nationale,https://en.wikipedia.org/wiki/AMC_Networks_International_Southern_Europe,,,,WIKIPEDIA,3
MED-ES-0079,AMC Western,ES,Espagne,es,TV,TV Grandes Chaînes,Actualités-Infos Générales,Nationale,https://es.wikipedia.org/wiki/AMC_Western,,,,WIKIPEDIA,3
MED-ES-0080,Amor y Rabia,ES,Espagne,es,PRESSE,Médias régionaux (hors PQR),Actualités-Infos Générales,Régionale/Départementale,https://es.wikipedia.org/wiki/Amor_y_Rabia,,,,WIKIPEDIA,3
MED-ES-0081,Ángel de Lema Marina,ES,Espagne,gl,PRESSE,Médias régionaux (hors PQR),Actualités-Infos Générales,Régionale/Départementale,https://gl.wikipedia.org/wiki/%C3%81ngel_de_Lema_Marina,,,,WIKIPEDIA,3
MED-ES-0082,Ángel Sánchez de la Fuente,ES,Espagne,ca,PRESSE,Médias régionaux (hors PQR),Actualités-Infos Générales,Régionale/Départementale,https://ca.wikipedia.org/wiki/%C3%81ngel_S%C3%A1nchez_de_la_Fuente,,,,WIKIPEDIA,3
MED-ES-0083,Animax,ES,Espagne,es,TV,TV Grandes Chaînes,Actualités-Infos Générales,Nationale,https://es.wikipedia.org/wiki/Animax_%28Espa%C3%B1a%29,,,,WIKIPEDIA,3
MED-ES-0084,Anna Cristeto i Massaneda,ES,Espagne,ca,PRESSE,Médias régionaux (hors PQR),Actualités-Infos Générales,Régionale/Départementale,https://ca.wikipedia.org/wiki/Anna_Cristeto_i_Massaneda,,,,WIKIPEDIA,3
MED-ES-0085,A Nosa Terra,ES,Espagne,eu,PRESSE,Médias régionaux (hors PQR),Actualités-Infos Générales,Régionale/Départementale,https://eu.wikipedia.org/wiki/A_Nosa_Terra_%281907%29,,,,WIKIPEDIA,3
MED-ES-0086,Antoloxía Poética (e III),ES,Espagne,gl,PRESSE,Médias régionaux (hors PQR),Actualités-Infos Générales,Régionale/Départementale,https://gl.wikipedia.org/wiki/Antolox%C3%ADa_Po%C3%A9tica_%28e_III%29_%28Fonoteca_92%29,,,,WIKIPEDIA,3
MED-ES-0087,Antoloxía Poética I,ES,Espagne,gl,PRESSE,Médias régionaux (hors PQR),Actualités-Infos Générales,Régionale/Départementale,https://gl.wikipedia.org/wiki/Antolox%C3%ADa_Po%C3%A9tica_I_%28Fonoteca_92%29,,,,WIKIPEDIA,3
MED-ES-0088,Antoloxía Poética II,ES,Espagne,gl,PRESSE,Médias régionaux (hors PQR),Actualités-Infos Générales,Régionale/Départementale,https://gl.wikipedia.org/wiki/Antolox%C3%ADa_Po%C3%A9tica_II_%28Fonoteca_92%29,,,,WIKIPEDIA,3
MED-ES-0089,Antoni Bassas i Onieva,ES,Espagne,ca,PRESSE,Médias régionaux (hors PQR),Actualités-Infos Générales,Régionale/Départementale,https://ca.wikipedia.org/wiki/Antoni_Bassas_i_Onieva,,,,WIKIPEDIA,3
MED-ES-0090,Antonio Rodríguez de las Heras,ES,Espagne,es,PRESSE,Médias régionaux (hors PQR),Actualités-Infos Générales,Régionale/Départementale,https://es.wikipedia.org/wiki/Antonio_Rodr%C3%ADguez_de_las_Heras,,,,WIKIPEDIA,3
MED-ES-0091,Antoni Padilla i Montoliu,ES,Espagne,ca,PRESSE,Médias régionaux (hors PQR),Actualités-Infos Générales,Régionale/Départementale,https://ca.wikipedia.org/wiki/Antoni_Padilla_i_Montoliu,,,,WIKIPEDIA,3
MED-ES-0092,Antorcha,ES,Espagne,es,PRESSE,Médias régionaux (hors PQR),Actualités-Infos Générales,Régionale/Départementale,https://es.wikipedia.org/wiki/Antorcha_%28peri%C3%B3dico%29,,,,WIKIPEDIA,3
MED-ES-0093,Ánxel Fole / Ramón Piñeiro,ES,Espagne,gl,PRESSE,Médias régionaux (hors PQR),Actualités-Infos Générales,Régionale/Départementale,https://gl.wikipedia.org/wiki/%C3%81nxel_Fole_/_Ram%C3%B3n_Pi%C3%B1eiro_%28Fonoteca%29,,,,WIKIPEDIA,3
MED-ES-0094,Aplausos,ES,Espagne,es,PRESSE,Médias d'information générale (hors PQN),Actualités-Infos Générales,Nationale,https://es.wikipedia.org/wiki/Aplausos_%28revista%29,,,,WIKIPEDIA,3
MED-ES-0095,À Punt,ES,Espagne,es,TV,TV Grandes Chaînes,Actualités-Infos Générales,Nationale,https://en.wikipedia.org/wiki/%C3%80_Punt,,,,WIKIPEDIA,3
MED-ES-0096,À Punt FM,ES,Espagne,es,RADIO,Radios Régionales,Actualités-Infos Générales,Régionale/Départementale,https://es.wikipedia.org/wiki/%C3%80_Punt_FM,,,,WIKIPEDIA,3
MED-ES-0097,Apurtu.org,ES,Espagne,es,PRESSE,Médias régionaux (hors PQR),Actualités-Infos Générales,Régionale/Départementale,https://es.wikipedia.org/wiki/Apurtu.org,,,,WIKIPEDIA,3
MED-ES-0098,ARA Balears,ES,Espagne,es,PRESSE,Médias régionaux (hors PQR),Actualités-Infos Générales,Régionale/Départementale,https://es.wikipedia.org/wiki/ARA_Balears,,,,WIKIPEDIA,3
MED-ES-0099,Aragón Radio,ES,Espagne,es,RADIO,Radios Régionales,Actualités-Infos Générales,Régionale/Départementale,https://es.wikipedia.org/wiki/Arag%C3%B3n_Radio,,,,WIKIPEDIA,3
MED-ES-0100,Aragón Radio 2.com,ES,Espagne,es,RADIO,Radios Régionales,Actualités-Infos Générales,Régionale/Départementale,https://es.wikipedia.org/wiki/Arag%C3%B3n_Radio_2.com,,,,WIKIPEDIA,3
MED-ES-0101,Aragón TV,ES,Espagne,es,TV,TV Grandes Chaînes,Actualités-Infos Générales,Nationale,https://en.wikipedia.org/wiki/Arag%C3%B3n_TV,,,,WIKIPEDIA,3
MED-ES-0102,AraInfo,ES,Espagne,es,PRESSE,PQR/PQD (Quotidiens régionaux),Actualités-Infos Générales,Régionale/Départementale,https://es.wikipedia.org/wiki/AraInfo,,,,WIKIPEDIA,3
MED-ES-0103,Arredol,ES,Espagne,es,PRESSE,Médias régionaux (hors PQR),Actualités-Infos Générales,Régionale/Départementale,https://es.wikipedia.org/wiki/Arredol,,,,WIKIPEDIA,3
MED-ES-0104,Arriba,ES,Espagne,es,PRESSE,Médias régionaux (hors PQR),Actualités-Infos Générales,Régionale/Départementale,https://en.wikipedia.org/wiki/Arriba_%28newspaper%29,,,,WIKIPEDIA,3
MED-ES-0105,Artistas en la revista Feminal,ES,Espagne,es,PRESSE,Médias d'information générale (hors PQN),Actualités-Infos Générales,Nationale,https://es.wikipedia.org/wiki/Artistas_en_la_revista_Feminal_%281907-1917%29,,,,WIKIPEDIA,3
MED-ES-0106,Atentado contra el diario El País de 1978,ES,Espagne,es,PRESSE,PQR/PQD (Quotidiens régionaux),Actualités-Infos Générales,Régionale/Départementale,https://es.wikipedia.org/wiki/Atentado_contra_el_diario_El_Pa%C3%ADs_de_1978,,,,WIKIPEDIA,3
MED-ES-0107,Atlántica FM,ES,Espagne,es,RADIO,Radios Régionales,Actualités-Infos Générales,Régionale/Départementale,https://es.wikipedia.org/wiki/Atl%C3%A1ntica_FM,,,,WIKIPEDIA,3
MED-ES-0108,Atlántica XXII,ES,Espagne,es,PRESSE,Médias régionaux (hors PQR),Actualités-Infos Générales,Régionale/Départementale,https://es.wikipedia.org/wiki/Atl%C3%A1ntica_XXII,,,,WIKIPEDIA,3
MED-ES-0109,Atlántico Diario,ES,Espagne,es,PRESSE,PQR/PQD (Quotidiens régionaux),Actualités-Infos Générales,Régionale/Départementale,https://es.wikipedia.org/wiki/Atl%C3%A1ntico_Diario,,,,WIKIPEDIA,3
MED-ES-0110,A todo color,ES,Espagne,es,PRESSE,Médias régionaux (hors PQR),Actualités-Infos Générales,Régionale/Départementale,https://es.wikipedia.org/wiki/A_todo_color_%28suplemento%29,,,,WIKIPEDIA,3
MED-ES-0111,Atreseries,ES,Espagne,es,TV,TV Grandes Chaînes,Actualités-Infos Générales,Nationale,https://es.wikipedia.org/wiki/Atreseries,,,,WIKIPEDIA,3
MED-ES-0112,Avant,ES,Espagne,es,PRESSE,Médias régionaux (hors PQR),Actualités-Infos Générales,Régionale/Départementale,https://es.wikipedia.org/wiki/Avant_%28PCC%29,,,,WIKIPEDIA,3
MED-ES-0113,AV Monografías,ES,Espagne,es,PRESSE,Médias d'information générale (hors PQN),Actualités-Infos Générales,Nationale,https://es.wikipedia.org/wiki/AV_Monograf%C3%ADas,,,,WIKIPEDIA,3
MED-ES-0114,A Voz de Vilalba,ES,Espagne,gl,PRESSE,Médias régionaux (hors PQR),Actualités-Infos Générales,Régionale/Départementale,https://gl.wikipedia.org/wiki/A_Voz_de_Vilalba,,,,WIKIPEDIA,3
MED-ES-0115,A Voz do País,ES,Espagne,es,PRESSE,Médias régionaux (hors PQR),Actualités-Infos Générales,Régionale/Départementale,https://es.wikipedia.org/wiki/A_Voz_do_Pa%C3%ADs,,,,WIKIPEDIA,3
MED-ES-0116,Avui,ES,Espagne,es,PRESSE,Médias régionaux (hors PQR),Actualités-Infos Générales,Régionale/Départementale,https://es.wikipedia.org/wiki/Avui,,,,WIKIPEDIA,3
MED-ES-0117,AXN,ES,Espagne,es,TV,TV Câble/Sat,Actualités-Infos Générales,Nationale,https://es.wikipedia.org/wiki/AXN_%28Espa%C3%B1a%29,,,,WIKIPEDIA,3
MED-ES-0118,AXN Movies,ES,Espagne,es,TV,TV Câble/Sat,Actualités-Infos Générales,Nationale,https://es.wikipedia.org/wiki/AXN_Movies,,,,WIKIPEDIA,3
MED-ES-0119,AXN White,ES,Espagne,es,TV,TV Câble/Sat,Actualités-Infos Générales,Nationale,https://en.wikipedia.org/wiki/AXN_White,,,,WIKIPEDIA,3
MED-ES-0120,Ayer,ES,Espagne,es,PRESSE,Médias régionaux (hors PQR),Actualités-Infos Générales,Régionale/Départementale,https://es.wikipedia.org/wiki/Ayer_%28peri%C3%B3dico%29,,,,WIKIPEDIA,3
MED-ES-0121,Azul,ES,Espagne,es,PRESSE,Médias régionaux (hors PQR),Actualités-Infos Générales,Régionale/Départementale,https://es.wikipedia.org/wiki/Azul_%28peri%C3%B3dico%29,,,,WIKIPEDIA,3
MED-ES-0122,BabyTV,ES,Espagne,es,TV,TV Grandes Chaînes,Actualités-Infos Générales,Nationale,https://es.wikipedia.org/wiki/BabyTV,,,,WIKIPEDIA,3
MED-ES-0123,Banda de Celanova,ES,Espagne,gl,PRESSE,Médias régionaux (hors PQR),Actualités-Infos Générales,Régionale/Départementale,https://gl.wikipedia.org/wiki/Banda_de_Celanova_%28Fonoteca_92%29,,,,WIKIPEDIA,3
MED-ES-0124,Banda de Gaitas Lembranzas / Coral Aires de Bergantiños,ES,Espagne,gl,PRESSE,Médias régionaux (hors PQR),Actualités-Infos Générales,Régionale/Départementale,https://gl.wikipedia.org/wiki/Banda_de_Gaitas_Lembranzas_/_Coral_Aires_de_Berganti%C3%B1os_%28Fonoteca_92%29,,,,WIKIPEDIA,3
MED-ES-0125,Banda de Gaitas O Pedrón,ES,Espagne,gl,PRESSE,Médias régionaux (hors PQR),Actualités-Infos Générales,Régionale/Départementale,https://gl.wikipedia.org/wiki/Banda_de_Gaitas_O_Pedr%C3%B3n_%28Fonoteca_92%29,,,,WIKIPEDIA,3
MED-ES-0126,Banda de Música Cultural de Arcade / Banda de Música de Sober,ES,Espagne,gl,PRESSE,Médias régionaux (hors PQR),Actualités-Infos Générales,Régionale/Départementale,https://gl.wikipedia.org/wiki/Banda_de_M%C3%BAsica_Cultural_de_Arcade_/_Banda_de_M%C3%BAsica_de_Sober_%28Fonoteca_92%29,,,,WIKIPEDIA,3
MED-ES-0127,Banda de Música Cultural de Teo / Banda de Música Xuvenil do Padroado da Cultura de Narón,ES,Espagne,gl,PRESSE,Médias régionaux (hors PQR),Actualités-Infos Générales,Régionale/Départementale,https://gl.wikipedia.org/wiki/Banda_de_M%C3%BAsica_Cultural_de_Teo_/_Banda_de_M%C3%BAsica_Xuvenil_do_Padroado_da_Cultura_de_Nar%C3%B3n_%28Fonoteca_92%29,,,,WIKIPEDIA,3
MED-ES-0128,Banda de Música da Escola Naval Militar de Marín / Sociedade Coral Polifónica de Pontevedra,ES,Espagne,gl,PRESSE,Médias régionaux (hors PQR),Actualités-Infos Générales,Régionale/Départementale,https://gl.wikipedia.org/wiki/Banda_de_M%C3%BAsica_da_Escola_Naval_Militar_de_Mar%C3%ADn_/_Sociedade_Coral_Polif%C3%B3nica_de_Pontevedra_%28Fonoteca_92%29,,,,WIKIPEDIA,3
MED-ES-0129,Banda de Música da Mancomunidade de Verín / Banda de Música de Antas de Ulla,ES,Espagne,gl,PRESSE,Médias régionaux (hors PQR),Actualités-Infos Générales,Régionale/Départementale,https://gl.wikipedia.org/wiki/Banda_de_M%C3%BAsica_da_Mancomunidade_de_Ver%C3%ADn_/_Banda_de_M%C3%BAsica_de_Antas_de_Ulla_%28Fonoteca_92%29,,,,WIKIPEDIA,3
MED-ES-0130,Banda de Música de Vilagarcía de Arousa,ES,Espagne,gl,PRESSE,Médias régionaux (hors PQR),Actualités-Infos Générales,Régionale/Départementale,https://gl.wikipedia.org/wiki/Banda_de_M%C3%BAsica_de_Vilagarc%C3%ADa_de_Arousa_%28Fonoteca_92%29,,,,WIKIPEDIA,3
MED-ES-0131,Banda de Música Municipal de Rianxo,ES,Espagne,gl,PRESSE,Médias institutionnels,Actualités-Infos Générales,Régionale/Départementale,https://gl.wikipedia.org/wiki/Banda_de_M%C3%BAsica_Municipal_de_Rianxo_%28Fonoteca_92%29,,,,WIKIPEDIA,3
MED-ES-0132,Banda de Música Municipal de Xinzo de Limia,ES,Espagne,gl,PRESSE,Médias institutionnels,Actualités-Infos Générales,Régionale/Départementale,https://gl.wikipedia.org/wiki/Banda_de_M%C3%BAsica_Municipal_de_Xinzo_de_Limia_%28Fonoteca_92%29,,,,WIKIPEDIA,3
MED-ES-0133,Banda de Música Xuvenil de Xinzo,ES,Espagne,gl,PRESSE,Médias régionaux (hors PQR),Actualités-Infos Générales,Régionale/Départementale,https://gl.wikipedia.org/wiki/Banda_de_M%C3%BAsica_Xuvenil_de_Xinzo_%28Fonoteca_92%29,,,,WIKIPEDIA,3
MED-ES-0134,Banda Unión Musical de Valladares,ES,Espagne,gl,PRESSE,Médias régionaux (hors PQR),Actualités-Infos Générales,Régionale/Départementale,https://gl.wikipedia.org/wiki/Banda_Uni%C3%B3n_Musical_de_Valladares_%28Fonoteca_92%29,,,,WIKIPEDIA,3
MED-ES-0135,Bay Radio,ES,Espagne,es,RADIO,Radios Régionales,Actualités-Infos Générales,Régionale/Départementale,https://en.wikipedia.org/wiki/Bay_Radio_%28Spain%29,,,,WIKIPEDIA,3
MED-ES-0136,BBC Earth por M+,ES,Espagne,es,TV,TV Grandes Chaînes,Actualités-Infos Générales,Nationale,https://es.wikipedia.org/wiki/BBC_Earth_por_M%2B,,,,WIKIPEDIA,3
MED-ES-0137,BCN Mes,ES,Espagne,es,PRESSE,PQR/PQD (Quotidiens régionaux),Actualités-Infos Générales,Régionale/Départementale,https://es.wikipedia.org/wiki/BCN_Mes,,,,WIKIPEDIA,3
MED-ES-0138,BeIN LaLiga,ES,Espagne,es,TV,TV Grandes Chaînes,Actualités-Infos Générales,Nationale,https://es.wikipedia.org/wiki/BeIN_LaLiga,,,,WIKIPEDIA,3
MED-ES-0139,BeIN Sports,ES,Espagne,es,TV,TV Grandes Chaînes,Actualités-Infos Générales,Nationale,https://es.wikipedia.org/wiki/BeIN_Sports_%28Espa%C3%B1a%29,,,,WIKIPEDIA,3
MED-ES-0140,Benedicto e Bibiano,ES,Espagne,gl,PRESSE,Médias régionaux (hors PQR),Actualités-Infos Générales,Régionale/Départementale,https://gl.wikipedia.org/wiki/Benedicto_e_Bibiano_%28Voces_Ceibes%29,,,,WIKIPEDIA,3
MED-ES-0141,Berria,ES,Espagne,es,PRESSE,PQR/PQD (Quotidiens régionaux),Actualités-Infos Générales,Régionale/Départementale,https://es.wikipedia.org/wiki/Berria,,,,WIKIPEDIA,3
MED-ES-0142,Betevé,ES,Espagne,es,TV,TV Grandes Chaînes,Actualités-Infos Générales,Nationale,https://en.wikipedia.org/wiki/Betev%C3%A9,,,,WIKIPEDIA,3
MED-ES-0143,Bez,ES,Espagne,es,PRESSE,Médias régionaux (hors PQR),Actualités-Infos Générales,Régionale/Départementale,https://es.wikipedia.org/wiki/Bez,,,,WIKIPEDIA,3
MED-ES-0144,Biblioteca 114,ES,Espagne,gl,PRESSE,Médias régionaux (hors PQR),Actualités-Infos Générales,Régionale/Départementale,https://gl.wikipedia.org/wiki/Biblioteca_114,,,,WIKIPEDIA,3
MED-ES-0145,Biblioteca Galega 120,ES,Espagne,gl,PRESSE,Médias régionaux (hors PQR),Actualités-Infos Générales,Régionale/Départementale,https://gl.wikipedia.org/wiki/Biblioteca_Galega_120,,,,WIKIPEDIA,3
MED-ES-0146,Biblioteca Galega de Clásicos Universais,ES,Espagne,gl,PRESSE,Médias régionaux (hors PQR),Actualités-Infos Générales,Régionale/Départementale,https://gl.wikipedia.org/wiki/Biblioteca_Galega_de_Cl%C3%A1sicos_Universais,,,,WIKIPEDIA,3
MED-ES-0147,Biblioteca Gallega de Autores en Castellano,ES,Espagne,gl,PRESSE,Médias régionaux (hors PQR),Actualités-Infos Générales,Régionale/Départementale,https://gl.wikipedia.org/wiki/Biblioteca_Gallega_de_Autores_en_Castellano,,,,WIKIPEDIA,3
MED-ES-0148,Bit FM Pamplona,ES,Espagne,es,RADIO,Radios Régionales,Actualités-Infos Générales,Régionale/Départementale,https://es.wikipedia.org/wiki/Bit_FM_Pamplona,,,,WIKIPEDIA,3
MED-ES-0149,Blanco Amor / Celso Emilio Ferreiro,ES,Espagne,gl,PRESSE,Médias régionaux (hors PQR),Actualités-Infos Générales,Régionale/Départementale,https://gl.wikipedia.org/wiki/Blanco_Amor_/_Celso_Emilio_Ferreiro_%28Fonoteca_92%29,,,,WIKIPEDIA,3
MED-ES-0150,Blanco y Negro,ES,Espagne,es,PRESSE,Médias régionaux (hors PQR),Actualités-Infos Générales,Régionale/Départementale,https://es.wikipedia.org/wiki/Blanco_y_Negro_%28revista%29,,,,WIKIPEDIA,3
MED-ES-0151,Boing,ES,Espagne,es,TV,TV Grandes Chaînes,Actualités-Infos Générales,Nationale,https://es.wikipedia.org/wiki/Boing_%28Espa%C3%B1a%29,,,,WIKIPEDIA,3
MED-ES-0152,Boletín,ES,Espagne,es,PRESSE,Médias régionaux (hors PQR),Actualités-Infos Générales,Régionale/Départementale,https://es.wikipedia.org/wiki/Bolet%C3%ADn_%28esperanto%29,,,,WIKIPEDIA,3
MED-ES-0153,Boletín Oficial de Cantabria,ES,Espagne,es,PRESSE,Médias régionaux (hors PQR),Actualités-Infos Générales,Régionale/Départementale,https://es.wikipedia.org/wiki/Bolet%C3%ADn_Oficial_de_Cantabria,,,,WIKIPEDIA,3
MED-ES-0154,Boletín Oficial de la Junta de Andalucía,ES,Espagne,es,PRESSE,Médias régionaux (hors PQR),Actualités-Infos Générales,Régionale/Départementale,https://es.wikipedia.org/wiki/Bolet%C3%ADn_Oficial_de_la_Junta_de_Andaluc%C3%ADa,,,,WIKIPEDIA,3
MED-ES-0155,Boletín Oficial del Estado,ES,Espagne,es,PRESSE,PQR/PQD (Quotidiens régionaux),Actualités-Infos Générales,Régionale/Départementale,https://en.wikipedia.org/wiki/Bolet%C3%ADn_Oficial_del_Estado,,,,WIKIPEDIA,3
MED-ES-0156,Boletín Oficial del Principado de Cataluña,ES,Espagne,es,PRESSE,Médias régionaux (hors PQR),Actualités-Infos Générales,Régionale/Départementale,https://es.wikipedia.org/wiki/Bolet%C3%ADn_Oficial_del_Principado_de_Catalu%C3%B1a,,,,WIKIPEDIA,3
MED-ES-0157,BOM Cine,ES,Espagne,es,TV,TV Grandes Chaînes,Actualités-Infos Générales,Nationale,https://es.wikipedia.org/wiki/BOM_Cine,,,,WIKIPEDIA,3
MED-ES-0158,BOM Radio,ES,Espagne,es,RADIO,Radios Régionales,Actualités-Infos Générales,Régionale/Départementale,https://es.wikipedia.org/wiki/BOM_Radio,,,,WIKIPEDIA,3
MED-ES-0159,Bondia,ES,Espagne,es,PRESSE,Médias régionaux (hors PQR),Actualités-Infos Générales,Régionale/Départementale,https://es.wikipedia.org/wiki/Bondia,,,,WIKIPEDIA,3
MED-ES-0160,Briega,ES,Espagne,es,PRESSE,Médias régionaux (hors PQR),Actualités-Infos Générales,Régionale/Départementale,https://es.wikipedia.org/wiki/Briega,,,,WIKIPEDIA,3
MED-ES-0161,Buzz,ES,Espagne,es,TV,TV Grandes Chaînes,Actualités-Infos Générales,Nationale,https://es.wikipedia.org/wiki/Buzz_%28canal_de_televisi%C3%B3n%29,,,,WIKIPEDIA,3
MED-ES-0162,Cadena 100,ES,Espagne,es,RADIO,Radios Régionales,Actualités-Infos Générales,Régionale/Départementale,https://es.wikipedia.org/wiki/Cadena_100,,,,WIKIPEDIA,3
MED-ES-0163,Cadena COPE,ES,Espagne,es,RADIO,Radios Régionales,Actualités-Infos Générales,Régionale/Départementale,https://en.wikipedia.org/wiki/Cadena_COPE,,,,WIKIPEDIA,3
MED-ES-0164,Cadena Dial,ES,Espagne,es,RADIO,Radios Régionales,Actualités-Infos Générales,Régionale/Départementale,https://es.wikipedia.org/wiki/Cadena_Dial,,,,WIKIPEDIA,3
MED-ES-0165,Calle 13,ES,Espagne,es,TV,TV Grandes Chaînes,Actualités-Infos Générales,Nationale,https://es.wikipedia.org/wiki/Calle_13_%28canal_de_televisi%C3%B3n%29,,,,WIKIPEDIA,3
MED-ES-0166,Cambio 16,ES,Espagne,es,PRESSE,Médias d'information générale (hors PQN),Actualités-Infos Générales,Nationale,https://es.wikipedia.org/wiki/Cambio_16,,,,WIKIPEDIA,3
MED-ES-0167,Canal+,ES,Espagne,es,TV,TV Câble/Sat,Actualités-Infos Générales,Nationale,https://en.wikipedia.org/wiki/Canal%2B_%28Spanish_TV_channel%29,,,,WIKIPEDIA,3
MED-ES-0168,Canal 11 La Palma,ES,Espagne,es,RADIO,Radios Régionales,Actualités-Infos Générales,Régionale/Départementale,https://es.wikipedia.org/wiki/Canal_11_La_Palma,,,,WIKIPEDIA,3
MED-ES-0169,Canal 18,ES,Espagne,es,TV,TV Grandes Chaînes,Actualités-Infos Générales,Nationale,https://es.wikipedia.org/wiki/Canal_18_%28Espa%C3%B1a%29,,,,WIKIPEDIA,3
MED-ES-0170,Canal 24 horas,ES,Espagne,es,TV,TV Grandes Chaînes,Actualités-Infos Générales,Nationale,https://es.wikipedia.org/wiki/Canal_24_horas_%28canal_de_televisi%C3%B3n_de_Espa%C3%B1a%29,,,,WIKIPEDIA,3
MED-ES-0171,Canal 300,ES,Espagne,es,TV,TV Grandes Chaînes,Actualités-Infos Générales,Nationale,https://en.wikipedia.org/wiki/Canal_300,,,,WIKIPEDIA,3
MED-ES-0172,Canal 4 Tenerife,ES,Espagne,es,RADIO,Radios Régionales,Actualités-Infos Générales,Régionale/Départementale,https://es.wikipedia.org/wiki/Canal_4_Tenerife,,,,WIKIPEDIA,3
MED-ES-0173,Canal 7 Televisión,ES,Espagne,es,TV,TV Grandes Chaînes,Actualités-Infos Générales,Nationale,https://en.wikipedia.org/wiki/Canal_7_Televisi%C3%B3n,,,,WIKIPEDIA,3
MED-ES-0174,Canal AD,ES,Espagne,es,TV,TV Grandes Chaînes,Actualités-Infos Générales,Nationale,https://es.wikipedia.org/wiki/Canal_AD,,,,WIKIPEDIA,3
MED-ES-0175,Canal Club,ES,Espagne,es,TV,TV Grandes Chaînes,Actualités-Infos Générales,Nationale,https://es.wikipedia.org/wiki/Canal_Club,,,,WIKIPEDIA,3
MED-ES-0176,Canal Cocina,ES,Espagne,es,TV,TV Grandes Chaînes,Actualités-Infos Générales,Nationale,https://es.wikipedia.org/wiki/Canal_Cocina,,,,WIKIPEDIA,3
MED-ES-0177,Canal Extremadura Radio,ES,Espagne,es,RADIO,Radios Régionales,Actualités-Infos Générales,Régionale/Départementale,https://es.wikipedia.org/wiki/Canal_Extremadura_Radio,,,,WIKIPEDIA,3
MED-ES-0178,Canal Extremadura SAT,ES,Espagne,es,TV,TV Câble/Sat,Actualités-Infos Générales,Nationale,https://es.wikipedia.org/wiki/Canal_Extremadura_SAT,,,,WIKIPEDIA,3
MED-ES-0179,Canal Extremadura Televisión,ES,Espagne,es,TV,TV Grandes Chaînes,Actualités-Infos Générales,Nationale,https://en.wikipedia.org/wiki/Canal_Extremadura_Televisi%C3%B3n,,,,WIKIPEDIA,3
MED-ES-0180,Canal Hollywood,ES,Espagne,es,TV,TV Grandes Chaînes,Actualités-Infos Générales,Nationale,https://es.wikipedia.org/wiki/Canal_Hollywood,,,,WIKIPEDIA,3
MED-ES-0181,Canal Orange,ES,Espagne,es,TV,TV Grandes Chaînes,Actualités-Infos Générales,Nationale,https://es.wikipedia.org/wiki/Canal_Orange,,,,WIKIPEDIA,3
MED-ES-0182,Canal Panda,ES,Espagne,es,TV,TV Grandes Chaînes,Actualités-Infos Générales,Nationale,https://es.wikipedia.org/wiki/Canal_Panda,,,,WIKIPEDIA,3
MED-ES-0183,Canal Parlamento,ES,Espagne,es,TV,TV Grandes Chaînes,Actualités-Infos Générales,Nationale,https://es.wikipedia.org/wiki/Canal_Parlamento,,,,WIKIPEDIA,3
MED-ES-0184,Canal Red,ES,Espagne,es,TV,TV Grandes Chaînes,Actualités-Infos Générales,Nationale,https://en.wikipedia.org/wiki/Canal_Red,,,,WIKIPEDIA,3
MED-ES-0185,Canal Sur,ES,Espagne,es,TV,TV Grandes Chaînes,Actualités-Infos Générales,Nationale,https://en.wikipedia.org/wiki/Canal_Sur,,,,WIKIPEDIA,3
MED-ES-0186,Canal Sur 2,ES,Espagne,es,TV,TV Grandes Chaînes,Actualités-Infos Générales,Nationale,https://en.wikipedia.org/wiki/Canal_Sur_2,,,,WIKIPEDIA,3
MED-ES-0187,Canal Sur Andalucía,ES,Espagne,es,TV,TV Grandes Chaînes,Actualités-Infos Générales,Nationale,https://en.wikipedia.org/wiki/Canal_Sur_Andaluc%C3%ADa,,,,WIKIPEDIA,3
MED-ES-0188,Canal Telecable,ES,Espagne,es,TV,TV Câble/Sat,Actualités-Infos Générales,Nationale,https://es.wikipedia.org/wiki/Canal_Telecable,,,,WIKIPEDIA,3
MED-ES-0189,Canal Vasco,ES,Espagne,es,TV,TV Grandes Chaînes,Actualités-Infos Générales,Nationale,https://en.wikipedia.org/wiki/Canal_Vasco,,,,WIKIPEDIA,3
MED-ES-0190,Canal YOU! TV,ES,Espagne,es,TV,TV Grandes Chaînes,Actualités-Infos Générales,Nationale,https://es.wikipedia.org/wiki/Canal_YOU%21_TV,,,,WIKIPEDIA,3
MED-ES-0191,Cáñamo,ES,Espagne,es,PRESSE,Médias d'information générale (hors PQN),Actualités-Infos Générales,Nationale,https://es.wikipedia.org/wiki/C%C3%A1%C3%B1amo_%28revista%29,,,,WIKIPEDIA,3
MED-ES-0192,Canarias7,ES,Espagne,es,PRESSE,PQR/PQD (Quotidiens régionaux),Actualités-Infos Générales,Régionale/Départementale,https://es.wikipedia.org/wiki/Canarias7,,,,WIKIPEDIA,3
MED-ES-0193,Canarias Radio,ES,Espagne,es,RADIO,Radios Régionales,Actualités-Infos Générales,Régionale/Départementale,https://es.wikipedia.org/wiki/Canarias_Radio,,,,WIKIPEDIA,3
MED-ES-0194,Cantareliña,ES,Espagne,gl,PRESSE,Médias régionaux (hors PQR),Actualités-Infos Générales,Régionale/Départementale,https://gl.wikipedia.org/wiki/Cantareli%C3%B1a_%28Fonoteca_92%29,,,,WIKIPEDIA,3
MED-ES-0195,Cantata do Deza,ES,Espagne,gl,PRESSE,Médias régionaux (hors PQR),Actualités-Infos Générales,Régionale/Départementale,https://gl.wikipedia.org/wiki/Cantata_do_Deza_%28Fonoteca_92%29,,,,WIKIPEDIA,3
MED-ES-0196,Cantigas galegas,ES,Espagne,gl,PRESSE,Médias régionaux (hors PQR),Actualités-Infos Générales,Régionale/Départementale,https://gl.wikipedia.org/wiki/Cantigas_galegas_%28Fonoteca_92%29,,,,WIKIPEDIA,3
MED-ES-0197,Cap nen sense joguina,ES,Espagne,es,RADIO,Radios Régionales,Actualités-Infos Générales,Régionale/Départementale,https://es.wikipedia.org/wiki/Cap_nen_sense_joguina,,,,WIKIPEDIA,3
MED-ES-0198,Carles Capdevila i Plandiura,ES,Espagne,ca,PRESSE,Médias régionaux (hors PQR),Actualités-Infos Générales,Régionale/Départementale,https://ca.wikipedia.org/wiki/Carles_Capdevila_i_Plandiura,,,,WIKIPEDIA,3
MED-ES-0199,Carlos E. Cué,ES,Espagne,es,PRESSE,Médias régionaux (hors PQR),Actualités-Infos Générales,Régionale/Départementale,https://es.wikipedia.org/wiki/Carlos_E._Cu%C3%A9,,,,WIKIPEDIA,3
MED-ES-0200,Castelao,ES,Espagne,gl,PRESSE,Médias régionaux (hors PQR),Actualités-Infos Générales,Régionale/Départementale,https://gl.wikipedia.org/wiki/Castelao_%28Fonoteca_92%29,,,,WIKIPEDIA,3
MED-ES-0201,Castilla–La Mancha TV 2,ES,Espagne,es,TV,TV Grandes Chaînes,Actualités-Infos Générales,Nationale,https://en.wikipedia.org/wiki/Castilla%E2%80%93La_Mancha_TV_2,,,,WIKIPEDIA,3
MED-ES-0202,Catalònia,ES,Espagne,es,PRESSE,Médias régionaux (hors PQR),Actualités-Infos Générales,Régionale/Départementale,https://es.wikipedia.org/wiki/Catal%C3%B2nia_%28peri%C3%B3dico%29,,,,WIKIPEDIA,3
MED-ES-0203,Catalunya,ES,Espagne,es,PRESSE,Médias régionaux (hors PQR),Actualités-Infos Générales,Régionale/Départementale,https://es.wikipedia.org/wiki/Catalunya_%28revista%29,,,,WIKIPEDIA,3
MED-ES-0204,Catalunya Diari,ES,Espagne,ca,PRESSE,Médias régionaux (hors PQR),Actualités-Infos Générales,Régionale/Départementale,https://ca.wikipedia.org/wiki/Catalunya_Diari,,,,WIKIPEDIA,3
MED-ES-0205,Caza y Pesca,ES,Espagne,es,TV,TV Grandes Chaînes,Actualités-Infos Générales,Nationale,https://es.wikipedia.org/wiki/Caza_y_Pesca,,,,WIKIPEDIA,3
MED-ES-0206,Ceferino de Blas,ES,Espagne,gl,PRESSE,Médias régionaux (hors PQR),Actualités-Infos Générales,Régionale/Départementale,https://gl.wikipedia.org/wiki/Ceferino_de_Blas,,,,WIKIPEDIA,3
MED-ES-0207,Central FM,ES,Espagne,es,RADIO,Radios Régionales,Actualités-Infos Générales,Régionale/Départementale,https://en.wikipedia.org/wiki/Central_FM_%28Spanish_radio_station%29,,,,WIKIPEDIA,3
MED-ES-0208,Centro de la Cultura Popular Canaria,ES,Espagne,es,RADIO,Radios Régionales,Actualités-Infos Générales,Régionale/Départementale,https://es.wikipedia.org/wiki/Centro_de_la_Cultura_Popular_Canaria,,,,WIKIPEDIA,3
MED-ES-0209,Chío,ES,Espagne,es,PRESSE,Médias régionaux (hors PQR),Actualités-Infos Générales,Régionale/Départementale,https://es.wikipedia.org/wiki/Ch%C3%ADo_%28revista%29,,,,WIKIPEDIA,3
MED-ES-0210,Cineclassics,ES,Espagne,es,TV,TV Grandes Chaînes,Actualités-Infos Générales,Nationale,https://es.wikipedia.org/wiki/Cineclassics,,,,WIKIPEDIA,3
MED-ES-0211,Cine Español por M+,ES,Espagne,es,TV,TV Grandes Chaînes,Actualités-Infos Générales,Nationale,https://es.wikipedia.org/wiki/Cine_Espa%C3%B1ol_por_M%2B,,,,WIKIPEDIA,3
MED-ES-0212,Cine Español por Movistar Plus+,ES,Espagne,es,TV,TV Câble/Sat,Actualités-Infos Générales,Nationale,https://en.wikipedia.org/wiki/Cine_Espa%C3%B1ol_por_Movistar_Plus%2B,,,,WIKIPEDIA,3
MED-ES-0213,City FM Radio,ES,Espagne,es,RADIO,Radios Régionales,Actualités-Infos Générales,Régionale/Départementale,https://es.wikipedia.org/wiki/City_FM_Radio,,,,WIKIPEDIA,3
MED-ES-0214,Clan,ES,Espagne,es,TV,TV Grandes Chaînes,Actualités-Infos Générales,Nationale,https://es.wikipedia.org/wiki/Clan_%28canal_de_televisi%C3%B3n%29,,,,WIKIPEDIA,3
MED-ES-0215,Clásicos por M+,ES,Espagne,es,TV,TV Grandes Chaînes,Actualités-Infos Générales,Nationale,https://es.wikipedia.org/wiki/Cl%C3%A1sicos_por_M%2B,,,,WIKIPEDIA,3
MED-ES-0216,CMM TV,ES,Espagne,es,TV,TV Grandes Chaînes,Actualités-Infos Générales,Nationale,https://en.wikipedia.org/wiki/CMM_TV,,,,WIKIPEDIA,3
MED-ES-0217,CNN+,ES,Espagne,es,TV,TV Grandes Chaînes,Actualités-Infos Générales,Nationale,https://en.wikipedia.org/wiki/CNN%2B_%28TV_network%29,,,,WIKIPEDIA,3
MED-ES-0218,CNT,ES,Espagne,es,PRESSE,Médias régionaux (hors PQR),Actualités-Infos Générales,Régionale/Départementale,https://es.wikipedia.org/wiki/CNT_%28peri%C3%B3dico%29,,,,WIKIPEDIA,3
MED-ES-0219,Coast FM,ES,Espagne,es,RADIO,Radios Régionales,Actualités-Infos Générales,Régionale/Départementale,https://en.wikipedia.org/wiki/Coast_FM_%28Tenerife%29,,,,WIKIPEDIA,3
MED-ES-0220,Coastline FM,ES,Espagne,es,RADIO,Radios Régionales,Actualités-Infos Générales,Régionale/Départementale,https://en.wikipedia.org/wiki/Coastline_FM,,,,WIKIPEDIA,3
MED-ES-0221,Comedia por M+,ES,Espagne,es,TV,TV Grandes Chaînes,Actualités-Infos Générales,Nationale,https://es.wikipedia.org/wiki/Comedia_por_M%2B,,,,WIKIPEDIA,3
MED-ES-0222,Comedia por Movistar Plus+,ES,Espagne,es,TV,TV Câble/Sat,Actualités-Infos Générales,Nationale,https://en.wikipedia.org/wiki/Comedia_por_Movistar_Plus%2B,,,,WIKIPEDIA,3
MED-ES-0223,Cómics clásicos y modernos,ES,Espagne,es,PRESSE,Médias régionaux (hors PQR),Actualités-Infos Générales,Régionale/Départementale,https://es.wikipedia.org/wiki/C%C3%B3mics_cl%C3%A1sicos_y_modernos,,,,WIKIPEDIA,3
MED-ES-0224,COPE Miramar,ES,Espagne,es,RADIO,Radios Régionales,Actualités-Infos Générales,Régionale/Départementale,https://es.wikipedia.org/wiki/COPE_Miramar,,,,WIKIPEDIA,3
MED-ES-0225,Coral Polifónica Aires de Carral,ES,Espagne,gl,PRESSE,Médias régionaux (hors PQR),Actualités-Infos Générales,Régionale/Départementale,https://gl.wikipedia.org/wiki/Coral_Polif%C3%B3nica_Aires_de_Carral_%28Fonoteca_92%29,,,,WIKIPEDIA,3
MED-ES-0226,Coral Polifónica de Pontevedra,ES,Espagne,gl,PRESSE,Médias régionaux (hors PQR),Actualités-Infos Générales,Régionale/Départementale,https://gl.wikipedia.org/wiki/Coral_Polif%C3%B3nica_de_Pontevedra_%28Fonoteca_92%29,,,,WIKIPEDIA,3
MED-ES-0227,Coral Polifónica do Centro Artístico Esportivo de Ponteareas,ES,Espagne,gl,PRESSE,Médias régionaux (hors PQR),Actualités-Infos Générales,Régionale/Départementale,https://gl.wikipedia.org/wiki/Coral_Polif%C3%B3nica_do_Centro_Art%C3%ADstico_Esportivo_de_Ponteareas_%28Fonoteca_92%29,,,,WIKIPEDIA,3
MED-ES-0228,Coral Polifónica Follas Novas / Coral Polifónica da Fábrica de Tabacos da Coruña,ES,Espagne,gl,PRESSE,Médias régionaux (hors PQR),Actualités-Infos Générales,Régionale/Départementale,https://gl.wikipedia.org/wiki/Coral_Polif%C3%B3nica_Follas_Novas_/_Coral_Polif%C3%B3nica_da_F%C3%A1brica_de_Tabacos_da_Coru%C3%B1a_%28Fonoteca_92%29,,,,WIKIPEDIA,3
MED-ES-0229,Coral Polifónica Trasdeza / Banda de Música de Silleda,ES,Espagne,gl,PRESSE,Médias régionaux (hors PQR),Actualités-Infos Générales,Régionale/Départementale,https://gl.wikipedia.org/wiki/Coral_Polif%C3%B3nica_Trasdeza_/_Banda_de_M%C3%BAsica_de_Silleda_%28Fonoteca_92%29,,,,WIKIPEDIA,3
MED-ES-0230,Córdoba,ES,Espagne,es,PRESSE,Médias régionaux (hors PQR),Actualités-Infos Générales,Régionale/Départementale,https://es.wikipedia.org/wiki/C%C3%B3rdoba_%28peri%C3%B3dico%29,,,,WIKIPEDIA,3
MED-ES-0231,Coro Cantigas e Agarimos,ES,Espagne,gl,PRESSE,Médias régionaux (hors PQR),Actualités-Infos Générales,Régionale/Départementale,https://gl.wikipedia.org/wiki/Coro_Cantigas_e_Agarimos_%28Fonoteca_92%29,,,,WIKIPEDIA,3
MED-ES-0232,Corporación Radio e Televisión de Galicia,ES,Espagne,es,TV,TV Grandes Chaînes,Actualités-Infos Générales,Nationale,https://en.wikipedia.org/wiki/Corporaci%C3%B3n_Radio_e_Televisi%C3%B3n_de_Galicia,,,,WIKIPEDIA,3
MED-ES-0233,Correo de la Mañana,ES,Espagne,es,PRESSE,Médias régionaux (hors PQR),Actualités-Infos Générales,Régionale/Départementale,https://es.wikipedia.org/wiki/Correo_de_la_Ma%C3%B1ana,,,,WIKIPEDIA,3
MED-ES-0234,Correo de Mallorca,ES,Espagne,es,PRESSE,Médias régionaux (hors PQR),Actualités-Infos Générales,Régionale/Départementale,https://en.wikipedia.org/wiki/Correo_de_Mallorca,,,,WIKIPEDIA,3
MED-ES-0235,Correo Extremeño,ES,Espagne,es,PRESSE,Médias régionaux (hors PQR),Actualités-Infos Générales,Régionale/Départementale,https://es.wikipedia.org/wiki/Correo_Extreme%C3%B1o,,,,WIKIPEDIA,3
MED-ES-0236,Cosmo,ES,Espagne,es,TV,TV Grandes Chaînes,Actualités-Infos Générales,Nationale,https://es.wikipedia.org/wiki/Cosmo_%28Espa%C3%B1a%29,,,,WIKIPEDIA,3
MED-ES-0237,Crime & Investigation,ES,Espagne,es,TV,TV Grandes Chaînes,Actualités-Infos Générales,Nationale,https://en.wikipedia.org/wiki/Crime_%26_Investigation_%28Europe%2C_Middle_East_and_Africa%29,,,,WIKIPEDIA,3
MED-ES-0238,Crime & Investigation Network,ES,Espagne,es,TV,TV Grandes Chaînes,Actualités-Infos Générales,Nationale,https://es.wikipedia.org/wiki/Crime_%26_Investigation_Network_%28Europa%29,,,,WIKIPEDIA,3
MED-ES-0239,Cristina Puig i Vilardell,ES,Espagne,ca,PRESSE,Médias régionaux (hors PQR),Actualités-Infos Générales,Régionale/Départementale,https://ca.wikipedia.org/wiki/Cristina_Puig_i_Vilardell,,,,WIKIPEDIA,3
MED-ES-0240,CTXT,ES,Espagne,es,PRESSE,Médias régionaux (hors PQR),Actualités-Infos Générales,Régionale/Départementale,https://es.wikipedia.org/wiki/CTXT,,,,WIKIPEDIA,3
MED-ES-0241,Cuac FM,ES,Espagne,es,RADIO,Radios Régionales,Actualités-Infos Générales,Régionale/Départementale,https://es.wikipedia.org/wiki/Cuac_FM,,,,WIKIPEDIA,3
MED-ES-0242,Cuartopoder,ES,Espagne,es,PRESSE,Médias régionaux (hors PQR),Actualités-Infos Générales,Régionale/Départementale,https://es.wikipedia.org/wiki/Cuartopoder,,,,WIKIPEDIA,3
MED-ES-0243,Cuatro,ES,Espagne,es,TV,TV Grandes Chaînes,Actualités-Infos Générales,Nationale,https://es.wikipedia.org/wiki/Cuatro_%28canal_de_televisi%C3%B3n%29,,,,WIKIPEDIA,3
MED-ES-0244,Dark,ES,Espagne,es,TV,TV Grandes Chaînes,Actualités-Infos Générales,Nationale,https://es.wikipedia.org/wiki/Dark_%28canal_de_televisi%C3%B3n%29,,,,WIKIPEDIA,3
MED-ES-0245,Datadista,ES,Espagne,es,PRESSE,Médias régionaux (hors PQR),Actualités-Infos Générales,Régionale/Départementale,https://es.wikipedia.org/wiki/Datadista,,,,WIKIPEDIA,3
MED-ES-0246,David Cirici i Alomar,ES,Espagne,ca,PRESSE,Médias régionaux (hors PQR),Actualités-Infos Générales,Régionale/Départementale,https://ca.wikipedia.org/wiki/David_Cirici_i_Alomar,,,,WIKIPEDIA,3
MED-ES-0247,Decisión Radio,ES,Espagne,es,RADIO,Radios Régionales,Actualités-Infos Générales,Régionale/Départementale,https://es.wikipedia.org/wiki/Decisi%C3%B3n_Radio,,,,WIKIPEDIA,3
MED-ES-0248,Deia,ES,Espagne,es,PRESSE,Médias régionaux (hors PQR),Actualités-Infos Générales,Régionale/Départementale,https://es.wikipedia.org/wiki/Deia,,,,WIKIPEDIA,3
MED-ES-0249,De luns a venres,ES,Espagne,es,PRESSE,Médias régionaux (hors PQR),Actualités-Infos Générales,Régionale/Départementale,https://es.wikipedia.org/wiki/De_luns_a_venres,,,,WIKIPEDIA,3
MED-ES-0250,Democracia,ES,Espagne,es,PRESSE,Médias régionaux (hors PQR),Actualités-Infos Générales,Régionale/Départementale,https://es.wikipedia.org/wiki/Democracia_%28Ja%C3%A9n%29,,,,WIKIPEDIA,3
MED-ES-0251,Demócrata.es,ES,Espagne,es,PRESSE,Médias régionaux (hors PQR),Actualités-Infos Générales,Régionale/Départementale,https://es.wikipedia.org/wiki/Dem%C3%B3crata.es_%28peri%C3%B3dico_digital%29,,,,WIKIPEDIA,3
MED-ES-0252,Deportes por Movistar Plus+,ES,Espagne,es,TV,TV Câble/Sat,Actualités-Infos Générales,Nationale,https://en.wikipedia.org/wiki/Deportes_por_Movistar_Plus%2B,,,,WIKIPEDIA,3
MED-ES-0253,Desde La Banda - Fútbol Navarro,ES,Espagne,es,PRESSE,Médias régionaux (hors PQR),Actualités-Infos Générales,Régionale/Départementale,https://es.wikipedia.org/wiki/Desde_La_Banda_-_F%C3%BAtbol_Navarro,,,,WIKIPEDIA,3
MED-ES-0254,Diagonal,ES,Espagne,es,PRESSE,Médias régionaux (hors PQR),Actualités-Infos Générales,Régionale/Départementale,https://es.wikipedia.org/wiki/Diagonal_%28peri%C3%B3dico%29,,,,WIKIPEDIA,3
MED-ES-0255,Diari Ara,ES,Espagne,eu,PRESSE,Médias régionaux (hors PQR),Actualités-Infos Générales,Régionale/Départementale,https://eu.wikipedia.org/wiki/Diari_Ara,,,,WIKIPEDIA,3
MED-ES-0256,Diari Catalá,ES,Espagne,es,PRESSE,Médias régionaux (hors PQR),Actualités-Infos Générales,Régionale/Départementale,https://es.wikipedia.org/wiki/Diari_Catal%C3%A1,,,,WIKIPEDIA,3
MED-ES-0257,Diari de Balears,ES,Espagne,eu,PRESSE,Médias régionaux (hors PQR),Actualités-Infos Générales,Régionale/Départementale,https://eu.wikipedia.org/wiki/Diari_de_Balears,,,,WIKIPEDIA,3
MED-ES-0258,Diari de Girona,ES,Espagne,es,PRESSE,PQR/PQD (Quotidiens régionaux),Actualités-Infos Générales,Régionale/Départementale,https://es.wikipedia.org/wiki/Diari_de_Girona,,,,WIKIPEDIA,3
MED-ES-0259,Diari de Reus,ES,Espagne,ca,PRESSE,Médias régionaux (hors PQR),Actualités-Infos Générales,Régionale/Départementale,https://ca.wikipedia.org/wiki/Diari_de_Reus,,,,WIKIPEDIA,3
MED-ES-0260,Diari de Tarragona,ES,Espagne,es,PRESSE,Médias régionaux (hors PQR),Actualités-Infos Générales,Régionale/Départementale,https://es.wikipedia.org/wiki/Diari_de_Tarragona,,,,WIKIPEDIA,3
MED-ES-0261,Diari de Terrassa,ES,Espagne,es,PRESSE,Médias régionaux (hors PQR),Actualités-Infos Générales,Régionale/Départementale,https://es.wikipedia.org/wiki/Diari_de_Terrassa,,,,WIKIPEDIA,3
MED-ES-0262,Diari de Vich,ES,Espagne,ca,PRESSE,Médias régionaux (hors PQR),Actualités-Infos Générales,Régionale/Départementale,https://ca.wikipedia.org/wiki/Diari_de_Vich,,,,WIKIPEDIA,3
MED-ES-0263,Diari de Vilanova,ES,Espagne,es,PRESSE,Médias régionaux (hors PQR),Actualités-Infos Générales,Régionale/Départementale,https://es.wikipedia.org/wiki/Diari_de_Vilanova,,,,WIKIPEDIA,3
MED-ES-0264,Diari La Veu,ES,Espagne,es,PRESSE,Médias régionaux (hors PQR),Actualités-Infos Générales,Régionale/Départementale,https://es.wikipedia.org/wiki/Diari_La_Veu,,,,WIKIPEDIA,3
MED-ES-0265,Diari Més,ES,Espagne,ca,PRESSE,Médias régionaux (hors PQR),Actualités-Infos Générales,Régionale/Départementale,https://ca.wikipedia.org/wiki/Diari_M%C3%A9s,,,,WIKIPEDIA,3
MED-ES-0266,Diario 16,ES,Espagne,es,PRESSE,PQR/PQD (Quotidiens régionaux),Actualités-Infos Générales,Régionale/Départementale,https://es.wikipedia.org/wiki/Diario_16_%28peri%C3%B3dico_digital%29,,,,WIKIPEDIA,3
MED-ES-0267,Diario 16 de Galicia,ES,Espagne,gl,PRESSE,PQR/PQD (Quotidiens régionaux),Actualités-Infos Générales,Régionale/Départementale,https://gl.wikipedia.org/wiki/Diario_16_de_Galicia,,,,WIKIPEDIA,3
MED-ES-0268,Diario AS,ES,Espagne,es,PRESSE,PQR/PQD (Quotidiens régionaux),Actualités-Infos Générales,Régionale/Départementale,https://en.wikipedia.org/wiki/Diario_AS,,,,WIKIPEDIA,3
MED-ES-0269,Diario Claro,ES,Espagne,es,PRESSE,PQR/PQD (Quotidiens régionaux),Actualités-Infos Générales,Régionale/Départementale,https://es.wikipedia.org/wiki/Diario_Claro,,,,WIKIPEDIA,3
MED-ES-0270,"Diario constitucional, político y mercantil de Barcelona",ES,Espagne,ca,PRESSE,PQR/PQD (Quotidiens régionaux),Actualités-Infos Générales,Régionale/Départementale,https://ca.wikipedia.org/wiki/Diario_constitucional%2C_pol%C3%ADtico_y_mercantil_de_Barcelona,,,,WIKIPEDIA,3
MED-ES-0271,Diario de Alcalá,ES,Espagne,es,PRESSE,PQR/PQD (Quotidiens régionaux),Actualités-Infos Générales,Régionale/Départementale,https://es.wikipedia.org/wiki/Diario_de_Alcal%C3%A1,,,,WIKIPEDIA,3
MED-ES-0272,Diario de Alicante,ES,Espagne,es,PRESSE,PQR/PQD (Quotidiens régionaux),Actualités-Infos Générales,Régionale/Départementale,https://es.wikipedia.org/wiki/Diario_de_Alicante,,,,WIKIPEDIA,3
MED-ES-0273,Diario de Almería,ES,Espagne,es,PRESSE,PQR/PQD (Quotidiens régionaux),Actualités-Infos Générales,Régionale/Départementale,https://es.wikipedia.org/wiki/Diario_de_Almer%C3%ADa,,,,WIKIPEDIA,3
MED-ES-0274,Diario de Aragón,ES,Espagne,es,PRESSE,PQR/PQD (Quotidiens régionaux),Actualités-Infos Générales,Régionale/Départementale,https://es.wikipedia.org/wiki/Diario_de_Arag%C3%B3n,,,,WIKIPEDIA,3
MED-ES-0275,Diario de Arousa,ES,Espagne,es,PRESSE,PQR/PQD (Quotidiens régionaux),Actualités-Infos Générales,Régionale/Départementale,https://es.wikipedia.org/wiki/Diario_de_Arousa,,,,WIKIPEDIA,3
MED-ES-0276,Diario de Ávila,ES,Espagne,es,PRESSE,PQR/PQD (Quotidiens régionaux),Actualités-Infos Générales,Régionale/Départementale,https://es.wikipedia.org/wiki/Diario_de_%C3%81vila,,,,WIKIPEDIA,3
MED-ES-0277,Diario de Avisos,ES,Espagne,es,PRESSE,PQR/PQD (Quotidiens régionaux),Actualités-Infos Générales,Régionale/Départementale,https://es.wikipedia.org/wiki/Diario_de_Avisos,,,,WIKIPEDIA,3
MED-ES-0278,Diario de Avisos de Zaragoza,ES,Espagne,es,PRESSE,PQR/PQD (Quotidiens régionaux),Actualités-Infos Générales,Régionale/Départementale,https://es.wikipedia.org/wiki/Diario_de_Avisos_de_Zaragoza,,,,WIKIPEDIA,3
MED-ES-0279,Diario de Badajoz,ES,Espagne,es,PRESSE,PQR/PQD (Quotidiens régionaux),Actualités-Infos Générales,Régionale/Départementale,https://es.wikipedia.org/wiki/Diario_de_Badajoz_%281808-1810%29,,,,WIKIPEDIA,3
MED-ES-0280,Diario de Barcelona,ES,Espagne,es,PRESSE,PQR/PQD (Quotidiens régionaux),Actualités-Infos Générales,Régionale/Départementale,https://es.wikipedia.org/wiki/Diario_de_Barcelona,,,,WIKIPEDIA,3
MED-ES-0281,Diario de Bergantiños,ES,Espagne,es,PRESSE,PQR/PQD (Quotidiens régionaux),Actualités-Infos Générales,Régionale/Départementale,https://es.wikipedia.org/wiki/Diario_de_Berganti%C3%B1os,,,,WIKIPEDIA,3
MED-ES-0282,Diario de Burgos,ES,Espagne,es,PRESSE,PQR/PQD (Quotidiens régionaux),Actualités-Infos Générales,Régionale/Départementale,https://es.wikipedia.org/wiki/Diario_de_Burgos,,,,WIKIPEDIA,3
MED-ES-0283,Diario de Cáceres,ES,Espagne,es,PRESSE,PQR/PQD (Quotidiens régionaux),Actualités-Infos Générales,Régionale/Départementale,https://es.wikipedia.org/wiki/Diario_de_C%C3%A1ceres,,,,WIKIPEDIA,3
MED-ES-0284,Diario de Cádiz,ES,Espagne,es,PRESSE,PQR/PQD (Quotidiens régionaux),Actualités-Infos Générales,Régionale/Départementale,https://es.wikipedia.org/wiki/Diario_de_C%C3%A1diz,,,,WIKIPEDIA,3
MED-ES-0285,Diario de Castilla y León,ES,Espagne,es,PRESSE,PQR/PQD (Quotidiens régionaux),Actualités-Infos Générales,Régionale/Départementale,https://es.wikipedia.org/wiki/Diario_de_Castilla_y_Le%C3%B3n,,,,WIKIPEDIA,3
MED-ES-0286,Diario de Córdoba,ES,Espagne,es,PRESSE,PQR/PQD (Quotidiens régionaux),Actualités-Infos Générales,Régionale/Départementale,https://es.wikipedia.org/wiki/Diario_de_C%C3%B3rdoba,,,,WIKIPEDIA,3
MED-ES-0287,Diario de España,ES,Espagne,es,PRESSE,PQR/PQD (Quotidiens régionaux),Actualités-Infos Générales,Régionale/Départementale,https://en.wikipedia.org/wiki/Diario_de_Espa%C3%B1a,,,,WIKIPEDIA,3
MED-ES-0288,Diario de Ferrol,ES,Espagne,es,PRESSE,PQR/PQD (Quotidiens régionaux),Actualités-Infos Générales,Régionale/Départementale,https://es.wikipedia.org/wiki/Diario_de_Ferrol,,,,WIKIPEDIA,3
MED-ES-0289,Diario de Gerona,ES,Espagne,es,PRESSE,PQR/PQD (Quotidiens régionaux),Actualités-Infos Générales,Régionale/Départementale,https://es.wikipedia.org/wiki/Diario_de_Gerona_%281889-1936%29,,,,WIKIPEDIA,3
MED-ES-0290,Diario de Granada,ES,Espagne,es,PRESSE,PQR/PQD (Quotidiens régionaux),Actualités-Infos Générales,Régionale/Départementale,https://es.wikipedia.org/wiki/Diario_de_Granada,,,,WIKIPEDIA,3
MED-ES-0291,Diario de Huelva,ES,Espagne,es,PRESSE,PQR/PQD (Quotidiens régionaux),Actualités-Infos Générales,Régionale/Départementale,https://es.wikipedia.org/wiki/Diario_de_Huelva,,,,WIKIPEDIA,3
MED-ES-0292,Diario de Ibiza,ES,Espagne,es,PRESSE,PQR/PQD (Quotidiens régionaux),Actualités-Infos Générales,Régionale/Départementale,https://es.wikipedia.org/wiki/Diario_de_Ibiza,,,,WIKIPEDIA,3
MED-ES-0293,Diario de Jerez,ES,Espagne,es,PRESSE,PQR/PQD (Quotidiens régionaux),Actualités-Infos Générales,Régionale/Départementale,https://es.wikipedia.org/wiki/Diario_de_Jerez,,,,WIKIPEDIA,3
MED-ES-0294,Diario del Alto Aragón,ES,Espagne,es,PRESSE,PQR/PQD (Quotidiens régionaux),Actualités-Infos Générales,Régionale/Départementale,https://es.wikipedia.org/wiki/Diario_del_Alto_Arag%C3%B3n,,,,WIKIPEDIA,3
MED-ES-0295,Diario de la Marina,ES,Espagne,es,PRESSE,PQR/PQD (Quotidiens régionaux),Actualités-Infos Générales,Régionale/Départementale,https://es.wikipedia.org/wiki/Diario_de_la_Marina_%28Madrid%29,,,,WIKIPEDIA,3
MED-ES-0296,Diario de León,ES,Espagne,es,PRESSE,PQR/PQD (Quotidiens régionaux),Actualités-Infos Générales,Régionale/Départementale,https://es.wikipedia.org/wiki/Diario_de_Le%C3%B3n,,,,WIKIPEDIA,3
MED-ES-0297,Diario de Lérida,ES,Espagne,es,PRESSE,PQR/PQD (Quotidiens régionaux),Actualités-Infos Générales,Régionale/Départementale,https://es.wikipedia.org/wiki/Diario_de_L%C3%A9rida_%281886-1931%29,,,,WIKIPEDIA,3
MED-ES-0298,Diario de Levante,ES,Espagne,es,PRESSE,PQR/PQD (Quotidiens régionaux),Actualités-Infos Générales,Régionale/Départementale,https://es.wikipedia.org/wiki/Diario_de_Levante,,,,WIKIPEDIA,3
MED-ES-0299,Diario de Málaga,ES,Espagne,es,PRESSE,PQR/PQD (Quotidiens régionaux),Actualités-Infos Générales,Régionale/Départementale,https://es.wikipedia.org/wiki/Diario_de_M%C3%A1laga,,,,WIKIPEDIA,3
MED-ES-0300,Diario de Mallorca,ES,Espagne,es,PRESSE,PQR/PQD (Quotidiens régionaux),Actualités-Infos Générales,Régionale/Départementale,https://es.wikipedia.org/wiki/Diario_de_Mallorca,,,,WIKIPEDIA,3
MED-ES-0301,Diario de Navarra,ES,Espagne,es,PRESSE,PQR/PQD (Quotidiens régionaux),Actualités-Infos Générales,Régionale/Départementale,https://es.wikipedia.org/wiki/Diario_de_Navarra,,,,WIKIPEDIA,3
MED-ES-0302,Diario de Noticias de Álava,ES,Espagne,es,PRESSE,PQR/PQD (Quotidiens régionaux),Actualités-Infos Générales,Régionale/Départementale,https://es.wikipedia.org/wiki/Diario_de_Noticias_de_%C3%81lava,,,,WIKIPEDIA,3
MED-ES-0303,Diario de Noticias de Navarra,ES,Espagne,es,PRESSE,PQR/PQD (Quotidiens régionaux),Actualités-Infos Générales,Régionale/Départementale,https://es.wikipedia.org/wiki/Diario_de_Noticias_de_Navarra,,,,WIKIPEDIA,3
MED-ES-0304,Diario de Pontevedra,ES,Espagne,es,PRESSE,PQR/PQD (Quotidiens régionaux),Actualités-Infos Générales,Régionale/Départementale,https://es.wikipedia.org/wiki/Diario_de_Pontevedra,,,,WIKIPEDIA,3
MED-ES-0305,Diario de Sevilla,ES,Espagne,es,PRESSE,PQR/PQD (Quotidiens régionaux),Actualités-Infos Générales,Régionale/Départementale,https://es.wikipedia.org/wiki/Diario_de_Sevilla,,,,WIKIPEDIA,3
MED-ES-0306,Diario de Tarragona,ES,Espagne,es,PRESSE,PQR/PQD (Quotidiens régionaux),Actualités-Infos Générales,Régionale/Départementale,https://es.wikipedia.org/wiki/Diario_de_Tarragona,,,,WIKIPEDIA,3
MED-ES-0307,Diario de Teruel,ES,Espagne,es,PRESSE,PQR/PQD (Quotidiens régionaux),Actualités-Infos Générales,Régionale/Départementale,https://es.wikipedia.org/wiki/Diario_de_Teruel,,,,WIKIPEDIA,3
MED-ES-0308,Diario de Tortosa,ES,Espagne,ca,PRESSE,PQR/PQD (Quotidiens régionaux),Actualités-Infos Générales,Régionale/Départementale,https://ca.wikipedia.org/wiki/Diario_de_Tortosa,,,,WIKIPEDIA,3
MED-ES-0309,Diario de Valencia,ES,Espagne,es,PRESSE,PQR/PQD (Quotidiens régionaux),Actualités-Infos Générales,Régionale/Départementale,https://es.wikipedia.org/wiki/Diario_de_Valencia_%281790-1835%29,,,,WIKIPEDIA,3
MED-ES-0310,Diario de Valladolid,ES,Espagne,es,PRESSE,PQR/PQD (Quotidiens régionaux),Actualités-Infos Générales,Régionale/Départementale,https://es.wikipedia.org/wiki/Diario_de_Valladolid,,,,WIKIPEDIA,3
MED-ES-0311,Diario do Támega,ES,Espagne,gl,PRESSE,PQR/PQD (Quotidiens régionaux),Actualités-Infos Générales,Régionale/Départementale,https://gl.wikipedia.org/wiki/Diario_do_T%C3%A1mega,,,,WIKIPEDIA,3
MED-ES-0312,Diario Equipo,ES,Espagne,es,PRESSE,PQR/PQD (Quotidiens régionaux),Actualités-Infos Générales,Régionale/Départementale,https://es.wikipedia.org/wiki/Diario_Equipo,,,,WIKIPEDIA,3
MED-ES-0313,Diario Español,ES,Espagne,ca,PRESSE,PQR/PQD (Quotidiens régionaux),Actualités-Infos Générales,Régionale/Départementale,https://ca.wikipedia.org/wiki/Diario_Espa%C3%B1ol,,,,WIKIPEDIA,3
MED-ES-0314,Diario Femenino,ES,Espagne,es,PRESSE,PQR/PQD (Quotidiens régionaux),Actualités-Infos Générales,Régionale/Départementale,https://es.wikipedia.org/wiki/Diario_Femenino,,,,WIKIPEDIA,3
MED-ES-0315,Diari Oficial de la Generalitat de Catalunya,ES,Espagne,es,PRESSE,Médias régionaux (hors PQR),Actualités-Infos Générales,Régionale/Départementale,https://es.wikipedia.org/wiki/Diari_Oficial_de_la_Generalitat_de_Catalunya,,,,WIKIPEDIA,3
MED-ES-0316,Diario Jaén,ES,Espagne,es,PRESSE,PQR/PQD (Quotidiens régionaux),Actualités-Infos Générales,Régionale/Départementale,https://es.wikipedia.org/wiki/Diario_Ja%C3%A9n,,,,WIKIPEDIA,3
MED-ES-0317,Diario Liberal,ES,Espagne,es,PRESSE,PQR/PQD (Quotidiens régionaux),Actualités-Infos Générales,Régionale/Départementale,https://es.wikipedia.org/wiki/Diario_Liberal_%28C%C3%B3rdoba%29,,,,WIKIPEDIA,3
MED-ES-0318,Diario Málaga-Costa del Sol,ES,Espagne,es,PRESSE,PQR/PQD (Quotidiens régionaux),Actualités-Infos Générales,Régionale/Départementale,https://es.wikipedia.org/wiki/Diario_M%C3%A1laga-Costa_del_Sol,,,,WIKIPEDIA,3
MED-ES-0319,Diario Mercantil,ES,Espagne,es,PRESSE,PQR/PQD (Quotidiens régionaux),Actualités-Infos Générales,Régionale/Départementale,https://es.wikipedia.org/wiki/Diario_Mercantil,,,,WIKIPEDIA,3
MED-ES-0320,Diario Mercantil de Cádiz,ES,Espagne,es,PRESSE,PQR/PQD (Quotidiens régionaux),Actualités-Infos Générales,Régionale/Départementale,https://es.wikipedia.org/wiki/Diario_Mercantil_de_C%C3%A1diz,,,,WIKIPEDIA,3
MED-ES-0321,Diario Palentino,ES,Espagne,es,PRESSE,PQR/PQD (Quotidiens régionaux),Actualités-Infos Générales,Régionale/Départementale,https://es.wikipedia.org/wiki/Diario_Palentino,,,,WIKIPEDIA,3
MED-ES-0322,Diario Progresista,ES,Espagne,es,PRESSE,PQR/PQD (Quotidiens régionaux),Actualités-Infos Générales,Régionale/Départementale,https://es.wikipedia.org/wiki/Diario_Progresista,,,,WIKIPEDIA,3
MED-ES-0323,Diario Sanitario,ES,Espagne,es,PRESSE,PQR/PQD (Quotidiens régionaux),Actualités-Infos Générales,Régionale/Départementale,https://es.wikipedia.org/wiki/Diario_Sanitario,,,,WIKIPEDIA,3
MED-ES-0324,Diario Sur,ES,Espagne,es,PRESSE,PQR/PQD (Quotidiens régionaux),Actualités-Infos Générales,Régionale/Départementale,https://en.wikipedia.org/wiki/Diario_Sur,,,,WIKIPEDIA,3
MED-ES-0325,Diari Segre,ES,Espagne,es,PRESSE,PQR/PQD (Quotidiens régionaux),Actualités-Infos Générales,Régionale/Départementale,https://en.wikipedia.org/wiki/Diari_Segre,,,,WIKIPEDIA,3
MED-ES-0326,Diccionario enciclopédico galego universal,ES,Espagne,gl,PRESSE,Médias régionaux (hors PQR),Actualités-Infos Générales,Régionale/Départementale,https://gl.wikipedia.org/wiki/Diccionario_enciclop%C3%A9dico_galego_universal,,,,WIKIPEDIA,3
MED-ES-0327,Dicen...,ES,Espagne,ca,PRESSE,Médias régionaux (hors PQR),Actualités-Infos Générales,Régionale/Départementale,https://ca.wikipedia.org/wiki/Dicen...,,,,WIKIPEDIA,3
MED-ES-0328,Directa,ES,Espagne,es,PRESSE,Médias régionaux (hors PQR),Actualités-Infos Générales,Régionale/Départementale,https://es.wikipedia.org/wiki/Directa,,,,WIKIPEDIA,3
MED-ES-0329,Disney Jr.,ES,Espagne,es,TV,TV Câble/Sat,Actualités-Infos Générales,Nationale,https://es.wikipedia.org/wiki/Disney_Jr._%28Espa%C3%B1a%29,,,,WIKIPEDIA,3
MED-ES-0330,Disney XD,ES,Espagne,es,TV,TV Câble/Sat,Actualités-Infos Générales,Nationale,https://es.wikipedia.org/wiki/Disney_XD_%28Espa%C3%B1a%29,,,,WIKIPEDIA,3
MED-ES-0331,Divinity,ES,Espagne,es,TV,TV Grandes Chaînes,Actualités-Infos Générales,Nationale,https://es.wikipedia.org/wiki/Divinity,,,,WIKIPEDIA,3
MED-ES-0332,DKISS,ES,Espagne,es,TV,TV Grandes Chaînes,Actualités-Infos Générales,Nationale,https://es.wikipedia.org/wiki/DKISS,,,,WIKIPEDIA,3
MED-ES-0333,DMAX,ES,Espagne,es,TV,TV Grandes Chaînes,Actualités-Infos Générales,Nationale,https://es.wikipedia.org/wiki/DMAX_%28Espa%C3%B1a%29,,,,WIKIPEDIA,3
MED-ES-0334,Doctrina nazonalista,ES,Espagne,gl,PRESSE,Médias régionaux (hors PQR),Actualités-Infos Générales,Régionale/Départementale,https://gl.wikipedia.org/wiki/Doctrina_nazonalista,,,,WIKIPEDIA,3
MED-ES-0335,Documentales por M+,ES,Espagne,es,TV,TV Grandes Chaînes,Actualités-Infos Générales,Nationale,https://es.wikipedia.org/wiki/Documentales_por_M%2B,,,,WIKIPEDIA,3
MED-ES-0336,Drama por M+,ES,Espagne,es,TV,TV Grandes Chaînes,Actualités-Infos Générales,Nationale,https://es.wikipedia.org/wiki/Drama_por_M%2B,,,,WIKIPEDIA,3
MED-ES-0337,Drama por Movistar Plus+,ES,Espagne,es,TV,TV Câble/Sat,Actualités-Infos Générales,Nationale,https://en.wikipedia.org/wiki/Drama_por_Movistar_Plus%2B,,,,WIKIPEDIA,3
MED-ES-0338,DreamWorks Channel,ES,Espagne,es,TV,TV Grandes Chaînes,Actualités-Infos Générales,Nationale,https://es.wikipedia.org/wiki/DreamWorks_Channel,,,,WIKIPEDIA,3
MED-ES-0339,DxT Campeón,ES,Espagne,gl,PRESSE,Médias régionaux (hors PQR),Actualités-Infos Générales,Régionale/Départementale,https://gl.wikipedia.org/wiki/DxT_Campe%C3%B3n,,,,WIKIPEDIA,3
MED-ES-0340,Ecodiari,ES,Espagne,ca,PRESSE,Médias régionaux (hors PQR),Actualités-Infos Générales,Régionale/Départementale,https://ca.wikipedia.org/wiki/Ecodiari,,,,WIKIPEDIA,3
MED-ES-0341,Economía 3,ES,Espagne,es,PRESSE,Médias régionaux (hors PQR),Actualités-Infos Générales,Régionale/Départementale,https://es.wikipedia.org/wiki/Econom%C3%ADa_3,,,,WIKIPEDIA,3
MED-ES-0342,Ecos y Brisas,ES,Espagne,es,PRESSE,Médias régionaux (hors PQR),Actualités-Infos Générales,Régionale/Départementale,https://es.wikipedia.org/wiki/Ecos_y_Brisas_%28Palma_de_Mallorca%29,,,,WIKIPEDIA,3
MED-ES-0343,Egunkaria,ES,Espagne,es,PRESSE,PQR/PQD (Quotidiens régionaux),Actualités-Infos Générales,Régionale/Départementale,https://en.wikipedia.org/wiki/Egunkaria,,,,WIKIPEDIA,3
MED-ES-0344,Eguraldia24,ES,Espagne,es,TV,TV Grandes Chaînes,Actualités-Infos Générales,Nationale,https://es.wikipedia.org/wiki/Eguraldia24,,,,WIKIPEDIA,3
MED-ES-0345,EITB Musika,ES,Espagne,es,RADIO,Radios Régionales,Actualités-Infos Générales,Régionale/Départementale,https://es.wikipedia.org/wiki/EITB_Musika,,,,WIKIPEDIA,3
MED-ES-0346,El 33,ES,Espagne,es,TV,TV Grandes Chaînes,Actualités-Infos Générales,Nationale,https://en.wikipedia.org/wiki/El_33,,,,WIKIPEDIA,3
MED-ES-0347,El 9 Nou,ES,Espagne,es,PRESSE,Médias régionaux (hors PQR),Actualités-Infos Générales,Régionale/Départementale,https://es.wikipedia.org/wiki/El_9_Nou,,,,WIKIPEDIA,3
MED-ES-0348,El Adalid,ES,Espagne,es,PRESSE,Médias régionaux (hors PQR),Actualités-Infos Générales,Régionale/Départementale,https://es.wikipedia.org/wiki/El_Adalid_%281906%29,,,,WIKIPEDIA,3
MED-ES-0349,El Adelantado de Segovia,ES,Espagne,es,PRESSE,Médias régionaux (hors PQR),Actualités-Infos Générales,Régionale/Départementale,https://es.wikipedia.org/wiki/El_Adelantado_de_Segovia,,,,WIKIPEDIA,3
MED-ES-0350,El Adelanto Bañezano,ES,Espagne,es,PRESSE,Médias régionaux (hors PQR),Actualités-Infos Générales,Régionale/Départementale,https://es.wikipedia.org/wiki/El_Adelanto_Ba%C3%B1ezano,,,,WIKIPEDIA,3
MED-ES-0351,Eladio de Lema Martín,ES,Espagne,gl,PRESSE,Médias régionaux (hors PQR),Actualités-Infos Générales,Régionale/Départementale,https://gl.wikipedia.org/wiki/Eladio_de_Lema_Mart%C3%ADn,,,,WIKIPEDIA,3
MED-ES-0352,El Alba Leridana,ES,Espagne,es,PRESSE,Médias régionaux (hors PQR),Actualités-Infos Générales,Régionale/Départementale,https://es.wikipedia.org/wiki/El_Alba_Leridana,,,,WIKIPEDIA,3
MED-ES-0353,El Alcázar,ES,Espagne,eu,PRESSE,Médias régionaux (hors PQR),Actualités-Infos Générales,Régionale/Départementale,https://eu.wikipedia.org/wiki/El_Alc%C3%A1zar,,,,WIKIPEDIA,3
MED-ES-0354,El Almogávar,ES,Espagne,es,PRESSE,Médias régionaux (hors PQR),Actualités-Infos Générales,Régionale/Départementale,https://es.wikipedia.org/wiki/El_Almog%C3%A1var,,,,WIKIPEDIA,3
MED-ES-0355,El Almogávar Leridano,ES,Espagne,es,PRESSE,Médias régionaux (hors PQR),Actualités-Infos Générales,Régionale/Départementale,https://es.wikipedia.org/wiki/El_Almog%C3%A1var_Leridano,,,,WIKIPEDIA,3
MED-ES-0356,El Amigo del Pueblo,ES,Espagne,es,PRESSE,Médias régionaux (hors PQR),Actualités-Infos Générales,Régionale/Départementale,https://es.wikipedia.org/wiki/El_Amigo_del_Pueblo_%281937-1938%29,,,,WIKIPEDIA,3
MED-ES-0357,El Asón,ES,Espagne,es,PRESSE,Médias régionaux (hors PQR),Actualités-Infos Générales,Régionale/Départementale,https://en.wikipedia.org/wiki/El_As%C3%B3n,,,,WIKIPEDIA,3
MED-ES-0358,El Autonomista,ES,Espagne,es,PRESSE,Médias régionaux (hors PQR),Actualités-Infos Générales,Régionale/Départementale,https://es.wikipedia.org/wiki/El_Autonomista,,,,WIKIPEDIA,3
MED-ES-0359,El Avisador Cordobés,ES,Espagne,es,PRESSE,Médias régionaux (hors PQR),Actualités-Infos Générales,Régionale/Départementale,https://es.wikipedia.org/wiki/El_Avisador_Cordob%C3%A9s,,,,WIKIPEDIA,3
MED-ES-0360,El Avisador Malagueño,ES,Espagne,es,PRESSE,Médias régionaux (hors PQR),Actualités-Infos Générales,Régionale/Départementale,https://es.wikipedia.org/wiki/El_Avisador_Malague%C3%B1o_%281843-1893%29,,,,WIKIPEDIA,3
MED-ES-0361,El Basco,ES,Espagne,es,PRESSE,Médias régionaux (hors PQR),Actualités-Infos Générales,Régionale/Départementale,https://es.wikipedia.org/wiki/El_Basco,,,,WIKIPEDIA,3
MED-ES-0362,El Bascongado,ES,Espagne,es,PRESSE,Médias régionaux (hors PQR),Actualités-Infos Générales,Régionale/Départementale,https://es.wikipedia.org/wiki/El_Bascongado,,,,WIKIPEDIA,3
MED-ES-0363,El Baúl,ES,Espagne,es,PRESSE,Médias régionaux (hors PQR),Actualités-Infos Générales,Régionale/Départementale,https://es.wikipedia.org/wiki/El_Ba%C3%BAl_%28peri%C3%B3dico%29,,,,WIKIPEDIA,3
MED-ES-0364,El Bien del Obrero,ES,Espagne,es,PRESSE,Médias régionaux (hors PQR),Actualités-Infos Générales,Régionale/Départementale,https://en.wikipedia.org/wiki/El_Bien_del_Obrero,,,,WIKIPEDIA,3
MED-ES-0365,El Bloque,ES,Espagne,es,PRESSE,Médias régionaux (hors PQR),Actualités-Infos Générales,Régionale/Départementale,https://es.wikipedia.org/wiki/El_Bloque,,,,WIKIPEDIA,3
MED-ES-0366,El Canal Marítimo y Logístico,ES,Espagne,es,PRESSE,Médias régionaux (hors PQR),Actualités-Infos Générales,Régionale/Départementale,https://es.wikipedia.org/wiki/El_Canal_Mar%C3%ADtimo_y_Log%C3%ADstico,,,,WIKIPEDIA,3
MED-ES-0367,El Cantábrico,ES,Espagne,es,PRESSE,PQR/PQD (Quotidiens régionaux),Actualités-Infos Générales,Régionale/Départementale,https://es.wikipedia.org/wiki/El_Cant%C3%A1brico,,,,WIKIPEDIA,3
MED-ES-0368,El Castellano,ES,Espagne,es,PRESSE,PQR/PQD (Quotidiens régionaux),Actualités-Infos Générales,Régionale/Départementale,https://es.wikipedia.org/wiki/El_Castellano_%281904-1935%29,,,,WIKIPEDIA,3
MED-ES-0369,El Cierre Digital,ES,Espagne,es,PRESSE,Médias régionaux (hors PQR),Actualités-Infos Générales,Régionale/Départementale,https://es.wikipedia.org/wiki/El_Cierre_Digital,,,,WIKIPEDIA,3
MED-ES-0370,El Coitao,ES,Espagne,es,PRESSE,Médias régionaux (hors PQR),Actualités-Infos Générales,Régionale/Départementale,https://es.wikipedia.org/wiki/El_Coitao,,,,WIKIPEDIA,3
MED-ES-0371,El Comercio,ES,Espagne,es,PRESSE,PQR/PQD (Quotidiens régionaux),Actualités-Infos Générales,Régionale/Départementale,https://es.wikipedia.org/wiki/El_Comercio_%28Espa%C3%B1a%29,,,,WIKIPEDIA,3
MED-ES-0372,El Comercio de Córdoba,ES,Espagne,es,PRESSE,Médias régionaux (hors PQR),Actualités-Infos Générales,Régionale/Départementale,https://es.wikipedia.org/wiki/El_Comercio_de_C%C3%B3rdoba,,,,WIKIPEDIA,3
MED-ES-0373,El Comunista,ES,Espagne,es,PRESSE,Médias régionaux (hors PQR),Actualités-Infos Générales,Régionale/Départementale,https://en.wikipedia.org/wiki/El_Comunista,,,,WIKIPEDIA,3
MED-ES-0374,El Confidencial Digital,ES,Espagne,es,PRESSE,Médias régionaux (hors PQR),Actualités-Infos Générales,Régionale/Départementale,https://es.wikipedia.org/wiki/El_Confidencial_Digital,,,,WIKIPEDIA,3
MED-ES-0375,El Correo Catalán,ES,Espagne,es,PRESSE,Médias régionaux (hors PQR),Actualités-Infos Générales,Régionale/Départementale,https://es.wikipedia.org/wiki/El_Correo_Catal%C3%A1n,,,,WIKIPEDIA,3
MED-ES-0376,El Correo de Andalucía,ES,Espagne,es,PRESSE,PQR/PQD (Quotidiens régionaux),Actualités-Infos Générales,Régionale/Départementale,https://es.wikipedia.org/wiki/El_Correo_de_Andaluc%C3%ADa,,,,WIKIPEDIA,3
MED-ES-0377,El Correo de Burgos,ES,Espagne,es,PRESSE,PQR/PQD (Quotidiens régionaux),Actualités-Infos Générales,Régionale/Départementale,https://es.wikipedia.org/wiki/El_Correo_de_Burgos,,,,WIKIPEDIA,3
MED-ES-0378,El Correo de Cádiz,ES,Espagne,es,PRESSE,Médias régionaux (hors PQR),Actualités-Infos Générales,Régionale/Départementale,https://es.wikipedia.org/wiki/El_Correo_de_C%C3%A1diz,,,,WIKIPEDIA,3
MED-ES-0379,El Correo de Lérida,ES,Espagne,es,PRESSE,Médias régionaux (hors PQR),Actualités-Infos Générales,Régionale/Départementale,https://es.wikipedia.org/wiki/El_Correo_de_L%C3%A9rida_%281909-1923%29,,,,WIKIPEDIA,3
MED-ES-0380,El Correo de Tortosa,ES,Espagne,ca,PRESSE,Médias régionaux (hors PQR),Actualités-Infos Générales,Régionale/Départementale,https://ca.wikipedia.org/wiki/El_Correo_de_Tortosa,,,,WIKIPEDIA,3
MED-ES-0381,El Correo Gallego,ES,Espagne,es,PRESSE,PQR/PQD (Quotidiens régionaux),Actualités-Infos Générales,Régionale/Départementale,https://es.wikipedia.org/wiki/El_Correo_Gallego,,,,WIKIPEDIA,3
MED-ES-0382,El Cronista,ES,Espagne,es,PRESSE,Médias régionaux (hors PQR),Actualités-Infos Générales,Régionale/Départementale,https://es.wikipedia.org/wiki/El_Cronista_%28M%C3%A1laga%29,,,,WIKIPEDIA,3
MED-ES-0383,El Cruzado Aragonés,ES,Espagne,es,PRESSE,Médias régionaux (hors PQR),Actualités-Infos Générales,Régionale/Départementale,https://es.wikipedia.org/wiki/El_Cruzado_Aragon%C3%A9s,,,,WIKIPEDIA,3
MED-ES-0384,El Cruzado de la Prensa,ES,Espagne,es,PRESSE,Médias régionaux (hors PQR),Actualités-Infos Générales,Régionale/Départementale,https://es.wikipedia.org/wiki/El_Cruzado_de_la_Prensa,,,,WIKIPEDIA,3
MED-ES-0385,El Cuco,ES,Espagne,es,PRESSE,Médias régionaux (hors PQR),Actualités-Infos Générales,Régionale/Départementale,https://es.wikipedia.org/wiki/El_Cuco_%28suplemento_de_Pueblo%29,,,,WIKIPEDIA,3
MED-ES-0386,El Cultural,ES,Espagne,es,PRESSE,Médias régionaux (hors PQR),Actualités-Infos Générales,Régionale/Départementale,https://es.wikipedia.org/wiki/El_Cultural,,,,WIKIPEDIA,3
MED-ES-0387,El Debate,ES,Espagne,es,PRESSE,PQR/PQD (Quotidiens régionaux),Actualités-Infos Générales,Régionale/Départementale,https://es.wikipedia.org/wiki/El_Debate,,,,WIKIPEDIA,3
MED-ES-0388,El Defensor de Córdoba,ES,Espagne,es,PRESSE,Médias régionaux (hors PQR),Actualités-Infos Générales,Régionale/Départementale,https://es.wikipedia.org/wiki/El_Defensor_de_C%C3%B3rdoba,,,,WIKIPEDIA,3
MED-ES-0389,El Defensor de Granada,ES,Espagne,es,PRESSE,Médias régionaux (hors PQR),Actualités-Infos Générales,Régionale/Départementale,https://es.wikipedia.org/wiki/El_Defensor_de_Granada,,,,WIKIPEDIA,3
MED-ES-0390,El Descamisado,ES,Espagne,es,PRESSE,Médias régionaux (hors PQR),Actualités-Infos Générales,Régionale/Départementale,https://es.wikipedia.org/wiki/El_Descamisado_%28Espa%C3%B1a%29,,,,WIKIPEDIA,3
MED-ES-0391,El Día,ES,Espagne,es,PRESSE,PQR/PQD (Quotidiens régionaux),Actualités-Infos Générales,Régionale/Départementale,https://es.wikipedia.org/wiki/El_D%C3%ADa_%28Canarias%29,,,,WIKIPEDIA,3
MED-ES-0392,El Día de Córdoba,ES,Espagne,es,PRESSE,Médias régionaux (hors PQR),Actualités-Infos Générales,Régionale/Départementale,https://es.wikipedia.org/wiki/El_D%C3%ADa_de_C%C3%B3rdoba,,,,WIKIPEDIA,3
MED-ES-0393,El Día de Granada,ES,Espagne,es,PRESSE,Médias régionaux (hors PQR),Actualités-Infos Générales,Régionale/Départementale,https://es.wikipedia.org/wiki/El_D%C3%ADa_de_Granada,,,,WIKIPEDIA,3
MED-ES-0394,El Día de Valladolid,ES,Espagne,es,PRESSE,Médias régionaux (hors PQR),Actualités-Infos Générales,Régionale/Départementale,https://es.wikipedia.org/wiki/El_D%C3%ADa_de_Valladolid,,,,WIKIPEDIA,3
MED-ES-0395,El Día Gráfico,ES,Espagne,es,PRESSE,Médias régionaux (hors PQR),Actualités-Infos Générales,Régionale/Départementale,https://es.wikipedia.org/wiki/El_D%C3%ADa_Gr%C3%A1fico,,,,WIKIPEDIA,3
MED-ES-0396,El Diario de Ferrol,ES,Espagne,es,PRESSE,PQR/PQD (Quotidiens régionaux),Actualités-Infos Générales,Régionale/Départementale,https://en.wikipedia.org/wiki/El_Diario_de_Ferrol,,,,WIKIPEDIA,3
MED-ES-0397,El Diario de Galicia,ES,Espagne,es,PRESSE,PQR/PQD (Quotidiens régionaux),Actualités-Infos Générales,Régionale/Départementale,https://es.wikipedia.org/wiki/El_Diario_de_Galicia_%281856%29,,,,WIKIPEDIA,3
MED-ES-0398,El Diario de Huesca,ES,Espagne,eu,PRESSE,PQR/PQD (Quotidiens régionaux),Actualités-Infos Générales,Régionale/Départementale,https://eu.wikipedia.org/wiki/El_Diario_de_Huesca,,,,WIKIPEDIA,3
MED-ES-0399,El Diario de Madrid,ES,Espagne,es,PRESSE,PQR/PQD (Quotidiens régionaux),Actualités-Infos Générales,Régionale/Départementale,https://es.wikipedia.org/wiki/El_Diario_de_Madrid,,,,WIKIPEDIA,3
MED-ES-0400,El Diario de Murcia,ES,Espagne,es,PRESSE,PQR/PQD (Quotidiens régionaux),Actualités-Infos Générales,Régionale/Départementale,https://es.wikipedia.org/wiki/El_Diario_de_Murcia,,,,WIKIPEDIA,3
MED-ES-0401,El Diario de Santander,ES,Espagne,es,PRESSE,PQR/PQD (Quotidiens régionaux),Actualités-Infos Générales,Régionale/Départementale,https://es.wikipedia.org/wiki/El_Diario_de_Santander,,,,WIKIPEDIA,3
MED-ES-0402,El Diario Montañés,ES,Espagne,es,PRESSE,PQR/PQD (Quotidiens régionaux),Actualités-Infos Générales,Régionale/Départementale,https://es.wikipedia.org/wiki/El_Diario_Monta%C3%B1%C3%A9s,,,,WIKIPEDIA,3
MED-ES-0403,El Digital de Albacete,ES,Espagne,es,PRESSE,PQR/PQD (Quotidiens régionaux),Actualités-Infos Générales,Régionale/Départementale,https://es.wikipedia.org/wiki/El_Digital_de_Albacete,,,,WIKIPEDIA,3
MED-ES-0404,El Diluvio,ES,Espagne,es,PRESSE,Médias régionaux (hors PQR),Actualités-Infos Générales,Régionale/Départementale,https://es.wikipedia.org/wiki/El_Diluvio_%28peri%C3%B3dico%29,,,,WIKIPEDIA,3
MED-ES-0405,El Eco de Jaén,ES,Espagne,es,PRESSE,Médias régionaux (hors PQR),Actualités-Infos Générales,Régionale/Départementale,https://es.wikipedia.org/wiki/El_Eco_de_Ja%C3%A9n,,,,WIKIPEDIA,3
MED-ES-0406,El Estado Catalán,ES,Espagne,es,PRESSE,Médias régionaux (hors PQR),Actualités-Infos Générales,Régionale/Départementale,https://es.wikipedia.org/wiki/El_Estado_Catal%C3%A1n,,,,WIKIPEDIA,3
MED-ES-0407,El Extrarradio,ES,Espagne,es,RADIO,Radios Régionales,Actualités-Infos Générales,Régionale/Départementale,https://es.wikipedia.org/wiki/El_Extrarradio_%28emisora_de_radio%29,,,,WIKIPEDIA,3
MED-ES-0408,El Faro de Ceuta,ES,Espagne,es,PRESSE,PQR/PQD (Quotidiens régionaux),Actualités-Infos Générales,Régionale/Départementale,https://es.wikipedia.org/wiki/El_Faro_de_Ceuta,,,,WIKIPEDIA,3
MED-ES-0409,El Ferrol Diario,ES,Espagne,es,PRESSE,PQR/PQD (Quotidiens régionaux),Actualités-Infos Générales,Régionale/Départementale,https://en.wikipedia.org/wiki/El_Ferrol_Diario,,,,WIKIPEDIA,3
MED-ES-0410,El Fielato,ES,Espagne,es,PRESSE,Médias régionaux (hors PQR),Actualités-Infos Générales,Régionale/Départementale,https://es.wikipedia.org/wiki/El_Fielato,,,,WIKIPEDIA,3
MED-ES-0411,El Garage TV,ES,Espagne,es,TV,TV Grandes Chaînes,Actualités-Infos Générales,Nationale,https://es.wikipedia.org/wiki/El_Garage_TV,,,,WIKIPEDIA,3
MED-ES-0412,El Globo,ES,Espagne,es,PRESSE,Médias régionaux (hors PQR),Actualités-Infos Générales,Régionale/Départementale,https://en.wikipedia.org/wiki/El_Globo,,,,WIKIPEDIA,3
MED-ES-0413,El Grito del Pueblo,ES,Espagne,es,PRESSE,Médias régionaux (hors PQR),Actualités-Infos Générales,Régionale/Départementale,https://es.wikipedia.org/wiki/El_Grito_del_Pueblo,,,,WIKIPEDIA,3
MED-ES-0414,El Guadalete,ES,Espagne,es,PRESSE,Médias régionaux (hors PQR),Actualités-Infos Générales,Régionale/Départementale,https://es.wikipedia.org/wiki/El_Guadalete_%28peri%C3%B3dico%29,,,,WIKIPEDIA,3
MED-ES-0415,El Guanche,ES,Espagne,es,PRESSE,Médias régionaux (hors PQR),Actualités-Infos Générales,Régionale/Départementale,https://es.wikipedia.org/wiki/El_Guanche,,,,WIKIPEDIA,3
MED-ES-0416,El Heraldo Gallego,ES,Espagne,es,PRESSE,Médias régionaux (hors PQR),Actualités-Infos Générales,Régionale/Départementale,https://es.wikipedia.org/wiki/El_Heraldo_Gallego_%28Santiago_de_Compostela%29,,,,WIKIPEDIA,3
MED-ES-0417,El HuffPost,ES,Espagne,es,PRESSE,Médias régionaux (hors PQR),Actualités-Infos Générales,Régionale/Départementale,https://es.wikipedia.org/wiki/El_HuffPost,,,,WIKIPEDIA,3
MED-ES-0418,El Ideal Gallego,ES,Espagne,es,PRESSE,PQR/PQD (Quotidiens régionaux),Actualités-Infos Générales,Régionale/Départementale,https://es.wikipedia.org/wiki/El_Ideal_Gallego,,,,WIKIPEDIA,3
MED-ES-0419,El Imparcial,ES,Espagne,es,PRESSE,Médias régionaux (hors PQR),Actualités-Infos Générales,Régionale/Départementale,https://en.wikipedia.org/wiki/El_Imparcial_%281867%E2%80%931933%29,,,,WIKIPEDIA,3
MED-ES-0420,El Independiente,ES,Espagne,es,PRESSE,PQR/PQD (Quotidiens régionaux),Actualités-Infos Générales,Régionale/Départementale,https://es.wikipedia.org/wiki/El_Independiente_%281989-1991%29,,,,WIKIPEDIA,3
MED-ES-0421,El Jueves,ES,Espagne,es,PRESSE,Médias d'information générale (hors PQN),Actualités-Infos Générales,Nationale,https://es.wikipedia.org/wiki/El_Jueves,,,,WIKIPEDIA,3
MED-ES-0422,El Lábaro,ES,Espagne,es,PRESSE,Médias régionaux (hors PQR),Actualités-Infos Générales,Régionale/Départementale,https://es.wikipedia.org/wiki/El_L%C3%A1baro,,,,WIKIPEDIA,3
MED-ES-0423,El Liberal,ES,Espagne,es,PRESSE,Médias régionaux (hors PQR),Actualités-Infos Générales,Régionale/Départementale,https://es.wikipedia.org/wiki/El_Liberal_%28Barcelona%29,,,,WIKIPEDIA,3
MED-ES-0424,El Liberal Navarro,ES,Espagne,es,PRESSE,Médias régionaux (hors PQR),Actualités-Infos Générales,Régionale/Départementale,https://es.wikipedia.org/wiki/El_Liberal_Navarro,,,,WIKIPEDIA,3
MED-ES-0425,El Lucense,ES,Espagne,es,PRESSE,Médias régionaux (hors PQR),Actualités-Infos Générales,Régionale/Départementale,https://es.wikipedia.org/wiki/El_Lucense,,,,WIKIPEDIA,3
MED-ES-0426,El Luchador,ES,Espagne,es,PRESSE,Médias régionaux (hors PQR),Actualités-Infos Générales,Régionale/Départementale,https://es.wikipedia.org/wiki/El_Luchador_%28Alicante%29,,,,WIKIPEDIA,3
MED-ES-0427,El Mañana,ES,Espagne,es,PRESSE,Médias régionaux (hors PQR),Actualités-Infos Générales,Régionale/Départementale,https://es.wikipedia.org/wiki/El_Ma%C3%B1ana_%28peri%C3%B3dico%29,,,,WIKIPEDIA,3
MED-ES-0428,El Matí,ES,Espagne,es,PRESSE,Médias régionaux (hors PQR),Actualités-Infos Générales,Régionale/Départementale,https://es.wikipedia.org/wiki/El_Mat%C3%AD,,,,WIKIPEDIA,3
MED-ES-0429,El Miño,ES,Espagne,es,PRESSE,PQR/PQD (Quotidiens régionaux),Actualités-Infos Générales,Régionale/Départementale,https://es.wikipedia.org/wiki/El_Mi%C3%B1o,,,,WIKIPEDIA,3
MED-ES-0430,El MIRA,ES,Espagne,es,PRESSE,Médias régionaux (hors PQR),Actualités-Infos Générales,Régionale/Départementale,https://es.wikipedia.org/wiki/El_MIRA,,,,WIKIPEDIA,3
MED-ES-0431,El Mole,ES,Espagne,es,PRESSE,Médias d'information générale (hors PQN),Actualités-Infos Générales,Nationale,https://es.wikipedia.org/wiki/El_Mole,,,,WIKIPEDIA,3
MED-ES-0432,El Monitor de Primera Enseñanza,ES,Espagne,es,PRESSE,Médias régionaux (hors PQR),Actualités-Infos Générales,Régionale/Départementale,https://es.wikipedia.org/wiki/El_Monitor_de_Primera_Ense%C3%B1anza,,,,WIKIPEDIA,3
MED-ES-0433,El Nacional,ES,Espagne,es,PRESSE,PQR/PQD (Quotidiens régionaux),Actualités-Infos Générales,Régionale/Départementale,https://es.wikipedia.org/wiki/El_Nacional_%28diario_digital_catal%C3%A1n%29,,,,WIKIPEDIA,3
MED-ES-0434,El Nervión,ES,Espagne,es,PRESSE,Médias régionaux (hors PQR),Actualités-Infos Générales,Régionale/Départementale,https://es.wikipedia.org/wiki/El_Nervi%C3%B3n_%281856%29,,,,WIKIPEDIA,3
MED-ES-0435,El Norte de Castilla,ES,Espagne,es,PRESSE,Médias régionaux (hors PQR),Actualités-Infos Générales,Régionale/Départementale,https://es.wikipedia.org/wiki/El_Norte_de_Castilla,,,,WIKIPEDIA,3
MED-ES-0436,El Norte de Extremadura,ES,Espagne,es,PRESSE,Médias régionaux (hors PQR),Actualités-Infos Générales,Régionale/Départementale,https://es.wikipedia.org/wiki/El_Norte_de_Extremadura,,,,WIKIPEDIA,3
MED-ES-0437,El Norte de Gerona,ES,Espagne,es,PRESSE,PQR/PQD (Quotidiens régionaux),Actualités-Infos Générales,Régionale/Départementale,https://es.wikipedia.org/wiki/El_Norte_de_Gerona,,,,WIKIPEDIA,3
MED-ES-0438,El Noticiero,ES,Espagne,es,PRESSE,Médias régionaux (hors PQR),Actualités-Infos Générales,Régionale/Départementale,https://es.wikipedia.org/wiki/El_Noticiero_%28C%C3%A1ceres%29,,,,WIKIPEDIA,3
MED-ES-0439,El Noticiero Bilbaíno,ES,Espagne,es,PRESSE,Médias régionaux (hors PQR),Actualités-Infos Générales,Régionale/Départementale,https://es.wikipedia.org/wiki/El_Noticiero_Bilba%C3%ADno,,,,WIKIPEDIA,3
MED-ES-0440,El Noticiero Cordobés,ES,Espagne,es,PRESSE,Médias régionaux (hors PQR),Actualités-Infos Générales,Régionale/Départementale,https://es.wikipedia.org/wiki/El_Noticiero_Cordob%C3%A9s,,,,WIKIPEDIA,3
MED-ES-0441,El Noticiero Gaditano,ES,Espagne,es,PRESSE,Médias régionaux (hors PQR),Actualités-Infos Générales,Régionale/Départementale,https://es.wikipedia.org/wiki/El_Noticiero_Gaditano,,,,WIKIPEDIA,3
MED-ES-0442,El Noticiero Universal,ES,Espagne,es,PRESSE,Médias régionaux (hors PQR),Actualités-Infos Générales,Régionale/Départementale,https://es.wikipedia.org/wiki/El_Noticiero_Universal,,,,WIKIPEDIA,3
MED-ES-0443,El Observador,ES,Espagne,es,PRESSE,Médias régionaux (hors PQR),Actualités-Infos Générales,Régionale/Départementale,https://es.wikipedia.org/wiki/El_Observador_%28C%C3%A1diz-Sevilla%29,,,,WIKIPEDIA,3
MED-ES-0444,El Observador de la Actualidad,ES,Espagne,es,PRESSE,Médias régionaux (hors PQR),Actualités-Infos Générales,Régionale/Départementale,https://es.wikipedia.org/wiki/El_Observador_de_la_Actualidad,,,,WIKIPEDIA,3
MED-ES-0445,El Orden,ES,Espagne,es,PRESSE,Médias régionaux (hors PQR),Actualités-Infos Générales,Régionale/Départementale,https://es.wikipedia.org/wiki/El_Orden_%28Madrid%29,,,,WIKIPEDIA,3
MED-ES-0446,El País de las Tentaciones,ES,Espagne,es,PRESSE,Médias régionaux (hors PQR),Actualités-Infos Générales,Régionale/Départementale,https://es.wikipedia.org/wiki/El_Pa%C3%ADs_de_las_Tentaciones,,,,WIKIPEDIA,3
MED-ES-0447,El País Semanal,ES,Espagne,es,PRESSE,Médias régionaux (hors PQR),Actualités-Infos Générales,Régionale/Départementale,https://es.wikipedia.org/wiki/El_Pa%C3%ADs_Semanal,,,,WIKIPEDIA,3
MED-ES-0448,El Patriota Riojano,ES,Espagne,es,PRESSE,Médias régionaux (hors PQR),Actualités-Infos Générales,Régionale/Départementale,https://es.wikipedia.org/wiki/El_Patriota_Riojano,,,,WIKIPEDIA,3
MED-ES-0449,El Pensamiento Galaico,ES,Espagne,es,PRESSE,Médias régionaux (hors PQR),Actualités-Infos Générales,Régionale/Départementale,https://es.wikipedia.org/wiki/El_Pensamiento_Galaico,,,,WIKIPEDIA,3
MED-ES-0450,El Pequeño País,ES,Espagne,es,PRESSE,Médias régionaux (hors PQR),Actualités-Infos Générales,Régionale/Départementale,https://es.wikipedia.org/wiki/El_Peque%C3%B1o_Pa%C3%ADs,,,,WIKIPEDIA,3
MED-ES-0451,El Periódico de Aragón,ES,Espagne,es,PRESSE,PQR/PQD (Quotidiens régionaux),Actualités-Infos Générales,Régionale/Départementale,https://es.wikipedia.org/wiki/El_Peri%C3%B3dico_de_Arag%C3%B3n,,,,WIKIPEDIA,3
MED-ES-0452,El Periódico de Catalunya,ES,Espagne,eu,PRESSE,Médias régionaux (hors PQR),Actualités-Infos Générales,Régionale/Départementale,https://eu.wikipedia.org/wiki/El_Peri%C3%B3dico_de_Catalunya,,,,WIKIPEDIA,3
MED-ES-0453,El Periódico de España,ES,Espagne,es,PRESSE,PQR/PQD (Quotidiens régionaux),Actualités-Infos Générales,Régionale/Départementale,https://es.wikipedia.org/wiki/El_Peri%C3%B3dico_de_Espa%C3%B1a,,,,WIKIPEDIA,3
MED-ES-0454,El Periódico del Guadalete,ES,Espagne,es,PRESSE,Médias régionaux (hors PQR),Actualités-Infos Générales,Régionale/Départementale,https://es.wikipedia.org/wiki/El_Peri%C3%B3dico_del_Guadalete,,,,WIKIPEDIA,3
MED-ES-0455,El Periódico de Madrid,ES,Espagne,es,PRESSE,Médias régionaux (hors PQR),Actualités-Infos Générales,Régionale/Départementale,https://es.wikipedia.org/wiki/El_Peri%C3%B3dico_de_Madrid,,,,WIKIPEDIA,3
MED-ES-0456,El Periódico Extremadura,ES,Espagne,es,PRESSE,PQR/PQD (Quotidiens régionaux),Actualités-Infos Générales,Régionale/Départementale,https://es.wikipedia.org/wiki/El_Peri%C3%B3dico_Extremadura,,,,WIKIPEDIA,3
MED-ES-0457,El Periódico Latino,ES,Espagne,es,PRESSE,Médias régionaux (hors PQR),Actualités-Infos Générales,Régionale/Départementale,https://es.wikipedia.org/wiki/El_Peri%C3%B3dico_Latino,,,,WIKIPEDIA,3
MED-ES-0458,El Periódico Mediterráneo,ES,Espagne,es,PRESSE,PQR/PQD (Quotidiens régionaux),Actualités-Infos Générales,Régionale/Départementale,https://es.wikipedia.org/wiki/El_Peri%C3%B3dico_Mediterr%C3%A1neo,,,,WIKIPEDIA,3
MED-ES-0459,El Pla de Bages,ES,Espagne,ca,PRESSE,Médias régionaux (hors PQR),Actualités-Infos Générales,Régionale/Départementale,https://ca.wikipedia.org/wiki/El_Pla_de_Bages_%28diari%29,,,,WIKIPEDIA,3
MED-ES-0460,El Plural,ES,Espagne,es,PRESSE,Médias régionaux (hors PQR),Actualités-Infos Générales,Régionale/Départementale,https://es.wikipedia.org/wiki/El_Plural,,,,WIKIPEDIA,3
MED-ES-0461,El Poble,ES,Espagne,ca,PRESSE,Médias régionaux (hors PQR),Actualités-Infos Générales,Régionale/Départementale,https://ca.wikipedia.org/wiki/El_Poble,,,,WIKIPEDIA,3
MED-ES-0462,El Poble Català,ES,Espagne,es,PRESSE,Médias régionaux (hors PQR),Actualités-Infos Générales,Régionale/Départementale,https://es.wikipedia.org/wiki/El_Poble_Catal%C3%A0,,,,WIKIPEDIA,3
MED-ES-0463,El Popular,ES,Espagne,es,PRESSE,Médias régionaux (hors PQR),Actualités-Infos Générales,Régionale/Départementale,https://es.wikipedia.org/wiki/El_Popular_%28M%C3%A1laga%29,,,,WIKIPEDIA,3
MED-ES-0464,El Porvenir Vasco,ES,Espagne,es,PRESSE,Médias régionaux (hors PQR),Actualités-Infos Générales,Régionale/Départementale,https://es.wikipedia.org/wiki/El_Porvenir_Vasco,,,,WIKIPEDIA,3
MED-ES-0465,El Productor,ES,Espagne,es,PRESSE,PQR/PQD (Quotidiens régionaux),Actualités-Infos Générales,Régionale/Départementale,https://es.wikipedia.org/wiki/El_Productor,,,,WIKIPEDIA,3
MED-ES-0466,El Progreso,ES,Espagne,es,PRESSE,PQR/PQD (Quotidiens régionaux),Actualités-Infos Générales,Régionale/Départementale,https://es.wikipedia.org/wiki/El_Progreso_%28peri%C3%B3dico%29,,,,WIKIPEDIA,3
MED-ES-0467,El Pueblo,ES,Espagne,es,PRESSE,Médias régionaux (hors PQR),Actualités-Infos Générales,Régionale/Départementale,https://es.wikipedia.org/wiki/El_Pueblo_%28diario_de_Valencia%29,,,,WIKIPEDIA,3
MED-ES-0468,El Pueblo Católico,ES,Espagne,es,PRESSE,Médias régionaux (hors PQR),Actualités-Infos Générales,Régionale/Départementale,https://es.wikipedia.org/wiki/El_Pueblo_Cat%C3%B3lico,,,,WIKIPEDIA,3
MED-ES-0469,El Pueblo Vasco,ES,Espagne,es,PRESSE,Médias régionaux (hors PQR),Actualités-Infos Générales,Régionale/Départementale,https://es.wikipedia.org/wiki/El_Pueblo_Vasco,,,,WIKIPEDIA,3
MED-ES-0470,El Punt,ES,Espagne,es,PRESSE,Médias régionaux (hors PQR),Actualités-Infos Générales,Régionale/Départementale,https://es.wikipedia.org/wiki/El_Punt,,,,WIKIPEDIA,3
MED-ES-0471,El Punt Avui,ES,Espagne,es,PRESSE,PQR/PQD (Quotidiens régionaux),Actualités-Infos Générales,Régionale/Départementale,https://es.wikipedia.org/wiki/El_Punt_Avui,,,,WIKIPEDIA,3
MED-ES-0472,El Regional,ES,Espagne,es,PRESSE,Médias régionaux (hors PQR),Actualités-Infos Générales,Régionale/Départementale,https://es.wikipedia.org/wiki/El_Regional_%281897-1898%29,,,,WIKIPEDIA,3
MED-ES-0473,El Ribagorzano,ES,Espagne,es,PRESSE,Médias régionaux (hors PQR),Actualités-Infos Générales,Régionale/Départementale,https://es.wikipedia.org/wiki/El_Ribagorzano,,,,WIKIPEDIA,3
MED-ES-0474,El Salto,ES,Espagne,es,PRESSE,Médias régionaux (hors PQR),Actualités-Infos Générales,Régionale/Départementale,https://es.wikipedia.org/wiki/El_Salto_%28diario%29,,,,WIKIPEDIA,3
MED-ES-0475,El Semanario Popular,ES,Espagne,es,PRESSE,Médias régionaux (hors PQR),Actualités-Infos Générales,Régionale/Départementale,https://es.wikipedia.org/wiki/El_Semanario_Popular,,,,WIKIPEDIA,3
MED-ES-0476,El Socialista,ES,Espagne,es,PRESSE,Médias régionaux (hors PQR),Actualités-Infos Générales,Régionale/Départementale,https://es.wikipedia.org/wiki/El_Socialista,,,,WIKIPEDIA,3
MED-ES-0477,El Sol,ES,Espagne,es,PRESSE,PQR/PQD (Quotidiens régionaux),Actualités-Infos Générales,Régionale/Départementale,https://es.wikipedia.org/wiki/El_Sol_%281990-1992%29,,,,WIKIPEDIA,3
MED-ES-0478,El Sol de Antequera,ES,Espagne,es,PRESSE,Médias régionaux (hors PQR),Actualités-Infos Générales,Régionale/Départementale,https://es.wikipedia.org/wiki/El_Sol_de_Antequera,,,,WIKIPEDIA,3
MED-ES-0479,El Sur,ES,Espagne,es,PRESSE,Médias régionaux (hors PQR),Actualités-Infos Générales,Régionale/Départementale,https://es.wikipedia.org/wiki/El_Sur_%28C%C3%B3rdoba%29,,,,WIKIPEDIA,3
MED-ES-0480,El Tarraconense,ES,Espagne,ca,PRESSE,Médias régionaux (hors PQR),Actualités-Infos Générales,Régionale/Départementale,https://ca.wikipedia.org/wiki/El_Tarraconense_%281837-1931%29,,,,WIKIPEDIA,3
MED-ES-0481,El Telégrafo,ES,Espagne,es,PRESSE,Médias régionaux (hors PQR),Actualités-Infos Générales,Régionale/Départementale,https://es.wikipedia.org/wiki/El_Tel%C3%A9grafo_%28peri%C3%B3dico%29,,,,WIKIPEDIA,3
MED-ES-0482,El Telégrafo.org,ES,Espagne,es,PRESSE,Médias régionaux (hors PQR),Actualités-Infos Générales,Régionale/Départementale,https://es.wikipedia.org/wiki/El_Tel%C3%A9grafo.org,,,,WIKIPEDIA,3
MED-ES-0483,El Telegrama del Rif,ES,Espagne,es,PRESSE,Médias régionaux (hors PQR),Actualités-Infos Générales,Régionale/Départementale,https://es.wikipedia.org/wiki/El_Telegrama_del_Rif,,,,WIKIPEDIA,3
MED-ES-0484,El Ter,ES,Espagne,ca,PRESSE,Médias régionaux (hors PQR),Actualités-Infos Générales,Régionale/Départementale,https://ca.wikipedia.org/wiki/El_Ter,,,,WIKIPEDIA,3
MED-ES-0485,El Tiempo,ES,Espagne,es,PRESSE,Médias régionaux (hors PQR),Actualités-Infos Générales,Régionale/Départementale,https://es.wikipedia.org/wiki/El_Tiempo_%28Murcia%29,,,,WIKIPEDIA,3
MED-ES-0486,El Toro TV,ES,Espagne,es,TV,TV Grandes Chaînes,Actualités-Infos Générales,Nationale,https://es.wikipedia.org/wiki/El_Toro_TV,,,,WIKIPEDIA,3
MED-ES-0487,El Tradicionalista,ES,Espagne,es,PRESSE,Médias régionaux (hors PQR),Actualités-Infos Générales,Régionale/Départementale,https://es.wikipedia.org/wiki/El_Tradicionalista_%281923-1936%29,,,,WIKIPEDIA,3
MED-ES-0488,El Trommel,ES,Espagne,es,PRESSE,Médias régionaux (hors PQR),Actualités-Infos Générales,Régionale/Départementale,https://en.wikipedia.org/wiki/El_Trommel,,,,WIKIPEDIA,3
MED-ES-0489,El Vallenc,ES,Espagne,es,PRESSE,Médias régionaux (hors PQR),Actualités-Infos Générales,Régionale/Départementale,https://es.wikipedia.org/wiki/El_Vallenc,,,,WIKIPEDIA,3
MED-ES-0490,El Vapor,ES,Espagne,es,PRESSE,Médias régionaux (hors PQR),Actualités-Infos Générales,Régionale/Départementale,https://es.wikipedia.org/wiki/El_Vapor_%28peri%C3%B3dico%29,,,,WIKIPEDIA,3
MED-ES-0491,"El Vigía, Diario Marítimo Español",ES,Espagne,es,PRESSE,PQR/PQD (Quotidiens régionaux),Actualités-Infos Générales,Régionale/Départementale,https://es.wikipedia.org/wiki/El_Vig%C3%ADa%2C_Diario_Mar%C3%ADtimo_Espa%C3%B1ol,,,,WIKIPEDIA,3
MED-ES-0492,El Vigía Villalbés,ES,Espagne,es,PRESSE,Médias régionaux (hors PQR),Actualités-Infos Générales,Régionale/Départementale,https://es.wikipedia.org/wiki/El_Vig%C3%ADa_Villalb%C3%A9s,,,,WIKIPEDIA,3
MED-ES-0493,El Zuavo,ES,Espagne,es,PRESSE,Médias régionaux (hors PQR),Actualités-Infos Générales,Régionale/Départementale,https://es.wikipedia.org/wiki/El_Zuavo_%28peri%C3%B3dico%29,,,,WIKIPEDIA,3
MED-ES-0494,Emilio González López / Antonio Fraguas Fraguas,ES,Espagne,gl,PRESSE,Médias régionaux (hors PQR),Actualités-Infos Générales,Régionale/Départementale,https://gl.wikipedia.org/wiki/Emilio_Gonz%C3%A1lez_L%C3%B3pez_/_Antonio_Fraguas_Fraguas_%28Fonoteca_92%29,,,,WIKIPEDIA,3
MED-ES-0495,Emisora Municipal de Pamplona,ES,Espagne,es,RADIO,Radios Régionales,Actualités-Infos Générales,Régionale/Départementale,https://es.wikipedia.org/wiki/Emisora_Municipal_de_Pamplona,,,,WIKIPEDIA,3
MED-ES-0496,Empar Moliner i Ballesteros,ES,Espagne,ca,PRESSE,Médias régionaux (hors PQR),Actualités-Infos Générales,Régionale/Départementale,https://ca.wikipedia.org/wiki/Empar_Moliner_i_Ballesteros,,,,WIKIPEDIA,3
MED-ES-0497,Empordà,ES,Espagne,es,PRESSE,Médias régionaux (hors PQR),Actualités-Infos Générales,Régionale/Départementale,https://es.wikipedia.org/wiki/Empord%C3%A0_%28semanario%29,,,,WIKIPEDIA,3
MED-ES-0498,Energy,ES,Espagne,es,TV,TV Grandes Chaînes,Actualités-Infos Générales,Nationale,https://es.wikipedia.org/wiki/Energy,,,,WIKIPEDIA,3
MED-ES-0499,Enfamilia,ES,Espagne,es,TV,TV Grandes Chaînes,Actualités-Infos Générales,Nationale,https://en.wikipedia.org/wiki/Enfamilia,,,,WIKIPEDIA,3
MED-ES-0500,En marcha,ES,Espagne,es,PRESSE,Médias régionaux (hors PQR),Actualités-Infos Générales,Régionale/Départementale,https://en.wikipedia.org/wiki/En_marcha_%28Santa_Cruz_de_Tenerife%29,,,,WIKIPEDIA,3
MED-ES-0501,E-Notícies,ES,Espagne,es,PRESSE,Médias régionaux (hors PQR),Actualités-Infos Générales,Régionale/Départementale,https://en.wikipedia.org/wiki/E-Not%C3%ADcies,,,,WIKIPEDIA,3
MED-ES-0502,Enric Borràs i Abelló,ES,Espagne,ca,PRESSE,Médias régionaux (hors PQR),Actualités-Infos Générales,Régionale/Départementale,https://ca.wikipedia.org/wiki/Enric_Borr%C3%A0s_i_Abell%C3%B3,,,,WIKIPEDIA,3
MED-ES-0503,Enric Hernández i Llorente,ES,Espagne,ca,PRESSE,Médias régionaux (hors PQR),Actualités-Infos Générales,Régionale/Départementale,https://ca.wikipedia.org/wiki/Enric_Hern%C3%A1ndez_i_Llorente,,,,WIKIPEDIA,3
MED-ES-0504,Entidad de Comunicación y Ondas de Leganés,ES,Espagne,es,RADIO,Radios Régionales,Actualités-Infos Générales,Régionale/Départementale,https://es.wikipedia.org/wiki/Entidad_de_Comunicaci%C3%B3n_y_Ondas_de_Legan%C3%A9s,,,,WIKIPEDIA,3
MED-ES-0505,ESdiario,ES,Espagne,es,PRESSE,PQR/PQD (Quotidiens régionaux),Actualités-Infos Générales,Régionale/Départementale,https://es.wikipedia.org/wiki/ESdiario,,,,WIKIPEDIA,3
MED-ES-0506,Esport3,ES,Espagne,es,TV,TV Grandes Chaînes,Actualités-Infos Générales,Nationale,https://en.wikipedia.org/wiki/Esport3,,,,WIKIPEDIA,3
MED-ES-0507,EsRadio,ES,Espagne,es,RADIO,Radios Régionales,Actualités-Infos Générales,Régionale/Départementale,https://es.wikipedia.org/wiki/EsRadio,,,,WIKIPEDIA,3
MED-ES-0508,EsRadio Castilla y León,ES,Espagne,es,RADIO,Radios Régionales,Actualités-Infos Générales,Régionale/Départementale,https://es.wikipedia.org/wiki/EsRadio_Castilla_y_Le%C3%B3n,,,,WIKIPEDIA,3
MED-ES-0509,Esther Vera i Garcia,ES,Espagne,ca,PRESSE,Médias régionaux (hors PQR),Actualités-Infos Générales,Régionale/Départementale,https://ca.wikipedia.org/wiki/Esther_Vera_i_Garcia,,,,WIKIPEDIA,3
MED-ES-0510,Estil 9,ES,Espagne,es,TV,TV Grandes Chaînes,Actualités-Infos Générales,Nationale,https://en.wikipedia.org/wiki/Estil_9,,,,WIKIPEDIA,3
MED-ES-0511,Estrenos 2 por M+,ES,Espagne,es,TV,TV Grandes Chaînes,Actualités-Infos Générales,Nationale,https://es.wikipedia.org/wiki/Estrenos_2_por_M%2B,,,,WIKIPEDIA,3
MED-ES-0512,Estrenos por M+,ES,Espagne,es,TV,TV Grandes Chaînes,Actualités-Infos Générales,Nationale,https://es.wikipedia.org/wiki/Estrenos_por_M%2B,,,,WIKIPEDIA,3
MED-ES-0513,ETB 1,ES,Espagne,es,TV,TV Grandes Chaînes,Actualités-Infos Générales,Nationale,https://en.wikipedia.org/wiki/ETB_1,,,,WIKIPEDIA,3
MED-ES-0514,ETB 2,ES,Espagne,es,TV,TV Grandes Chaînes,Actualités-Infos Générales,Nationale,https://en.wikipedia.org/wiki/ETB_2,,,,WIKIPEDIA,3
MED-ES-0515,ETB 3,ES,Espagne,es,TV,TV Grandes Chaînes,Actualités-Infos Générales,Nationale,https://en.wikipedia.org/wiki/ETB_3,,,,WIKIPEDIA,3
MED-ES-0516,ETB 4,ES,Espagne,es,TV,TV Grandes Chaînes,Actualités-Infos Générales,Nationale,https://en.wikipedia.org/wiki/ETB_4,,,,WIKIPEDIA,3
MED-ES-0517,ETB Basque,ES,Espagne,es,TV,TV Grandes Chaînes,Actualités-Infos Générales,Nationale,https://en.wikipedia.org/wiki/ETB_Basque,,,,WIKIPEDIA,3
MED-ES-0518,Euronews,ES,Espagne,es,TV,TV Grandes Chaînes,Actualités-Infos Générales,Nationale,https://es.wikipedia.org/wiki/Euronews,,,,WIKIPEDIA,3
MED-ES-0519,Europa FM,ES,Espagne,es,RADIO,Radios Régionales,Actualités-Infos Générales,Régionale/Départementale,https://es.wikipedia.org/wiki/Europa_FM,,,,WIKIPEDIA,3
MED-ES-0520,Eurosport 1,ES,Espagne,es,TV,TV Grandes Chaînes,Actualités-Infos Générales,Nationale,https://es.wikipedia.org/wiki/Eurosport_1,,,,WIKIPEDIA,3
MED-ES-0521,Eurosport 2,ES,Espagne,es,TV,TV Grandes Chaînes,Actualités-Infos Générales,Nationale,https://es.wikipedia.org/wiki/Eurosport_2,,,,WIKIPEDIA,3
MED-ES-0522,Eurosport 3D,ES,Espagne,es,TV,TV Grandes Chaînes,Actualités-Infos Générales,Nationale,https://es.wikipedia.org/wiki/Eurosport_3D,,,,WIKIPEDIA,3
MED-ES-0523,EuroWeekly News,ES,Espagne,es,PRESSE,Médias régionaux (hors PQR),Actualités-Infos Générales,Régionale/Départementale,https://en.wikipedia.org/wiki/EuroWeekly_News,,,,WIKIPEDIA,3
MED-ES-0524,Euzkadi,ES,Espagne,es,PRESSE,Médias régionaux (hors PQR),Actualités-Infos Générales,Régionale/Départementale,https://es.wikipedia.org/wiki/Euzkadi_%28peri%C3%B3dico%29,,,,WIKIPEDIA,3
MED-ES-0525,Eva Piquer i Vinent,ES,Espagne,ca,PRESSE,Médias régionaux (hors PQR),Actualités-Infos Générales,Régionale/Départementale,https://ca.wikipedia.org/wiki/Eva_Piquer_i_Vinent,,,,WIKIPEDIA,3
MED-ES-0526,Excelsior,ES,Espagne,es,PRESSE,Médias régionaux (hors PQR),Actualités-Infos Générales,Régionale/Départementale,https://es.wikipedia.org/wiki/Excelsior_%28peri%C3%B3dico%29,,,,WIKIPEDIA,3
MED-ES-0527,Faro da Cultura,ES,Espagne,gl,PRESSE,Médias régionaux (hors PQR),Actualités-Infos Générales,Régionale/Départementale,https://gl.wikipedia.org/wiki/Faro_da_Cultura,,,,WIKIPEDIA,3
MED-ES-0528,Faro de Vigo,ES,Espagne,es,PRESSE,PQR/PQD (Quotidiens régionaux),Actualités-Infos Générales,Régionale/Départementale,https://es.wikipedia.org/wiki/Faro_de_Vigo,,,,WIKIPEDIA,3
MED-ES-0529,FC Barcelona media,ES,Espagne,es,TV,TV Grandes Chaînes,Actualités-Infos Générales,Nationale,https://en.wikipedia.org/wiki/FC_Barcelona_media,,,,WIKIPEDIA,3
MED-ES-0530,F.E.,ES,Espagne,es,PRESSE,Médias régionaux (hors PQR),Actualités-Infos Générales,Régionale/Départementale,https://en.wikipedia.org/wiki/F.E._%28periodical%29,,,,WIKIPEDIA,3
MED-ES-0531,Festival de Bandas de música Meaño'92,ES,Espagne,gl,PRESSE,Médias régionaux (hors PQR),Actualités-Infos Générales,Régionale/Départementale,https://gl.wikipedia.org/wiki/Festival_de_Bandas_de_m%C3%BAsica_Mea%C3%B1o%2792_%28Fonoteca_92%29,,,,WIKIPEDIA,3
MED-ES-0532,Fibracat TV,ES,Espagne,es,TV,TV Grandes Chaînes,Actualités-Infos Générales,Nationale,https://en.wikipedia.org/wiki/Fibracat_TV,,,,WIKIPEDIA,3
MED-ES-0533,Folklore do Mundo,ES,Espagne,gl,PRESSE,Médias régionaux (hors PQR),Actualités-Infos Générales,Régionale/Départementale,https://gl.wikipedia.org/wiki/Folklore_do_Mundo_%28Coro_Liceo_de_Vilagarc%C3%ADa%29,,,,WIKIPEDIA,3
MED-ES-0534,Fonoteca 92,ES,Espagne,gl,PRESSE,Médias régionaux (hors PQR),Actualités-Infos Générales,Régionale/Départementale,https://gl.wikipedia.org/wiki/Fonoteca_92,,,,WIKIPEDIA,3
MED-ES-0535,Francesc Canosa i Farran,ES,Espagne,ca,PRESSE,Médias régionaux (hors PQR),Actualités-Infos Générales,Régionale/Départementale,https://ca.wikipedia.org/wiki/Francesc_Canosa_i_Farran,,,,WIKIPEDIA,3
MED-ES-0536,Front Popular/Front Antifeixista/Llibertat,ES,Espagne,ca,PRESSE,Médias régionaux (hors PQR),Actualités-Infos Générales,Régionale/Départementale,https://ca.wikipedia.org/wiki/Front_Popular/Front_Antifeixista/Llibertat,,,,WIKIPEDIA,3
MED-ES-0537,Furor TV,ES,Espagne,es,PRESSE,Médias régionaux (hors PQR),Actualités-Infos Générales,Régionale/Départementale,https://es.wikipedia.org/wiki/Furor_TV,,,,WIKIPEDIA,3
MED-ES-0538,Gaceta de Cataluña,ES,Espagne,es,PRESSE,PQR/PQD (Quotidiens régionaux),Actualités-Infos Générales,Régionale/Départementale,https://es.wikipedia.org/wiki/Gaceta_de_Catalu%C3%B1a,,,,WIKIPEDIA,3
MED-ES-0539,Gaiteiros,ES,Espagne,gl,PRESSE,Médias régionaux (hors PQR),Actualités-Infos Générales,Régionale/Départementale,https://gl.wikipedia.org/wiki/Gaiteiros_%28Fonoteca_92%29,,,,WIKIPEDIA,3
MED-ES-0540,Galicia. Diario de Vigo,ES,Espagne,gl,PRESSE,PQR/PQD (Quotidiens régionaux),Actualités-Infos Générales,Régionale/Départementale,https://gl.wikipedia.org/wiki/Galicia._Diario_de_Vigo,,,,WIKIPEDIA,3
MED-ES-0541,Galicia TV,ES,Espagne,es,TV,TV Grandes Chaînes,Actualités-Infos Générales,Nationale,https://en.wikipedia.org/wiki/Galicia_TV,,,,WIKIPEDIA,3
MED-ES-0542,Galiza,ES,Espagne,gl,PRESSE,Médias régionaux (hors PQR),Actualités-Infos Générales,Régionale/Départementale,https://gl.wikipedia.org/wiki/Galiza_%28Mondo%C3%B1edo%29,,,,WIKIPEDIA,3
MED-ES-0543,Gara,ES,Espagne,es,PRESSE,PQR/PQD (Quotidiens régionaux),Actualités-Infos Générales,Régionale/Départementale,https://es.wikipedia.org/wiki/Gara,,,,WIKIPEDIA,3
MED-ES-0544,Gaztea,ES,Espagne,es,RADIO,Radios Régionales,Actualités-Infos Générales,Régionale/Départementale,https://es.wikipedia.org/wiki/Gaztea,,,,WIKIPEDIA,3
MED-ES-0545,Gedar,ES,Espagne,es,PRESSE,Médias régionaux (hors PQR),Actualités-Infos Générales,Régionale/Départementale,https://es.wikipedia.org/wiki/Gedar,,,,WIKIPEDIA,3
MED-ES-0546,Geometricae,ES,Espagne,es,PRESSE,Médias d'information générale (hors PQN),Actualités-Infos Générales,Nationale,https://es.wikipedia.org/wiki/Geometricae,,,,WIKIPEDIA,3
MED-ES-0547,"Gerona, Hoja del Lunes",ES,Espagne,es,PRESSE,Médias régionaux (hors PQR),Actualités-Infos Générales,Régionale/Départementale,https://es.wikipedia.org/wiki/Gerona%2C_Hoja_del_Lunes,,,,WIKIPEDIA,3
MED-ES-0548,Gestiona Radio,ES,Espagne,es,RADIO,Radios Régionales,Actualités-Infos Générales,Régionale/Départementale,https://es.wikipedia.org/wiki/Gestiona_Radio,,,,WIKIPEDIA,3
MED-ES-0549,Ginés de Albareda,ES,Espagne,es,RADIO,Radios Régionales,Actualités-Infos Générales,Régionale/Départementale,https://es.wikipedia.org/wiki/Gin%C3%A9s_de_Albareda,,,,WIKIPEDIA,3
MED-ES-0550,Golf por Movistar Plus+,ES,Espagne,es,TV,TV Câble/Sat,Actualités-Infos Générales,Nationale,https://en.wikipedia.org/wiki/Golf_por_Movistar_Plus%2B,,,,WIKIPEDIA,3
MED-ES-0551,Goomer,ES,Espagne,es,PRESSE,Médias régionaux (hors PQR),Actualités-Infos Générales,Régionale/Départementale,https://es.wikipedia.org/wiki/Goomer,,,,WIKIPEDIA,3
MED-ES-0552,Grupo de Cámara Ars Musicae,ES,Espagne,gl,PRESSE,Médias régionaux (hors PQR),Actualités-Infos Générales,Régionale/Départementale,https://gl.wikipedia.org/wiki/Grupo_de_C%C3%A1mara_Ars_Musicae_%28Fonoteca_92%29,,,,WIKIPEDIA,3
MED-ES-0553,Grupo Infantil do Colexio Público de Portomouro,ES,Espagne,gl,PRESSE,Médias régionaux (hors PQR),Actualités-Infos Générales,Régionale/Départementale,https://gl.wikipedia.org/wiki/Grupo_Infantil_do_Colexio_P%C3%BAblico_de_Portomouro_%28Fonoteca_92%29,,,,WIKIPEDIA,3
MED-ES-0554,Grupo Radio Asturias,ES,Espagne,es,RADIO,Radios Régionales,Actualités-Infos Générales,Régionale/Départementale,https://es.wikipedia.org/wiki/Grupo_Radio_Asturias,,,,WIKIPEDIA,3
MED-ES-0555,Guión,ES,Espagne,es,PRESSE,Médias régionaux (hors PQR),Actualités-Infos Générales,Régionale/Départementale,https://es.wikipedia.org/wiki/Gui%C3%B3n_%28peri%C3%B3dico%29,,,,WIKIPEDIA,3
MED-ES-0556,Gum FM,ES,Espagne,es,RADIO,Radios Régionales,Actualités-Infos Générales,Régionale/Départementale,https://es.wikipedia.org/wiki/Gum_FM,,,,WIKIPEDIA,3
MED-ES-0557,Hala bedi irratia,ES,Espagne,es,RADIO,Radios Régionales,Actualités-Infos Générales,Régionale/Départementale,https://es.wikipedia.org/wiki/Hala_bedi_irratia,,,,WIKIPEDIA,3
MED-ES-0558,Heraldo de Almería,ES,Espagne,es,PRESSE,Médias régionaux (hors PQR),Actualités-Infos Générales,Régionale/Départementale,https://es.wikipedia.org/wiki/Heraldo_de_Almer%C3%ADa,,,,WIKIPEDIA,3
MED-ES-0559,Heraldo de Aragón,ES,Espagne,es,PRESSE,PQR/PQD (Quotidiens régionaux),Actualités-Infos Générales,Régionale/Départementale,https://es.wikipedia.org/wiki/Heraldo_de_Arag%C3%B3n,,,,WIKIPEDIA,3
MED-ES-0560,Heraldo de Madrid,ES,Espagne,es,PRESSE,Médias régionaux (hors PQR),Actualités-Infos Générales,Régionale/Départementale,https://en.wikipedia.org/wiki/Heraldo_de_Madrid,,,,WIKIPEDIA,3
MED-ES-0561,Heraldo de Murcia,ES,Espagne,es,PRESSE,Médias régionaux (hors PQR),Actualités-Infos Générales,Régionale/Départementale,https://es.wikipedia.org/wiki/Heraldo_de_Murcia,,,,WIKIPEDIA,3
MED-ES-0562,Heraldo de Tortosa,ES,Espagne,ca,PRESSE,Médias régionaux (hors PQR),Actualités-Infos Générales,Régionale/Départementale,https://ca.wikipedia.org/wiki/Heraldo_de_Tortosa,,,,WIKIPEDIA,3
MED-ES-0563,Heraldo de Vigo,ES,Espagne,es,PRESSE,Médias régionaux (hors PQR),Actualités-Infos Générales,Régionale/Départementale,https://es.wikipedia.org/wiki/Heraldo_de_Vigo,,,,WIKIPEDIA,3
MED-ES-0564,Heraldo de Vivero,ES,Espagne,es,PRESSE,Médias régionaux (hors PQR),Actualités-Infos Générales,Régionale/Départementale,https://es.wikipedia.org/wiki/Heraldo_de_Vivero,,,,WIKIPEDIA,3
MED-ES-0565,Heraldo de Zamora,ES,Espagne,es,PRESSE,PQR/PQD (Quotidiens régionaux),Actualités-Infos Générales,Régionale/Départementale,https://es.wikipedia.org/wiki/Heraldo_de_Zamora,,,,WIKIPEDIA,3
MED-ES-0566,Heraldo-Diario de Soria,ES,Espagne,es,PRESSE,PQR/PQD (Quotidiens régionaux),Actualités-Infos Générales,Régionale/Départementale,https://es.wikipedia.org/wiki/Heraldo-Diario_de_Soria,,,,WIKIPEDIA,3
MED-ES-0567,Hierro,ES,Espagne,es,PRESSE,Médias régionaux (hors PQR),Actualités-Infos Générales,Régionale/Départementale,https://es.wikipedia.org/wiki/Hierro_%28peri%C3%B3dico%29,,,,WIKIPEDIA,3
MED-ES-0568,Historia,ES,Espagne,es,TV,TV Grandes Chaînes,Actualités-Infos Générales,Nationale,https://es.wikipedia.org/wiki/Historia_%28canal_de_televisi%C3%B3n%29,,,,WIKIPEDIA,3
MED-ES-0569,Historia de Galicia,ES,Espagne,gl,PRESSE,Médias régionaux (hors PQR),Actualités-Infos Générales,Régionale/Départementale,https://gl.wikipedia.org/wiki/Historia_de_Galicia_%28Faro_de_Vigo%29,,,,WIKIPEDIA,3
MED-ES-0570,Historia de la Cadena SER,ES,Espagne,es,RADIO,Radios Régionales,Actualités-Infos Générales,Régionale/Départementale,https://es.wikipedia.org/wiki/Historia_de_la_Cadena_SER,,,,WIKIPEDIA,3
MED-ES-0571,Historia de la prensa en la Región de Murcia,ES,Espagne,es,PRESSE,Médias régionaux (hors PQR),Actualités-Infos Générales,Régionale/Départementale,https://es.wikipedia.org/wiki/Historia_de_la_prensa_en_la_Regi%C3%B3n_de_Murcia,,,,WIKIPEDIA,3
MED-ES-0572,History,ES,Espagne,es,TV,TV Grandes Chaînes,Actualités-Infos Générales,Nationale,https://en.wikipedia.org/wiki/History_%28European_TV_channel%29,,,,WIKIPEDIA,3
MED-ES-0573,Hit FM,ES,Espagne,es,RADIO,Radios Régionales,Actualités-Infos Générales,Régionale/Départementale,https://es.wikipedia.org/wiki/Hit_FM,,,,WIKIPEDIA,3
MED-ES-0574,Hits FM,ES,Espagne,es,RADIO,Radios Régionales,Actualités-Infos Générales,Régionale/Départementale,https://en.wikipedia.org/wiki/Hits_FM_%28Madrid%29,,,,WIKIPEDIA,3
MED-ES-0575,Hits por M+,ES,Espagne,es,TV,TV Grandes Chaînes,Actualités-Infos Générales,Nationale,https://es.wikipedia.org/wiki/Hits_por_M%2B,,,,WIKIPEDIA,3
MED-ES-0576,Hit TV,ES,Espagne,es,TV,TV Grandes Chaînes,Actualités-Infos Générales,Nationale,https://es.wikipedia.org/wiki/Hit_TV,,,,WIKIPEDIA,3
MED-ES-0577,Hoja del Lunes de Barcelona,ES,Espagne,ca,PRESSE,Médias régionaux (hors PQR),Actualités-Infos Générales,Régionale/Départementale,https://ca.wikipedia.org/wiki/Hoja_del_Lunes_de_Barcelona,,,,WIKIPEDIA,3
MED-ES-0578,Homenaxe a Rosalía de Castro,ES,Espagne,gl,PRESSE,Médias régionaux (hors PQR),Actualités-Infos Générales,Régionale/Départementale,https://gl.wikipedia.org/wiki/Homenaxe_a_Rosal%C3%ADa_de_Castro_%28Fonoteca_92%29,,,,WIKIPEDIA,3
MED-ES-0579,Hoy,ES,Espagne,es,PRESSE,PQR/PQD (Quotidiens régionaux),Actualités-Infos Générales,Régionale/Départementale,https://es.wikipedia.org/wiki/Hoy_%28Extremadura%29,,,,WIKIPEDIA,3
MED-ES-0580,IB3,ES,Espagne,es,TV,TV Grandes Chaînes,Actualités-Infos Générales,Nationale,https://en.wikipedia.org/wiki/IB3_%28TV_channel%29,,,,WIKIPEDIA,3
MED-ES-0581,IB3 Ràdio,ES,Espagne,es,RADIO,Radios Régionales,Actualités-Infos Générales,Régionale/Départementale,https://es.wikipedia.org/wiki/IB3_R%C3%A0dio,,,,WIKIPEDIA,3
MED-ES-0582,Ibiza Global Radio,ES,Espagne,es,RADIO,Radios Régionales,Actualités-Infos Générales,Régionale/Départementale,https://es.wikipedia.org/wiki/Ibiza_Global_Radio,,,,WIKIPEDIA,3
MED-ES-0583,IB Sat,ES,Espagne,es,TV,TV Câble/Sat,Actualités-Infos Générales,Nationale,https://en.wikipedia.org/wiki/IB_Sat,,,,WIKIPEDIA,3
MED-ES-0584,Ideal,ES,Espagne,es,PRESSE,PQR/PQD (Quotidiens régionaux),Actualités-Infos Générales,Régionale/Départementale,https://es.wikipedia.org/wiki/Ideal_%28peri%C3%B3dico%29,,,,WIKIPEDIA,3
MED-ES-0585,Idella,ES,Espagne,es,PRESSE,Médias régionaux (hors PQR),Actualités-Infos Générales,Régionale/Départementale,https://es.wikipedia.org/wiki/Idella,,,,WIKIPEDIA,3
MED-ES-0586,Imperio,ES,Espagne,es,PRESSE,PQR/PQD (Quotidiens régionaux),Actualités-Infos Générales,Régionale/Départementale,https://en.wikipedia.org/wiki/Imperio_%28newspaper%29,,,,WIKIPEDIA,3
MED-ES-0587,Incendio del periódico ABC,ES,Espagne,es,PRESSE,Médias régionaux (hors PQR),Actualités-Infos Générales,Régionale/Départementale,https://es.wikipedia.org/wiki/Incendio_del_peri%C3%B3dico_ABC,,,,WIKIPEDIA,3
MED-ES-0588,Independentea,ES,Espagne,es,PRESSE,PQR/PQD (Quotidiens régionaux),Actualités-Infos Générales,Régionale/Départementale,https://en.wikipedia.org/wiki/Independentea,,,,WIKIPEDIA,3
MED-ES-0589,Indie por M+,ES,Espagne,es,TV,TV Grandes Chaînes,Actualités-Infos Générales,Nationale,https://es.wikipedia.org/wiki/Indie_por_M%2B,,,,WIKIPEDIA,3
MED-ES-0590,Infolibre,ES,Espagne,es,PRESSE,Médias régionaux (hors PQR),Actualités-Infos Générales,Régionale/Départementale,https://es.wikipedia.org/wiki/Infolibre,,,,WIKIPEDIA,3
MED-ES-0591,Información,ES,Espagne,es,PRESSE,PQR/PQD (Quotidiens régionaux),Actualités-Infos Générales,Régionale/Départementale,https://es.wikipedia.org/wiki/Informaci%C3%B3n_%28peri%C3%B3dico%29,,,,WIKIPEDIA,3
MED-ES-0592,Informaciones,ES,Espagne,eu,PRESSE,Médias régionaux (hors PQR),Actualités-Infos Générales,Régionale/Départementale,https://eu.wikipedia.org/wiki/Informaciones,,,,WIKIPEDIA,3
MED-ES-0593,Intercoro de Vigo,ES,Espagne,gl,PRESSE,Médias régionaux (hors PQR),Actualités-Infos Générales,Régionale/Départementale,https://gl.wikipedia.org/wiki/Intercoro_de_Vigo,,,,WIKIPEDIA,3
MED-ES-0594,Intereconomia.com,ES,Espagne,es,RADIO,Radios Régionales,Actualités-Infos Générales,Régionale/Départementale,https://es.wikipedia.org/wiki/Intereconomia.com,,,,WIKIPEDIA,3
MED-ES-0595,Irurac bat,ES,Espagne,es,PRESSE,Médias régionaux (hors PQR),Actualités-Infos Générales,Régionale/Départementale,https://es.wikipedia.org/wiki/Irurac_bat,,,,WIKIPEDIA,3
MED-ES-0596,Isaac Salvatierra i Pujol,ES,Espagne,ca,PRESSE,Médias régionaux (hors PQR),Actualités-Infos Générales,Régionale/Départementale,https://ca.wikipedia.org/wiki/Isaac_Salvatierra_i_Pujol,,,,WIKIPEDIA,3
MED-ES-0597,Iu Forn i Piquer,ES,Espagne,ca,PRESSE,Médias régionaux (hors PQR),Actualités-Infos Générales,Régionale/Départementale,https://ca.wikipedia.org/wiki/Iu_Forn_i_Piquer,,,,WIKIPEDIA,3
MED-ES-0598,Ixuxú,ES,Espagne,es,PRESSE,Médias régionaux (hors PQR),Actualités-Infos Générales,Régionale/Départementale,https://es.wikipedia.org/wiki/Ixux%C3%BA,,,,WIKIPEDIA,3
MED-ES-0599,Jesús de Polanco,ES,Espagne,es,PRESSE,Médias régionaux (hors PQR),Actualités-Infos Générales,Régionale/Départementale,https://es.wikipedia.org/wiki/Jes%C3%BAs_de_Polanco,,,,WIKIPEDIA,3
MED-ES-0600,Joaquín Pellicena y Camacho,ES,Espagne,es,PRESSE,Médias régionaux (hors PQR),Actualités-Infos Générales,Régionale/Départementale,https://es.wikipedia.org/wiki/Joaqu%C3%ADn_Pellicena_y_Camacho,,,,WIKIPEDIA,3
MED-ES-0601,Jornada,ES,Espagne,es,PRESSE,Médias régionaux (hors PQR),Actualités-Infos Générales,Régionale/Départementale,https://es.wikipedia.org/wiki/Jornada_%28peri%C3%B3dico%29,,,,WIKIPEDIA,3
MED-ES-0602,José Ángel Montañés Bermúdez,ES,Espagne,es,PRESSE,Médias régionaux (hors PQR),Actualités-Infos Générales,Régionale/Départementale,https://es.wikipedia.org/wiki/Jos%C3%A9_%C3%81ngel_Monta%C3%B1%C3%A9s_Berm%C3%BAdez,,,,WIKIPEDIA,3
MED-ES-0603,José Antonio Martínez Soler,ES,Espagne,es,PRESSE,Médias régionaux (hors PQR),Actualités-Infos Générales,Régionale/Départementale,https://es.wikipedia.org/wiki/Jos%C3%A9_Antonio_Mart%C3%ADnez_Soler,,,,WIKIPEDIA,3
MED-ES-0604,José Antonio Pérez Tapias,ES,Espagne,es,WEB,Médias d'information générale (hors PQN),Actualités-Infos Générales,Nationale,https://es.wikipedia.org/wiki/Jos%C3%A9_Antonio_P%C3%A9rez_Tapias,,,,WIKIPEDIA,3
MED-ES-0605,José Antonio Primo de Rivera,ES,Espagne,es,PRESSE,Médias régionaux (hors PQR),Actualités-Infos Générales,Régionale/Départementale,https://es.wikipedia.org/wiki/Jos%C3%A9_Antonio_Primo_de_Rivera,,,,WIKIPEDIA,3
MED-ES-0606,José Luis Gómez Gómez,ES,Espagne,es,PRESSE,Médias régionaux (hors PQR),Actualités-Infos Générales,Régionale/Départementale,https://es.wikipedia.org/wiki/Jos%C3%A9_Luis_G%C3%B3mez_G%C3%B3mez,,,,WIKIPEDIA,3
MED-ES-0607,José Luis Martín Prieto,ES,Espagne,es,PRESSE,Médias régionaux (hors PQR),Actualités-Infos Générales,Régionale/Départementale,https://es.wikipedia.org/wiki/Jos%C3%A9_Luis_Mart%C3%ADn_Prieto,,,,WIKIPEDIA,3
MED-ES-0608,Josep Pastells i Mascort,ES,Espagne,ca,PRESSE,Médias régionaux (hors PQR),Actualités-Infos Générales,Régionale/Départementale,https://ca.wikipedia.org/wiki/Josep_Pastells_i_Mascort,,,,WIKIPEDIA,3
MED-ES-0609,Juan José Baños Loinaz,ES,Espagne,es,PRESSE,Médias régionaux (hors PQR),Actualités-Infos Générales,Régionale/Départementale,https://es.wikipedia.org/wiki/Juan_Jos%C3%A9_Ba%C3%B1os_Loinaz,,,,WIKIPEDIA,3
MED-ES-0610,K3,ES,Espagne,es,TV,TV Grandes Chaînes,Actualités-Infos Générales,Nationale,https://en.wikipedia.org/wiki/K3_%28TV_channel%29,,,,WIKIPEDIA,3
MED-ES-0611,Kanarenexpress,ES,Espagne,es,PRESSE,Médias régionaux (hors PQR),Actualités-Infos Générales,Régionale/Départementale,https://es.wikipedia.org/wiki/Kanarenexpress,,,,WIKIPEDIA,3
MED-ES-0612,Kaosenlared,ES,Espagne,es,PRESSE,Médias régionaux (hors PQR),Actualités-Infos Générales,Régionale/Départementale,https://es.wikipedia.org/wiki/Kaosenlared,,,,WIKIPEDIA,3
MED-ES-0613,KidsCo,ES,Espagne,es,TV,TV Grandes Chaînes,Actualités-Infos Générales,Nationale,https://es.wikipedia.org/wiki/KidsCo_%28Espa%C3%B1a%29,,,,WIKIPEDIA,3
MED-ES-0614,Kiss FM,ES,Espagne,es,RADIO,Radios Régionales,Actualités-Infos Générales,Régionale/Départementale,https://es.wikipedia.org/wiki/Kiss_FM_%28Espa%C3%B1a%29,,,,WIKIPEDIA,3
MED-ES-0615,La 1,ES,Espagne,es,TV,TV Grandes Chaînes,Actualités-Infos Générales,Nationale,https://es.wikipedia.org/wiki/La_1,,,,WIKIPEDIA,3
MED-ES-0616,La 10 Madrid,ES,Espagne,es,TV,TV Régionales,Actualités-Infos Générales,Régionale/Départementale,https://es.wikipedia.org/wiki/La_10_Madrid,,,,WIKIPEDIA,3
MED-ES-0617,La 2,ES,Espagne,es,TV,TV Grandes Chaînes,Actualités-Infos Générales,Nationale,https://es.wikipedia.org/wiki/La_2,,,,WIKIPEDIA,3
MED-ES-0618,La 2 Cat,ES,Espagne,es,TV,TV Grandes Chaînes,Actualités-Infos Générales,Nationale,https://en.wikipedia.org/wiki/La_2_Cat,,,,WIKIPEDIA,3
MED-ES-0619,La 7,ES,Espagne,es,TV,TV Grandes Chaînes,Actualités-Infos Générales,Nationale,https://en.wikipedia.org/wiki/La_7_%28Castile_and_Le%C3%B3n%29,,,,WIKIPEDIA,3
MED-ES-0620,La 8,ES,Espagne,es,TV,TV Grandes Chaînes,Actualités-Infos Générales,Nationale,https://en.wikipedia.org/wiki/La_8,,,,WIKIPEDIA,3
MED-ES-0621,La 97.7 Radio,ES,Espagne,es,RADIO,Radios Régionales,Actualités-Infos Générales,Régionale/Départementale,https://es.wikipedia.org/wiki/La_97.7_Radio,,,,WIKIPEDIA,3
MED-ES-0622,La Aurora,ES,Espagne,es,PRESSE,Médias régionaux (hors PQR),Actualités-Infos Générales,Régionale/Départementale,https://es.wikipedia.org/wiki/La_Aurora_%281918-1936%29,,,,WIKIPEDIA,3
MED-ES-0623,La Bandera Roja,ES,Espagne,es,PRESSE,Médias régionaux (hors PQR),Actualités-Infos Générales,Régionale/Départementale,https://en.wikipedia.org/wiki/La_Bandera_Roja,,,,WIKIPEDIA,3
MED-ES-0624,La Cadena del Water,ES,Espagne,es,RADIO,Radios Régionales,Actualités-Infos Générales,Régionale/Départementale,https://es.wikipedia.org/wiki/La_Cadena_del_Water,,,,WIKIPEDIA,3
MED-ES-0625,La Campana de Gracia,ES,Espagne,es,PRESSE,Médias régionaux (hors PQR),Actualités-Infos Générales,Régionale/Départementale,https://es.wikipedia.org/wiki/La_Campana_de_Gracia,,,,WIKIPEDIA,3
MED-ES-0626,La Cañiza,ES,Espagne,es,PRESSE,Médias régionaux (hors PQR),Actualités-Infos Générales,Régionale/Départementale,https://es.wikipedia.org/wiki/La_Ca%C3%B1iza_%28peri%C3%B3dico%29,,,,WIKIPEDIA,3
MED-ES-0627,La Cerca,ES,Espagne,es,PRESSE,PQR/PQD (Quotidiens régionaux),Actualités-Infos Générales,Régionale/Départementale,https://es.wikipedia.org/wiki/La_Cerca_%28peri%C3%B3dico%29,,,,WIKIPEDIA,3
MED-ES-0628,La Ciutat,ES,Espagne,ca,PRESSE,Médias régionaux (hors PQR),Actualités-Infos Générales,Régionale/Départementale,https://ca.wikipedia.org/wiki/La_Ciutat_%28diari%29,,,,WIKIPEDIA,3
MED-ES-0629,La Comarca de Puertollano,ES,Espagne,es,PRESSE,Médias régionaux (hors PQR),Actualités-Infos Générales,Régionale/Départementale,https://es.wikipedia.org/wiki/La_Comarca_de_Puertollano,,,,WIKIPEDIA,3
MED-ES-0630,La Convicción,ES,Espagne,es,PRESSE,Médias régionaux (hors PQR),Actualités-Infos Générales,Régionale/Départementale,https://es.wikipedia.org/wiki/La_Convicci%C3%B3n,,,,WIKIPEDIA,3
MED-ES-0631,La Corona de Aragón,ES,Espagne,es,PRESSE,PQR/PQD (Quotidiens régionaux),Actualités-Infos Générales,Régionale/Départementale,https://es.wikipedia.org/wiki/La_Corona_de_Arag%C3%B3n,,,,WIKIPEDIA,3
MED-ES-0632,La Correspondencia de Aragón,ES,Espagne,es,PRESSE,Médias régionaux (hors PQR),Actualités-Infos Générales,Régionale/Départementale,https://es.wikipedia.org/wiki/La_Correspondencia_de_Arag%C3%B3n,,,,WIKIPEDIA,3
MED-ES-0633,La Correspondencia de Cádiz,ES,Espagne,es,PRESSE,Médias régionaux (hors PQR),Actualités-Infos Générales,Régionale/Départementale,https://es.wikipedia.org/wiki/La_Correspondencia_de_C%C3%A1diz,,,,WIKIPEDIA,3
MED-ES-0634,La Correspondencia de Valencia,ES,Espagne,es,PRESSE,Médias régionaux (hors PQR),Actualités-Infos Générales,Régionale/Départementale,https://es.wikipedia.org/wiki/La_Correspondencia_de_Valencia,,,,WIKIPEDIA,3
MED-ES-0635,La Correspondencia Militar,ES,Espagne,es,PRESSE,Médias régionaux (hors PQR),Actualités-Infos Générales,Régionale/Départementale,https://en.wikipedia.org/wiki/La_Correspondencia_Militar,,,,WIKIPEDIA,3
MED-ES-0636,La Coruña Católica,ES,Espagne,es,PRESSE,Médias régionaux (hors PQR),Actualités-Infos Générales,Régionale/Départementale,https://es.wikipedia.org/wiki/La_Coru%C3%B1a_Cat%C3%B3lica,,,,WIKIPEDIA,3
MED-ES-0637,La Crònica,ES,Espagne,ca,PRESSE,Médias régionaux (hors PQR),Actualités-Infos Générales,Régionale/Départementale,https://ca.wikipedia.org/wiki/La_Cr%C3%B2nica,,,,WIKIPEDIA,3
MED-ES-0638,La Crónica de Aragón,ES,Espagne,es,PRESSE,Médias régionaux (hors PQR),Actualités-Infos Générales,Régionale/Départementale,https://es.wikipedia.org/wiki/La_Cr%C3%B3nica_de_Arag%C3%B3n,,,,WIKIPEDIA,3
MED-ES-0639,La Crónica de Badajoz,ES,Espagne,es,PRESSE,PQR/PQD (Quotidiens régionaux),Actualités-Infos Générales,Régionale/Départementale,https://es.wikipedia.org/wiki/La_Cr%C3%B3nica_de_Badajoz,,,,WIKIPEDIA,3
MED-ES-0640,La Crónica de Córdoba,ES,Espagne,es,PRESSE,Médias régionaux (hors PQR),Actualités-Infos Générales,Régionale/Départementale,https://es.wikipedia.org/wiki/La_Cr%C3%B3nica_de_C%C3%B3rdoba,,,,WIKIPEDIA,3
MED-ES-0641,La Crónica de León,ES,Espagne,es,PRESSE,PQR/PQD (Quotidiens régionaux),Actualités-Infos Générales,Régionale/Départementale,https://es.wikipedia.org/wiki/La_Cr%C3%B3nica_de_Le%C3%B3n,,,,WIKIPEDIA,3
MED-ES-0642,La Crónica Meridional,ES,Espagne,es,PRESSE,Médias régionaux (hors PQR),Actualités-Infos Générales,Régionale/Départementale,https://es.wikipedia.org/wiki/La_Cr%C3%B3nica_Meridional,,,,WIKIPEDIA,3
MED-ES-0643,La Cruz,ES,Espagne,es,PRESSE,Médias régionaux (hors PQR),Actualités-Infos Générales,Régionale/Départementale,https://es.wikipedia.org/wiki/La_Cruz_%28peri%C3%B3dico_de_Tarragona%29,,,,WIKIPEDIA,3
MED-ES-0644,La Defensa,ES,Espagne,es,PRESSE,Médias régionaux (hors PQR),Actualités-Infos Générales,Régionale/Départementale,https://es.wikipedia.org/wiki/La_Defensa_%28M%C3%A1laga%29,,,,WIKIPEDIA,3
MED-ES-0645,La Dinastía,ES,Espagne,es,PRESSE,Médias régionaux (hors PQR),Actualités-Infos Générales,Régionale/Départementale,https://es.wikipedia.org/wiki/La_Dinast%C3%ADa,,,,WIKIPEDIA,3
MED-ES-0646,La Emancipación,ES,Espagne,es,PRESSE,Médias régionaux (hors PQR),Actualités-Infos Générales,Régionale/Départementale,https://es.wikipedia.org/wiki/La_Emancipaci%C3%B3n,,,,WIKIPEDIA,3
MED-ES-0647,La España,ES,Espagne,eu,PRESSE,Médias régionaux (hors PQR),Actualités-Infos Générales,Régionale/Départementale,https://eu.wikipedia.org/wiki/La_Espa%C3%B1a,,,,WIKIPEDIA,3
MED-ES-0648,La Esperanza del Pueblo,ES,Espagne,es,PRESSE,Médias régionaux (hors PQR),Actualités-Infos Générales,Régionale/Départementale,https://es.wikipedia.org/wiki/La_Esperanza_del_Pueblo,,,,WIKIPEDIA,3
MED-ES-0649,La Federación,ES,Espagne,es,PRESSE,Médias régionaux (hors PQR),Actualités-Infos Générales,Régionale/Départementale,https://es.wikipedia.org/wiki/La_Federaci%C3%B3n,,,,WIKIPEDIA,3
MED-ES-0650,La Gaceta,ES,Espagne,es,PRESSE,Médias régionaux (hors PQR),Actualités-Infos Générales,Régionale/Départementale,https://en.wikipedia.org/wiki/La_Gaceta_%28Spain%29,,,,WIKIPEDIA,3
MED-ES-0651,La Gaceta de la Iberosfera,ES,Espagne,es,PRESSE,PQR/PQD (Quotidiens régionaux),Actualités-Infos Générales,Régionale/Départementale,https://es.wikipedia.org/wiki/La_Gaceta_de_la_Iberosfera,,,,WIKIPEDIA,3
MED-ES-0652,La Gaceta del Norte,ES,Espagne,es,PRESSE,Médias régionaux (hors PQR),Actualités-Infos Générales,Régionale/Départementale,https://es.wikipedia.org/wiki/La_Gaceta_del_Norte,,,,WIKIPEDIA,3
MED-ES-0653,La Gaceta del Sur,ES,Espagne,es,PRESSE,Médias régionaux (hors PQR),Actualités-Infos Générales,Régionale/Départementale,https://es.wikipedia.org/wiki/La_Gaceta_del_Sur,,,,WIKIPEDIA,3
MED-ES-0654,La Gaceta Regional de Salamanca,ES,Espagne,es,PRESSE,Médias régionaux (hors PQR),Actualités-Infos Générales,Régionale/Départementale,https://es.wikipedia.org/wiki/La_Gaceta_Regional_de_Salamanca,,,,WIKIPEDIA,3
MED-ES-0655,La Gazeta de Murcia,ES,Espagne,es,PRESSE,Médias régionaux (hors PQR),Actualités-Infos Générales,Régionale/Départementale,https://es.wikipedia.org/wiki/La_Gazeta_de_Murcia,,,,WIKIPEDIA,3
MED-ES-0656,La hora del recreo,ES,Espagne,es,PRESSE,Médias régionaux (hors PQR),Actualités-Infos Générales,Régionale/Départementale,https://es.wikipedia.org/wiki/La_hora_del_recreo_%28suplemento_de_Levante%29,,,,WIKIPEDIA,3
MED-ES-0657,La Humanitat,ES,Espagne,es,PRESSE,Médias régionaux (hors PQR),Actualités-Infos Générales,Régionale/Départementale,https://es.wikipedia.org/wiki/La_Humanitat,,,,WIKIPEDIA,3
MED-ES-0658,La Idea Popular,ES,Espagne,es,PRESSE,Médias régionaux (hors PQR),Actualités-Infos Générales,Régionale/Départementale,https://es.wikipedia.org/wiki/La_Idea_Popular,,,,WIKIPEDIA,3
MED-ES-0659,La Igualdad,ES,Espagne,es,PRESSE,Médias régionaux (hors PQR),Actualités-Infos Générales,Régionale/Départementale,https://en.wikipedia.org/wiki/La_Igualdad,,,,WIKIPEDIA,3
MED-ES-0660,La Independencia,ES,Espagne,es,PRESSE,Médias régionaux (hors PQR),Actualités-Infos Générales,Régionale/Départementale,https://es.wikipedia.org/wiki/La_Independencia_%28peri%C3%B3dico%29,,,,WIKIPEDIA,3
MED-ES-0661,La Información,ES,Espagne,es,PRESSE,Médias régionaux (hors PQR),Actualités-Infos Générales,Régionale/Départementale,https://es.wikipedia.org/wiki/La_Informaci%C3%B3n_%28C%C3%A1diz%29,,,,WIKIPEDIA,3
MED-ES-0662,La Juventud Carlista,ES,Espagne,es,PRESSE,Médias régionaux (hors PQR),Actualités-Infos Générales,Régionale/Départementale,https://es.wikipedia.org/wiki/La_Juventud_Carlista_%281893-1894%29,,,,WIKIPEDIA,3
MED-ES-0663,La Lealtad,ES,Espagne,es,PRESSE,Médias régionaux (hors PQR),Actualités-Infos Générales,Régionale/Départementale,https://es.wikipedia.org/wiki/La_Lealtad_%281881-1888%29,,,,WIKIPEDIA,3
MED-ES-0664,La Libertad,ES,Espagne,es,PRESSE,PQR/PQD (Quotidiens régionaux),Actualités-Infos Générales,Régionale/Départementale,https://es.wikipedia.org/wiki/La_Libertad_%28Madrid%29,,,,WIKIPEDIA,3
MED-ES-0665,LALIGA+,ES,Espagne,es,TV,TV Grandes Chaînes,Actualités-Infos Générales,Nationale,https://es.wikipedia.org/wiki/LALIGA%2B,,,,WIKIPEDIA,3
MED-ES-0666,LaLiga 123 TV,ES,Espagne,es,TV,TV Grandes Chaînes,Actualités-Infos Générales,Nationale,https://es.wikipedia.org/wiki/LaLiga_123_TV,,,,WIKIPEDIA,3
MED-ES-0667,LALIGA TV Hypermotion,ES,Espagne,es,TV,TV Grandes Chaînes,Actualités-Infos Générales,Nationale,https://es.wikipedia.org/wiki/LALIGA_TV_Hypermotion,,,,WIKIPEDIA,3
MED-ES-0668,La Lucha,ES,Espagne,es,PRESSE,Médias régionaux (hors PQR),Actualités-Infos Générales,Régionale/Départementale,https://es.wikipedia.org/wiki/La_Lucha_%28Barcelona%29,,,,WIKIPEDIA,3
MED-ES-0669,La Lucha de Clases,ES,Espagne,es,PRESSE,Médias régionaux (hors PQR),Actualités-Infos Générales,Régionale/Départementale,https://es.wikipedia.org/wiki/La_Lucha_de_Clases,,,,WIKIPEDIA,3
MED-ES-0670,Lamalla.cat,ES,Espagne,es,PRESSE,Médias régionaux (hors PQR),Actualités-Infos Générales,Régionale/Départementale,https://es.wikipedia.org/wiki/Lamalla.cat,,,,WIKIPEDIA,3
MED-ES-0671,La Mañana,ES,Espagne,es,PRESSE,PQR/PQD (Quotidiens régionaux),Actualités-Infos Générales,Régionale/Départementale,https://es.wikipedia.org/wiki/La_Ma%C3%B1ana_%28L%C3%A9rida%29,,,,WIKIPEDIA,3
MED-ES-0672,La Marea,ES,Espagne,es,PRESSE,Médias régionaux (hors PQR),Actualités-Infos Générales,Régionale/Départementale,https://es.wikipedia.org/wiki/La_Marea,,,,WIKIPEDIA,3
MED-ES-0673,La Nau,ES,Espagne,es,PRESSE,PQR/PQD (Quotidiens régionaux),Actualités-Infos Générales,Régionale/Départementale,https://es.wikipedia.org/wiki/La_Nau,,,,WIKIPEDIA,3
MED-ES-0674,La Noche,ES,Espagne,es,PRESSE,Médias régionaux (hors PQR),Actualités-Infos Générales,Régionale/Départementale,https://es.wikipedia.org/wiki/La_Noche_%28Barcelona%29,,,,WIKIPEDIA,3
MED-ES-0675,La Nuestra Tierra,ES,Espagne,es,PRESSE,Médias régionaux (hors PQR),Actualités-Infos Générales,Régionale/Départementale,https://en.wikipedia.org/wiki/La_Nuestra_Tierra,,,,WIKIPEDIA,3
MED-ES-0676,La Nueva Crónica,ES,Espagne,es,PRESSE,PQR/PQD (Quotidiens régionaux),Actualités-Infos Générales,Régionale/Départementale,https://es.wikipedia.org/wiki/La_Nueva_Cr%C3%B3nica,,,,WIKIPEDIA,3
MED-ES-0677,La Opinión A Coruña,ES,Espagne,es,PRESSE,PQR/PQD (Quotidiens régionaux),Actualités-Infos Générales,Régionale/Départementale,https://es.wikipedia.org/wiki/La_Opini%C3%B3n_A_Coru%C3%B1a,,,,WIKIPEDIA,3
MED-ES-0678,La Opinión de Granada,ES,Espagne,es,PRESSE,PQR/PQD (Quotidiens régionaux),Actualités-Infos Générales,Régionale/Départementale,https://es.wikipedia.org/wiki/La_Opini%C3%B3n_de_Granada,,,,WIKIPEDIA,3
MED-ES-0679,La Opinión de Málaga,ES,Espagne,es,PRESSE,PQR/PQD (Quotidiens régionaux),Actualités-Infos Générales,Régionale/Départementale,https://es.wikipedia.org/wiki/La_Opini%C3%B3n_de_M%C3%A1laga,,,,WIKIPEDIA,3
MED-ES-0680,La Opinión de Murcia,ES,Espagne,es,PRESSE,PQR/PQD (Quotidiens régionaux),Actualités-Infos Générales,Régionale/Départementale,https://es.wikipedia.org/wiki/La_Opini%C3%B3n_de_Murcia,,,,WIKIPEDIA,3
MED-ES-0681,La Opinión de Tenerife,ES,Espagne,es,PRESSE,PQR/PQD (Quotidiens régionaux),Actualités-Infos Générales,Régionale/Départementale,https://es.wikipedia.org/wiki/La_Opini%C3%B3n_de_Tenerife,,,,WIKIPEDIA,3
MED-ES-0682,La Opinión-El Correo de Zamora,ES,Espagne,es,PRESSE,Médias régionaux (hors PQR),Actualités-Infos Générales,Régionale/Départementale,https://es.wikipedia.org/wiki/La_Opini%C3%B3n-El_Correo_de_Zamora,,,,WIKIPEDIA,3
MED-ES-0683,LaOtra,ES,Espagne,es,TV,TV Grandes Chaînes,Actualités-Infos Générales,Nationale,https://en.wikipedia.org/wiki/LaOtra,,,,WIKIPEDIA,3
MED-ES-0684,La Paz de Murcia,ES,Espagne,es,PRESSE,Médias régionaux (hors PQR),Actualités-Infos Générales,Régionale/Départementale,https://es.wikipedia.org/wiki/La_Paz_de_Murcia,,,,WIKIPEDIA,3
MED-ES-0685,La Protesta,ES,Espagne,es,PRESSE,Médias régionaux (hors PQR),Actualités-Infos Générales,Régionale/Départementale,https://es.wikipedia.org/wiki/La_Protesta_%28Barcelona%29,,,,WIKIPEDIA,3
MED-ES-0686,La Provincia,ES,Espagne,es,PRESSE,PQR/PQD (Quotidiens régionaux),Actualités-Infos Générales,Régionale/Départementale,https://es.wikipedia.org/wiki/La_Provincia_%28Canarias%29,,,,WIKIPEDIA,3
MED-ES-0687,La Publicidad,ES,Espagne,es,PRESSE,Médias régionaux (hors PQR),Actualités-Infos Générales,Régionale/Départementale,https://es.wikipedia.org/wiki/La_Publicidad_%28Barcelona%29,,,,WIKIPEDIA,3
MED-ES-0688,La Publicitat,ES,Espagne,es,PRESSE,Médias régionaux (hors PQR),Actualités-Infos Générales,Régionale/Départementale,https://es.wikipedia.org/wiki/La_Publicitat,,,,WIKIPEDIA,3
MED-ES-0689,La Región,ES,Espagne,es,PRESSE,PQR/PQD (Quotidiens régionaux),Actualités-Infos Générales,Régionale/Départementale,https://es.wikipedia.org/wiki/La_Regi%C3%B3n_%28Galicia%29,,,,WIKIPEDIA,3
MED-ES-0690,La Renaixensa,ES,Espagne,es,PRESSE,Médias régionaux (hors PQR),Actualités-Infos Générales,Régionale/Départementale,https://es.wikipedia.org/wiki/La_Renaixensa,,,,WIKIPEDIA,3
MED-ES-0691,La República,ES,Espagne,es,PRESSE,Médias régionaux (hors PQR),Actualités-Infos Générales,Régionale/Départementale,https://es.wikipedia.org/wiki/La_Rep%C3%BAblica_%28publicaci%C3%B3n_digital%29,,,,WIKIPEDIA,3
MED-ES-0692,La Revista Social,ES,Espagne,es,PRESSE,Médias régionaux (hors PQR),Actualités-Infos Générales,Régionale/Départementale,https://es.wikipedia.org/wiki/La_Revista_Social,,,,WIKIPEDIA,3
MED-ES-0693,La Rioja,ES,Espagne,es,PRESSE,PQR/PQD (Quotidiens régionaux),Actualités-Infos Générales,Régionale/Départementale,https://es.wikipedia.org/wiki/La_Rioja_%28peri%C3%B3dico%29,,,,WIKIPEDIA,3
MED-ES-0694,La Semana,ES,Espagne,es,PRESSE,Médias régionaux (hors PQR),Actualités-Infos Générales,Régionale/Départementale,https://es.wikipedia.org/wiki/La_Semana_%28peri%C3%B3dico%29,,,,WIKIPEDIA,3
MED-ES-0695,La Séptima,ES,Espagne,es,TV,TV Grandes Chaînes,Actualités-Infos Générales,Nationale,https://es.wikipedia.org/wiki/La_S%C3%A9ptima,,,,WIKIPEDIA,3
MED-ES-0696,La Sidra,ES,Espagne,es,PRESSE,Médias d'information générale (hors PQN),Actualités-Infos Générales,Nationale,https://es.wikipedia.org/wiki/La_Sidra_%28revista%29,,,,WIKIPEDIA,3
MED-ES-0697,Las Noticias,ES,Espagne,ca,PRESSE,Médias régionaux (hors PQR),Actualités-Infos Générales,Régionale/Départementale,https://ca.wikipedia.org/wiki/Las_Noticias,,,,WIKIPEDIA,3
MED-ES-0698,Las Novedades,ES,Espagne,es,PRESSE,PQR/PQD (Quotidiens régionaux),Actualités-Infos Générales,Régionale/Départementale,https://es.wikipedia.org/wiki/Las_Novedades,,,,WIKIPEDIA,3
MED-ES-0699,La Solidaridad,ES,Espagne,es,PRESSE,Médias régionaux (hors PQR),Actualités-Infos Générales,Régionale/Départementale,https://es.wikipedia.org/wiki/La_Solidaridad_%28Madrid%29,,,,WIKIPEDIA,3
MED-ES-0700,Las Provincias,ES,Espagne,es,PRESSE,PQR/PQD (Quotidiens régionaux),Actualités-Infos Générales,Régionale/Départementale,https://es.wikipedia.org/wiki/Las_Provincias,,,,WIKIPEDIA,3
MED-ES-0701,Las Provincias de Levante,ES,Espagne,es,PRESSE,Médias régionaux (hors PQR),Actualités-Infos Générales,Régionale/Départementale,https://es.wikipedia.org/wiki/Las_Provincias_de_Levante,,,,WIKIPEDIA,3
MED-ES-0702,La Tarde,ES,Espagne,es,PRESSE,Médias régionaux (hors PQR),Actualités-Infos Générales,Régionale/Départementale,https://es.wikipedia.org/wiki/La_Tarde_%28M%C3%A1laga%29,,,,WIKIPEDIA,3
MED-ES-0703,La Tienda en Casa,ES,Espagne,es,TV,TV Grandes Chaînes,Actualités-Infos Générales,Nationale,https://en.wikipedia.org/wiki/La_Tienda_en_Casa,,,,WIKIPEDIA,3
MED-ES-0704,La Tierra,ES,Espagne,es,PRESSE,Médias régionaux (hors PQR),Actualités-Infos Générales,Régionale/Départementale,https://es.wikipedia.org/wiki/La_Tierra_%281930%29,,,,WIKIPEDIA,3
MED-ES-0705,La Tramontana,ES,Espagne,es,PRESSE,Médias régionaux (hors PQR),Actualités-Infos Générales,Régionale/Départementale,https://es.wikipedia.org/wiki/La_Tramontana,,,,WIKIPEDIA,3
MED-ES-0706,La Tribuna,ES,Espagne,es,PRESSE,Médias régionaux (hors PQR),Actualités-Infos Générales,Régionale/Départementale,https://es.wikipedia.org/wiki/La_Tribuna_%28Barcelona%29,,,,WIKIPEDIA,3
MED-ES-0707,La Tribuna de Albacete,ES,Espagne,es,PRESSE,PQR/PQD (Quotidiens régionaux),Actualités-Infos Générales,Régionale/Départementale,https://es.wikipedia.org/wiki/La_Tribuna_de_Albacete,,,,WIKIPEDIA,3
MED-ES-0708,La Tribuna del País Vasco,ES,Espagne,es,PRESSE,Médias régionaux (hors PQR),Actualités-Infos Générales,Régionale/Départementale,https://es.wikipedia.org/wiki/La_Tribuna_del_Pa%C3%ADs_Vasco,,,,WIKIPEDIA,3
MED-ES-0709,La Tribuna Socialista,ES,Espagne,es,PRESSE,Médias régionaux (hors PQR),Actualités-Infos Générales,Régionale/Départementale,https://es.wikipedia.org/wiki/La_Tribuna_Socialista,,,,WIKIPEDIA,3
MED-ES-0710,La Unión Mercantil,ES,Espagne,es,PRESSE,Médias régionaux (hors PQR),Actualités-Infos Générales,Régionale/Départementale,https://es.wikipedia.org/wiki/La_Uni%C3%B3n_Mercantil,,,,WIKIPEDIA,3
MED-ES-0711,La Unión Republicana,ES,Espagne,es,PRESSE,Médias régionaux (hors PQR),Actualités-Infos Générales,Régionale/Départementale,https://es.wikipedia.org/wiki/La_Uni%C3%B3n_Republicana,,,,WIKIPEDIA,3
MED-ES-0712,La Unión Vasco-Navarra,ES,Espagne,es,PRESSE,Médias régionaux (hors PQR),Actualités-Infos Générales,Régionale/Départementale,https://es.wikipedia.org/wiki/La_Uni%C3%B3n_Vasco-Navarra,,,,WIKIPEDIA,3
MED-ES-0713,La Verdad,ES,Espagne,es,PRESSE,PQR/PQD (Quotidiens régionaux),Actualités-Infos Générales,Régionale/Départementale,https://es.wikipedia.org/wiki/La_Verdad_%28Espa%C3%B1a%29,,,,WIKIPEDIA,3
MED-ES-0714,La Veu de Catalunya,ES,Espagne,es,PRESSE,Médias régionaux (hors PQR),Actualités-Infos Générales,Régionale/Départementale,https://es.wikipedia.org/wiki/La_Veu_de_Catalunya,,,,WIKIPEDIA,3
MED-ES-0715,La Veu del Vespre,ES,Espagne,es,PRESSE,Médias régionaux (hors PQR),Actualités-Infos Générales,Régionale/Départementale,https://es.wikipedia.org/wiki/La_Veu_del_Vespre,,,,WIKIPEDIA,3
MED-ES-0716,La Veu de Tarragona,ES,Espagne,es,PRESSE,Médias régionaux (hors PQR),Actualités-Infos Générales,Régionale/Départementale,https://es.wikipedia.org/wiki/La_Veu_de_Tarragona,,,,WIKIPEDIA,3
MED-ES-0717,La Veu de Tortosa,ES,Espagne,ca,PRESSE,Médias régionaux (hors PQR),Actualités-Infos Générales,Régionale/Départementale,https://ca.wikipedia.org/wiki/La_Veu_de_Tortosa,,,,WIKIPEDIA,3
MED-ES-0718,La Voz,ES,Espagne,es,PRESSE,PQR/PQD (Quotidiens régionaux),Actualités-Infos Générales,Régionale/Départementale,https://es.wikipedia.org/wiki/La_Voz_%28Madrid%29,,,,WIKIPEDIA,3
MED-ES-0719,La Voz de Albacete,ES,Espagne,es,PRESSE,PQR/PQD (Quotidiens régionaux),Actualités-Infos Générales,Régionale/Départementale,https://es.wikipedia.org/wiki/La_Voz_de_Albacete,,,,WIKIPEDIA,3
MED-ES-0720,La Voz de Alcalá,ES,Espagne,es,PRESSE,Médias régionaux (hors PQR),Actualités-Infos Générales,Régionale/Départementale,https://es.wikipedia.org/wiki/La_Voz_de_Alcal%C3%A1,,,,WIKIPEDIA,3
MED-ES-0721,La Voz de Almería,ES,Espagne,es,PRESSE,PQR/PQD (Quotidiens régionaux),Actualités-Infos Générales,Régionale/Départementale,https://es.wikipedia.org/wiki/La_Voz_de_Almer%C3%ADa,,,,WIKIPEDIA,3
MED-ES-0722,La Voz de Aragón,ES,Espagne,es,PRESSE,PQR/PQD (Quotidiens régionaux),Actualités-Infos Générales,Régionale/Départementale,https://es.wikipedia.org/wiki/La_Voz_de_Arag%C3%B3n,,,,WIKIPEDIA,3
MED-ES-0723,La Voz de Asturias,ES,Espagne,es,PRESSE,Médias régionaux (hors PQR),Actualités-Infos Générales,Régionale/Départementale,https://es.wikipedia.org/wiki/La_Voz_de_Asturias,,,,WIKIPEDIA,3
MED-ES-0724,La Voz de Avilés,ES,Espagne,es,PRESSE,PQR/PQD (Quotidiens régionaux),Actualités-Infos Générales,Régionale/Départementale,https://es.wikipedia.org/wiki/La_Voz_de_Avil%C3%A9s,,,,WIKIPEDIA,3
MED-ES-0725,La Voz de Barcelona,ES,Espagne,es,PRESSE,Médias régionaux (hors PQR),Actualités-Infos Générales,Régionale/Départementale,https://es.wikipedia.org/wiki/La_Voz_de_Barcelona,,,,WIKIPEDIA,3
MED-ES-0726,La Voz de Cádiz,ES,Espagne,es,PRESSE,PQR/PQD (Quotidiens régionaux),Actualités-Infos Générales,Régionale/Départementale,https://es.wikipedia.org/wiki/La_Voz_de_C%C3%A1diz,,,,WIKIPEDIA,3
MED-ES-0727,La Voz de Canarias Libre,ES,Espagne,es,RADIO,Radios Régionales,Actualités-Infos Générales,Régionale/Départementale,https://es.wikipedia.org/wiki/La_Voz_de_Canarias_Libre,,,,WIKIPEDIA,3
MED-ES-0728,La Voz de Córdoba,ES,Espagne,es,PRESSE,Médias régionaux (hors PQR),Actualités-Infos Générales,Régionale/Départementale,https://es.wikipedia.org/wiki/La_Voz_de_C%C3%B3rdoba,,,,WIKIPEDIA,3
MED-ES-0729,La Voz de Gijón,ES,Espagne,es,PRESSE,Médias régionaux (hors PQR),Actualités-Infos Générales,Régionale/Départementale,https://es.wikipedia.org/wiki/La_Voz_de_Gij%C3%B3n,,,,WIKIPEDIA,3
MED-ES-0730,La Voz de Granada,ES,Espagne,es,PRESSE,Médias régionaux (hors PQR),Actualités-Infos Générales,Régionale/Départementale,https://es.wikipedia.org/wiki/La_Voz_de_Granada,,,,WIKIPEDIA,3
MED-ES-0731,La Voz de Jerez,ES,Espagne,es,PRESSE,Médias régionaux (hors PQR),Actualités-Infos Générales,Régionale/Départementale,https://es.wikipedia.org/wiki/La_Voz_de_Jerez,,,,WIKIPEDIA,3
MED-ES-0732,La Voz de Lanzarote,ES,Espagne,es,PRESSE,Médias régionaux (hors PQR),Actualités-Infos Générales,Régionale/Départementale,https://es.wikipedia.org/wiki/La_Voz_de_Lanzarote,,,,WIKIPEDIA,3
MED-ES-0733,La voz de la provincia,ES,Espagne,ca,PRESSE,Médias régionaux (hors PQR),Actualités-Infos Générales,Régionale/Départementale,https://ca.wikipedia.org/wiki/La_voz_de_la_provincia,,,,WIKIPEDIA,3
MED-ES-0734,La Voz del Sur,ES,Espagne,es,PRESSE,Médias régionaux (hors PQR),Actualités-Infos Générales,Régionale/Départementale,https://es.wikipedia.org/wiki/La_Voz_del_Sur_%28Espa%C3%B1a%29,,,,WIKIPEDIA,3
MED-ES-0735,La Voz de Ortigueira,ES,Espagne,es,PRESSE,Médias régionaux (hors PQR),Actualités-Infos Générales,Régionale/Départementale,https://es.wikipedia.org/wiki/La_Voz_de_Ortigueira,,,,WIKIPEDIA,3
MED-ES-0736,La Voz de Teruel,ES,Espagne,es,PRESSE,Médias régionaux (hors PQR),Actualités-Infos Générales,Régionale/Départementale,https://es.wikipedia.org/wiki/La_Voz_de_Teruel,,,,WIKIPEDIA,3
MED-ES-0737,La Voz de Valladolid,ES,Espagne,es,RADIO,Radios Régionales,Actualités-Infos Générales,Régionale/Départementale,https://es.wikipedia.org/wiki/La_Voz_de_Valladolid,,,,WIKIPEDIA,3
MED-ES-0738,La Voz de Vizcaya,ES,Espagne,es,PRESSE,Médias régionaux (hors PQR),Actualités-Infos Générales,Régionale/Départementale,https://es.wikipedia.org/wiki/La_Voz_de_Vizcaya,,,,WIKIPEDIA,3
MED-ES-0739,La Voz Extremeña,ES,Espagne,es,PRESSE,Médias régionaux (hors PQR),Actualités-Infos Générales,Régionale/Départementale,https://es.wikipedia.org/wiki/La_Voz_Extreme%C3%B1a,,,,WIKIPEDIA,3
MED-ES-0740,La Voz Valenciana,ES,Espagne,es,PRESSE,Médias régionaux (hors PQR),Actualités-Infos Générales,Régionale/Départementale,https://es.wikipedia.org/wiki/La_Voz_Valenciana,,,,WIKIPEDIA,3
MED-ES-0741,Leading European Newspaper Alliance,ES,Espagne,es,PRESSE,Médias régionaux (hors PQR),Actualités-Infos Générales,Régionale/Départementale,https://en.wikipedia.org/wiki/Leading_European_Newspaper_Alliance,,,,WIKIPEDIA,3
MED-ES-0742,Leilía,ES,Espagne,gl,PRESSE,Médias régionaux (hors PQR),Actualités-Infos Générales,Régionale/Départementale,https://gl.wikipedia.org/wiki/Leil%C3%ADa_%28Fonoteca_92%29,,,,WIKIPEDIA,3
MED-ES-0743,Leonoticias,ES,Espagne,es,PRESSE,PQR/PQD (Quotidiens régionaux),Actualités-Infos Générales,Régionale/Départementale,https://es.wikipedia.org/wiki/Leonoticias,,,,WIKIPEDIA,3
MED-ES-0744,L'Esportiu,ES,Espagne,es,PRESSE,PQR/PQD (Quotidiens régionaux),Actualités-Infos Générales,Régionale/Départementale,https://es.wikipedia.org/wiki/L%27Esportiu,,,,WIKIPEDIA,3
MED-ES-0745,L'Esquella de la Torratxa,ES,Espagne,es,PRESSE,Médias régionaux (hors PQR),Actualités-Infos Générales,Régionale/Départementale,https://es.wikipedia.org/wiki/L%27Esquella_de_la_Torratxa,,,,WIKIPEDIA,3
MED-ES-0746,Levante-EMV,ES,Espagne,es,PRESSE,PQR/PQD (Quotidiens régionaux),Actualités-Infos Générales,Régionale/Départementale,https://es.wikipedia.org/wiki/Levante-EMV,,,,WIKIPEDIA,3
MED-ES-0747,Libertad Digital TV,ES,Espagne,es,TV,TV Grandes Chaînes,Actualités-Infos Générales,Nationale,https://es.wikipedia.org/wiki/Libertad_Digital_TV,,,,WIKIPEDIA,3
MED-ES-0748,L'independent de Gràcia,ES,Espagne,ca,PRESSE,Médias régionaux (hors PQR),Actualités-Infos Générales,Régionale/Départementale,https://ca.wikipedia.org/wiki/L%27independent_de_Gr%C3%A0cia,,,,WIKIPEDIA,3
MED-ES-0749,Línea,ES,Espagne,es,PRESSE,Médias régionaux (hors PQR),Actualités-Infos Générales,Régionale/Départementale,https://es.wikipedia.org/wiki/L%C3%ADnea_%28peri%C3%B3dico%29,,,,WIKIPEDIA,3
MED-ES-0750,L'Instant,ES,Espagne,ca,PRESSE,Médias régionaux (hors PQR),Actualités-Infos Générales,Régionale/Départementale,https://ca.wikipedia.org/wiki/L%27Instant_%28diari%29,,,,WIKIPEDIA,3
MED-ES-0751,Llibertat,ES,Espagne,ca,PRESSE,Médias régionaux (hors PQR),Actualités-Infos Générales,Régionale/Départementale,https://ca.wikipedia.org/wiki/Llibertat_%28diari%29,,,,WIKIPEDIA,3
MED-ES-0752,Loca FM,ES,Espagne,es,RADIO,Radios Régionales,Actualités-Infos Générales,Régionale/Départementale,https://es.wikipedia.org/wiki/Loca_FM_%28Espa%C3%B1a%29,,,,WIKIPEDIA,3
MED-ES-0753,Locomotion,ES,Espagne,es,TV,TV Grandes Chaînes,Actualités-Infos Générales,Nationale,https://en.wikipedia.org/wiki/Locomotion_%28TV_channel%29,,,,WIKIPEDIA,3
MED-ES-0754,L.On Radio,ES,Espagne,es,RADIO,Radios Régionales,Actualités-Infos Générales,Régionale/Départementale,https://es.wikipedia.org/wiki/L.On_Radio,,,,WIKIPEDIA,3
MED-ES-0755,L'Opinió,ES,Espagne,es,PRESSE,Médias régionaux (hors PQR),Actualités-Infos Générales,Régionale/Départementale,https://es.wikipedia.org/wiki/L%27Opini%C3%B3,,,,WIKIPEDIA,3
MED-ES-0756,Lorenzo Sáenz y Fernández Cortina,ES,Espagne,es,PRESSE,Médias régionaux (hors PQR),Actualités-Infos Générales,Régionale/Départementale,https://es.wikipedia.org/wiki/Lorenzo_S%C3%A1enz_y_Fern%C3%A1ndez_Cortina,,,,WIKIPEDIA,3
MED-ES-0757,Los 40,ES,Espagne,es,RADIO,Radios Régionales,Actualités-Infos Générales,Régionale/Départementale,https://es.wikipedia.org/wiki/Los_40_%28Espa%C3%B1a%29,,,,WIKIPEDIA,3
MED-ES-0758,Los 40 Classic,ES,Espagne,es,RADIO,Radios Régionales,Actualités-Infos Générales,Régionale/Départementale,https://es.wikipedia.org/wiki/Los_40_Classic,,,,WIKIPEDIA,3
MED-ES-0759,Los 40 Dance,ES,Espagne,es,RADIO,Radios Régionales,Actualités-Infos Générales,Régionale/Départementale,https://es.wikipedia.org/wiki/Los_40_Dance,,,,WIKIPEDIA,3
MED-ES-0760,Los 40 Music Awards,ES,Espagne,es,RADIO,Radios Régionales,Actualités-Infos Générales,Régionale/Départementale,https://es.wikipedia.org/wiki/Los_40_Music_Awards,,,,WIKIPEDIA,3
MED-ES-0761,Los 40 Urban,ES,Espagne,es,RADIO,Radios Régionales,Actualités-Infos Générales,Régionale/Départementale,https://es.wikipedia.org/wiki/Los_40_Urban,,,,WIKIPEDIA,3
MED-ES-0762,Los Descamisados,ES,Espagne,es,PRESSE,Médias régionaux (hors PQR),Actualités-Infos Générales,Régionale/Départementale,https://es.wikipedia.org/wiki/Los_Descamisados_%28Espa%C3%B1a%29,,,,WIKIPEDIA,3
MED-ES-0763,Los Desheredados,ES,Espagne,es,PRESSE,Médias régionaux (hors PQR),Actualités-Infos Générales,Régionale/Départementale,https://es.wikipedia.org/wiki/Los_Desheredados_%28peri%C3%B3dico%29,,,,WIKIPEDIA,3
MED-ES-0764,Los Lunes de El Imparcial,ES,Espagne,es,PRESSE,Médias régionaux (hors PQR),Actualités-Infos Générales,Régionale/Départementale,https://es.wikipedia.org/wiki/Los_Lunes_de_El_Imparcial,,,,WIKIPEDIA,3
MED-ES-0765,Lucha,ES,Espagne,es,PRESSE,Médias régionaux (hors PQR),Actualités-Infos Générales,Régionale/Départementale,https://es.wikipedia.org/wiki/Lucha_%28peri%C3%B3dico%29,,,,WIKIPEDIA,3
MED-ES-0766,Luís Seoane / Isaac Díaz Pardo,ES,Espagne,gl,PRESSE,Médias régionaux (hors PQR),Actualités-Infos Générales,Régionale/Départementale,https://gl.wikipedia.org/wiki/Lu%C3%ADs_Seoane_/_Isaac_D%C3%ADaz_Pardo_%28Fonoteca_92%29,,,,WIKIPEDIA,3
MED-ES-0767,Luz de Liébana,ES,Espagne,es,PRESSE,Médias régionaux (hors PQR),Actualités-Infos Générales,Régionale/Départementale,https://es.wikipedia.org/wiki/Luz_de_Li%C3%A9bana,,,,WIKIPEDIA,3
MED-ES-0768,M21 Radio,ES,Espagne,es,RADIO,Radios Régionales,Actualités-Infos Générales,Régionale/Départementale,https://es.wikipedia.org/wiki/M21_Radio,,,,WIKIPEDIA,3
MED-ES-0769,M80 Radio,ES,Espagne,es,RADIO,Radios Régionales,Actualités-Infos Générales,Régionale/Départementale,https://es.wikipedia.org/wiki/M80_Radio,,,,WIKIPEDIA,3
MED-ES-0770,Madridiario,ES,Espagne,es,PRESSE,PQR/PQD (Quotidiens régionaux),Actualités-Infos Générales,Régionale/Départementale,https://es.wikipedia.org/wiki/Madridiario,,,,WIKIPEDIA,3
MED-ES-0771,Mañana,ES,Espagne,es,PRESSE,Médias régionaux (hors PQR),Actualités-Infos Générales,Régionale/Départementale,https://en.wikipedia.org/wiki/Ma%C3%B1ana_%28newspaper%29,,,,WIKIPEDIA,3
MED-ES-0772,Manuel de Castro González,ES,Espagne,gl,PRESSE,Médias régionaux (hors PQR),Actualités-Infos Générales,Régionale/Départementale,https://gl.wikipedia.org/wiki/Manuel_de_Castro_Gonz%C3%A1lez,,,,WIKIPEDIA,3
MED-ES-0773,Marca TV,ES,Espagne,es,PRESSE,Médias régionaux (hors PQR),Actualités-Infos Générales,Régionale/Départementale,https://es.wikipedia.org/wiki/Marca_TV,,,,WIKIPEDIA,3
MED-ES-0774,Mariano del Todo y Herrero,ES,Espagne,es,PRESSE,Médias régionaux (hors PQR),Actualités-Infos Générales,Régionale/Départementale,https://es.wikipedia.org/wiki/Mariano_del_Todo_y_Herrero,,,,WIKIPEDIA,3
MED-ES-0775,Marina Espasa i Sans,ES,Espagne,ca,PRESSE,Médias régionaux (hors PQR),Actualités-Infos Générales,Régionale/Départementale,https://ca.wikipedia.org/wiki/Marina_Espasa_i_Sans,,,,WIKIPEDIA,3
MED-ES-0776,Máxima FM,ES,Espagne,es,RADIO,Radios Régionales,Actualités-Infos Générales,Régionale/Départementale,https://es.wikipedia.org/wiki/M%C3%A1xima_FM,,,,WIKIPEDIA,3
MED-ES-0777,Medea FM,ES,Espagne,es,RADIO,Radios Régionales,Actualités-Infos Générales,Régionale/Départementale,https://es.wikipedia.org/wiki/Medea_FM,,,,WIKIPEDIA,3
MED-ES-0778,Mega,ES,Espagne,es,TV,TV Grandes Chaînes,Actualités-Infos Générales,Nationale,https://es.wikipedia.org/wiki/Mega_%28canal_de_televisi%C3%B3n_de_Espa%C3%B1a%29,,,,WIKIPEDIA,3
MED-ES-0779,MegaStar FM,ES,Espagne,es,RADIO,Radios Régionales,Actualités-Infos Générales,Régionale/Départementale,https://es.wikipedia.org/wiki/MegaStar_FM,,,,WIKIPEDIA,3
MED-ES-0780,Melodía FM,ES,Espagne,es,RADIO,Radios Régionales,Actualités-Infos Générales,Régionale/Départementale,https://es.wikipedia.org/wiki/Melod%C3%ADa_FM,,,,WIKIPEDIA,3
MED-ES-0781,Més,ES,Espagne,ca,PRESSE,Médias régionaux (hors PQR),Actualités-Infos Générales,Régionale/Départementale,https://ca.wikipedia.org/wiki/M%C3%A9s,,,,WIKIPEDIA,3
MED-ES-0782,Mezzo,ES,Espagne,es,TV,TV Grandes Chaînes,Actualités-Infos Générales,Nationale,https://es.wikipedia.org/wiki/Mezzo_%28canal_de_televisi%C3%B3n%29,,,,WIKIPEDIA,3
MED-ES-0783,MGM,ES,Espagne,es,TV,TV Grandes Chaînes,Actualités-Infos Générales,Nationale,https://es.wikipedia.org/wiki/MGM_%28Espa%C3%B1a%29,,,,WIKIPEDIA,3
MED-ES-0784,Mil primaveras máis,ES,Espagne,gl,PRESSE,Médias régionaux (hors PQR),Actualités-Infos Générales,Régionale/Départementale,https://gl.wikipedia.org/wiki/Mil_primaveras_m%C3%A1is,,,,WIKIPEDIA,3
MED-ES-0785,Moncloa.com,ES,Espagne,es,PRESSE,Médias régionaux (hors PQR),Actualités-Infos Générales,Régionale/Départementale,https://en.wikipedia.org/wiki/Moncloa.com,,,,WIKIPEDIA,3
MED-ES-0786,Mònica Planas i Callol,ES,Espagne,ca,PRESSE,Médias régionaux (hors PQR),Actualités-Infos Générales,Régionale/Départementale,https://ca.wikipedia.org/wiki/M%C3%B2nica_Planas_i_Callol,,,,WIKIPEDIA,3
MED-ES-0787,Mortal FM,ES,Espagne,es,RADIO,Radios Régionales,Actualités-Infos Générales,Régionale/Départementale,https://es.wikipedia.org/wiki/Mortal_FM,,,,WIKIPEDIA,3
MED-ES-0788,Motorsport.tv,ES,Espagne,es,TV,TV Grandes Chaînes,Actualités-Infos Générales,Nationale,https://es.wikipedia.org/wiki/Motorsport.tv,,,,WIKIPEDIA,3
MED-ES-0789,Movistar CineDoc&Roll,ES,Espagne,es,TV,TV Câble/Sat,Actualités-Infos Générales,Nationale,https://es.wikipedia.org/wiki/Movistar_CineDoc%26Roll,,,,WIKIPEDIA,3
MED-ES-0790,Movistar eSports,ES,Espagne,es,TV,TV Câble/Sat,Actualités-Infos Générales,Nationale,https://es.wikipedia.org/wiki/Movistar_eSports,,,,WIKIPEDIA,3
MED-ES-0791,MTV,ES,Espagne,es,TV,TV Grandes Chaînes,Actualités-Infos Générales,Nationale,https://es.wikipedia.org/wiki/MTV_%28Espa%C3%B1a%29,,,,WIKIPEDIA,3
MED-ES-0792,Mugimenduko prentsa-katea,ES,Espagne,eu,PRESSE,Médias régionaux (hors PQR),Actualités-Infos Générales,Régionale/Départementale,https://eu.wikipedia.org/wiki/Mugimenduko_prentsa-katea,,,,WIKIPEDIA,3
MED-ES-0793,Mujeres en Red,ES,Espagne,es,PRESSE,Médias régionaux (hors PQR),Actualités-Infos Générales,Régionale/Départementale,https://es.wikipedia.org/wiki/Mujeres_en_Red,,,,WIKIPEDIA,3
MED-ES-0794,Mundiario,ES,Espagne,es,PRESSE,PQR/PQD (Quotidiens régionaux),Actualités-Infos Générales,Régionale/Départementale,https://es.wikipedia.org/wiki/Mundiario,,,,WIKIPEDIA,3
MED-ES-0795,Mundo Diario,ES,Espagne,es,PRESSE,PQR/PQD (Quotidiens régionaux),Actualités-Infos Générales,Régionale/Départementale,https://es.wikipedia.org/wiki/Mundo_Diario,,,,WIKIPEDIA,3
MED-ES-0796,Música das películas de Chano Piñeiro,ES,Espagne,gl,PRESSE,Médias régionaux (hors PQR),Actualités-Infos Générales,Régionale/Départementale,https://gl.wikipedia.org/wiki/M%C3%BAsica_das_pel%C3%ADculas_de_Chano_Pi%C3%B1eiro,,,,WIKIPEDIA,3
MED-ES-0797,Música para teatro,ES,Espagne,gl,PRESSE,Médias régionaux (hors PQR),Actualités-Infos Générales,Régionale/Départementale,https://gl.wikipedia.org/wiki/M%C3%BAsica_para_teatro_%28Fonoteca_92%29,,,,WIKIPEDIA,3
MED-ES-0798,Música por M+,ES,Espagne,es,TV,TV Grandes Chaînes,Actualités-Infos Générales,Nationale,https://es.wikipedia.org/wiki/M%C3%BAsica_por_M%2B,,,,WIKIPEDIA,3
MED-ES-0799,Muxicas / Cristina Fernández,ES,Espagne,gl,PRESSE,Médias régionaux (hors PQR),Actualités-Infos Générales,Régionale/Départementale,https://gl.wikipedia.org/wiki/Muxicas_/_Cristina_Fern%C3%A1ndez_%28Fonoteca_92%29,,,,WIKIPEDIA,3
MED-ES-0800,Nanosónico Radio,ES,Espagne,es,RADIO,Radios Régionales,Actualités-Infos Générales,Régionale/Départementale,https://es.wikipedia.org/wiki/Nanos%C3%B3nico_Radio,,,,WIKIPEDIA,3
MED-ES-0801,Narria,ES,Espagne,es,PRESSE,Médias d'information générale (hors PQN),Actualités-Infos Générales,Nationale,https://es.wikipedia.org/wiki/Narria,,,,WIKIPEDIA,3
MED-ES-0802,Natura,ES,Espagne,es,TV,TV Grandes Chaînes,Actualités-Infos Générales,Nationale,https://es.wikipedia.org/wiki/Natura_%28canal_de_televisi%C3%B3n%29,,,,WIKIPEDIA,3
MED-ES-0803,Negocio & Estilo de Vida,ES,Espagne,es,PRESSE,Médias régionaux (hors PQR),Actualités-Infos Générales,Régionale/Départementale,https://en.wikipedia.org/wiki/Negocio_%26_Estilo_de_Vida,,,,WIKIPEDIA,3
MED-ES-0804,Nemesio Fernández Cuesta y Picatoste,ES,Espagne,es,PRESSE,Médias régionaux (hors PQR),Actualités-Infos Générales,Régionale/Départementale,https://es.wikipedia.org/wiki/Nemesio_Fern%C3%A1ndez_Cuesta_y_Picatoste,,,,WIKIPEDIA,3
MED-ES-0805,Neox,ES,Espagne,es,TV,TV Grandes Chaînes,Actualités-Infos Générales,Nationale,https://es.wikipedia.org/wiki/Neox,,,,WIKIPEDIA,3
MED-ES-0806,Net 21 Radio,ES,Espagne,es,RADIO,Radios Régionales,Actualités-Infos Générales,Régionale/Départementale,https://es.wikipedia.org/wiki/Net_21_Radio,,,,WIKIPEDIA,3
MED-ES-0807,Nickelodeon,ES,Espagne,es,TV,TV Grandes Chaînes,Actualités-Infos Générales,Nationale,https://en.wikipedia.org/wiki/Nickelodeon_%28Danish_TV_channel%29,,,,WIKIPEDIA,3
MED-ES-0808,Noite das Pepitas,ES,Espagne,gl,PRESSE,Médias régionaux (hors PQR),Actualités-Infos Générales,Régionale/Départementale,https://gl.wikipedia.org/wiki/Noite_das_Pepitas_%28Fonoteca_92%29,,,,WIKIPEDIA,3
MED-ES-0809,Noite de San Xoán,ES,Espagne,gl,PRESSE,Médias régionaux (hors PQR),Actualités-Infos Générales,Régionale/Départementale,https://gl.wikipedia.org/wiki/Noite_de_San_Xo%C3%A1n_%28Fonoteca_92%29,,,,WIKIPEDIA,3
MED-ES-0810,"Non chores, Sabeliña",ES,Espagne,gl,PRESSE,Médias régionaux (hors PQR),Actualités-Infos Générales,Régionale/Départementale,https://gl.wikipedia.org/wiki/Non_chores%2C_Sabeli%C3%B1a_%28Zarzuela_galega._Selecci%C3%B3n%29,,,,WIKIPEDIA,3
MED-ES-0811,Nós Diario,ES,Espagne,es,PRESSE,PQR/PQD (Quotidiens régionaux),Actualités-Infos Générales,Régionale/Départementale,https://es.wikipedia.org/wiki/N%C3%B3s_Diario,,,,WIKIPEDIA,3
MED-ES-0812,Noticias de Gipuzkoa,ES,Espagne,es,PRESSE,Médias régionaux (hors PQR),Actualités-Infos Générales,Régionale/Départementale,https://es.wikipedia.org/wiki/Noticias_de_Gipuzkoa,,,,WIKIPEDIA,3
MED-ES-0813,Noticias de Salamanca,ES,Espagne,es,PRESSE,Médias régionaux (hors PQR),Actualités-Infos Générales,Régionale/Départementale,https://es.wikipedia.org/wiki/Noticias_de_Salamanca,,,,WIKIPEDIA,3
MED-ES-0814,Nou 24,ES,Espagne,es,TV,TV Grandes Chaînes,Actualités-Infos Générales,Nationale,https://en.wikipedia.org/wiki/Nou_24,,,,WIKIPEDIA,3
MED-ES-0815,Nova,ES,Espagne,es,TV,TV Grandes Chaînes,Actualités-Infos Générales,Nationale,https://es.wikipedia.org/wiki/Nova_%28canal_de_televisi%C3%B3n%29,,,,WIKIPEDIA,3
MED-ES-0816,Novas do Eixo Atlántico,ES,Espagne,gl,PRESSE,Médias régionaux (hors PQR),Actualités-Infos Générales,Régionale/Départementale,https://gl.wikipedia.org/wiki/Novas_do_Eixo_Atl%C3%A1ntico,,,,WIKIPEDIA,3
MED-ES-0817,Nueve RTV,ES,Espagne,es,RADIO,Radios Régionales,Actualités-Infos Générales,Régionale/Départementale,https://es.wikipedia.org/wiki/Nueve_RTV,,,,WIKIPEDIA,3
MED-ES-0818,Nuevo Diario de Badajoz,ES,Espagne,es,PRESSE,PQR/PQD (Quotidiens régionaux),Actualités-Infos Générales,Régionale/Départementale,https://es.wikipedia.org/wiki/Nuevo_Diario_de_Badajoz,,,,WIKIPEDIA,3
MED-ES-0819,Odiel,ES,Espagne,es,PRESSE,Médias régionaux (hors PQR),Actualités-Infos Générales,Régionale/Départementale,https://es.wikipedia.org/wiki/Odiel_%28peri%C3%B3dico%29,,,,WIKIPEDIA,3
MED-ES-0820,Odisea,ES,Espagne,es,TV,TV Grandes Chaînes,Actualités-Infos Générales,Nationale,https://es.wikipedia.org/wiki/Odisea_%28canal_de_televisi%C3%B3n%29,,,,WIKIPEDIA,3
MED-ES-0821,Official Gazette of the Community of Madrid,ES,Espagne,es,PRESSE,Médias institutionnels,Actualités-Infos Générales,Régionale/Départementale,https://en.wikipedia.org/wiki/Official_Gazette_of_the_Community_of_Madrid,,,,WIKIPEDIA,3
MED-ES-0822,Ona de Sants-Montjuïc,ES,Espagne,es,RADIO,Radios Régionales,Actualités-Infos Générales,Régionale/Départementale,https://en.wikipedia.org/wiki/Ona_de_Sants-Montju%C3%AFc,,,,WIKIPEDIA,3
MED-ES-0823,Onda Regional de Murcia,ES,Espagne,es,RADIO,Radios Régionales,Actualités-Infos Générales,Régionale/Départementale,https://es.wikipedia.org/wiki/Onda_Regional_de_Murcia,,,,WIKIPEDIA,3
MED-ES-0824,O Papagaio,ES,Espagne,gl,PRESSE,Médias régionaux (hors PQR),Actualités-Infos Générales,Régionale/Départementale,https://gl.wikipedia.org/wiki/O_Papagaio,,,,WIKIPEDIA,3
MED-ES-0825,Orgullo y satisfacción,ES,Espagne,es,PRESSE,Médias d'information générale (hors PQN),Actualités-Infos Générales,Nationale,https://es.wikipedia.org/wiki/Orgullo_y_satisfacci%C3%B3n,,,,WIKIPEDIA,3
MED-ES-0826,Originales por M+,ES,Espagne,es,TV,TV Grandes Chaînes,Actualités-Infos Générales,Nationale,https://es.wikipedia.org/wiki/Originales_por_M%2B,,,,WIKIPEDIA,3
MED-ES-0827,Oro Sports TV,ES,Espagne,es,TV,TV Grandes Chaînes,Actualités-Infos Générales,Nationale,https://es.wikipedia.org/wiki/Oro_Sports_TV,,,,WIKIPEDIA,3
MED-ES-0828,Orquestra da Televisión de Galicia,ES,Espagne,gl,PRESSE,Médias régionaux (hors PQR),Actualités-Infos Générales,Régionale/Départementale,https://gl.wikipedia.org/wiki/Orquestra_da_Televisi%C3%B3n_de_Galicia_%28Fonoteca_92%29,,,,WIKIPEDIA,3
MED-ES-0829,Orquestra e Coro de Lalín / Coral Polifónica de Melide / Coro de Cámara Ars Musicae,ES,Espagne,gl,PRESSE,Médias régionaux (hors PQR),Actualités-Infos Générales,Régionale/Départementale,https://gl.wikipedia.org/wiki/Orquestra_e_Coro_de_Lal%C3%ADn_/_Coral_Polif%C3%B3nica_de_Melide_/_Coro_de_C%C3%A1mara_Ars_Musicae_%28Fonoteca_92%29,,,,WIKIPEDIA,3
MED-ES-0830,Orquestra Nueva Moda / Grupo Costa Oeste,ES,Espagne,gl,PRESSE,Médias régionaux (hors PQR),Actualités-Infos Générales,Régionale/Départementale,https://gl.wikipedia.org/wiki/Orquestra_Nueva_Moda_/_Grupo_Costa_Oeste_%28Fonoteca_92%29,,,,WIKIPEDIA,3
MED-ES-0831,Orquestra París de Noia,ES,Espagne,gl,PRESSE,Médias régionaux (hors PQR),Actualités-Infos Générales,Régionale/Départementale,https://gl.wikipedia.org/wiki/Orquestra_Par%C3%ADs_de_Noia_%28Fonoteca_92%29,,,,WIKIPEDIA,3
MED-ES-0832,Orquestra Sintonía de Vigo,ES,Espagne,gl,PRESSE,Médias régionaux (hors PQR),Actualités-Infos Générales,Régionale/Départementale,https://gl.wikipedia.org/wiki/Orquestra_Sinton%C3%ADa_de_Vigo_%28Fonoteca_92%29,,,,WIKIPEDIA,3
MED-ES-0833,Orto,ES,Espagne,es,PRESSE,Médias régionaux (hors PQR),Actualités-Infos Générales,Régionale/Départementale,https://en.wikipedia.org/wiki/Orto_%28magazine%29,,,,WIKIPEDIA,3
MED-ES-0834,Os Player's / Gran Parada,ES,Espagne,gl,PRESSE,Médias régionaux (hors PQR),Actualités-Infos Générales,Régionale/Départementale,https://gl.wikipedia.org/wiki/Os_Player%27s_/_Gran_Parada_%28Fonoteca_92%29,,,,WIKIPEDIA,3
MED-ES-0835,Paco Campos e Chaira / Pinky,ES,Espagne,gl,PRESSE,Médias régionaux (hors PQR),Actualités-Infos Générales,Régionale/Départementale,https://gl.wikipedia.org/wiki/Paco_Campos_e_Chaira_/_Pinky_%28Fonoteca_92%29,,,,WIKIPEDIA,3
MED-ES-0836,Panxoliñas,ES,Espagne,gl,PRESSE,Médias régionaux (hors PQR),Actualités-Infos Générales,Régionale/Départementale,https://gl.wikipedia.org/wiki/Panxoli%C3%B1as_%28Fonoteca_92%29,,,,WIKIPEDIA,3
MED-ES-0837,Papel de Color,ES,Espagne,gl,PRESSE,Médias régionaux (hors PQR),Actualités-Infos Générales,Régionale/Départementale,https://gl.wikipedia.org/wiki/Papel_de_Color,,,,WIKIPEDIA,3
MED-ES-0838,Partitura en Re m.,ES,Espagne,gl,PRESSE,Médias régionaux (hors PQR),Actualités-Infos Générales,Régionale/Départementale,https://gl.wikipedia.org/wiki/Partitura_en_Re_m._%28Laura_Quintill%C3%A1n%29,,,,WIKIPEDIA,3
MED-ES-0839,"Pasarela de Asfalto, Luxury Edition",ES,Espagne,es,PRESSE,Médias d'information générale (hors PQN),Actualités-Infos Générales,Nationale,https://es.wikipedia.org/wiki/Pasarela_de_Asfalto%2C_Luxury_Edition,,,,WIKIPEDIA,3
MED-ES-0840,Pasodobles galegos,ES,Espagne,gl,PRESSE,Médias régionaux (hors PQR),Actualités-Infos Générales,Régionale/Départementale,https://gl.wikipedia.org/wiki/Pasodobles_galegos_%28Fonoteca_92%29,,,,WIKIPEDIA,3
MED-ES-0841,Patria,ES,Espagne,es,PRESSE,Médias régionaux (hors PQR),Actualités-Infos Générales,Régionale/Départementale,https://es.wikipedia.org/wiki/Patria_%28peri%C3%B3dico%29,,,,WIKIPEDIA,3
MED-ES-0842,Pedro J. Ramírez,ES,Espagne,es,PRESSE,Médias régionaux (hors PQR),Actualités-Infos Générales,Régionale/Départementale,https://es.wikipedia.org/wiki/Pedro_J._Ram%C3%ADrez,,,,WIKIPEDIA,3
MED-ES-0843,Pedro Pellicena y Camacho,ES,Espagne,es,PRESSE,Médias régionaux (hors PQR),Actualités-Infos Générales,Régionale/Départementale,https://es.wikipedia.org/wiki/Pedro_Pellicena_y_Camacho,,,,WIKIPEDIA,3
MED-ES-0844,Periódico El Lorquino,ES,Espagne,es,PRESSE,Médias régionaux (hors PQR),Actualités-Infos Générales,Régionale/Départementale,https://es.wikipedia.org/wiki/Peri%C3%B3dico_El_Lorquino,,,,WIKIPEDIA,3
MED-ES-0845,Periódicos de la isla de La Palma,ES,Espagne,es,PRESSE,Médias régionaux (hors PQR),Actualités-Infos Générales,Régionale/Départementale,https://es.wikipedia.org/wiki/Peri%C3%B3dicos_de_la_isla_de_La_Palma,,,,WIKIPEDIA,3
MED-ES-0846,Periodismo hiperlocal,ES,Espagne,es,PRESSE,PQR/PQD (Quotidiens régionaux),Actualités-Infos Générales,Régionale/Départementale,https://es.wikipedia.org/wiki/Periodismo_hiperlocal,,,,WIKIPEDIA,3
MED-ES-0847,Poetas nas súas voces (e III),ES,Espagne,gl,PRESSE,Médias régionaux (hors PQR),Actualités-Infos Générales,Régionale/Départementale,https://gl.wikipedia.org/wiki/Poetas_nas_s%C3%BAas_voces_%28e_III%29_%28Fonoteca_92%29,,,,WIKIPEDIA,3
MED-ES-0848,Poetas nas súas voces (I),ES,Espagne,gl,PRESSE,Médias régionaux (hors PQR),Actualités-Infos Générales,Régionale/Départementale,https://gl.wikipedia.org/wiki/Poetas_nas_s%C3%BAas_voces_%28I%29_%28Fonoteca_92%29,,,,WIKIPEDIA,3
MED-ES-0849,Poetas nas súas voces (II),ES,Espagne,gl,PRESSE,Médias régionaux (hors PQR),Actualités-Infos Générales,Régionale/Départementale,https://gl.wikipedia.org/wiki/Poetas_nas_s%C3%BAas_voces_%28II%29_%28Fonoteca_92%29,,,,WIKIPEDIA,3
MED-ES-0850,Política,ES,Espagne,es,PRESSE,Médias régionaux (hors PQR),Actualités-Infos Générales,Régionale/Départementale,https://es.wikipedia.org/wiki/Pol%C3%ADtica_%28C%C3%B3rdoba%29,,,,WIKIPEDIA,3
MED-ES-0851,Power FM Canary Islands,ES,Espagne,es,RADIO,Radios Régionales,Actualités-Infos Générales,Régionale/Départementale,https://en.wikipedia.org/wiki/Power_FM_Canary_Islands,,,,WIKIPEDIA,3
MED-ES-0852,Praza.gal,ES,Espagne,es,PRESSE,Médias régionaux (hors PQR),Actualités-Infos Générales,Régionale/Départementale,https://es.wikipedia.org/wiki/Praza.gal,,,,WIKIPEDIA,3
MED-ES-0853,Premi Ara de còmic en català,ES,Espagne,ca,PRESSE,Médias régionaux (hors PQR),Actualités-Infos Générales,Régionale/Départementale,https://ca.wikipedia.org/wiki/Premi_Ara_de_c%C3%B2mic_en_catal%C3%A0,,,,WIKIPEDIA,3
MED-ES-0854,Premio Álvaro Cunqueiro de narrativa,ES,Espagne,gl,PRESSE,Médias régionaux (hors PQR),Actualités-Infos Générales,Régionale/Départementale,https://gl.wikipedia.org/wiki/Premio_%C3%81lvaro_Cunqueiro_de_narrativa,,,,WIKIPEDIA,3
MED-ES-0855,Premio Álvaro Cunqueiro de Novela,ES,Espagne,gl,PRESSE,Médias régionaux (hors PQR),Actualités-Infos Générales,Régionale/Départementale,https://gl.wikipedia.org/wiki/Premio_%C3%81lvaro_Cunqueiro_de_Novela,,,,WIKIPEDIA,3
MED-ES-0856,Premio Álvaro Cunqueiro para textos teatrais,ES,Espagne,gl,PRESSE,Médias régionaux (hors PQR),Actualités-Infos Générales,Régionale/Départementale,https://gl.wikipedia.org/wiki/Premio_%C3%81lvaro_Cunqueiro_para_textos_teatrais,,,,WIKIPEDIA,3
MED-ES-0857,Premio Catalán del Año,ES,Espagne,es,PRESSE,Médias régionaux (hors PQR),Actualités-Infos Générales,Régionale/Départementale,https://es.wikipedia.org/wiki/Premio_Catal%C3%A1n_del_A%C3%B1o,,,,WIKIPEDIA,3
MED-ES-0858,Premio de novela por entregas de La Voz de Galicia,ES,Espagne,gl,PRESSE,Médias régionaux (hors PQR),Actualités-Infos Générales,Régionale/Départementale,https://gl.wikipedia.org/wiki/Premio_de_novela_por_entregas_de_La_Voz_de_Galicia,,,,WIKIPEDIA,3
MED-ES-0859,Premios 40 Principales América,ES,Espagne,es,RADIO,Radios Régionales,Actualités-Infos Générales,Régionale/Départementale,https://es.wikipedia.org/wiki/Premios_40_Principales_Am%C3%A9rica,,,,WIKIPEDIA,3
MED-ES-0860,Premios Ortega y Gasset,ES,Espagne,es,PRESSE,Médias régionaux (hors PQR),Actualités-Infos Générales,Régionale/Départementale,https://es.wikipedia.org/wiki/Premios_Ortega_y_Gasset,,,,WIKIPEDIA,3
MED-ES-0861,Prensa salmantina,ES,Espagne,es,PRESSE,Médias régionaux (hors PQR),Actualités-Infos Générales,Régionale/Départementale,https://es.wikipedia.org/wiki/Prensa_salmantina,,,,WIKIPEDIA,3
MED-ES-0862,PRISA TV,ES,Espagne,es,TV,TV Grandes Chaînes,Actualités-Infos Générales,Nationale,https://en.wikipedia.org/wiki/PRISA_TV,,,,WIKIPEDIA,3
MED-ES-0863,Público,ES,Espagne,es,PRESSE,Médias régionaux (hors PQR),Actualités-Infos Générales,Régionale/Départementale,https://es.wikipedia.org/wiki/P%C3%BAblico_%28Espa%C3%B1a%29,,,,WIKIPEDIA,3
MED-ES-0864,Pueblo,ES,Espagne,es,PRESSE,PQR/PQD (Quotidiens régionaux),Actualités-Infos Générales,Régionale/Départementale,https://en.wikipedia.org/wiki/Pueblo_%28newspaper%29,,,,WIKIPEDIA,3
MED-ES-0865,Punto Radio Euskadi,ES,Espagne,es,RADIO,Radios Régionales,Actualités-Infos Générales,Régionale/Départementale,https://es.wikipedia.org/wiki/Punto_Radio_Euskadi,,,,WIKIPEDIA,3
MED-ES-0866,Punto y Hora de Euskal Herria,ES,Espagne,es,PRESSE,Médias régionaux (hors PQR),Actualités-Infos Générales,Régionale/Départementale,https://en.wikipedia.org/wiki/Punto_y_Hora_de_Euskal_Herria,,,,WIKIPEDIA,3
MED-ES-0867,Qué!,ES,Espagne,es,PRESSE,PQR/PQD (Quotidiens régionaux),Actualités-Infos Générales,Régionale/Départementale,https://es.wikipedia.org/wiki/Qu%C3%A9%21,,,,WIKIPEDIA,3
MED-ES-0868,Qué!Radio,ES,Espagne,es,RADIO,Radios Régionales,Actualités-Infos Générales,Régionale/Départementale,https://es.wikipedia.org/wiki/Qu%C3%A9%21Radio,,,,WIKIPEDIA,3
MED-ES-0869,RAC 105 TV,ES,Espagne,es,TV,TV Grandes Chaînes,Actualités-Infos Générales,Nationale,https://en.wikipedia.org/wiki/RAC_105_TV,,,,WIKIPEDIA,3
MED-ES-0870,Radio 3,ES,Espagne,es,RADIO,Radios Régionales,Actualités-Infos Générales,Régionale/Départementale,https://es.wikipedia.org/wiki/Radio_3,,,,WIKIPEDIA,3
MED-ES-0871,Ràdio 4,ES,Espagne,es,RADIO,Radios Régionales,Actualités-Infos Générales,Régionale/Départementale,https://es.wikipedia.org/wiki/R%C3%A0dio_4,,,,WIKIPEDIA,3
MED-ES-0872,Radio 4 de RNE,ES,Espagne,es,RADIO,Radios Régionales,Actualités-Infos Générales,Régionale/Départementale,https://es.wikipedia.org/wiki/Radio_4_de_RNE,,,,WIKIPEDIA,3
MED-ES-0873,Radio 5,ES,Espagne,es,RADIO,Radios Régionales,Actualités-Infos Générales,Régionale/Départementale,https://es.wikipedia.org/wiki/Radio_5,,,,WIKIPEDIA,3
MED-ES-0874,Radio Albacete,ES,Espagne,es,RADIO,Radios Régionales,Actualités-Infos Générales,Régionale/Départementale,https://es.wikipedia.org/wiki/Radio_Albacete,,,,WIKIPEDIA,3
MED-ES-0875,Radio Alcoy,ES,Espagne,es,RADIO,Radios Régionales,Actualités-Infos Générales,Régionale/Départementale,https://es.wikipedia.org/wiki/Radio_Alcoy,,,,WIKIPEDIA,3
MED-ES-0876,Radio Almenara,ES,Espagne,es,RADIO,Radios Régionales,Actualités-Infos Générales,Régionale/Départementale,https://es.wikipedia.org/wiki/Radio_Almenara,,,,WIKIPEDIA,3
MED-ES-0877,Radio Atlántico,ES,Espagne,es,RADIO,Radios Régionales,Actualités-Infos Générales,Régionale/Départementale,https://es.wikipedia.org/wiki/Radio_Atl%C3%A1ntico,,,,WIKIPEDIA,3
MED-ES-0878,Radio Balear,ES,Espagne,es,RADIO,Radios Régionales,Actualités-Infos Générales,Régionale/Départementale,https://es.wikipedia.org/wiki/Radio_Balear,,,,WIKIPEDIA,3
MED-ES-0879,Radio Barcelona,ES,Espagne,es,RADIO,Radios Régionales,Actualités-Infos Générales,Régionale/Départementale,https://es.wikipedia.org/wiki/Radio_Barcelona,,,,WIKIPEDIA,3
MED-ES-0880,Radio Cádiz,ES,Espagne,es,RADIO,Radios Régionales,Actualités-Infos Générales,Régionale/Départementale,https://es.wikipedia.org/wiki/Radio_C%C3%A1diz,,,,WIKIPEDIA,3
MED-ES-0881,Radio Calasparra,ES,Espagne,es,RADIO,Radios Régionales,Actualités-Infos Générales,Régionale/Départementale,https://es.wikipedia.org/wiki/Radio_Calasparra,,,,WIKIPEDIA,3
MED-ES-0882,Radio Canarias,ES,Espagne,es,RADIO,Radios Régionales,Actualités-Infos Générales,Régionale/Départementale,https://es.wikipedia.org/wiki/Radio_Canarias,,,,WIKIPEDIA,3
MED-ES-0883,Radio Castellón,ES,Espagne,es,RADIO,Radios Régionales,Actualités-Infos Générales,Régionale/Départementale,https://es.wikipedia.org/wiki/Radio_Castell%C3%B3n,,,,WIKIPEDIA,3
MED-ES-0884,Radio Castilla,ES,Espagne,es,RADIO,Radios Régionales,Actualités-Infos Générales,Régionale/Départementale,https://es.wikipedia.org/wiki/Radio_Castilla,,,,WIKIPEDIA,3
MED-ES-0885,Radio Chinchilla,ES,Espagne,es,RADIO,Radios Régionales,Actualités-Infos Générales,Régionale/Départementale,https://es.wikipedia.org/wiki/Radio_Chinchilla,,,,WIKIPEDIA,3
MED-ES-0886,Ràdio Ciutat de Badalona,ES,Espagne,es,RADIO,Radios Régionales,Actualités-Infos Générales,Régionale/Départementale,https://en.wikipedia.org/wiki/R%C3%A0dio_Ciutat_de_Badalona,,,,WIKIPEDIA,3
MED-ES-0887,Radio Clásica,ES,Espagne,es,RADIO,Radios Régionales,Actualités-Infos Générales,Régionale/Départementale,https://es.wikipedia.org/wiki/Radio_Cl%C3%A1sica,,,,WIKIPEDIA,3
MED-ES-0888,Radio Club Tenerife,ES,Espagne,es,RADIO,Radios Régionales,Actualités-Infos Générales,Régionale/Départementale,https://es.wikipedia.org/wiki/Radio_Club_Tenerife,,,,WIKIPEDIA,3
MED-ES-0889,Radio Córdoba,ES,Espagne,es,RADIO,Radios Régionales,Actualités-Infos Générales,Régionale/Départementale,https://es.wikipedia.org/wiki/Radio_C%C3%B3rdoba,,,,WIKIPEDIA,3
MED-ES-0890,Radio del Principado de Asturias,ES,Espagne,es,RADIO,Radios Régionales,Actualités-Infos Générales,Régionale/Départementale,https://en.wikipedia.org/wiki/Radio_del_Principado_de_Asturias,,,,WIKIPEDIA,3
MED-ES-0891,Radio Ebro,ES,Espagne,es,RADIO,Radios Régionales,Actualités-Infos Générales,Régionale/Départementale,https://es.wikipedia.org/wiki/Radio_Ebro,,,,WIKIPEDIA,3
MED-ES-0892,Radio ECCA,ES,Espagne,es,RADIO,Radios Régionales,Actualités-Infos Générales,Régionale/Départementale,https://en.wikipedia.org/wiki/Radio_ECCA,,,,WIKIPEDIA,3
MED-ES-0893,Radio Elche,ES,Espagne,es,RADIO,Radios Régionales,Actualités-Infos Générales,Régionale/Départementale,https://es.wikipedia.org/wiki/Radio_Elche,,,,WIKIPEDIA,3
MED-ES-0894,Radio El Día,ES,Espagne,es,RADIO,Radios Régionales,Actualités-Infos Générales,Régionale/Départementale,https://es.wikipedia.org/wiki/Radio_El_D%C3%ADa,,,,WIKIPEDIA,3
MED-ES-0895,Radio Enlace,ES,Espagne,es,RADIO,Radios Régionales,Actualités-Infos Générales,Régionale/Départementale,https://es.wikipedia.org/wiki/Radio_Enlace,,,,WIKIPEDIA,3
MED-ES-0896,Radio Euskadi,ES,Espagne,es,RADIO,Radios Régionales,Actualités-Infos Générales,Régionale/Départementale,https://es.wikipedia.org/wiki/Radio_Euskadi,,,,WIKIPEDIA,3
MED-ES-0897,Radio Exterior,ES,Espagne,es,RADIO,Radios Régionales,Actualités-Infos Générales,Régionale/Départementale,https://en.wikipedia.org/wiki/Radio_Exterior,,,,WIKIPEDIA,3
MED-ES-0898,Radio Exterior de España,ES,Espagne,es,RADIO,Radios Régionales,Actualités-Infos Générales,Régionale/Départementale,https://es.wikipedia.org/wiki/Radio_Exterior_de_Espa%C3%B1a,,,,WIKIPEDIA,3
MED-ES-0899,Radio finlandia,ES,Espagne,es,RADIO,Radios Régionales,Actualités-Infos Générales,Régionale/Départementale,https://es.wikipedia.org/wiki/Radio_finlandia,,,,WIKIPEDIA,3
MED-ES-0900,Radiofusión,ES,Espagne,es,RADIO,Radios Régionales,Actualités-Infos Générales,Régionale/Départementale,https://es.wikipedia.org/wiki/Radiofusi%C3%B3n,,,,WIKIPEDIA,3
MED-ES-0901,Radio Galega,ES,Espagne,es,RADIO,Radios Régionales,Actualités-Infos Générales,Régionale/Départementale,https://es.wikipedia.org/wiki/Radio_Galega,,,,WIKIPEDIA,3
MED-ES-0902,Radio Galega Música,ES,Espagne,es,RADIO,Radios Régionales,Actualités-Infos Générales,Régionale/Départementale,https://es.wikipedia.org/wiki/Radio_Galega_M%C3%BAsica,,,,WIKIPEDIA,3
MED-ES-0903,Radio Granada Cadena Ser,ES,Espagne,es,RADIO,Radios Régionales,Actualités-Infos Générales,Régionale/Départementale,https://es.wikipedia.org/wiki/Radio_Granada_Cadena_Ser,,,,WIKIPEDIA,3
MED-ES-0904,Radio Guiniguada,ES,Espagne,es,RADIO,Radios Régionales,Actualités-Infos Générales,Régionale/Départementale,https://es.wikipedia.org/wiki/Radio_Guiniguada,,,,WIKIPEDIA,3
MED-ES-0905,Radio Ibérica,ES,Espagne,es,RADIO,Radios Régionales,Actualités-Infos Générales,Régionale/Départementale,https://es.wikipedia.org/wiki/Radio_Ib%C3%A9rica,,,,WIKIPEDIA,3
MED-ES-0906,Radio Inter,ES,Espagne,es,RADIO,Radios Régionales,Actualités-Infos Générales,Régionale/Départementale,https://es.wikipedia.org/wiki/Radio_Inter,,,,WIKIPEDIA,3
MED-ES-0907,Radio Intereconomía,ES,Espagne,es,RADIO,Radios Régionales,Actualités-Infos Générales,Régionale/Départementale,https://es.wikipedia.org/wiki/Radio_Intereconom%C3%ADa,,,,WIKIPEDIA,3
MED-ES-0908,Radio Juventud de Aranda de Duero,ES,Espagne,es,RADIO,Radios Régionales,Actualités-Infos Générales,Régionale/Départementale,https://es.wikipedia.org/wiki/Radio_Juventud_de_Aranda_de_Duero,,,,WIKIPEDIA,3
MED-ES-0909,Radio Juventud de Torrelavega,ES,Espagne,es,RADIO,Radios Régionales,Actualités-Infos Générales,Régionale/Départementale,https://es.wikipedia.org/wiki/Radio_Juventud_de_Torrelavega,,,,WIKIPEDIA,3
MED-ES-0910,Radio La Guancha,ES,Espagne,es,RADIO,Radios Régionales,Actualités-Infos Générales,Régionale/Départementale,https://es.wikipedia.org/wiki/Radio_La_Guancha,,,,WIKIPEDIA,3
MED-ES-0911,Radiolé,ES,Espagne,es,RADIO,Radios Régionales,Actualités-Infos Générales,Régionale/Départementale,https://es.wikipedia.org/wiki/Radiol%C3%A9,,,,WIKIPEDIA,3
MED-ES-0912,Radio Mallorca,ES,Espagne,es,RADIO,Radios Régionales,Actualités-Infos Générales,Régionale/Départementale,https://es.wikipedia.org/wiki/Radio_Mallorca,,,,WIKIPEDIA,3
MED-ES-0913,Radio Manía Mallorca,ES,Espagne,es,RADIO,Radios Régionales,Actualités-Infos Générales,Régionale/Départementale,https://es.wikipedia.org/wiki/Radio_Man%C3%ADa_Mallorca,,,,WIKIPEDIA,3
MED-ES-0914,Radio Marca,ES,Espagne,es,RADIO,Radios Régionales,Actualités-Infos Générales,Régionale/Départementale,https://es.wikipedia.org/wiki/Radio_Marca,,,,WIKIPEDIA,3
MED-ES-0915,Radio Marca Barcelona,ES,Espagne,es,RADIO,Radios Régionales,Actualités-Infos Générales,Régionale/Départementale,https://es.wikipedia.org/wiki/Radio_Marca_Barcelona,,,,WIKIPEDIA,3
MED-ES-0916,Radio Maria,ES,Espagne,es,RADIO,Radios Régionales,Actualités-Infos Générales,Régionale/Départementale,https://en.wikipedia.org/wiki/Radio_Maria,,,,WIKIPEDIA,3
MED-ES-0917,Radio María España,ES,Espagne,es,RADIO,Radios Régionales,Actualités-Infos Générales,Régionale/Départementale,https://es.wikipedia.org/wiki/Radio_Mar%C3%ADa_Espa%C3%B1a,,,,WIKIPEDIA,3
MED-ES-0918,Radio Martos,ES,Espagne,es,RADIO,Radios Régionales,Actualités-Infos Générales,Régionale/Départementale,https://es.wikipedia.org/wiki/Radio_Martos,,,,WIKIPEDIA,3
MED-ES-0919,Radio Miajadas,ES,Espagne,es,RADIO,Radios Régionales,Actualités-Infos Générales,Régionale/Départementale,https://es.wikipedia.org/wiki/Radio_Miajadas,,,,WIKIPEDIA,3
MED-ES-0920,Radio Municipal de Tui,ES,Espagne,es,RADIO,Radios Régionales,Actualités-Infos Générales,Régionale/Départementale,https://es.wikipedia.org/wiki/Radio_Municipal_de_Tui,,,,WIKIPEDIA,3
MED-ES-0921,Radio Murcia,ES,Espagne,es,RADIO,Radios Régionales,Actualités-Infos Générales,Régionale/Départementale,https://es.wikipedia.org/wiki/Radio_Murcia,,,,WIKIPEDIA,3
MED-ES-0922,Radio Nacional,ES,Espagne,es,RADIO,Radios Régionales,Actualités-Infos Générales,Régionale/Départementale,https://en.wikipedia.org/wiki/Radio_Nacional_%28Spanish_radio_station%29,,,,WIKIPEDIA,3
MED-ES-0923,Radio Nacional de España,ES,Espagne,es,RADIO,Radios Régionales,Actualités-Infos Générales,Régionale/Départementale,https://es.wikipedia.org/wiki/Radio_Nacional_de_Espa%C3%B1a,,,,WIKIPEDIA,3
MED-ES-0924,Radio Nervión,ES,Espagne,es,RADIO,Radios Régionales,Actualités-Infos Générales,Régionale/Départementale,https://es.wikipedia.org/wiki/Radio_Nervi%C3%B3n,,,,WIKIPEDIA,3
MED-ES-0925,Radio Olé Tropical,ES,Espagne,es,RADIO,Radios Régionales,Actualités-Infos Générales,Régionale/Départementale,https://es.wikipedia.org/wiki/Radio_Ol%C3%A9_Tropical,,,,WIKIPEDIA,3
MED-ES-0926,Radio Ourense,ES,Espagne,es,RADIO,Radios Régionales,Actualités-Infos Générales,Régionale/Départementale,https://en.wikipedia.org/wiki/Radio_Ourense,,,,WIKIPEDIA,3
MED-ES-0927,Radio Pontevedra,ES,Espagne,es,RADIO,Radios Régionales,Actualités-Infos Générales,Régionale/Départementale,https://es.wikipedia.org/wiki/Radio_Pontevedra,,,,WIKIPEDIA,3
MED-ES-0928,Radio Priego,ES,Espagne,es,RADIO,Radios Régionales,Actualités-Infos Générales,Régionale/Départementale,https://es.wikipedia.org/wiki/Radio_Priego,,,,WIKIPEDIA,3
MED-ES-0929,Radio QK,ES,Espagne,es,RADIO,Radios Régionales,Actualités-Infos Générales,Régionale/Départementale,https://es.wikipedia.org/wiki/Radio_QK,,,,WIKIPEDIA,3
MED-ES-0930,Radio Ritmo,ES,Espagne,es,RADIO,Radios Régionales,Actualités-Infos Générales,Régionale/Départementale,https://es.wikipedia.org/wiki/Radio_Ritmo,,,,WIKIPEDIA,3
MED-ES-0931,Radio Romanul,ES,Espagne,es,RADIO,Radios Régionales,Actualités-Infos Générales,Régionale/Départementale,https://es.wikipedia.org/wiki/Radio_Romanul,,,,WIKIPEDIA,3
MED-ES-0932,Radio San Borondón,ES,Espagne,es,RADIO,Radios Régionales,Actualités-Infos Générales,Régionale/Départementale,https://es.wikipedia.org/wiki/Radio_San_Borond%C3%B3n,,,,WIKIPEDIA,3
MED-ES-0933,Radio San Martin Sotrondio,ES,Espagne,es,RADIO,Radios Régionales,Actualités-Infos Générales,Régionale/Départementale,https://es.wikipedia.org/wiki/Radio_San_Martin_Sotrondio,,,,WIKIPEDIA,3
MED-ES-0934,Radio Sele,ES,Espagne,es,RADIO,Radios Régionales,Actualités-Infos Générales,Régionale/Départementale,https://es.wikipedia.org/wiki/Radio_Sele,,,,WIKIPEDIA,3
MED-ES-0935,Radio Sevilla,ES,Espagne,es,RADIO,Radios Régionales,Actualités-Infos Générales,Régionale/Départementale,https://es.wikipedia.org/wiki/Radio_Sevilla,,,,WIKIPEDIA,3
MED-ES-0936,Radio Sierra,ES,Espagne,es,RADIO,Radios Régionales,Actualités-Infos Générales,Régionale/Départementale,https://es.wikipedia.org/wiki/Radio_Sierra,,,,WIKIPEDIA,3
MED-ES-0937,Radio Sol de Almijara,ES,Espagne,es,RADIO,Radios Régionales,Actualités-Infos Générales,Régionale/Départementale,https://en.wikipedia.org/wiki/Radio_Sol_de_Almijara,,,,WIKIPEDIA,3
MED-ES-0938,Radio Televisión Ceuta,ES,Espagne,es,TV,TV Grandes Chaînes,Actualités-Infos Générales,Nationale,https://en.wikipedia.org/wiki/Radio_Televisi%C3%B3n_Ceuta,,,,WIKIPEDIA,3
MED-ES-0939,Radio Universidad de Navarra,ES,Espagne,es,RADIO,Radios Régionales,Actualités-Infos Générales,Régionale/Départementale,https://es.wikipedia.org/wiki/Radio_Universidad_de_Navarra,,,,WIKIPEDIA,3
MED-ES-0940,Radio Valdivielso,ES,Espagne,es,RADIO,Radios Régionales,Actualités-Infos Générales,Régionale/Départementale,https://es.wikipedia.org/wiki/Radio_Valdivielso,,,,WIKIPEDIA,3
MED-ES-0941,Radio Valencia,ES,Espagne,es,RADIO,Radios Régionales,Actualités-Infos Générales,Régionale/Départementale,https://es.wikipedia.org/wiki/Radio_Valencia,,,,WIKIPEDIA,3
MED-ES-0942,Radio Valladolid,ES,Espagne,es,RADIO,Radios Régionales,Actualités-Infos Générales,Régionale/Départementale,https://es.wikipedia.org/wiki/Radio_Valladolid,,,,WIKIPEDIA,3
MED-ES-0943,Radio Vallekas,ES,Espagne,es,RADIO,Radios Régionales,Actualités-Infos Générales,Régionale/Départementale,https://es.wikipedia.org/wiki/Radio_Vallekas,,,,WIKIPEDIA,3
MED-ES-0944,Radio Vetusta,ES,Espagne,es,RADIO,Radios Régionales,Actualités-Infos Générales,Régionale/Départementale,https://es.wikipedia.org/wiki/Radio_Vetusta,,,,WIKIPEDIA,3
MED-ES-0945,Radio Vigo,ES,Espagne,es,RADIO,Radios Régionales,Actualités-Infos Générales,Régionale/Départementale,https://es.wikipedia.org/wiki/Radio_Vigo,,,,WIKIPEDIA,3
MED-ES-0946,Radio Vitoria,ES,Espagne,es,RADIO,Radios Régionales,Actualités-Infos Générales,Régionale/Départementale,https://es.wikipedia.org/wiki/Radio_Vitoria,,,,WIKIPEDIA,3
MED-ES-0947,Radio Voz,ES,Espagne,es,RADIO,Radios Régionales,Actualités-Infos Générales,Régionale/Départementale,https://es.wikipedia.org/wiki/Radio_Voz,,,,WIKIPEDIA,3
MED-ES-0948,Radio Zamora,ES,Espagne,es,RADIO,Radios Régionales,Actualités-Infos Générales,Régionale/Départementale,https://es.wikipedia.org/wiki/Radio_Zamora,,,,WIKIPEDIA,3
MED-ES-0949,Rafa de Miguel,ES,Espagne,es,PRESSE,Médias régionaux (hors PQR),Actualités-Infos Générales,Régionale/Départementale,https://es.wikipedia.org/wiki/Rafa_de_Miguel,,,,WIKIPEDIA,3
MED-ES-0950,Rafael Nadal i Farreras,ES,Espagne,ca,PRESSE,Médias régionaux (hors PQR),Actualités-Infos Générales,Régionale/Départementale,https://ca.wikipedia.org/wiki/Rafael_Nadal_i_Farreras,,,,WIKIPEDIA,3
MED-ES-0951,Ramón Cabanillas / Ricardo Carvalho Calero,ES,Espagne,gl,PRESSE,Médias régionaux (hors PQR),Actualités-Infos Générales,Régionale/Départementale,https://gl.wikipedia.org/wiki/Ram%C3%B3n_Cabanillas_/_Ricardo_Carvalho_Calero_%28Fonoteca_92%29,,,,WIKIPEDIA,3
MED-ES-0952,Real Madrid TV,ES,Espagne,es,TV,TV Grandes Chaînes,Actualités-Infos Générales,Nationale,https://es.wikipedia.org/wiki/Real_Madrid_TV,,,,WIKIPEDIA,3
MED-ES-0953,Regió7,ES,Espagne,es,PRESSE,PQR/PQD (Quotidiens régionaux),Actualités-Infos Générales,Régionale/Départementale,https://es.wikipedia.org/wiki/Regi%C3%B37,,,,WIKIPEDIA,3
MED-ES-0954,Relevo,ES,Espagne,es,PRESSE,Médias régionaux (hors PQR),Actualités-Infos Générales,Régionale/Départementale,https://es.wikipedia.org/wiki/Relevo_%28sitio_web%29,,,,WIKIPEDIA,3
MED-ES-0955,Renovación,ES,Espagne,es,PRESSE,Médias régionaux (hors PQR),Actualités-Infos Générales,Régionale/Départementale,https://es.wikipedia.org/wiki/Renovaci%C3%B3n_%28peri%C3%B3dico%29,,,,WIKIPEDIA,3
MED-ES-0956,Republica.com,ES,Espagne,es,PRESSE,Médias régionaux (hors PQR),Actualités-Infos Générales,Régionale/Départementale,https://es.wikipedia.org/wiki/Republica.com,,,,WIKIPEDIA,3
MED-ES-0957,Requiem en Re Menor,ES,Espagne,gl,PRESSE,Médias régionaux (hors PQR),Actualités-Infos Générales,Régionale/Départementale,https://gl.wikipedia.org/wiki/Requiem_en_Re_Menor_%28Fonoteca_92%29,,,,WIKIPEDIA,3
MED-ES-0958,Revelation TV,ES,Espagne,es,TV,TV Grandes Chaînes,Actualités-Infos Générales,Nationale,https://en.wikipedia.org/wiki/Revelation_TV,,,,WIKIPEDIA,3
MED-ES-0959,Revista Española de Enfermedades Digestivas,ES,Espagne,es,PRESSE,Médias d'information générale (hors PQN),Actualités-Infos Générales,Nationale,https://es.wikipedia.org/wiki/Revista_Espa%C3%B1ola_de_Enfermedades_Digestivas,,,,WIKIPEDIA,3
MED-ES-0960,Revistas de Información Comercial Española,ES,Espagne,es,PRESSE,Médias d'information générale (hors PQN),Actualités-Infos Générales,Nationale,https://es.wikipedia.org/wiki/Revistas_de_Informaci%C3%B3n_Comercial_Espa%C3%B1ola,,,,WIKIPEDIA,3
MED-ES-0961,Rock FM,ES,Espagne,es,RADIO,Radios Régionales,Actualités-Infos Générales,Régionale/Départementale,https://es.wikipedia.org/wiki/Rock_FM,,,,WIKIPEDIA,3
MED-ES-0962,Rojo y Negro,ES,Espagne,es,PRESSE,Médias régionaux (hors PQR),Actualités-Infos Générales,Régionale/Départementale,https://es.wikipedia.org/wiki/Rojo_y_Negro,,,,WIKIPEDIA,3
MED-ES-0963,Romance,ES,Espagne,gl,PRESSE,Médias régionaux (hors PQR),Actualités-Infos Générales,Régionale/Départementale,https://gl.wikipedia.org/wiki/Romance_%28A_Quenlla%29,,,,WIKIPEDIA,3
MED-ES-0964,RPA,ES,Espagne,es,RADIO,Radios Régionales,Actualités-Infos Générales,Régionale/Départementale,https://es.wikipedia.org/wiki/RPA,,,,WIKIPEDIA,3
MED-ES-0965,RTP Mundo,ES,Espagne,es,TV,TV Grandes Chaînes,Actualités-Infos Générales,Nationale,https://en.wikipedia.org/wiki/RTP_Mundo,,,,WIKIPEDIA,3
MED-ES-0966,Ruta,ES,Espagne,es,PRESSE,Médias régionaux (hors PQR),Actualités-Infos Générales,Régionale/Départementale,https://es.wikipedia.org/wiki/Ruta_%28diario%29,,,,WIKIPEDIA,3
MED-ES-0967,Santiago Rey Fernández-Latorre,ES,Espagne,gl,PRESSE,Médias régionaux (hors PQR),Actualités-Infos Générales,Régionale/Départementale,https://gl.wikipedia.org/wiki/Santiago_Rey_Fern%C3%A1ndez-Latorre,,,,WIKIPEDIA,3
MED-ES-0968,Saül Gordillo i Bernàrdez,ES,Espagne,ca,PRESSE,Médias régionaux (hors PQR),Actualités-Infos Générales,Régionale/Départementale,https://ca.wikipedia.org/wiki/Sa%C3%BCl_Gordillo_i_Bern%C3%A0rdez,,,,WIKIPEDIA,3
MED-ES-0969,ScannerFM,ES,Espagne,es,RADIO,Radios Régionales,Actualités-Infos Générales,Régionale/Départementale,https://es.wikipedia.org/wiki/ScannerFM,,,,WIKIPEDIA,3
MED-ES-0970,Segre,ES,Espagne,es,PRESSE,Médias régionaux (hors PQR),Actualités-Infos Générales,Régionale/Départementale,https://es.wikipedia.org/wiki/Segre_%28peri%C3%B3dico%29,,,,WIKIPEDIA,3
MED-ES-0971,Selekt,ES,Espagne,es,TV,TV Grandes Chaînes,Actualités-Infos Générales,Nationale,https://es.wikipedia.org/wiki/Selekt,,,,WIKIPEDIA,3
MED-ES-0972,Semanario El Raspeig,ES,Espagne,es,PRESSE,PQR/PQD (Quotidiens régionaux),Actualités-Infos Générales,Régionale/Départementale,https://es.wikipedia.org/wiki/Semanario_El_Raspeig,,,,WIKIPEDIA,3
MED-ES-0973,SER Cataluña,ES,Espagne,es,RADIO,Radios Régionales,Actualités-Infos Générales,Régionale/Départementale,https://es.wikipedia.org/wiki/SER_Catalu%C3%B1a,,,,WIKIPEDIA,3
MED-ES-0974,Ser El Condado,ES,Espagne,es,RADIO,Radios Régionales,Actualités-Infos Générales,Régionale/Départementale,https://es.wikipedia.org/wiki/Ser_El_Condado,,,,WIKIPEDIA,3
MED-ES-0975,Series 2 por M+,ES,Espagne,es,TV,TV Grandes Chaînes,Actualités-Infos Générales,Nationale,https://es.wikipedia.org/wiki/Series_2_por_M%2B,,,,WIKIPEDIA,3
MED-ES-0976,Series por M+,ES,Espagne,es,TV,TV Grandes Chaînes,Actualités-Infos Générales,Nationale,https://es.wikipedia.org/wiki/Series_por_M%2B,,,,WIKIPEDIA,3
MED-ES-0977,SER Oriente,ES,Espagne,es,RADIO,Radios Régionales,Actualités-Infos Générales,Régionale/Départementale,https://es.wikipedia.org/wiki/SER_Oriente,,,,WIKIPEDIA,3
MED-ES-0978,Sílvia Soler i Guasch,ES,Espagne,ca,PRESSE,Médias régionaux (hors PQR),Actualités-Infos Générales,Régionale/Départementale,https://ca.wikipedia.org/wiki/S%C3%ADlvia_Soler_i_Guasch,,,,WIKIPEDIA,3
MED-ES-0979,Sintonías para RTG-TVG,ES,Espagne,gl,PRESSE,Médias régionaux (hors PQR),Actualités-Infos Générales,Régionale/Départementale,https://gl.wikipedia.org/wiki/Sinton%C3%ADas_para_RTG-TVG,,,,WIKIPEDIA,3
MED-ES-0980,Sol de España,ES,Espagne,es,PRESSE,Médias régionaux (hors PQR),Actualités-Infos Générales,Régionale/Départementale,https://es.wikipedia.org/wiki/Sol_de_Espa%C3%B1a,,,,WIKIPEDIA,3
MED-ES-0981,Sol Radio Madrid,ES,Espagne,es,RADIO,Radios Régionales,Actualités-Infos Générales,Régionale/Départementale,https://es.wikipedia.org/wiki/Sol_Radio_Madrid,,,,WIKIPEDIA,3
MED-ES-0982,Somos,ES,Espagne,es,TV,TV Grandes Chaînes,Actualités-Infos Générales,Nationale,https://es.wikipedia.org/wiki/Somos_%28canal_de_televisi%C3%B3n%29,,,,WIKIPEDIA,3
MED-ES-0983,Son de Galicia,ES,Espagne,gl,PRESSE,Médias régionaux (hors PQR),Actualités-Infos Générales,Régionale/Départementale,https://gl.wikipedia.org/wiki/Son_de_Galicia,,,,WIKIPEDIA,3
MED-ES-0984,Spectrum FM,ES,Espagne,es,RADIO,Radios Régionales,Actualités-Infos Générales,Régionale/Départementale,https://en.wikipedia.org/wiki/Spectrum_FM,,,,WIKIPEDIA,3
MED-ES-0985,Sport,ES,Espagne,es,PRESSE,PQR/PQD (Quotidiens régionaux),Actualités-Infos Générales,Régionale/Départementale,https://es.wikipedia.org/wiki/Sport_%28peri%C3%B3dico%29,,,,WIKIPEDIA,3
MED-ES-0986,Sprint,ES,Espagne,gl,PRESSE,Médias régionaux (hors PQR),Actualités-Infos Générales,Régionale/Départementale,https://gl.wikipedia.org/wiki/Sprint,,,,WIKIPEDIA,3
MED-ES-0987,Squirrel,ES,Espagne,es,TV,TV Grandes Chaînes,Actualités-Infos Générales,Nationale,https://es.wikipedia.org/wiki/Squirrel_%28canal_de_televisi%C3%B3n%29,,,,WIKIPEDIA,3
MED-ES-0988,Squirrel 2,ES,Espagne,es,TV,TV Grandes Chaînes,Actualités-Infos Générales,Nationale,https://es.wikipedia.org/wiki/Squirrel_2,,,,WIKIPEDIA,3
MED-ES-0989,Star,ES,Espagne,es,TV,TV Grandes Chaînes,Actualités-Infos Générales,Nationale,https://es.wikipedia.org/wiki/Star_%28canal_de_televisi%C3%B3n%29,,,,WIKIPEDIA,3
MED-ES-0990,Sundance TV,ES,Espagne,es,TV,TV Grandes Chaînes,Actualités-Infos Générales,Nationale,https://es.wikipedia.org/wiki/Sundance_TV_%28Espa%C3%B1a%29,,,,WIKIPEDIA,3
MED-ES-0991,Superdeporte,ES,Espagne,es,PRESSE,PQR/PQD (Quotidiens régionaux),Actualités-Infos Générales,Régionale/Départementale,https://es.wikipedia.org/wiki/Superdeporte,,,,WIKIPEDIA,3
MED-ES-0992,Sur,ES,Espagne,es,PRESSE,PQR/PQD (Quotidiens régionaux),Actualités-Infos Générales,Régionale/Départementale,https://es.wikipedia.org/wiki/Sur_%28peri%C3%B3dico%29,,,,WIKIPEDIA,3
MED-ES-0993,Suspense por M+,ES,Espagne,es,TV,TV Grandes Chaînes,Actualités-Infos Générales,Nationale,https://es.wikipedia.org/wiki/Suspense_por_M%2B,,,,WIKIPEDIA,3
MED-ES-0994,SX3,ES,Espagne,es,TV,TV Grandes Chaînes,Actualités-Infos Générales,Nationale,https://en.wikipedia.org/wiki/SX3,,,,WIKIPEDIA,3
MED-ES-0995,Syfy,ES,Espagne,es,TV,TV Grandes Chaînes,Actualités-Infos Générales,Nationale,https://es.wikipedia.org/wiki/Syfy_%28Espa%C3%B1a%29,,,,WIKIPEDIA,3
MED-ES-0996,Tarragona digital,ES,Espagne,ca,PRESSE,Médias régionaux (hors PQR),Actualités-Infos Générales,Régionale/Départementale,https://ca.wikipedia.org/wiki/Tarragona_digital,,,,WIKIPEDIA,3
MED-ES-0997,TCM,ES,Espagne,es,TV,TV Grandes Chaînes,Actualités-Infos Générales,Nationale,https://es.wikipedia.org/wiki/TCM_%28Espa%C3%B1a%29,,,,WIKIPEDIA,3
MED-ES-0998,TCM Autor,ES,Espagne,es,TV,TV Grandes Chaînes,Actualités-Infos Générales,Nationale,https://es.wikipedia.org/wiki/TCM_Autor,,,,WIKIPEDIA,3
MED-ES-0999,Tele Chico,ES,Espagne,es,PRESSE,Médias régionaux (hors PQR),Actualités-Infos Générales,Régionale/Départementale,https://es.wikipedia.org/wiki/Tele_Chico,,,,WIKIPEDIA,3
MED-ES-1000,Teledeporte,ES,Espagne,es,TV,TV Grandes Chaînes,Actualités-Infos Générales,Nationale,https://es.wikipedia.org/wiki/Teledeporte,,,,WIKIPEDIA,3
MED-ES-1001,Tele/eXprés,ES,Espagne,es,PRESSE,PQR/PQD (Quotidiens régionaux),Actualités-Infos Générales,Régionale/Départementale,https://es.wikipedia.org/wiki/Tele/eXpr%C3%A9s,,,,WIKIPEDIA,3
MED-ES-1002,Telemadrid,ES,Espagne,es,TV,TV Grandes Chaînes,Actualités-Infos Générales,Nationale,https://en.wikipedia.org/wiki/Telemadrid,,,,WIKIPEDIA,3
MED-ES-1003,Telemadrid INT,ES,Espagne,es,TV,TV Grandes Chaînes,Actualités-Infos Générales,Nationale,https://es.wikipedia.org/wiki/Telemadrid_INT,,,,WIKIPEDIA,3
MED-ES-1004,Telemadrid SAT,ES,Espagne,es,TV,TV Câble/Sat,Actualités-Infos Générales,Nationale,https://es.wikipedia.org/wiki/Telemadrid_SAT,,,,WIKIPEDIA,3
MED-ES-1005,Teleolesa,ES,Espagne,es,PRESSE,Médias régionaux (hors PQR),Actualités-Infos Générales,Régionale/Départementale,https://es.wikipedia.org/wiki/Teleolesa,,,,WIKIPEDIA,3
MED-ES-1006,Televisión de Galicia,ES,Espagne,es,TV,TV Grandes Chaînes,Actualités-Infos Générales,Nationale,https://en.wikipedia.org/wiki/Televisi%C3%B3n_de_Galicia,,,,WIKIPEDIA,3
MED-ES-1007,Televisión del Principado de Asturias,ES,Espagne,es,TV,TV Grandes Chaînes,Actualités-Infos Générales,Nationale,https://en.wikipedia.org/wiki/Televisi%C3%B3n_del_Principado_de_Asturias,,,,WIKIPEDIA,3
MED-ES-1008,Televisión del Principado de Asturias 2,ES,Espagne,es,TV,TV Grandes Chaînes,Actualités-Infos Générales,Nationale,https://en.wikipedia.org/wiki/Televisi%C3%B3n_del_Principado_de_Asturias_2,,,,WIKIPEDIA,3
MED-ES-1009,Ten,ES,Espagne,es,TV,TV Grandes Chaînes,Actualités-Infos Générales,Nationale,https://es.wikipedia.org/wiki/Ten_%28canal_de_televisi%C3%B3n%29,,,,WIKIPEDIA,3
MED-ES-1010,Teovivo,ES,Espagne,gl,PRESSE,Médias régionaux (hors PQR),Actualités-Infos Générales,Régionale/Départementale,https://gl.wikipedia.org/wiki/Teovivo_%28xornal%29,,,,WIKIPEDIA,3
MED-ES-1011,Teruel,ES,Espagne,es,PRESSE,Médias régionaux (hors PQR),Actualités-Infos Générales,Régionale/Départementale,https://es.wikipedia.org/wiki/Teruel_%28diario%29,,,,WIKIPEDIA,3
MED-ES-1012,The Biography Channel,ES,Espagne,es,TV,TV Grandes Chaînes,Actualités-Infos Générales,Nationale,https://es.wikipedia.org/wiki/The_Biography_Channel_%28Espa%C3%B1a%29,,,,WIKIPEDIA,3
MED-ES-1013,The New Barcelona Post,ES,Espagne,ca,PRESSE,Médias régionaux (hors PQR),Actualités-Infos Générales,Régionale/Départementale,https://ca.wikipedia.org/wiki/The_New_Barcelona_Post,,,,WIKIPEDIA,3
MED-ES-1014,The Objective,ES,Espagne,es,PRESSE,Médias régionaux (hors PQR),Actualités-Infos Générales,Régionale/Départementale,https://es.wikipedia.org/wiki/The_Objective,,,,WIKIPEDIA,3
MED-ES-1015,The Olive Press,ES,Espagne,es,PRESSE,Médias régionaux (hors PQR),Actualités-Infos Générales,Régionale/Départementale,https://en.wikipedia.org/wiki/The_Olive_Press,,,,WIKIPEDIA,3
MED-ES-1016,Tierra,ES,Espagne,es,PRESSE,Médias régionaux (hors PQR),Actualités-Infos Générales,Régionale/Départementale,https://en.wikipedia.org/wiki/Tierra_%28newspaper%29,,,,WIKIPEDIA,3
MED-ES-1017,Titán,ES,Espagne,es,PRESSE,Médias régionaux (hors PQR),Actualités-Infos Générales,Régionale/Départementale,https://es.wikipedia.org/wiki/Tit%C3%A1n_%28peri%C3%B3dico%29,,,,WIKIPEDIA,3
MED-ES-1018,Toni Soler i Guasch,ES,Espagne,ca,PRESSE,Médias régionaux (hors PQR),Actualités-Infos Générales,Régionale/Départementale,https://ca.wikipedia.org/wiki/Toni_Soler_i_Guasch,,,,WIKIPEDIA,3
MED-ES-1019,Toros,ES,Espagne,es,TV,TV Grandes Chaînes,Actualités-Infos Générales,Nationale,https://es.wikipedia.org/wiki/Toros_%28canal_de_televisi%C3%B3n%29,,,,WIKIPEDIA,3
MED-ES-1020,Trak FM Pamplona,ES,Espagne,es,RADIO,Radios Régionales,Actualités-Infos Générales,Régionale/Départementale,https://es.wikipedia.org/wiki/Trak_FM_Pamplona,,,,WIKIPEDIA,3
MED-ES-1021,Trapalladas,ES,Espagne,gl,PRESSE,Médias régionaux (hors PQR),Actualités-Infos Générales,Régionale/Départementale,https://gl.wikipedia.org/wiki/Trapalladas_%28Farruco%29,,,,WIKIPEDIA,3
MED-ES-1022,Treball,ES,Espagne,es,PRESSE,PQR/PQD (Quotidiens régionaux),Actualités-Infos Générales,Régionale/Départementale,https://es.wikipedia.org/wiki/Treball,,,,WIKIPEDIA,3
MED-ES-1023,Trece,ES,Espagne,es,TV,TV Grandes Chaînes,Actualités-Infos Générales,Nationale,https://es.wikipedia.org/wiki/Trece_%28canal_de_televisi%C3%B3n_espa%C3%B1ol%29,,,,WIKIPEDIA,3
MED-ES-1024,Tunas,ES,Espagne,gl,PRESSE,Médias régionaux (hors PQR),Actualités-Infos Générales,Régionale/Départementale,https://gl.wikipedia.org/wiki/Tunas_%28Fonoteca_92%29,,,,WIKIPEDIA,3
MED-ES-1025,TurnHeelWrestling,ES,Espagne,es,PRESSE,Médias régionaux (hors PQR),Actualités-Infos Générales,Régionale/Départementale,https://es.wikipedia.org/wiki/TurnHeelWrestling,,,,WIKIPEDIA,3
MED-ES-1026,TV3CAT,ES,Espagne,es,TV,TV Grandes Chaînes,Actualités-Infos Générales,Nationale,https://en.wikipedia.org/wiki/TV3CAT,,,,WIKIPEDIA,3
MED-ES-1027,TVE Internacional,ES,Espagne,es,TV,TV Grandes Chaînes,Actualités-Infos Générales,Nationale,https://es.wikipedia.org/wiki/TVE_Internacional,,,,WIKIPEDIA,3
MED-ES-1028,TVE UHD,ES,Espagne,es,TV,TV Grandes Chaînes,Actualités-Infos Générales,Nationale,https://es.wikipedia.org/wiki/TVE_UHD,,,,WIKIPEDIA,3
MED-ES-1029,TvG2,ES,Espagne,es,TV,TV Grandes Chaînes,Actualités-Infos Générales,Nationale,https://en.wikipedia.org/wiki/TvG2,,,,WIKIPEDIA,3
MED-ES-1030,Última Hora Radio,ES,Espagne,es,RADIO,Radios Régionales,Actualités-Infos Générales,Régionale/Départementale,https://es.wikipedia.org/wiki/%C3%9Altima_Hora_Radio,,,,WIKIPEDIA,3
MED-ES-1031,Unha colección para a historia,ES,Espagne,gl,PRESSE,Médias régionaux (hors PQR),Actualités-Infos Générales,Régionale/Départementale,https://gl.wikipedia.org/wiki/Unha_colecci%C3%B3n_para_a_historia,,,,WIKIPEDIA,3
MED-ES-1032,Unión de Radios Libres y Comunitarias de Madrid,ES,Espagne,es,RADIO,Radios Régionales,Actualités-Infos Générales,Régionale/Départementale,https://es.wikipedia.org/wiki/Uni%C3%B3n_de_Radios_Libres_y_Comunitarias_de_Madrid,,,,WIKIPEDIA,3
MED-ES-1033,Unión Musical de Cabral,ES,Espagne,gl,PRESSE,Médias régionaux (hors PQR),Actualités-Infos Générales,Régionale/Départementale,https://gl.wikipedia.org/wiki/Uni%C3%B3n_Musical_de_Cabral_%28Fonoteca_92%29,,,,WIKIPEDIA,3
MED-ES-1034,Uníos,ES,Espagne,es,PRESSE,Médias régionaux (hors PQR),Actualités-Infos Générales,Régionale/Départementale,https://en.wikipedia.org/wiki/Un%C3%ADos,,,,WIKIPEDIA,3
MED-ES-1035,Valle de Elda,ES,Espagne,es,PRESSE,Médias régionaux (hors PQR),Actualités-Infos Générales,Régionale/Départementale,https://es.wikipedia.org/wiki/Valle_de_Elda_%28peri%C3%B3dico%29,,,,WIKIPEDIA,3
MED-ES-1036,Vanguardia,ES,Espagne,es,PRESSE,Médias régionaux (hors PQR),Actualités-Infos Générales,Régionale/Départementale,https://en.wikipedia.org/wiki/Vanguardia_%28M%C3%A1laga%29,,,,WIKIPEDIA,3
MED-ES-1037,Veo7,ES,Espagne,es,TV,TV Grandes Chaînes,Actualités-Infos Générales,Nationale,https://es.wikipedia.org/wiki/Veo7,,,,WIKIPEDIA,3
MED-ES-1038,Viajar,ES,Espagne,es,TV,TV Grandes Chaînes,Actualités-Infos Générales,Nationale,https://es.wikipedia.org/wiki/Viajar_%28canal_de_televisi%C3%B3n%29,,,,WIKIPEDIA,3
MED-ES-1039,Vicenç Villatoro i Lamolla,ES,Espagne,ca,PRESSE,Médias régionaux (hors PQR),Actualités-Infos Générales,Régionale/Départementale,https://ca.wikipedia.org/wiki/Vicen%C3%A7_Villatoro_i_Lamolla,,,,WIKIPEDIA,3
MED-ES-1040,Víctor Font i Manté,ES,Espagne,ca,PRESSE,Médias régionaux (hors PQR),Actualités-Infos Générales,Régionale/Départementale,https://ca.wikipedia.org/wiki/V%C3%ADctor_Font_i_Mant%C3%A9,,,,WIKIPEDIA,3
MED-ES-1041,VinTV,ES,Espagne,es,TV,TV Grandes Chaînes,Actualités-Infos Générales,Nationale,https://es.wikipedia.org/wiki/VinTV,,,,WIKIPEDIA,3
MED-ES-1042,Vive! Radio,ES,Espagne,es,RADIO,Radios Régionales,Actualités-Infos Générales,Régionale/Départementale,https://es.wikipedia.org/wiki/Vive%21_Radio,,,,WIKIPEDIA,3
MED-ES-1043,Voz Emérita,ES,Espagne,es,PRESSE,Médias régionaux (hors PQR),Actualités-Infos Générales,Régionale/Départementale,https://es.wikipedia.org/wiki/Voz_Em%C3%A9rita,,,,WIKIPEDIA,3
MED-ES-1044,Vozpópuli,ES,Espagne,es,PRESSE,Médias régionaux (hors PQR),Actualités-Infos Générales,Régionale/Départementale,https://es.wikipedia.org/wiki/Vozp%C3%B3puli,,,,WIKIPEDIA,3
MED-ES-1045,V Televisión,ES,Espagne,es,TV,TV Grandes Chaînes,Actualités-Infos Générales,Nationale,https://en.wikipedia.org/wiki/V_Televisi%C3%B3n,,,,WIKIPEDIA,3
MED-ES-1046,Warner TV,ES,Espagne,es,TV,TV Grandes Chaînes,Actualités-Infos Générales,Nationale,https://es.wikipedia.org/wiki/Warner_TV_%28Espa%C3%B1a%29,,,,WIKIPEDIA,3
MED-ES-1047,WDM Radio Awards,ES,Espagne,es,RADIO,Radios Régionales,Actualités-Infos Générales,Régionale/Départementale,https://es.wikipedia.org/wiki/WDM_Radio_Awards,,,,WIKIPEDIA,3
MED-ES-1048,Xavier Bosch i Sancho,ES,Espagne,ca,PRESSE,Médias régionaux (hors PQR),Actualités-Infos Générales,Régionale/Départementale,https://ca.wikipedia.org/wiki/Xavier_Bosch_i_Sancho,,,,WIKIPEDIA,3
MED-ES-1049,XLSemanal,ES,Espagne,es,PRESSE,Médias d'information générale (hors PQN),Actualités-Infos Générales,Nationale,https://es.wikipedia.org/wiki/XLSemanal,,,,WIKIPEDIA,3
MED-ES-1050,Xocas / Taboada Chivite,ES,Espagne,gl,PRESSE,Médias régionaux (hors PQR),Actualités-Infos Générales,Régionale/Départementale,https://gl.wikipedia.org/wiki/Xocas_/_Taboada_Chivite_%28Fonoteca_92%29,,,,WIKIPEDIA,3
MED-ES-1051,Xornal de Galicia,ES,Espagne,gl,PRESSE,Médias régionaux (hors PQR),Actualités-Infos Générales,Régionale/Départementale,https://gl.wikipedia.org/wiki/Xornal_de_Galicia,,,,WIKIPEDIA,3
MED-ES-1052,Xoven Orquestra de Galicia,ES,Espagne,gl,PRESSE,Médias régionaux (hors PQR),Actualités-Infos Générales,Régionale/Départementale,https://gl.wikipedia.org/wiki/Xoven_Orquestra_de_Galicia_%28Fonoteca_92%29,,,,WIKIPEDIA,3
MED-ES-1053,XTRM,ES,Espagne,es,TV,TV Grandes Chaînes,Actualités-Infos Générales,Nationale,https://es.wikipedia.org/wiki/XTRM,,,,WIKIPEDIA,3
MED-ES-1054,Xut!,ES,Espagne,es,PRESSE,Médias régionaux (hors PQR),Actualités-Infos Générales,Régionale/Départementale,https://es.wikipedia.org/wiki/Xut%21,,,,WIKIPEDIA,3
MED-ES-1055,Ya,ES,Espagne,es,PRESSE,Médias régionaux (hors PQR),Actualités-Infos Générales,Régionale/Départementale,https://en.wikipedia.org/wiki/Ya_%28newspaper%29,,,,WIKIPEDIA,3
MED-ES-1056,"Yo, dibujante al por mayor",ES,Espagne,es,PRESSE,Médias régionaux (hors PQR),Actualités-Infos Générales,Régionale/Départementale,https://es.wikipedia.org/wiki/Yo%2C_dibujante_al_por_mayor,,,,WIKIPEDIA,3
MED-ES-1057,Zamoradigital,ES,Espagne,es,PRESSE,Médias régionaux (hors PQR),Actualités-Infos Générales,Régionale/Départementale,https://es.wikipedia.org/wiki/Zamoradigital,,,,WIKIPEDIA,3
