Listagem de Publicações Periódicas ativas à data de 01 de setembro de 2026,,,,,,,,,,,,,,,,,,,,,,
NÚMERO DE REGISTO,DATA DE INSCRIÇÃO,DENOMINAÇÃO,SUPORTE,ÂMBITO,CONTEÚDO,PERIODICIDADE,SITUAÇÃO PP,MORADA SEDE REDAÇÃO,CÓDIGO POSTAL SEDE REDAÇÃO,LOCALIDADE SEDE REDAÇÃO,CONCELHO SEDE REDAÇÃO,DISTRITO SEDE REDAÇÃO,EDITOR,DIRETOR,DIRETOR ADJUNTO,SUBDIRETOR,NOME / DESIGNAÇÃO SOCIAL - PROPRIETÁRIO,CONCELHO,DISTRITO,REGIÃO AUTÓNOMA PROP,ENDEREÇO DE CORREIO ELETRÓNICO,WEBSITE
100008,06-07-1972,Linhas de Elvas,Papel/Online,Regional,Informação Geral,Semanal,Registo Definitivo,"R. Alfredo Mirante, 10 - B",7350-154,Elvas,Elvas,Portalegre,João Manuel Laureano Alves e Almeida,João Manuel Laureano Alves e Almeida,,,"C.T.C.S. - Composição de Texto para Comunicação Social e Afins, Lda.",Elvas,Portalegre,,semanariolinhasdeelvas@gmail.com,www.linhasdeelvas.pt
100023,17-07-1972,Voz de Lamego,Papel,Regional,Informação Geral,Semanal,Registo Definitivo,Largo dos Loureiros  (Apartado 47),5100-909 Lamego,Lamego,Lamego,Viseu,Fundação Vox Lamacensis,Manuel Pereira Gonçalves,,,Fundação Vox Lamacensis,Lamego,Viseu,,jornal@diocese-lamego.pt,
100035,19-07-1972,A Comarca de Arganil,Papel/Online,Regional,Informação Geral,Semanal,Registo Definitivo,R. Comendador Cruz Pereira,3300-034,Arganil,Arganil,Coimbra,Santa Casa da Misericórdia de Arganil,Nuno Miguel Gonçalves Gomes,,,Santa Casa da Misericórdia de Arganil,Arganil,Coimbra,,geral@acomarcadearganil.pt,
100039,20-07-1972,Voz de Cambra,Papel,Regional,Informação Geral,Mensal,Registo Definitivo,"Av. Camilo Tavares de Matos, 28, Loja U",3730-240,Vale de Cambra,Vale de Cambra,Aveiro,"Qwôt - Comunicação e Design, Lda.",Cristina Maria dos Santos,,,Cristina Maria dos Santos,Vale de Cambra,Aveiro,,cristinavozdecambra@gmail.com,
100043,20-07-1972,Correio do Minho.pt,Papel/Online,Regional,Informação Geral,Diária,Registo Definitivo,"Pcta. Escola do Magistério, 34 - Apartado 2290",4700-222,Braga,Braga,Braga,"Arcada Nova - Comunicação, Marketing e Publicidade, Lda.",Paulo Nuno Meneses Monteiro,,,"Arcada Nova - Comunicação, Marketing e Publicidade, Lda.",Braga,Braga,,administracao@correiodominho.pt,www.correiodominho.com
100063,26-07-1972,Jornal Nova Aliança,Papel,Regional,Informação Geral,Mensal,Registo Definitivo,Largo da Igreja de S.Vicente s/n,2200-352 Abrantes,Casa Paroquial,Abrantes,Santarém,Associação Cultural e Desenvolvimento Nova Aliança,Pedro Manuel Bernardino Tropa,---,,Associação Cultural e Desenvolvimento Nova Aliança,Abrantes,Santarém,,novalianca@gmail.com,
100069,26-07-1972,Diário de Coimbra,Papel/Online,Regional,Informação Geral,Diária,Registo Definitivo,"R. Adriano Lucas, 161",3020-264,Coimbra,Coimbra,Coimbra,"Diário de Coimbra, Lda.",Adriano Callé da Cunha Lucas,"Miguel Callé Lucas, João Luís Campos",,"Diário de Coimbra, Lda",Coimbra,Coimbra,,redac@diariocoimbra.pt,www.diariocoimbra.pt
100077,27-07-1972,Progresso de Paredes,Papel/Online,Regional,Informação Geral,Quinzenal,Registo Definitivo,"Largo da Feira, Rua Dr. João Gomes Ferreira, 37",4580-116,Paredes,Paredes,Porto,Carla dos Santos Nunes,Carla dos Santos Nunes,,,"UNI - Comunicação, Lda.",Paredes,Porto,,jornalprogresso@gmail.com,www.progressodeparedes.com.pt
100079,28-07-1972,Solidar,Papel/Online,Nacional,Informação Especializada,Semestral,Registo Definitivo,"R. da Sofia, 193",3000-391,Coimbra,Coimbra,Coimbra,"Previdência Portuguesa - Associação Mutualista, A",António Manuel Marques Martins de Oliveira,,,A Previdência Portuguesa - Associação Mutualista,Coimbra,Coimbra,,geral@aprevidenciaportuguesa.pt,https://www.aprevidenciaportuguesa.pt/
100081,28-07-1972,Reconquista,Papel/Online,Regional,Informação Geral,Semanal,Registo Definitivo,"R. de S. Miguel, Nº 3",6000-181,Castelo Branco,Castelo Branco,Castelo Branco,Fábrica da Igreja Paroquial de São Miguel da Sé,José Júlio Cruz,,,Fábrica da Igreja Paroquial de São Miguel da Sé,Castelo Branco,Castelo Branco,,reconquista@reconquista.pt,www.reconquista.pt
100101,25-06-1973,Vértice,Papel/Online,Nacional,Informação Especializada,Trimestral,Registo Definitivo,"Campo Grande, 220-A",1700-094,Lisboa,Lisboa,Lisboa,"Página a Página - Divulgação do Livro, S.A.",Francisco José Névoa Melo,,,"Página a Página - Divulgação do Livro, SA",Lisboa,Lisboa,,isimoes@paginaapagina.pt,https://www.paginaapagina.pt
100103,02-08-1972,Jornal da Marinha Grande,Papel/Online,Regional,Informação Geral,Semanal,Registo Definitivo,"Tv. Vieira de Leiria, 9",2430-276,Marinha Grande,Marinha Grande,Leiria,"Jornal da Marinha Grande, Lda.",António José Lopes Ferreira,,,"Jornal da Marinha Grande, Lda.",Marinha Grande,Leiria,,monica@jornaldamarinha.pt,www.jornaldamarinha.pt
100109,02-08-1972,Fraternidade,Papel,Nacional,Doutrinária,Mensal,Registo Definitivo,"Calçada de Santo António, 14 A/B",1150-313,Lisboa,Lisboa,Lisboa,Associação de Beneficiência Fraternidade,Maria Pires Vasco de Matos Neves,,,Associação de Beneficiência Fraternidade,Lisboa,Lisboa,,abfceak@gmail.com,
100117,03-08-1972,Jornal O Despertar,Papel/Online,Regional,Informação Geral,Semanal,Registo Definitivo,"R. Adriano Lucas, 216 - Armazém D",3020-430,Coimbra,Coimbra,Coimbra,"António de Sousa (Herdeiros), Lda",Lino Vinhal,,,"António de Sousa (Herdeiros), Lda.",Coimbra,Coimbra,,odespertar.jornal@gmail.com,www.odespertar.pt
100128,04-08-1972,Jornal de Sintra,Papel/Online,Regional,Informação Geral,Semanal,Registo Definitivo,"Av. Heliodoro Salgado, 6",2710-572,Sintra,Sintra,Lisboa,"Tipografia Medina, S.A.",Idalina Grácio de Andrade,,,"Tipografia Medina, SA",Sintra,Lisboa,,direcao@jornaldesintra.pt,https://www.jornaldesintra.com/
100162,10-10-1973,A Voz de Leça,Papel,Regional,Informação Geral,Bimestral,Registo Definitivo,Av. Dr. Fernando Aroso,4450-665,Matosinhos,Matosinhos,Porto,Francisco Andrade Moreira da Costa,Francisco Andrade Moreira da Costa,,,Fábrica da Igreja Paroquial de Leça da Palmeira,Matosinhos,Porto,,paroquiadeleca@sapo.pt,
100216,10-08-1973,O Semeador Baptista,Online,Nacional,Doutrinária,Quadrimestral,Registo Definitivo,"R. Luís Simões, 7 - 1º. Dto.",2745-173,Queluz,Sintra,Lisboa,Convenção Baptista Portuguesa,Rui Manuel Santos Cadete Sabino,,,Convenção Baptista Portuguesa,Sintra,Lisboa,,convencao.b.portuguesa@gmail.com,https://convencaobaptista.pt/recursos/semeador-baptista/
100226,11-09-1973,ACP Revista,Papel/Online,Nacional,Informação Especializada,Trimestral,Registo Definitivo,"R. Rosa Araújo, 24",1250-195,Lisboa,Lisboa,Lisboa,Automóvel Clube de Portugal,Rosário Abreu Lima,,,Automóvel Clube de Portugal,Lisboa,Lisboa,,revista@acp.pt,www.acp.pt
100228,16-08-1972,Diário de Notícias,Papel/Online,Regional,Informação Geral,Diária,Registo Definitivo,"R. Dr. Fernão de Ornelas, 56 - 3º",9054-514,Funchal,Funchal,Ilha da Madeira,"Empresa do Diário de Notícias, Lda",Ricardo Miguel Fernandes Oliveira,,Roberto Ferreira,"Empresa do Diario de Noticias, Lda.",Funchal,Ilha da Madeira,Região Autónoma da Madeira,secretariado@dnoticias.pt,www.dnoticias.pt
100233,13-08-1972,Cavaleiro da Imaculada,Papel/Online,Nacional,Doutrinária,Mensal,Registo Definitivo,"R. Duque de Palmela, 11",4000-373,Porto,Porto,Porto,David da Costa Teixeira,David da Costa Teixeira,,,Província Portuguesa da Sociedade Salesiana - Corporação Missionária,Lisboa,Lisboa,,cavaleiro.imaculada@editora.salesianos.pt,https://www.salesianos.pt/arquivo-do-cavaleiro-da-imaculada
100242,16-08-1974,O Dever,Papel,Regional,Informação Geral,Semanal,Registo Definitivo,R. de São Francisco,9930-135,Lajes do Pico,Lajes do Pico,Ilha do Pico,Fábrica da Igreja Paroquial da Santíssima Trindade,António Duarte Azevedo,,,Fábrica da Igreja Paroquial da Santíssima Trindade,Lajes do Pico,Ilha do Pico,Região Autónoma dos Açores,jornalodever@sapo.pt,
100250,17-08-1972,O Olhanense,Papel,Regional,Informação Geral,Quinzenal,Registo Definitivo,"Praça da Restauração, 18 - Galeria ""Pátio""",8700-350,Olhão,Olhão,Faro,Sporting Clube Olhanense,Mário Coelho Proença Leonardo,-,,Sporting Clube Olhanense,Olhão,Faro,,jornal.olhanense1963@hotmail.com,
100252,18-08-1972,Associação Cultural Amigos do Porto,Papel,Regional,Informação Especializada,Anual,Registo Definitivo,"Praça General Humberto Delgado, 267 - 3º - S/10",4000-288,Porto,Porto,Porto,Associação Cultural Amigos do Porto,Maria Natália de Almeida e Sousa Queiroz,,,Associação Cultural Amigos do Porto,Porto,Porto,,amigosdoporto.acap@gmail.com,
100262,18-08-1972,Diário do Sul,Papel/Online,Regional,Informação Geral,Diária,Registo Definitivo,Estrada de Arraiolos - Lugar de S. Bruno aos Arcos da Cartuxa,7000-171,Évora,Évora,Évora,Paulo Jorge Sertório Madeira Piçarra,Manuel José Madeira Piçarra,Manuel José Sertório Piçarra e Maria da Conceição Piçarra,,"Piçarra - Distribuição de Jornais, Lda.",Évora,Évora,,administracao@diariodosul.pt,https://www.diariodosul.pt
100268,18-08-1972,Jornal do Fundão,Papel/Online,Regional,Informação Geral,Semanal,Registo Definitivo,"R. dos Restauradores, Lote 14",6230-499,Fundão,Fundão,Castelo Branco,"Jornal do Fundão Editora, Lda",Nuno Alexandre de Oliveira Marques Francisco,,,"Jornal do Fundão Editora, Lda.",Fundão,Castelo Branco,,geral@jornaldofundao.pt,https://www.jornaldofundao.pt
100277,17-04-1975,Voz da Verdade,Online,Regional,Doutrinária,Semanal,Registo Definitivo,Mosteiro de S. Vicente de Fora,1100-083,Lisboa,Lisboa,Lisboa,"Nova Terra - Empresa Editorial, Lda",Vítor Manuel Fernandes Gonçalves,,,"Nova Terra - Empresa Editorial, Lda",Lisboa,Lisboa,,vozverdade@patriarcado-lisboa.pt,https://vozdaverdade.patriarcado-lisboa.pt/
100299,10-10-1973,Boletim do Contribuinte,Papel/Online,Nacional,Informação Especializada,Quinzenal,Registo Definitivo,"R. Gonçalo Cristóvão, 14, R/C",4000-263,Porto,Porto,Porto,"Vida Económica - Editorial, SA",João Luis Marinho Peixoto de Sousa,,,"Vida Económica - Editorial, SA",Porto,Porto,,mariajoao@vidaeconomica.pt,https://www.vidaeconomica.pt
100308,21-02-1975,Diário do Minho,Papel/Online,Regional,Informação Geral,Diária,Registo Definitivo,"R. de São Brás, 1",4710-073,Braga,Braga,Braga,"Empresa do Diário do Minho, Lda",Damião António Gonçalves Pereira,,,"Empresa do Diário do Minho, Lda",Braga,Braga,,redaccao@diariodominho.pt,https://www.diariodominho.pt
100311,21-08-1972,Boletim Salesiano,Papel/Online,Nacional,Doutrinária,Bimestral,Registo Definitivo,"R. Saraiva de Carvalho, 275",1399-020,Lisboa,Lisboa,Lisboa,Salesianos Editora,Joaquim Antunes Marques Pereira,,,Província Portuguesa da Sociedade Salesiana - Corporação Missionária,Lisboa,Lisboa,,boletim.salesiano@salesianos.pt,www.salesianos.pt/bs
100313,21-08-1972,Sporting,Papel/Online,Nacional,Informação Especializada,Semanal,Registo Definitivo,R. Prof. Fernando da Fonseca,1600-616,Lisboa,Lisboa,Lisboa,Sporting Clube de Portugal,Mafalda Sofia Jerónimo Barbosa,,,Sporting Clube de Portugal,Lisboa,Lisboa,,media@sporting.pt,www.sporting.pt
100334,30-08-1973,Renascimento,Papel,Regional,Informação Geral,Mensal,Registo Definitivo,"Avenida da Liberdade, 20",3530-113,Mangualde,Mangualde,Viseu,"Empresa Jornalística Renascimento, Lda.",Serafim Ferreira Gomes Tavares,Isabel Pimentel Tavares,,"Empresa Jornalística Renascimento, Lda.",Mangualde,Viseu,,jornalrenascimentomangualde@gmail.com,
100338,24-06-1974,O Concelho da Murtosa,Papel,Regional,Informação Geral,Mensal,Registo Definitivo,"Av. 29 de Outubro, 14 - B",3870-226,Murtosa,Murtosa,Aveiro,Joaquim Guilherme de Almeida Belo e Primo,Joaquim Guilherme de Almeida Belo e Primo,,,"Ferreira Primo - Sociedade Unipessoal, Lda.",Murtosa,Aveiro,,jornalcmurtosa@sapo.pt,https://www.jornalcmurtosa
100340,29-12-1972,A Comarca da Sertã,Papel,Regional,Informação Geral,Quinzenal,Registo Definitivo,"R. Dr. Carlos Martins,  7",6100-759,Sertã,Sertã,Castelo Branco,"Verde Press - Edições , Lda",João Miguel Barata Martins,,,"Verde Press - Edições, Lda.",Sertã,Castelo Branco,,acomarcadaserta@gmail.com,
100346,26-09-1973,O Varzeense,Papel,Regional,Informação Geral,Quinzenal,Registo Definitivo,Largo da Igreja,3330-460,Várzea Grande,Góis,Coimbra,Associação Cristã de Cultura e Cidadania de Vila Nova do Ceira,Orlando José Guerra Henriques,,,Associação Cristã de Cultura e Cidadania de Vila Nova do Ceira,Góis,Coimbra,,varzeense@gmail.com,
100383,17-04-1975,O Comércio de Guimarães,Papel/Online,Regional,Informação Geral,Semanal,Registo Definitivo,"R. Dr. José Sampaio, 264",4810-275,Guimarães,Guimarães,Braga,"Guimapress, SA",Joaquim António Pereira Fernandes,,,"Guimapress, SA",Guimarães,Braga,,administracao@guimaraesdigital.com,https://www.guimaraesdigital.pt/index.php/grupo-santiago/o-comercio-de-guimaraes/edicao-da-semana
100398,15-03-1974,O Gaiato,Papel,Regional,Informação Geral,Quinzenal,Registo Definitivo,Casa do Gaiato,4560-373,Paço de Sousa,Penafiel,Porto,Obra da Rua ou Obra do Padre Américo,Júlio de Freitas Pereira,Américo Carvalho Mendes,,Obra da Rua ou Obra do Padre Américo,Penafiel,Porto,,jornal.o.gaiato@obradarua.pt,
100408,26-09-1973,Notícias de Avanca,Papel,Regional,Informação Geral,Mensal,Registo Definitivo,Residência Paroquial de Avanca,3860-133,Avanca,Estarreja,Aveiro,Fábrica da Igreja Paroquial de Avanca,José Henriques da Silva,,,Fábrica da Igreja Paroquial de Avanca,Estarreja,Aveiro,,paroquiadeavanca@gmail.com,
100434,28-08-1972,Segurança,Online,Nacional,Informação Especializada,Bimestral,Registo Definitivo,"R. Nossa Senhora do Socorro, 8, 2º Esq.",2890-318,São Francisco,Alcochete,Setúbal,Maria Isabel Correia Saraiva dos Santos,Maria Isabel Correia Saraiva dos Santos,,,Maria Isabel Correia Saraiva dos Santos,Alcochete,Setúbal,,isabelsantos53@zonmail.pt,http://www.revistaseguranca.eu
100438,28-08-1973,Igreja Açores,Online,Regional,Doutrinária,Diária,Registo Definitivo,"R. dos Canos Verdes, 127",9700-040,Angra do Heroísmo,Angra do Heroísmo,Ilha Terceira,"UGA - União Gráfica Angrense, Unipessoal, Lda",Ricardo António Henriques,,,"UGA. - União Gráfica Angrense, Unipessoal, Lda.",Angra do Heroísmo,Ilha Terceira,Região Autónoma dos Açores,press@diocesedeangra.pt,www.igrejaacores.pt
100440,13-05-1975,Voz do Trabalho,Papel,Nacional,Doutrinária,Bimestral,Registo Definitivo,"Av. Sidónio Pais, 20 - 4º Dto.",1050-215,Lisboa,Lisboa,Lisboa,Liga Operária Católica - Movimento de Trabalhadores Cristãos - (LOC/MTC),Maria de Fátima Moreira Pinto,,,Liga Operária Católica - Movimento de Trabalhadores Cristãos - LOC/MTC,Lisboa,Lisboa,,loc@sapo.pt,www.loc-mtc.ecclesia.pt
100441,04-09-1973,Rosacruz,Papel,Nacional,Informação Especializada,Trimestral,Registo Definitivo,"R. de Manuel Murias, 12 - 5º Esq.",1500-419,Lisboa,Lisboa,Lisboa,Fraternidade Rosacruz de Portugal,Francisco Manuel de Brito Coelho,,,Fraternidade  Rosacruz de Portugal,Lisboa,Lisboa,,rosacruz@mail.telepac.pt,www.rosacruz.pt
100455,28-08-1972,Atlântida,Papel,Nacional,Informação Especializada,Anual,Registo Definitivo,Alto das Covas - Ap. 67,9700-220,Angra do Heroísmo,Angra do Heroísmo,Ilha Terceira,Instituto Açoriano de Cultura,Carlos Lino Portela de Bessa,,,Instituto Açoriano de Cultura,Angra do Heroísmo,Ilha Terceira,Região Autónoma dos Açores,iac@iac-azores.org,
100458,28-08-1972,Cidade de Tomar,Papel/Online,Regional,Informação Geral,Semanal,Registo Definitivo,"Travessa da Cascalheira, 27",2300-522,Tomar,Tomar,Santarém,"Empresa Editora Cidade de Tomar, Lda.",António Cândido Lopes Madureira,,,"Empresa Editora Cidade de Tomar, Lda.",Tomar,Santarém,,publicidade@cidadetomar.pt,
100507,04-09-1973,Notícias dos Arcos,Papel/Online,Regional,Informação Geral,Quinzenal,Registo Definitivo,Largo da Misericórdia,4974-009,Arcos de Valdevez,Arcos de Valdevez,Viana do Castelo,Maria Paula Barros Pinto,Mário Gaspar Leite de Barros Pinto,,,"Jornalgraf, Edições, Lda",Arcos de Valdevez,Viana do Castelo,,noticias.arcos@gmail.com,https://www.noticiasdosarcos.com
100510,29-08-1972,Selecções do Reader's Digest,Papel,Nacional,Informação Geral,Mensal,Registo Definitivo,"R. da Indústria, 4 - 1º.",2614-517,Amadora,Amadora,Lisboa,"Ediclube - Edição e Promoção do Livro, S.A.",Maria José Gomes de Mendonça Taborda Martins,,,"Ediclube - Edição e Promoção do Livro, S.A.",Amadora,Lisboa,,mcosta@seleccoes.pt,www.seleccoes.pt
100512,29-08-1972,Região de Leiria,Papel/Online,Regional,Informação Geral,Semanal,Registo Definitivo,"R. Comissão da Iniciativa, 2 A, Edifício Torre Brasil  - Esc. 312, 3º",2410-098,Leiria,Leiria,Leiria,"Empresa Jornalística Região de Leiria, Lda",Francisco Manuel Gameiro Rebelo Santos,,,"Empresa Jornalística Região de Leiria, Lda.",Leiria,Leiria,,francisco.santos@regiaodeleiria.pt,www.regiaodeleiria.pt
100536,29-08-1972,O Almeirinense,Papel/Online,Regional,Informação Geral,Quinzenal,Registo Definitivo,"R. Almirante Reis, 32",2080-060,Almeirim,Almeirim,Santarém,Santa Casa da Misericordia de Almeirim,Francisco José Braamcamp Lobo de Vasconcelos,Vasco Novais Branco,,Santa Casa da Misericórdia de Almeirim,Almeirim,Santarém,,santacasaalmeirim@scmalm.pt,https://www.almeirinense.com
100538,15-04-1973,CF Correio da Feira,Online,Regional,Informação Geral,Anual,Registo Definitivo,"R. 1º. de Maio, 221 - A",4520-115,Roligo,Santa Maria da Feira,Aveiro,"Efeito Mensagem, Lda.",Nelson Ricardo Gomes da Costa,,,"Efeito Mensagem, Lda.",Santa Maria da Feira,Aveiro,,geral@correiodafeira.pt,https://correiodafeira.pt
100543,29-08-1972,O Figueirense,Papel/Online,Regional,Informação Geral,Mensal,Registo Definitivo,"R. Dr. Calado, 1",3080-153,Figueira da Foz,Figueira da Foz,Coimbra,"Fozcom - Produção e Comunicação Multimédia, S.A.",António Jorge Rocha Lé,,,"Fozcom - Produção e Comunicação Multimédia, S.A.",Figueira da Foz,Coimbra,,direcao@ofigueirense.com,https://www.ofigueirense.com
100544,29-08-1972,Defesa da Beira,Papel,Regional,Informação Geral,Semanal,Registo Definitivo,"Parque Industrial Manuel Lourenço Ferreira, lote 28",3450-113,Barril,Mortágua,Viseu,"Aguieira Imprime, Unipessoal, Lda.",Luís Filipe de Almeida Silva,Manuel António Marques Pereira,,"Aguieira Imprime, Unipessoal, Lda.",Mortágua,Viseu,,defesadabeira@sapo.pt,
100546,29-08-1972,Maria da Fonte,Papel,Regional,Informação Geral,Quinzenal,Registo Definitivo,"Largo  António Lopes, 68/70",4830-516,Póvoa de Lanhoso,Póvoa de Lanhoso,Braga,"Arcada Nova - Comunicação, Marketing e Publicidade, Lda.",Rui Miguel da Graça Silva,,,"Arcada Nova - Comunicação, Marketing e Publicidade, Lda.",Braga,Braga,,jornalmariadafonte@sapo.pt,
100548,30-03-1973,Jornal de Proença,Papel/Online,Regional,Informação Geral,Quinzenal,Registo Definitivo,"Residência Paroquial - R. da Igreja, 1",6150-310,Proença-a-Nova,Proença-a-Nova,Castelo Branco,Virgílio da Mata Martins,Virgílio da Mata Martins,,,Fábrica da Igreja Paroquial de Proença-a-Nova,Proença-a-Nova,Castelo Branco,,direcao@jornalproenca.pt,https://jornalproenca.pt
100552,02-04-1975,Diário dos Açores,Papel/Online,Regional,Informação Geral,Diária,Registo Definitivo,"R. Dr. João Francisco de Sousa, 16",9500-187,Ponta Delgada,Ponta Delgada,Ilha de São Miguel,"Empresa Diário dos Açores, Lda",Paulo Hugo Falcão Pereira de Viveiros,,,"Empresa do Diário dos Açores, Lda.",Ponta Delgada,Ilha de São Miguel,Região Autónoma dos Açores,jornal@diariodosacores.pt,http://diariodosacores.pt/
100556,15-04-1975,V P - Voz Portucalense,Papel,Regional,Informação Geral,Semanal,Registo Definitivo,"Casa Episcopal do Porto, Terreiro da Sé",4050-573,Porto,Porto,Porto,Fundação Voz Portucalense,Manuel  Correia Fernandes,Rui Manuel Lamego Saraiva,,Fundação Voz Portucalense,Porto,Porto,,secretariavp@gmail.com,www.voz-portucalense.pt
100562,30-08-1973,Selos & Moedas,Papel/Online,Nacional,Informação Especializada,Semestral,Registo Definitivo,"Praça Dr. Joaquim de Melo Freitas , 3",3800-158,Aveiro,Aveiro,Aveiro,Secção Filatélica e Numismática do Clube dos Galitos,João Paulo Antunes Henriques dos Santos,Joaquim César da Fonseca Brios,,Clube dos Galitos,Aveiro,Aveiro,,secretaria.geral@galitos.pt,www.galitos.pt
100594,07-05-1973,Defesa de Espinho,Papel/Online,Regional,Informação Geral,Semanal,Registo Definitivo,"Av. 8, 456 - 1º Ljs. R-G-H, Centro Comercial Solverde",4500-205,Espinho,Espinho,Aveiro,"Empes - Empresa de Publicidade de Espinho, Lda",Nuno Henrique Oliveira e Silva,,,"Empes-Empresa Publicidade de Espinho, Lda.",Espinho,Aveiro,,administracao@defesadeespinho.pt,https://www.defesadeespinho.pt/
100619,06-02-1974,Vida Ribatejana,Papel,Regional,Informação Geral,Trimestral,Registo Definitivo,"Centro Comercial da Mina, Loja 3",2600-125,Vila Franca de Xira,Vila Franca de Xira,Lisboa,"Voz Ribatejana, Lda.",Jorge Humberto Perdigoto Talixa,,,Jorge Humberto Perdigoto Talixa,Arruda dos Vinhos,Lisboa,,vidaribatejana@gmail.com,
100648,30-08-1972,O Verdadeiro Almanaque Borda d'Água,Papel,Nacional,Informação Especializada,Anual,Registo Definitivo,"R. Luz Soriano, 31/33",1200-246,Lisboa,Lisboa,Lisboa,"Editorial Minerva Manuel Rodrigues Sucessores, Lda.",Maria Narcisa Fernandes,,,"Editorial Minerva Manuel Rodrigues Sucessores, Lda",Lisboa,Lisboa,,m.fernandes.gerencia@sapo.pt,
100668,31-08-1972,Além-Mar,Papel/Online,Nacional,Doutrinária,Mensal,Registo Definitivo,"Calçada Eng. Miguel Pais, 9",1249-120,Lisboa,Lisboa,Lisboa,Missionários Combonianos do Coração de Jesus,Bernardino Dias Frutuoso,,,Missionários Combonianos do Coração de Jesus,Lisboa,Lisboa,,alem-mar@netcabo.pt,https://www.alem-mar.org
100669,16-04-1975,Audácia,Papel/Online,Nacional,Informação Geral,Mensal,Registo Definitivo,"Calçada Eng. Miguel Pais, 9",1249-120,Lisboa,Lisboa,Lisboa,Editorial Além Mar,Bernardino Dias Frutuoso,,,Missionários Combonianos do Coração de Jesus,Lisboa,Lisboa,,audacia@netcabo.pt,www.audacia.org
100706,31-08-1972,Record,Papel/Online,Nacional,Informação Especializada,Diária,Registo Definitivo,"R. Luciana Stegagno Picchio, 3",1549-023,Lisboa,Lisboa,Lisboa,"Medialivre, S.A.",Bernardo Machado Ribeiro,Sérgio Edgar Krithinas de Freitas,Vítor Manuel da Silva Pinto,"Medialivre, S.A.",Lisboa,Lisboa,,plataforma@medialivre.pt,www.record.pt
100783,23-04-1974,Jornal de Abrantes,Papel/Online,Regional,Informação Geral,Mensal,Registo Definitivo,"Rua General Humberto Delgado - Edifício Mira Rio, Cave - S. Vicente",2200-117,Abrantes,Abrantes,Santarém,"Media On - Comunicação Social, Lda.",Patrícia Susana Lucas Seixas Carlos,,,"Media On - Comunicação Social, Lda.",Abrantes,Santarém,,geral@mediaon.com.pt,
100788,24-06-1974,Voz de Mira de Aire,Papel,Regional,Doutrinária,Mensal,Registo Definitivo,"R. 10 de Junho, 248 - Cartório Paroquial",2485-166,Mira de Aire,Porto de Mós,Leiria,Fábrica da Igreja Paroquial de Mira de Aire,Davide Vieira Gonçalves,,,Fábrica da Igreja Paroquial de Mira de Aire,Porto de Mós,Leiria,,vozmiradeaire@gmail.com,
100805,23-04-1974,Badaladas,Papel/Online,Regional,Informação Geral,Semanal,Registo Definitivo,"R. António Augusto Cabral, 16",2560-307,Torres Vedras,Torres Vedras,Lisboa,"Badaladas, Lda.",Ana Lúcia Martins Alcântara,,,"Badaladas, Lda.",Torres Vedras,Lisboa,,info@badaladas.pt,www.badaladas.pt
100807,31-08-1972,O Informador Fiscal,Online,Nacional,Informação Especializada,Semanal,Registo Definitivo,"R. Domingos Sequeira, 178",4050-230,Porto,Porto,Porto,"O Informador Fiscal (OIF) - Edições Técnicas, Lda.",Rui Araújo Correia,,,"O Informador Fiscal (OIF) - Edições Técnicas, Lda.",Porto,Porto,,geral@informador.pt,https://informador.pt/
100812,25-03-1975,Diário de Lisboa,Papel,Regional,Informação Geral,Anual,Registo Definitivo,"R. de Santo António à Estrela, 84",1350-291,Lisboa,Lisboa,Lisboa,"Renascença Gráfica, Lda.",Rosa Ruela Ramos de Assis Pacheco,,,"Renascença Gráfica, Lda.",Lisboa,Lisboa,,carmoruellaramos@gmail.com,
100874,16-05-1975,Jornal da Beira,Papel/Online,Regional,Informação Geral,Semanal,Registo Definitivo,"R. Nunes de Carvalho, 28",3504-502,Viseu,Viseu,Viseu,Fundação Jornal da Beira,Jorge Alberto da Silva Seixas,,,Fundação Jornal da Beira,Viseu,Viseu,,geral@jornaldabeira.net,www.jornaldabeira.web.pt
100876,18-05-1974,Noticias de Gouveia,Papel/Online,Regional,Informação Geral,Trimensal,Registo Definitivo,R. Dr. Antonio Mendes,6290-321,Gouveia,Gouveia,Guarda,Associação de Beneficiência Popular de Gouveia,Liliana Assunção de Paulo Carona,,,Associação de Beneficiência Popular de Gouveia,Gouveia,Guarda,,noticiasdegouveia@abpg.pt,https://www.noticiasdegouveia.pt
100891,13-05-1974,Cerveira Nova,Papel/Online,Regional,Informação Geral,Quinzenal,Registo Definitivo,"Av. José Luciano de Castro, s/n",4920-277,Vila Nova de Cerveira,Vila Nova de Cerveira,Viana do Castelo,"Rádio Cultural de Cerveira - R.C.C. Cooperativa de Radiodifusão, CRL",Sara Natércia Fontainhas Carpinteira,,,"Rádio Cultural de Cerveira - R.C.C. Cooperativa de Radiodifusão, CRL",Vila Nova de Cerveira,Viana do Castelo,,geral@cerveiranova.pt,https://www.cerveiranova.pt
100899,31-08-1972,Jornal da Madeira,Online,Regional,Doutrinária,Diária,Registo Definitivo,"R. do Jasmineiro, 8 a 10",9000-013,Funchal,Funchal,Ilha da Madeira,Seminário Maior de Nossa Senhora de Fátima,Giselo Alberto Vieira Andrade,,,Seminário Maior de Nossa Senhora de Fátima,Funchal,Ilha da Madeira,Região Autónoma da Madeira,seminariofunchal@sapo.pt,www.jornaldamadeira.com
100902,17-03-1973,Celebração Litúrgica,Papel,Nacional,Doutrinária,Bimestral,Registo Definitivo,R. de Santa Margarida - Seminário Conciliar,4710-306,Braga,Braga,Braga,"Edições Licel, CRL",Manuel Fernando Silva,,,"Edições Licel, C.R.L.",Braga,Braga,,cliturgica@gmail.com,
100916,31-08-1972,Correio dos Açores,Papel/Online,Regional,Informação Geral,Diária,Registo Definitivo,"R. Dr. João Francisco de Sousa, 16",9500-187,Ponta Delgada,Ponta Delgada,Ilha de São Miguel,"Gráfica Açoriana, Lda",Américo Natalino Pereira Viveiros,José Manuel Santos Narciso,Nélia Câmara,"Gráfica Açoreana, Lda.",Ponta Delgada,Ilha de São Miguel,Região Autónoma dos Açores,jornal@correiodosacores.pt,https://www.correiodosacores.pt
100918,01-09-1972,A Bola,Papel/Online,Nacional,Informação Especializada,Diária,Registo Definitivo,"Rua Tomás da Fonseca, Torre E, 7º. Piso",1600-209,Lisboa,Lisboa,Lisboa,"Sociedade Vicra Desportiva, S.A.",Luís Pedro de Paiva Ferreira,Alexandre Pereira,,"Sociedade Vicra Desportiva, SA",Lisboa,Lisboa,,services@abola.pt,www.abola.pt
100943,31-08-1972,A Terra Minhota,Papel,Regional,Informação Geral,Quinzenal,Registo Definitivo,"R. Engenheiro Duarte Pacheco, Loja 10, Edifício Baluarte",4950-454,Monção,Monção,Viana do Castelo,"A Terra Minhota - Jornal e Tipografia, Lda",Francisco Miguel Mendes Alves,Pedro Miguel Bezerra Fernandes,,"A Terra Minhota - Jornal e Tipografia, Lda",Monção,Viana do Castelo,,aterraminhota@gmail.com,
100947,28-04-1975,Jornal de Famalicão,Papel/Online,Regional,Informação Geral,Semanal,Registo Definitivo,"Av. Rebelo Mesquita, 549 - 1º, Sala 7",4760-013,Vila Nova de Famalicão,Vila Nova de Famalicão,Braga,"StageProfit Unipessoal, Lda.",Francisco Mesquita,,,"StageProfit - Unipessoal, Lda.",Vila Nova de Famalicão,Braga,,jornaldefamalicao@gmail.com,jornaldefamalicao.com.pt
100969,24-07-1974,Jornal do Algarve,Papel/Online,Regional,Informação Geral,Semanal,Registo Definitivo,"R. Jornal do Algarve, 46",8900-315,Vila Real de Santo António,Vila Real de Santo António,Faro,Luísa Travassos,Maria Luísa Aleixo Travassos,,,"Viprensa - Sociedade Editora do Algarve, Lda.",Vila Real de Santo António,Faro,,jornaldoalgarve@gmail.com,https://jornaldoalgarve.pt/
100988,01-03-1974,BM - Boletim de Militantes da LOC/MTC,Papel,Nacional,Doutrinária,Trimestral,Registo Definitivo,"Av. Sidónio Pais, 20 - 4º Dto.",1050-215,Lisboa,Lisboa,Lisboa,Liga Operária Católica - Movimento de Trabalhadores Cristãos - (LOC/MTC),Ricardo Cardoso Reis Sá Coelho,,,Liga Operária Católica - Movimento de Trabalhadores Cristãos - LOC/MTC,Lisboa,Lisboa,,loc@sapo.pt,www.loc-mtc.ecclesia.pt
100993,01-09-1972,A Voz de Esmoriz,Papel/Online,Regional,Informação Geral,Mensal,Registo Definitivo,"Av. 29 de Março, 515",3885-517,Esmoriz,Ovar,Aveiro,Comissão de Melhoramentos de Esmoriz,Aurélio da Silva Gomes,,,Comissão de Melhoramentos de Esmoriz,Ovar,Aveiro,,geral@avozdeesmoriz.pt,www.avozdeesmoriz.pt
100997,13-05-1981,Notícias de Viana,Papel/Online,Regional,Informação Geral,Mensal,Registo Definitivo,"R. da Bandeira,  121",4900-560,Viana do Castelo,Viana do Castelo,Viana do Castelo,Diocese de Viana do Castelo,João Eduardo Martins Basto,,,Diocese de Viana do Castelo,Viana do Castelo,Viana do Castelo,,geral@noticiasdeviana.pt,https://www.noticiasdeviana.pt
101007,01-09-1972,Cardeal Saraiva,Papel/Online,Regional,Informação Geral,Semanal,Registo Definitivo,"R. das Neves, 27",4990-142,Ponte de Lima,Ponte de Lima,Viana do Castelo,"Publigest, Lda.",Avelino Jorge Guimarães de Sousa e Castro,,,Dinora Alferes Guimarães de Sousa e Castro,Ponte de Lima,Viana do Castelo,,publigest.adm@gmail.com,www.cardealsaraiva.com
101019,03-08-1973,Notícias da Beira,Papel,Regional,Informação Geral,Quinzenal,Registo Definitivo,Largo. da Misericórdia,3530-131,Mangualde,Mangualde,Viseu,Fundação Cónego Monteiro,Leonor Maria Gonçalves Pacheco Pais,Manuel Pais,,Fundação Cónego Monteiro,Mangualde,Viseu,,noticiasdabeira@paroquiademangualde.pt,
101035,05-09-1972,O Penalvense,Papel,Regional,Informação Geral,Mensal,Registo Definitivo,R. Pe. António Lopes Quinteiro,3550-144,Penalva do Castelo,Penalva do Castelo,Viseu,Fábrica da Igreja Paroquial de Ínsua,José António Marques de Almeida,,,Fábrica da Igreja Paroquial de Ínsua,Penalva do Castelo,Viseu,,penalvacastelo@gmail.com,
101037,03-08-1973,Soberania do Povo,Papel/Online,Regional,Informação Geral,Semanal,Registo Definitivo,"Av. Dr. Eugenio Ribeiro, 89 - 3º",3750-146,Águeda,Águeda,Aveiro,"Soberania do Povo Editora, S.A.",Augusto José Soares Gomes Semedo,,,"Soberania do Povo Editora, SA",Águeda,Aveiro,,contabilidade@soberaniadopovo.pt,www.soberaniadopovo.pt
101065,10-07-1974,Ecos do Sor,Papel,Regional,Informação Geral,Quinzenal,Registo Definitivo,"Centro Paroquial - Largo Marquês de Pombal, 6",7400-230,Ponte de Sor,Ponte de Sor,Portalegre,Fábrica da Igreja Paroquial da Freguesia de Ponte de Sor,Alberto Jorge Porfírio Domingos Tapadas,,,Fábrica da Igreja Paroquial da Freguesia de Ponte de Sor,Ponte de Sor,Portalegre,,ecosdosor@gmail.com,ecosdosor@net.pt
101090,09-09-1972,A Voz de Trás-os-Montes,Papel/Online,Regional,Informação Geral,Semanal,Registo Definitivo,"Rua Olival do Seixo, Lote F, Loja 8",5000-667,Vila Real,Vila Real,Vila Real,"Letras Dinâmicas, Lda.",João Paulo Pimentel Vilela,,,"Letras Dinâmicas, Lda.",Vila Real,Vila Real,,jornal@avozdetrasosmontes.pt,www.avozdetransosmontes.pt
101097,27-05-1974,Notícias de Ourém,Papel,Regional,Informação Geral,Semanal,Registo Definitivo,"Tv. da Bela Vista, 4 - Ljs. 3, 4, 5, 6",2490-569,Ourém,Ourém,Santarém,"Normedia - Comunicação, Lda.",Francisco da Silva Batista Pereira,,,"Normedia - Comunicação, Lda.",Ourém,Santarém,,geral@noticiasdeourem.pt,https://www.noticiasdeourem.pt
101101,12-09-1972,Expresso,Papel/Online,Nacional,Informação Geral,Semanal,Registo Definitivo,"R. Calvet de Magalhães, 242",2770-022,Paço de Arcos,Oeiras,Lisboa,"Impresa Publishing, S.A.",João Pedro da Conceição Vieira Pereira,David Dinis; Miguel Cadete; Paula Santos,,"Impresa Publishing, SA",Oeiras,Lisboa,,snferreira@impresa.pt,www.expresso.pt
101105,13-09-1972,Diário Insular,Papel/Online,Regional,Informação Geral,Diária,Registo Definitivo,"Av. Infante D. Henrique, 1",9700-098,Angra do Heroísmo,Angra do Heroísmo,Ilha Terceira,"Sociedade Terceirense de Publicidade, Lda.",José Manuel Monteiro Lourenço,,,"Sociedade Terceirense de Publicidade, Lda.",Angra do Heroísmo,Ilha Terceira,Região Autónoma dos Açores,dipublicidade@diarioinsular.pt,http://www.diarioinsular.pt/
101116,10-12-1973,Correio do Vouga,Papel,Regional,Doutrinária,Semanal,Registo Definitivo,"R. Batalhão de Caçadores Dez, 81",3810-064,Aveiro,Aveiro,Aveiro,"Tempo Novo - Multimédia - Edição e Venda de Publicações, Lda",António Jorge Pires Ferreira,,,"Tempo Novo - Multimédia - Edição e Venda de Publicações, Lda",Aveiro,Aveiro,,cv@correiodovouga.pt,www.ecclesia.pt/correiodov
101133,12-07-1974,Trevim,Papel,Regional,Informação Geral,Quinzenal,Registo Definitivo,"R. dos Combatentes da Grande Guerra, 3 - R/C Dto",3200-216,Lousã,Lousã,Coimbra,"Trevim - Cooperativa Editora e de Promocao Cultural, C.R.L.",Maria Luísa Duarte Pinto Ângelo Correia Agostinho,,,"Trevim - Cooperativa Editora e de Promoção Cultural, C.R.L.",Lousã,Coimbra,,trevim.adm@sapo.pt,www.trevim.pt
101142,05-05-1975,Colóquio,Papel,Nacional,Informação Especializada,Semestral,Registo Definitivo,"Av. de Berna, 45",1067-001,Lisboa,Lisboa,Lisboa,Fundação Calouste Gulbenkian,Joana Matos Frias,,,Fundação Calouste Gulbenkian,Lisboa,Lisboa,,coloquioletras@gulbenkian.pt,
101249,05-09-1974,O Primeiro de Janeiro,Online,Nacional,Informação Geral,Diária,Registo Definitivo,"Pr. Carlos Alberto, 123 - 2º Piso",4050-526,Porto,Porto,Porto,"COM+ Comunicação, Lda",Eduardo de Oliveira Costa,,,"Popquestion - Unipessoal, Lda.",Lisboa,Lisboa,,info@oprimeirodejaneiro.com.pt,www.oprimeirodejaneiro.com.pt
101266,03-10-1972,A Voz do Mar,Papel,Regional,Informação Geral,Mensal,Registo Definitivo,"R. D. Luís de Ataíde, 54, 1º",2520-408,Peniche,Peniche,Leiria,Fábrica da Igreja Paroquial da Freguesia de N.ª S.ª da Ajuda de Peniche,Ivo Manuel Marques dos Santos,,,Fábrica da Igreja Paroquial da Freguesia de N.ª S.ª da Ajuda da Cidade de Peniche,Peniche,Leiria,,jornalavozdomar@gmail.com,www.vozdomar.pt
101280,07-10-1972,Publituris,Papel/Online,Nacional,Informação Especializada,Quinzenal,Registo Definitivo,"Av. Álvares Cabral 61, 6.º",1250-127,Lisboa,Lisboa,Lisboa,"Publiotel - Empresa de Publicações Turísticas Hoteleiras, Sociedade Unipessoal, Lda.",Victor Manuel Pardal Jorge,,,"Publiotel - Empresa de Publicações Turísticas Hoteleiras, Sociedade Unipessoal, Lda.",Lisboa,Lisboa,,geral@publituris.pt,www.publituris.pt
101324,17-10-1972,Vida Rural,Papel/Online,Nacional,Informação Especializada,Mensal,Registo Definitivo,"Av. da Liberdade, 144, 3º",1250-146,Lisboa,Lisboa,Lisboa,"Abilways Portugal, S.A.",Isabel Maria Duarte Martins,,,"Abilways Portugal, S.A.",Lisboa,Lisboa,,assinaturas@abilways.com,https://www.vidarural.pt
101326,17-10-1972,Diário de Notícias,Papel/Online,Nacional,Informação Geral,Diária,Registo Definitivo,"Rua Mouzinho da Silveira, 27, 2º Andar. Lisboa",1250-166,Lisboa,Lisboa,Lisboa,"Global Notícias - Media Group, SA",Filipe dos Santos Alves,"Leonídio Paulo Ferreira, Nuno Vinha","Margarida Vaqueiro Lopes, Cecilia Carmo","Global Notícias - Media Group, S.A.",Lisboa,Lisboa,,ricardo.ferro@globalmediagroup.pt,www.dn.pt
101374,25-10-1972,Lar Cristão,Papel/Online,Nacional,Doutrinária,Trimestral,Registo Definitivo,"R. Luís Simões, 7, 1º Dto.",2745-035,Queluz,Sintra,Lisboa,"Cebapes - Centro Baptista de Publicações, Lda",Noémia de Jesus Palminha Valente Fernandes,,,"CEBAPES - Centro Baptista de Publicações, Unipessoal, Lda.",Sintra,Lisboa,,geral@livrariabaptista.com.pt,https://www.livrariabaptista.com.pt
101387,01-08-1974,Jornal da Família,Papel,Nacional,Informação Especializada,Mensal,Registo Definitivo,"R. Sociedade Farmacêutica, 39",1150-338,Lisboa,Lisboa,Lisboa,Instituto Secular das Cooperadoras da Família,Maria da Conceição Gomes Vieira,,,Instituto Secular das Cooperadoras da Família,Lisboa,Lisboa,,jornaldafamilia@iscf.pt,www.iscf.pt
101391,02-04-1975,Diabetes - Viver Em Equilibrio,Papel/Online,Nacional,Informação Especializada,Trimestral,Registo Definitivo,"R. do Salitre, 118/120",1250-203,Lisboa,Lisboa,Lisboa,Pedro Matos,José Manuel Gamboa Pestana Boavida,,,APDP-Associação Protectora dos Diabéticos de Portugal,Lisboa,Lisboa,,revista@apdp.pt,https://apdp.pt/apdp/revista-diabetes/
101394,10-08-1973,Ação Missionária,Papel,Nacional,Doutrinária,Mensal,Registo Definitivo,"R. de Santo Amaro, 51",1200-801,Lisboa,Lisboa,Lisboa,Província Portuguesa da Congregação do Espírito Santo,Vitor Narciso Martins da Silva,,,Província Portuguesa da Congregação do Espírito Santo,Lisboa,Lisboa,,a-missionaria@espiritanos.pt,www.espiritanos.org/am
101423,08-11-1972,A Voz de Ermesinde,Papel/Online,Regional,Informação Geral,Mensal,Registo Definitivo,"Largo António da Silva Moreira Canório, Casa 2",4445-280,Ermesinde,Valongo,Porto,Centro Social de Ermesinde,Manuel Augusto Dias,,,Centro Social de Ermesinde,Valongo,Porto,,avozdeermesinde@gmail.com,www.avozdeermesinde.com
101449,15-11-1972,O Caminhense,Papel/Online,Regional,Informação Geral,Mensal,Registo Definitivo,"R. da Corredoura, 117",4910-133,Caminha,Caminha,Viana do Castelo,Herdeiros de António José Guerreiro Cepa,Elsa Maria Gomes Guerreiro Cepa,,Cristiano Guerreiro Cepa,Herdeiros de António José Guerreiro Cepa,Caminha,Viana do Castelo,,geral@jornalc.pt,www.jornalc.pt
101455,16-11-1972,Boa Semente,Papel,Nacional,Doutrinária,Mensal,Registo Definitivo,"Av. Almirante Gago Coutinho, 158",1700-033,Lisboa,Lisboa,Lisboa,Assembleia de Deus Pentecostal,Ana Luísa do Rosário Ramalho Rosa,,,Assembleia de Deus Pentecostal,Lisboa,Lisboa,,geral@assinaturascapu.com,https://issuu.com/livrariacapu
101458,16-11-1972,Novas de Alegria,Papel/Online,Nacional,Doutrinária,Mensal,Registo Definitivo,"Av. Almirante Gago Coutinho, 158",1700-033,Lisboa,Lisboa,Lisboa,Assembleia de Deus Pentecostal,Ana Luísa do Rosário Ramalho Rosa,,,Assembleia de Deus Pentecostal,Lisboa,Lisboa,,na.revista@gmail.com,https://assinaturascapu.com/pt/produtos/novas-de-alegria
101474,08-04-1975,Boa Nova - Actualidade Missionária,Papel/Online,Nacional,Doutrinária,Mensal,Registo Definitivo,"Largo da Igreja, Apartado 40",3720-391,Cucujães,Oliveira de Azeméis,Aveiro,Sociedade Portuguesa das Missões Católicas Ultramarinas/Sociedade Missionária da Boa Nova,Rui Jorge Santos Vieira Ferreira,Eva Trindade Dias,,Sociedade Portuguesa das Missões Católicas Ultramarinas/Sociedade Missionária da Boa Nova,Lisboa,Lisboa,,missio.boanova@missioboanova.com,https://revista.boanova.pt/
101475,28-05-1975,Voz da Missão,Papel,Nacional,Doutrinária,Mensal,Registo Definitivo,Seminário das Missões,3720-391,Cucujães,Oliveira de Azeméis,Aveiro,Sociedade Portuguesa das Missões Católicas Ultramarinas/Sociedade Missionária da Boa Nova,Joaquim Manuel da Silva Pinho,,Artur Matos,Sociedade Portuguesa das Missões Católicas Ultramarinas/Sociedade Missionária da Boa Nova,Lisboa,Lisboa,,missio.boanova@missioboanova.com,
101487,28-11-1972,Voz da Minha Terra,Papel,Regional,Informação Geral,Mensal,Registo Definitivo,Rua Voz da Minha Terra,6120-745,Mação,Mação,Santarém,União Cultural Voz da Minha Terra,Amândio da Trindade das Neves Bártolo Mateus,José Carlos Silva Gueifão,,União Cultural Voz da Minha Terra,Mação,Santarém,,voz.da.minha.terra@gmail.com,
101525,27-02-1973,Combatente,Papel/Online,Nacional,Informação Especializada,Trimestral,Registo Definitivo,"R. João Pereira da Rosa, 18",1249-032,Lisboa,Lisboa,Lisboa,Liga dos Combatentes,Joaquim Chito Rodrigues,,,Liga dos Combatentes,Lisboa,Lisboa,,geral@ligacombatentes.org,http://www.ligacombatentes.org
101538,30-08-1974,Moeda,Papel,Nacional,Informação Especializada,Trimestral,Registo Definitivo,"R. Professor Mário Chicó, 7 - 3D",1600-643,Lisboa,Lisboa,Lisboa,"Publinummus - Publicações de Numismatica, Lda.",Maria Adelina Reis Mendes Almeida Correia,,,"Publinummus - Publicações de Numismática, Lda.",Lisboa,Lisboa,,revistamoeda@hotmail.com,
101560,22-03-1974,Portugal Evangélico,Online,Nacional,Doutrinária,4 x ano,Registo Definitivo,"Praça Coronel Pacheco, 23",4050-453,Porto,Porto,Porto,Joana Rute Pereira da Silva,José Sifredo Oliveira Linhares Teixeira,,,Igreja Evangélica Metodista Portuguesa,Porto,Porto,,sede@igrejametodista.pt,https://www.vozmetodista.pt/
101605,22-03-1973,Mensageiro de Alter,Papel,Regional,Informação Geral,Bimestral,Registo Definitivo,"Av. Padre José Agostinho Rodrigues, 74",7440-014,Alter do Chão,Alter do Chão,Portalegre,Paulo Henriques Dias,Paulo Henriques Dias,,,Fabrica da Igreja Paroquial de Nossa Senhora da Assunção de Alter do Chão,Alter do Chão,Portalegre,,pauloter@sapo.pt,
101609,22-03-1973,Ecos da Sobreira,Papel,Regional,Informação Geral,Mensal,Registo Definitivo,Casa Paroquial de Sobreira Formosa,6150-737,Sobreira Formosa,Proença-a-Nova,Castelo Branco,Anabela Martins Lopes Alves,Manuel Lopes Mendonça,,,Fábrica da Igreja Paroquial da Freguesia de Sobreira Formosa,Proença-a-Nova,Castelo Branco,,ecosdasobreira@gmail.com,
101610,19-05-1975,Igreja e Missão,Papel,Nacional,Doutrinária,Quadrimestral,Registo Definitivo,Seminário da Boa Nova,4405-535,Vila Nova de Gaia,Vila Nova de Gaia,Porto,Sociedade Portuguesa das Missões Católicas Ultramarinas/Sociedade Missionária da Boa Nova,Luís Miguel Pereira Castro,Nuno Alexandre Henriques de Lima,,Sociedade Portuguesa das Missões Católicas Ultramarinas/Sociedade Missionária da Boa Nova,Lisboa,Lisboa,,smbn.igrejamissao@gmail.com,www.boanova.pt
101681,18-08-1972,Mensageiro de Bragança,Papel/Online,Regional,Informação Geral,Semanal,Registo Definitivo,R. Dr. Herculano da Conceição,5300-032,Bragança,Bragança,Bragança,Fundação Mensageiro de Bragança,António Gonçalves Rodrigues,,,Fundação Mensageiro de Bragança,Bragança,Bragança,,geral@mdb.pt,www.mdb.pt
101698,10-07-1973,Voz de Fragoso,Papel,Regional,Doutrinária,Bimestral,Registo Definitivo,"R. Dr. José António Vieira, 55",4905-084,Fragoso,Barcelos,Braga,Manuel de Brito Ferreira,Manuel de Brito Ferreira,,,Conselho Económico Paroquial S. Pedro - Fragoso,Barcelos,Braga,,pe.manuel.brito.ferreira@gmail.com,
101724,26-03-1973,O Ilhavense,Papel/Online,Regional,Informação Geral,Quinzenal,Registo Definitivo,"R. Serpa Pinto, 16 R/C",3830-223,Ílhavo,Ílhavo,Aveiro,"Telecal-Empresa Jornalística, Lda.",David Manuel Labrincha Calão,,,"Telecal - Empresa Jornalistica, Lda.",Ílhavo,Aveiro,,o.ilhavense@gmail.com,http://oilhavense.com/jornal-online/
101753,11-04-1975,Notícias da Covilhã,Papel,Regional,Informação Geral,Semanal,Registo Definitivo,"R. Jornal Noticias da Covilhã, 65 R/C",6201-015,Covilhã,Covilhã,Castelo Branco,"Gold Digger, Unipessoal Lda.",Francisco Manuel de Figueiredo dos Santos,,,"Gold Digger, Unipessoal Lda.",Sintra,Lisboa,,geral@noticiasdacovilha.pt,https://noticiasdacovilha.pt
101759,28-04-1975,O Benfica,Papel/Online,Nacional,Informação Especializada,Semanal,Registo Definitivo,"Estádio do Sport Lisboa e Benfica, Av. Eusébio da Silva Ferreira",1500-313,Lisboa,Lisboa,Lisboa,Sport Lisboa e Benfica,Pedro Borges de Sousa da Silva Pinto,,,Sport Lisboa e Benfica,Lisboa,Lisboa,,jornalbenfica@slbenfica.pt,www.slbenfica.pt
101765,05-03-1974,O Conquistador,Papel,Regional,Informação Geral,Mensal,Registo Definitivo,"R. Santa Maria, 6",4800-443,Guimarães,Guimarães,Braga,Fábrica da Igreja Paroquial de Nossa Senhora da Oliveira,Paulino Alfredo de Oliveira Carvalho,,,Fábrica da Igreja Paroquial de Nossa Senhora da Oliveira,Guimarães,Braga,,jornal@oconquistador.com,
101776,03-04-1975,Gazeta de Paços de Ferreira,Papel/Online,Regional,Informação Geral,Quinzenal,Registo Definitivo,"R. Zé da Redação, 19",4595-279,Meixomil,Paços de Ferreira,Porto,António Álvaro dos Santos Neto,António Álvaro dos Santos Neto,,,"Audazescrita, Lda.",Paços de Ferreira,Porto,,gazetapacosdeferreira@gmail.com,https://gazetapacosdeferreira.pt/
101834,12-06-1973,O Sesimbrense,Papel/Online,Regional,Informação Geral,Mensal,Registo Definitivo,"Rua da República, 57",2970-741,Sesimbra,Sesimbra,Setúbal,Liga dos Amigos de Sesimbra,Vanessa Pinto Pereira,,,Liga dos Amigos de Sesimbra,Sesimbra,Setúbal,,lasesimbra@gmail.com,www.osesimbrense.com.pt
101875,23-05-1975,Jornal da Bairrada,Papel/Online,Regional,Informação Geral,Semanal,Registo Definitivo,R. Dr. Alberto Tavares Castro - Urb. O  Adro - Bl. 5 - Nº 25,3770-205,Oliveira do Bairro,Oliveira do Bairro,Aveiro,"Editorial Jornal da Bairrada, Lda",Oriana Beatriz Pataco Cardoso,,,"Editorial Jornal da Bairrada, Lda",Oliveira do Bairro,Aveiro,,jb@jb.pt,www.jb.pt
101877,23-10-1973,Fogo de Campo,Papel,Regional,Informação Especializada,Trimestral,Registo Definitivo,"R. Capitão Leitão, 8 - 1º",2800-132,Almada,Almada,Setúbal,Clube de Campismo do Concelho de Almada,Luís Filipe Araújo Ramos,,Vítor Marques Martins,Clube de Campismo do Concelho de Almada,Almada,Setúbal,,p.costa@ccca.pt,
101885,07-03-1974,O Concelho de Estarreja,Papel,Regional,Informação Geral,Mensal,Registo Definitivo,"R. da Imprensa, 64",3860-496,Pardilhó,Estarreja,Aveiro,João Sousa Mota,Mário Rui da Silva Oliveira,,,"Domingas Cândida de Matos e Sousa Mota, Herdeiros",Estarreja,Aveiro,,admjornalocde@gmail.com,www.oconcelhodeestarreja.com
101908,06-08-1973,O Jornal de Vieira,Papel/Online,Regional,Informação Geral,Quinzenal,Registo Definitivo,Lg. Prof. Brás da Mota,4850-525,Vieira do Minho,Vieira do Minho,Braga,Arciprestado de Vieira do Minho,Luís Taborda Silva Jácome,Barbosa Antunes,,Arciprestado de Vieira do Minho,Vieira do Minho,Braga,,jornalvieira@hotmail.com,www.jornaldevieira.com
101917,06-02-1974,Correio de Coimbra,Online,Regional,Doutrinária,Semanal,Registo Definitivo,"R. Domingos Vandelli, 2",3004-547,Coimbra,Coimbra,Coimbra,Communis Missio - Instituto Diocesano de Comunicação,Sónia Raquel da Cunha Neves,,,Seminário Maior da Sagrada Família de Coimbra,Coimbra,Coimbra,,redacao@correiodecoimbra.pt,https://www.correiodecoimbra.pt
101918,11-08-1973,O Amigo do Povo,Papel,Regional,Doutrinária,Semanal,Registo Definitivo,"R. Domingos Vandelli, 2",3004-547,Coimbra,Coimbra,Coimbra,Communis Missio - Instituto Diocesano de Comunicação,Orlando José Guerra Henriques,,,Seminário Maior da Sagrada Família de Coimbra,Coimbra,Coimbra,,oamigodopovo@gmail.com,
101952,29-08-1973,Hoje,Papel,Nacional,Doutrinária,Semestral,Registo Definitivo,"R. Ramiro Ferrão, 12-A",2805-346,Almada,Almada,Setúbal,"UBEP, Sociedade Unipessoal, Lda.",Pedro Daniel Valente Morais da Silva,,,União Bíblica,Sintra,Lisboa,,pedrosilva@uniaobiblica.com,www.uniaobiblica.com
101953,29-08-1973,Dia a Dia,Papel,Nacional,Doutrinária,Semestral,Registo Definitivo,"R. Ramiro Ferrão, 12 A",2800-200,Almada,Almada,Setúbal,"UBEP, Sociedade Unipessoal, Lda.",Pedro Daniel Valente Morais da Silva,,,União Bíblica,Sintra,Lisboa,,pedrosilva@uniaobiblica.com,www.uniaobiblica.com
101960,30-08-1972,A Voz de Melgaço,Papel,Regional,Informação Geral,Mensal,Registo Definitivo,"Largo da Senhora-a-Branca, 105",4710-926,Braga,Braga,Braga,"Jornal A Voz de Melgaço, Lda",Carlos Nuno Salgado Vaz,,,"Jornal a Voz de Melgaço, Lda.",Braga,Braga,,jornal.vozmelgaco@gmail.com,
101971,09-08-1973,Jornal Boa Nova,Papel,Regional,Informação Geral,Bimensal,Registo Definitivo,"R. dos Bombeiros Voluntários de Cantanhede, 330",3060-163,Cantanhede,Cantanhede,Coimbra,Fábrica da Igreja Paroquial de Cantanhede,João Pedro Lopes da Silva,,,Fábrica da Igreja Paroquial de Cantanhede,Cantanhede,Coimbra,,noticias@jornalboanova.pt,
101977,06-03-1974,Serras de Ansião,Papel,Regional,Informação Geral,Mensal,Registo Definitivo,"R. Combatentes da Grande Guerra, 91",3240-133,Ansião,Ansião,Leiria,"Serras de Ansião - Notícias e Publicidade, Lda.",Leonel Pimenta Antunes,,,"Serras de Ansião - Notícias e Publicidade, Lda.",Ansião,Leiria,,jornal.s.ansiao@mail.telepac.pt,
102025,10-11-1973,Luz - Boletim Interparoquial,Papel,Regional,Informação Geral,Mensal,Registo Definitivo,"Rua da Casa Paroquial, 122",3240-690,Santiago da Guarda,Ansião,Leiria,"Rádio Vida Nova, CRL",Silvério Santos Domingues,,,Fábrica da Igreja Paroquial da Freguesia de Santiago da Guarda,Ansião,Leiria,,luzboletiminterparoquial@gmail.com,
102073,25-03-1974,Paionense,Papel,Regional,Informação Geral,Mensal,Registo Definitivo,"R. Direita, 44",3090-495,Paião,Figueira da Foz,Coimbra,Fábrica da Igreja Paroquial de Paião,Paulo Fernando Silvestre Filipe,,,Fábrica da Igreja Paroquial de Paião,Figueira da Foz,Coimbra,,mirandaseguros@sapo.pt,
102077,15-05-1975,Beira Vouga,Papel/Online,Regional,Informação Geral,Quinzenal,Registo Definitivo,"R. da Torre n.º 15, loja 2, R/c Dt",3740-264,Sever do Vouga,Sever do Vouga,Aveiro,"Prosas e Títulos - Comunicação, Lda.",Paulo Jonas Ferreira Simões,,,"Resumo Próprio - Comunicação Unipessoal, Lda.",Albergaria-a-Velha,Aveiro,,geral@jornaldealbergaria.pt,www.beiravouga.pt
102133,13-05-1975,Noticias do Douro,Papel/Online,Regional,Informação Geral,Semanal,Registo Definitivo,Av. de Ovar,5050-223,Peso da Régua,Peso da Régua,Vila Real,"Dodouro Press/Net, Lda.",Armando Mansilha Almeida,Nuno Alexandre Mansilha,,"Dodouro Press/Net, Lda.",Peso da Régua,Vila Real,,noticias.do.douro@gmail.com,http://www.noticiasdodouro.pt
102148,14-05-1974,Voz do Sado,Papel,Regional,Informação Geral,Mensal,Registo Definitivo,Largo de Santiago,7580-108,Alcácer do Sal,Alcácer do Sal,Setúbal,Fábrica da Igreja Paroquial de Santiago de  Alcácer do Sal,Jerónimo Pereira Fernandes,,,Fábrica da Igreja Paroquial de Alcácer do Sal,Alcácer do Sal,Setúbal,,vozdosado@hotmail.com,
102150,13-12-1974,A Guarda,Papel,Regional,Informação Geral,Semanal,Registo Definitivo,"R. Marquês de Pombal, 55 - 61",6300-728,Guarda,Guarda,Guarda,"Casa Véritas - Editora, Lda",Francisco Pereira Barbeira,,,"Casa Véritas- Editora, Lda.",Guarda,Guarda,,geral@casaveritas.pt,www.jornalaguarda.com
102190,05-04-1975,Mundo Columbófilo,Papel,Nacional,Informação Especializada,Mensal,Registo Suspenso,"R. Duque da Terceira, 293",4000-536,Porto,Porto,Porto,Gustavo Fernando Almeida Moura,Gustavo Fernando de Almeida Moura,Luís Gustavo Pinto de Almeida Moura,,Gustavo Fernando de Almeida Moura,Porto,Porto,,info@mundocolumbofilo.com,
102203,21-02-1975,Olimpo,Papel,Nacional,Informação Especializada,Anual,Registo Definitivo,"Travessa da Memória, 36",1300-403,Lisboa,Lisboa,Lisboa,Comité Olimpico de Portugal,Fernando Gomes,,,Comité Olimpico de Portugal,Lisboa,Lisboa,,correio@comiteolimpicoportugal.pt,
102222,13-05-1975,Folha do Domingo,Papel/Online,Regional,Doutrinária,Quinzenal,Registo Definitivo,"R. do Município, 14 - 1º. Dto.",8000-398,Faro,Faro,Faro,"Domus Ossónoba, Lda.",Samuel Domingos Beirão Mendonça,,,Diocese do Algarve,Faro,Faro,,folha.domingo@diocese-algarve.pt,https://folhadodomingo.pt
102235,27-11-1974,Avante,Papel,Nacional,Doutrinária,Semanal,Registo Definitivo,"R. Soeiro Pereira Gomes, 3",1600-096,Lisboa,Lisboa,Lisboa,"Editorial Avante, SA",Manuel Rodrigues,,,Partido Comunista Português - PCP,Lisboa,Lisboa,,avante@avante.pt,www.avante.pt
102251,20-06-1974,Domingo Magazine,Papel,Regional,Informação Geral,Anual,Registo Definitivo,"R. Adriano Lucas, 161",3020-430,Coimbra,Coimbra,Coimbra,"Adriano Lucas, Lda.",Adriano Callé Cunha Lucas,,,"Adriano Lucas, Lda.",Coimbra,Coimbra,,jorge.dinis@diariocoimbra.pt,
102384,30-12-1974,Raio de Luz,Papel/Online,Regional,Informação Geral,Mensal,Registo Definitivo,"Av. D. Manuel da Silva Martins, 8",2970-585,Sampaio,Sesimbra,Setúbal,Centro de Estudos Culturais e de Acção Social Raio de Luz,Maria Teresa Pereira Rosa Mayer,,,Centro de Estudos Culturais e de Acção Social Raio de Luz,Sesimbra,Setúbal,,geral@raio-de-luz.org,https://geral251.wixsite.com/cecas-raio-de-luz/jornal-raio-de-luz
102457,20-02-1975,Barlavento,Online,Regional,Informação Geral,Diária,Registo Definitivo,"Parque Empresarial do Algarve, 7",8400-431,Lagoa,Lagoa (Algarve),Faro,"Porlagmédia - Edição e Distribuição, Lda.",Bruno Filipe de Oliveira Pires,,,"Porlagmédia - Edição e Distribuição, Lda.",Portimão,Faro,,simpliciosanto@sapo.pt,https://barlavento.pt
102521,30-05-1975,Eco das Missões,Papel,Nacional,Doutrinária,Bimestral,Registo Definitivo,"R. Eduardo Noronha, 51",1700-151,Lisboa,Lisboa,Lisboa,Irmãs Missionárias de São Pedro Claver,Danisia Helena Lima Monteiro,,,Irmãs Missionárias de São Pedro Claver,Lisboa,Lisboa,,redacaoeco@gmail.com,www.irmasclaverianas.org
102545,28-11-1972,Jornal Miradouro,Papel,Regional,Informação Geral,Mensal,Registo Definitivo,Casa da Azenha - Boassas - Cinfães,4690-405,Boassas,Cinfães,Viseu,Manuel José Santos da Cerveira Pinto Ferreira,Manuel Cerveira Pinto Ferreira,,Manuel dos Santos da Cerveira Pinto Ferreira,"Jornal Miradouro - Edições, Lda.",Cinfães,Viseu,,jornalmiradouro@sapo.pt,
102551,12-05-1973,Ecos do Sameiro,Papel,Regional,Doutrinária,Mensal,Registo Definitivo,"Av. Nossa Senhora do Sameiro, 40 (Apartado 251)",4715-616,Braga,Braga,Braga,Confraria Nossa Senhora do Monte Sameiro,José Paulo Leite Abreu,,,Confraria Nossa Senhora do Monte Sameiro,Braga,Braga,,geral@santuariodosameiro.pt,www.diocese.braga.pt/sameiro/
102555,08-08-1972,Correio do Ribatejo,Papel/Online,Regional,Informação Geral,Semanal,Registo Definitivo,"R. Serpa Pinto, 98",2000-046,Santarém,Santarém,Santarém,"Verdade das Palavras Comunicação Social, Lda",João Paulo Jesus Narciso,,,"Verdade das Palavras Comunicação Social, Lda.",Santarém,Santarém,,paulo.narciso@correiodoribatejo.pt,www.correiodoribatejo.pt
102573,24-06-1975,O Militante,Papel/Online,Nacional,Doutrinária,Bimestral,Registo Definitivo,"R. Soeiro Pereira Gomes, 3",1600-196,Lisboa,Lisboa,Lisboa,"Editorial Avante, SA",Albano Freire Nunes,,,Partido Comunista Português - PCP,Lisboa,Lisboa,,pcp@pcp.pt,www.pcp.pt
102578,27-06-1975,Almanaque de Santo António,Papel,Nacional,Informação Geral,Anual,Registo Definitivo,"Largo da Luz, 11",1600-498,Lisboa,Lisboa,Lisboa,Editorial Franciscana,José  Alberto de Oliveira,,,Província Portuguesa da Ordem Franciscana,Lisboa,Lisboa,,edfranciscana@editorialfranciscana.org,
102581,27-06-1975,Missões Franciscanas,Papel,Nacional,Doutrinária,Mensal,Registo Definitivo,"R. dos Mártires, 1",2400-187,Leiria,Leiria,Leiria,União Missionária Franciscana,Álvaro Cruz Santos da Silva,Vitor Manuel Gomes Rafael,,União Missionária Franciscana,Leiria,Leiria,,umfprocnac@gmail.com,www.união-missionária-franciscana.org
102728,31-12-1975,O Regional,Papel/Online,Regional,Informação Geral,Semanal,Registo Definitivo,"Rua 11 de Outubro, 178 - Apartado 135",3700-210,São João da Madeira,São João da Madeira,Aveiro,"José Soares da Silva, Lda.",Manuel Joaquim Ferreira da Rocha,,,"José Soares da Silva, Lda.",São João da Madeira,Aveiro,,jornal@oregional.pt,www.oregional.pt
104003,01-08-1975,O Alcoa,Papel/Online,Regional,Informação Geral,Quinzenal,Registo Definitivo,"R. Miguel Bombarda, 8",2460-068,Alcobaça,Alcobaça,Leiria,Fábrica da Igreja Paroquial do Santíssimo Sacramento de Alcobaça,Catarina Maria Mendes Cardoso Ferreira Reis,,,Fábrica da Igreja Paroquial do Santíssimo Sacramento de Alcobaça,Alcobaça,Leiria,,geral@oalcoa.com,www.oalcoa.com
104006,01-08-1975,Voz de Alpiarça,Papel,Regional,Informação Geral,Mensal,Registo Definitivo,"R. Alfredo Lima, 5",2090-045,Alpiarça,Alpiarça,Santarém,Fábrica da Igreja Paroquial de Santo Eustáquio,Tiago Filipe Valério Pires,,,Fábrica da Igreja Paroquial da Freguesia de Santo Eustáquio de Alpiarça,Alpiarça,Santarém,,vozdealpiarca@sapo.pt,
104007,31-08-1972,Alvorada,Papel/Online,Regional,Informação Geral,Quinzenal,Registo Definitivo,Largo da República - Centro Pastoral  Santo António,2530-120,Lourinhã,Lourinhã,Lisboa,Fábrica da Igreja Paroquial de Nossa Senhora da Anunciação da Lourinhã,Ricardo Miguel Sousa Franco,,,Fábrica da Igreja Paroquial de Nossa Senhora da Anunciação da Lourinhã,Lourinhã,Lisboa,,jornal@alvorada.pt,www.alvorada.pt
104045,27-08-1975,Luta Popular,Online,Nacional,Doutrinária,Semanal,Registo Definitivo,"R. da Palma, 159 - 2.º Dto.",1100-391,Lisboa,Lisboa,Lisboa,Partido Comunista dos Trabalhadores Portugueses - PCTP/MRPP,João Manuel Valente Pinto,,,Partido Comunista dos Trabalhadores Portugueses - PCTP/MRPP,Lisboa,Lisboa,,pctpmrpp1970@gmail.com,www.lutapopularonline.org
104144,24-11-1975,Notícias de Vouzela,Papel/Online,Regional,Informação Geral,Semanal,Registo Definitivo,Praça da República 17,3670-245,Vouzela,Vouzela,Viseu,"Sociedade Editora Lafonense, Ldª",Lino Augusto Vinhal,,,"Sociedade Editora Lafonense, Lda.",Vouzela,Viseu,,linoaugustovinhal@mail.telepac.pt,www.noticiasdevouzela.pt
104197,13-01-1976,A Ideia,Papel,Nacional,Informação Especializada,Anual,Registo Definitivo,"R. Celestino David, 13 - C",7005-389,Évora,Évora,Évora,António Cândido Valeriano Cabrita Franco,António Cândido Valeriano Cabrita Franco,,,João Carlos de Oliveira Moreira Freire,Évora,Évora,,acvcf@uevora.pt,www.aideia.no.sapto.pt
104210,23-01-1976,Família Comboniana,Papel/Online,Nacional,Doutrinária,Trimestral,Registo Definitivo,"Calçada Engº. Miguel Pais, 9",1249-120,Lisboa,Lisboa,Lisboa,Editorial Além Mar,Bernardino Dias Frutuoso,,,Missionários Combonianos do Coração de Jesus,Lisboa,Lisboa,,alemmar.audacia@gmail.com,http://www.combonianos.pt
104231,06-02-1976,O Diabo,Papel/Online,Nacional,Informação Especializada,Semanal,Registo Definitivo,"Azinhaga da Fonte, 17",1500-275,Lisboa,Lisboa,Lisboa,"Pixeldecimal, Unipessoal Lda.",Ana Filipa Correia Vilas,,,"Pixeldecimal, Unipessoal Lda.",Lisboa,Lisboa,,fbcabral@gmail.com,https://www.jornaldiabo.com
104247,18-02-1976,Missão OMP,Papel,Nacional,Doutrinária,Trimestral,Registo Definitivo,"R. Ilha do Príncipe, 19",1170-182,Lisboa,Lisboa,Lisboa,Direcção Nacional da Obra da Propagação da Fé,José António Mendes Rebelo,,,Direcção Nacional da Obra da Propagação da Fé,Lisboa,Lisboa,,missio.omp@netcabo.pt,www.opf.pt
104252,24-02-1976,Pessoas,Papel/Online,Nacional,Informação Especializada,Trimestral,Registo Definitivo,"Av. Eng.º Arantes e Oliveira, 3, R/c",1900-221,Lisboa,Lisboa,Lisboa,APG - Associação Portuguesa de Gestão das Pessoas,Marta Cristina Pires Gomes dos Santos,,,APG - Associação Portuguesa de Gestão das Pessoas,Lisboa,Lisboa,,global@apg.pt,www.apg.pt
104268,09-03-1976,A Aurora do Lima,Papel/Online,Regional,Informação Geral,Semanal,Registo Definitivo,"R. Manuel Espregueira, 207",4900-318,Viana do Castelo,Viana do Castelo,Viana do Castelo,Jornal A Aurora do Lima Lda.,Gonçalo Fagundes Meira,,,"Jornal A Aurora do Lima, Lda.",Viana do Castelo,Viana do Castelo,,diretor@auroradolima.com,https://www.auroradolima.com
104341,07-04-1976,Jornal de Notícias,Papel/Online,Nacional,Informação Geral,Diária,Registo Definitivo,"R. Monte dos Burgos, 470, 1º",4250-311,Porto,Porto,Porto,António José Gouveia,Rafael João Alves Tavares Barbosa,Pedro Ivo de Carvalho e Joana Almeida da Silva,,"Notícias Ilimitadas, S.A.",Maia,Porto,,carla.ferreirinha@noticiasilimitadas.pt,www.jn.pt
104351,26-04-1976,Revista de Marinha,Papel,Nacional,Informação Especializada,Bimestral,Registo Definitivo,"R. António Graça, 97",4490-471,Póvoa de Varzim,Póvoa de Varzim,Porto,Paula José Martins João Maio Marques,Paula José Martins João Maio Marques,,,"Barco à Vela Editora, Lda",Póvoa de Varzim,Porto,,barcoavelaeditora@outlook.pt,www.revistademarinha.com
104461,08-06-1976,Povo de Fafe,Papel,Regional,Informação Geral,Quinzenal,Registo Definitivo,"R. Afonso Costa, 107 - 1º Esq.",4824-909 Fafe,Apartado 26,Fafe,Braga,"Jornal Povo de Fafe, Lda.",José Manuel Ribeiro Cardoso,Artur Ferreira Coimbra,,"Jornal Povo de Fafe, Lda.",Fafe,Braga,,jornalpovodefafe@gmail.com,
104499,28-06-1976,Maré Viva,Papel/Online,Regional,Informação Geral,Semanal,Registo Definitivo,"R. 62, nº 251",4500-366,Espinho,Espinho,Aveiro,Joel de Oliveira Santos,Henrique Florentino Pacheco das Neves,,Ricardo Monteiro Gouveia,"Nascente - Cooperativa de Acção Cultural, C.R.L.",Espinho,Aveiro,,agenda.mare.viva@gmail.com,https://issuu.com/jornalmareviva
104585,08-09-1976,Nova Gente,Papel/Online,Nacional,Informação Especializada,Semanal,Registo Definitivo,"Rua Retiro dos Pacatos, 50, Edifício Startup, Sala 1 e 2",2635-224,Covas,Sintra,Lisboa,Jacques da Conceição Rodrigues,Patrícia Branco,,,Jacques da Conceição Rodrigues,Cascais,Lisboa,,paularodrigues@impala.pt,
104588,10-09-1976,João Semana,Papel,Regional,Informação Geral,Quinzenal,Registo Definitivo,"Rua Dr. Francisco Zangalo, 228",3880-225,Ovar,Ovar,Aveiro,Santa Casa da Misericórdia de Ovar,Joaquim Manuel Monteiro Fidalgo,,,Santa Casa da Misericórdia de Ovar,Ovar,Aveiro,,geral@scmovar.pt,
104599,16-09-1976,Folha de Tondela,Papel,Regional,Informação Geral,Semanal,Registo Definitivo,"R. Tenente Valadim (R. do Carril), 61",3460-615,Tondela,Tondela,Viseu,"Fig - Indústrias Gráficas, SA",José Magalhães Valle Figueiredo,,,"Publidão - Edição de Jornal, Unipessoal, Lda.",Tondela,Viseu,,folhadetondela@sapo.pt,www.folhadetondela.com
104609,21-09-1976,O Novo Seringador,Papel,Nacional,Informação Geral,Anual,Registo Definitivo,"R. Luís Veiga Leitão, 116, Piso 1",4050-339,Porto,Porto,Porto,"Seringador, Unipessoal Lda.",Amélia Marina Lopes Martinho,,,Carlos Luís Teixeira,Vila Nova de Gaia,Porto,,info@seringador.com,https://www.seringador.com
104610,21-09-1976,O Seringador Marca T,Papel,Nacional,Informação Geral,Anual,Registo Definitivo,"R. Luís Veiga Leitão, 116, Piso 1",4050-339,Porto,Porto,Porto,"Seringador, Unipessoal Lda.",Amélia Marina Lopes Martinho,,,Carlos Luís Teixeira,Vila Nova de Gaia,Porto,,info@seringador.com,https://www.seringador.com
104615,29-09-1976,Barcelos Popular,Papel/Online,Regional,Informação Geral,Semanal,Registo Definitivo,"Av. João Paulo II, 355",4750-304,Barcelos,Barcelos,Braga,"Milho Rei - Cooperativa Popular de Informação e Cultura de Barcelos, C.R.L.",Francisco Manuel Duarte Fonseca,Rui Pedro Faria,,"Milho Rei - Cooperativa Popular de Informação e Cultura de Barcelos, C.R.L.",Barcelos,Braga,,geral@barcelos-popular.pt,www.barcelos-popular.pt
104617,29-09-1976,Flor de Lis,Papel/Online,Nacional,Informação Especializada,Mensal,Registo Definitivo,"R. Dom Luís I, 34",1200-152,Lisboa,Lisboa,Lisboa,Corpo Nacional de Escutas - Escutismo Católico Português,Joana Vasconcelos Teixeira,,,Corpo Nacional de Escutas - Escutismo Católico Português,Lisboa,Lisboa,,geral@flordelis.pt,
104639,08-10-1976,Correio de Azeméis,Papel/Online,Regional,Informação Geral,Semanal,Registo Definitivo,"Edifício Rainha, 4 º Piso",3720-232,Oliveira de Azeméis,Oliveira de Azeméis,Aveiro,"COM+Comunicação, Lda.",Eduardo Oliveira Costa,,,"COM+Comunicação, Lda.",Lisboa,Lisboa,,geral@com-mais.pt,www.correiodeazemeis.pt
104641,08-10-1976,Serra e Vale - Mensário de Vila Nova de Cerveira e Caminha,Papel,Regional,Informação Geral,Mensal,Registo Definitivo,Covas,4920-040,Covas,Vila Nova de Cerveira,Viana do Castelo,Fábrica da Igreja Paroquial de Covas,Carlos Alberto Brito de Castro,,,Fábrica da Igreja Paroquial de Covas,Vila Nova de Cerveira,Viana do Castelo,,paroquia.covasvnc@gmail.com,www.terravista.pt/ancora/3002/jsv.html
104646,14-10-1976,Mundo Rural,Papel,Nacional,Doutrinária,Bimestral,Registo Definitivo,"Av. Sidónio Pais, 20 - 4º Dto",1050-215,Lisboa,Lisboa,Lisboa,Acção Católica Rural,Roger dos Santos Madureira,,,Acção Católica Rural,Lisboa,Lisboa,,acr.mundorural@gmail.com,www.movimento-acr.org
104778,10-12-1976,Voz de Alenquer - Jornal Nova Verdade,Papel/Online,Regional,Informação Geral,Quinzenal,Registo Definitivo,"R. Renato Leitão Lourenço, 11",2580-335,Alenquer,Alenquer,Lisboa,"Presépio de Portugal - Comunicação Social, Unipessoal, Lda",Maria Ludovina Simões Firmino Coelho,,,"Presépio de Portugal - Comunicação Social, Unipessoal, Lda",Alenquer,Lisboa,,direcao@radioalenquer.pt,https://jornal.vozdealenquer.pt
104805,23-12-1976,Hospitalidade,Papel/Online,Regional,Informação Geral,Trimestral,Registo Definitivo,"R. São Tomás de Aquino, 20",1600-871,Lisboa,Lisboa,Lisboa,Instituto S. João de Deus,Luiz Manuel Vieira da Silva,,,Província Portuguesa da Ordem Hospitaleira de S. João de Deus,Lisboa,Lisboa,,comunicacao@isjd.pt,
104817,03-01-1977,Jornal de Minde,Papel,Regional,Informação Geral,Mensal,Registo Definitivo,"Rua Dr. Totta, 25",2395-182,Minde,Alcanena,Santarém,Fábrica da Igreja Paroquial de Minde,João Nuno de Pina Pedro,,,Fábrica da Igreja Paroquial de Minde,Alcanena,Santarém,,jornaldeminde@gmail.com,www.jornaldeminde.com
104891,27-01-1977,Voz de Alfena,Papel,Regional,Informação Geral,11 x ano,Registo Definitivo,Lugar da Igreja,4445-127,Alfena,Valongo,Porto,Fábrica da Igreja Paroquial da Freguesia de São Vicente de Alfena,Manuel Fernando Soares da Silva,,,Fábrica da Igreja Paroquial da Freguesia de São Vicente de Alfena,Valongo,Porto,,paroquiadealfena@gmail.com,
104950,17-02-1977,A Mensagem,Online,Nacional,Doutrinária,Semestral,Registo Definitivo,"R. do Arcediago Van Zeller, 50",4050-621,Porto,Porto,Porto,Secretariado Diocesano de Educação Cristã do Porto,Maria Isabel Azevedo de Oliveira,,,Secretariado Diocesano da Educação Cristã,Porto,Porto,,portosdec@gmail.com,www.catequesedoporto.com
104965,25-02-1977,Fátima Missionária,Papel/Online,Nacional,Doutrinária,Mensal,Registo Definitivo,"R. Francisco Marto, 52",2495-448,Cova da Iria,Ourém,Santarém,Delegação Portuguesa da Instituto Missionário da Consolata,Álvaro Domingos Leal Pacheco,,,Delegação Portuguesa do Instituto Missionário da Consolata,Ourém,Santarém,,redacao@fatimamissionaria.pt,www.fatimamissionária.pt
104981,03-03-1977,A Batalha,Papel,Nacional,Doutrinária,4 x ano,Registo Definitivo,"Azinhaga da Alagueza, Lote X, C/V Esq.",1800-005,Lisboa,Lisboa,Lisboa,Centro de Estudos Libertários,António Pedro da Cruz Lopes Marques ( pseudónimo António da Cruz),,,Centro de Estudos Libertários,Lisboa,Lisboa,,jornalabatalha@gmail.com,
105068,13-04-1977,ELO,Papel,Nacional,Informação Especializada,Mensal,Registo Definitivo,"Av. Padre Cruz, Edif. ADFA",1600-560,Lisboa,Lisboa,Lisboa,Rafael Vicente,José Machado Diniz,,,Associação dos Deficientes das Forças Armadas - ADFA,Lisboa,Lisboa,,jornal.elo@adfa-portugal.com,www.adfa-portugal.com
105076,13-04-1977,Jornal de Contabilidade,Online,Nacional,Informação Especializada,Quadrimestral,Registo Definitivo,"R. Manuel da Fonseca, 4 A",1600-308,Lisboa,Lisboa,Lisboa,APOTEC - Associação Portuguesa de Técnicos de Contabilidade,José Manuel Bruno Lagos,,,APOTEC - Associação Portuguesa de Técnicos de Contabilidade,Lisboa,Lisboa,,jornalcontabilidade@apotec.pt,www.apotec.pt
105111,29-04-1977,Brados do Alentejo,Papel,Regional,Informação Geral,Quinzenal,Registo Definitivo,"Rua Bento de Jesus Caraça, 2",7100-104,Estremoz,Estremoz,Évora,Casa da Cultura de Estremoz,Nuno Miguel Casaca Mourinha,Luís Godinho,,Casa da Cultura de Estremoz,Estremoz,Évora,,jornal@bradosdoalentejo.com.pt,www.bradosdoalentejo.com.pt
105283,23-05-1977,Ecos da Meadela,Papel,Regional,Informação Geral,Mensal,Registo Definitivo,"R. Padre Alfredo Guerreiro, 55",4900-763,Viana do Castelo,Viana do Castelo,Viana do Castelo,Fábrica da Igreja Paroquial da Meadela,Manuel José da Costa Azevedo Vilar,,,Fábrica da Igreja Paroquial de Meadela,Viana do Castelo,Viana do Castelo,,p.manueljosevilar@gmail.com,
105448,26-07-1977,AutoSport,Online,Nacional,Informação Especializada,Diária,Registo Definitivo,"R. do Alfeite, 19",2890-347,São Francisco,Alcochete,Setúbal,"JC Edições e Publicações, Unipessoal Lda.",José Manuel Pança Caetano,,,"MMG Media, Unipessoal, Lda.",Oeiras,Lisboa,,jcaetano@autosport.pt,https://www.autosport.pt/
105481,16-08-1977,Rosário de Maria,Papel,Nacional,Doutrinária,Mensal,Registo Definitivo,"R. de S. Domingos, 5",2495-431,Cova da Iria,Ourém,Santarém,Secretariado Nacional do Rosário,José Carlos Vaz Lucas,,,Secretariado Nacional do Rosário,Ourém,Santarém,,snrosariom@gmail.com,www.rosario.pt.vu
105488,19-08-1977,Ecos da Serra,Papel,Regional,Informação Geral,Bimestral,Registo Definitivo,"R. da Igreja , 12",8100-012,Alte,Loulé,Faro,António da Franca Mello de Horta Machado,Albertina de Sales da Palma Madeira,Luís Miguel Cabrita Coelho,,Associação Grupo Amigos de Alte,Loulé,Faro,,ecosdaserra.artigos@gmail.com,
105650,08-11-1977,Monte do Castelo,Papel,Regional,Informação Geral,Mensal,Registo Definitivo,"Avenida da Praia, 2099",4935-572,Castelo do Neiva,Viana do Castelo,Viana do Castelo,Grupo Recreativo e Cultural de Castelo do Neiva - GRECANE,Maria Silva,,,Grupo Recreativo e Cultural de Castelo do Neiva - GRECANE,Viana do Castelo,Viana do Castelo,,grecane@net.sapo.pt,
105659,10-11-1977,Ingenium - A Engenharia Portuguesa em Revista,Papel/Online,Nacional,Informação Especializada,Trimestral,Registo Definitivo,"Av. António Augusto de Aguiar, 3 D",1069-030,Lisboa,Lisboa,Lisboa,Ordem dos Engenheiros,Fernando de Almeida Santos,Jorge Liça,,Ordem dos  Engenheiros,Lisboa,Lisboa,,ingenium@oep.pt,https://www.ordemengenheiros.pt/pt/centro-de-infor
105690,24-11-1977,Povo Livre,Online,Nacional,Doutrinária,Semanal,Registo Definitivo,"R. de S. Caetano, 9",1249-087,Lisboa,Lisboa,Lisboa,PPD/PSD Partido Social Democrata,Emília de Fátima Moreira dos Santos,,,Partido Social Democrata - PSD,Lisboa,Lisboa,,povolivre@psd.pt,https://www.psd.pt/pt/povo-livre
105717,07-12-1977,Associação,Papel/Online,Nacional,Informação Especializada,Trimestral,Registo Definitivo,"Largo do Rato, 1-B",1250-185,Lisboa,Lisboa,Lisboa,Associação Portuguesa de Deficientes,Maria Helena Cunha Rato,,,Associação Portuguesa de Deficientes,Lisboa,Lisboa,,direccao-sede@apd.org.pt,https://www.apd.org.pt/index.php/comunicacao-apd/jornal-associacao
105754,27-12-1977,O Riachense,Papel,Regional,Informação Geral,Mensal,Registo Definitivo,"R. dos Cingeleiros, 8 - Riachos",2350-357,Riachos,Torres Novas,Santarém,"O Riachense - Cooperativa Editora e de Promoção Cultural, C.R.L.",Manuel de Oliveira Lopes,,,"O Riachense - Cooperativa Editora e de Promoção Cultural de Riachos, C.R.L.",Torres Novas,Santarém,,jornal@oriachense.pt,www.oriachense.pt
105804,24-01-1978,Mirante,Papel/Online,Regional,Informação Geral,Mensal,Registo Definitivo,"R. Belisário Pimenta, Bl. 2 , n.º 71 ,  R/C. Esq.",3220-187,Miranda do Corvo,Miranda do Corvo,Coimbra,"António Marques Ventura Unipessoal, Lda.",António José Marques Ventura,,,"António Marques Ventura Unipessoal, Lda.",Miranda do Corvo,Coimbra,,jornal.mirante@gmail.com,www.jornalmirante.com
105893,10-03-1978,O Arrais,Papel,Regional,Informação Geral,Mensal,Registo Definitivo,"Rua Serpa Pinto, 22",5050-284,Peso da Régua,Peso da Régua,Vila Real,"Figueiredo, Correia e Monteiro, Lda.",Laurindo Mesquita Costa,,,"Figueiredo, Correia & Monteiro, Lda",Peso da Régua,Vila Real,,jarrais@net.sapo.pt,
105904,20-03-1978,Ecos de Penajóia,Papel,Regional,Doutrinária,Mensal,Registo Definitivo,"R. de Molães, 335",5100-666,Molães,Lamego,Viseu,Fábrica da Igreja Paroquial da Frequesia de Penajoia,José Fernando Duarte Mendes,,,Fábrica da Igreja Paroquial da Freguesia de Penajóia,Lamego,Viseu,,geral@paroquiadepenajoia.pt,
105929,28-03-1978,Legião de Maria,Papel,Nacional,Doutrinária,Trimestral,Registo Definitivo,"R. Frei António Brandão, 2",1500-294,Lisboa,Lisboa,Lisboa,Legião de Maria,Abílio Pina Ribeiro,,,Legião de Maria,Lisboa,Lisboa,,revistalegiaodemaria@gmail.com,
106019,08-05-1978,Raiano,Papel,Regional,Informação Geral,Mensal,Registo Definitivo,"Largo do Adro, 11",6060-109,Idanha-A-Nova,Idanha-a-Nova,Castelo Branco,Adelino Américo Lourenço,Adelino Américo Lourenço,,,Fábrica da Igreja Paroquial da Freguesia de Idanha-a-Nova,Idanha-a-Nova,Castelo Branco,,adelinolourenco@gmail.com,
106053,30-05-1978,Mensagem Nova,Papel,Regional,Informação Geral,Mensal,Registo Definitivo,"Av. Imaculada Conceição, 264",4710-820,Adaúfe,Braga,Braga,Fábrica da Igreja Paroquial de Santa Maria Adaúfe,José Sepúlveda Soares Costa,,,Fábrica da Igreja Paroquial de Santa Maria de Adaúfe,Braga,Braga,,centrosocialadaufe@gmail.com,
106095,05-07-1978,A Voz da Freixianda,Papel,Regional,Doutrinária,Mensal,Registo Definitivo,"R. Padre Faustino, 1",2435-283,Freixianda,Ourém,Santarém,Luís Manuel Rodrigues Ferreira,Luís Manuel Rodrigues Ferreira,,,Fábrica da Igreja Paroquial de Freixianda,Ourém,Santarém,,pfreixianda@gmail.com,
106187,29-08-1978,Revista Antram,Papel,Nacional,Informação Especializada,Trimestral,Registo Definitivo,"R. Conselheiro Lopo Vaz, Lt. A/B - Esc. A",1800-142,Lisboa,Lisboa,Lisboa,ANTRAM - Associação Nacional de Transportadores Públicos Rodoviários de Mercadorias,Ema Maria Nogueira Leitão,,Ana Monteiro Souta,ANTRAM - Associação Nacional de Transportadores Públicos Rodoviários de Mercadorias,Lisboa,Lisboa,,sede@antram.pt,www.antram.pt
106270,16-10-1978,Deco Proteste Saber é Poder,Papel/Online,Nacional,Informação Especializada,Mensal,Registo Definitivo,"Av. Eng. Arantes e Oliveira, 13",1900-221,Lisboa,Lisboa,Lisboa,Cláudia Marisa Ferreira Maia,Claúdia Marisa Ferreira Maia,,,"Deco Proteste, Editores, Lda.",Lisboa,Lisboa,,claudia.maia@deco.proteste.pt,www.deco.proteste.pt
106309,27-10-1978,Maria,Papel/Online,Nacional,Informação Especializada,Semanal,Registo Definitivo,"R. Retiro dos Pacatos, 50 - Edifício Startup, Sala 1 e 2",2635-224,Covas,Sintra,Lisboa,Jacques da Conceição Rodrigues,Anabela Domingos Colaço,,,Jacques da Conceição Rodrigues,Cascais,Lisboa,,paularodrigues@impala.pt,
106369,28-11-1978,Acta Médica Portuguesa - A Revista Científica da Ordem dos Médicos,Online,Nacional,Informação Especializada,Mensal,Registo Definitivo,"Av. Almirante Gago Coutinho, 151",1749-084,Lisboa,Lisboa,Lisboa,Tiago Villanueva,Carlos José Faria Diogo Cortes,Tiago Villanueva,,Ordem dos Médicos,Lisboa,Lisboa,,depeditorial@actamedicaportuguesa.com,http://www.actamedicaportuguesa.com
106395,11-12-1978,Ação Socialista Digital,Online,Nacional,Doutrinária,Diária,Registo Definitivo,"Largo do Rato, 2",1269-143,Lisboa,Lisboa,Lisboa,Artur Miguel Claro da Fonseca Mora Coelho,Pedro Miguel de Sousa Barrocas Martinho Cegonho,,,Partido Socialista,Lisboa,Lisboa,,isabelmeirinho@ps.pt,www.ps.pt
106437,26-12-1978,Boletim da Sociedade Portuguesa de Matemática,Online,Nacional,Informação Especializada,Anual,Registo Definitivo,"Av. da República, 45 - 3º.Esq.",1050-187,Lisboa,Lisboa,Lisboa,Sociedade Portuguesa de Matemática,Helena Maria Monteiro Moreira Oliveira dos Reis,,,Sociedade Portuguesa de Matemática,Lisboa,Lisboa,,spm@spm.pt,https://revistas.rcaap.pt/boletimspm
106441,27-12-1978,TV Guia,Papel,Nacional,Informação Especializada,Semanal,Registo Definitivo,"Rua Luciana Stegagno Picchio, 3",1549-023,Lisboa,Lisboa,Lisboa,"Medialivre, S.A.",Luísa Cândida Tavares Jeremias,,,"Medialivre, S.A.",Lisboa,Lisboa,,plataforma@medialivre.pt,
106442,02-01-1979,Sempre Fixe,Papel,Nacional,Informação Especializada,Anual,Registo Definitivo,"R. de Santo António à Estrela, 84",1350-291,Lisboa,Lisboa,Lisboa,"Renascença Gráfica, Lda.",Rosa Ruela Ramos de Assis Pacheco,,,"Renascença Gráfica, Lda.",Lisboa,Lisboa,,carmoruellaramos@gmail.com,
106524,25-01-1979,Revista Crítica de Ciências Sociais,Papel/Online,Nacional,Informação Especializada,Trianual,Registo Definitivo,Colégio de S. Jerónimo - Largo D. Dinis,3000-143,Coimbra,Coimbra,Coimbra,Centro de Estudos Sociais,Patrícia Vieira,,,Centro de Estudos Sociais,Coimbra,Coimbra,,rccs@ces.uc.pt,http://rccs.revues.org/
106527,26-01-1979,Quinzenário A Defesa,Papel/Online,Regional,Informação Geral,Quinzenal,Registo Definitivo,"R. Vasco da Gama, 18",7000-941,Évora,Évora,Évora,"Sociedade Instrutiva Regional Eborense, Unipessoal, Lda.",Manuel Maria Madureira da Silva,,,"Sociedade Instrutiva Regional Eborense, Unipessoal, Lda.",Évora,Évora,,redacao@adefesa.org,http://www.adefesa.org
106560,16-02-1979,Mais Além,Papel,Regional,Informação Geral,Mensal,Registo Definitivo,"Av. Nossa Senhora da Conceição , 165",2420-362,Santa Eufémia,Leiria,Leiria,Fábrica da Igreja Paroquial de Santa Eufémia,Nuno Miguel Heleno Gil,,,Fábrica da Igreja Paroquial de Santa Eufémia,Leiria,Leiria,,jornalmaisalem@gmail.com,
106585,08-03-1979,Correio da Manhã,Papel/Online,Nacional,Informação Geral,Diária,Registo Definitivo,"R. Luciana Stegagno Picchio, 3",1549-023,Lisboa,Lisboa,Lisboa,"Medialivre, S.A.",Carlos Filipe Espinho Rodrigues,"Armando Esteves Pereira, Eduardo Dâmaso, Bernardo Ribeiro, Alfredo Leite, José Carlos Castro",João Oliveira Ferreira,"Medialivre, S.A.",Lisboa,Lisboa,,plataforma@medialivre.pt,https://www.cmjornal.pt
106631,06-03-1979,Diário Ilustrado,Papel,Nacional,Informação Geral,Anual,Registo Definitivo,"R. de Santo António à Estrela, 84",1350-291,Lisboa,Lisboa,Lisboa,"Renascença Gráfica, Lda.",Rosa Ruela Ramos de Assis Pacheco,,,"Renascença Gráfica, Lda.",Lisboa,Lisboa,,carmoruellaramos@gmail.com,
106668,20-03-1979,JVC - Jornal de Vila do Conde,Papel,Regional,Informação Geral,Quinzenal,Registo Definitivo,"R. de São Bento, 142",4480-781,Vila do Conde,Vila do Conde,Porto,"Edições Linear - Cooperativa Editorial, CRL",João Amorim Costa,,,"Edições Linear - Cooperativa Editorial, CRL",Vila do Conde,Porto,,administracao@jornaldeviladoconde.pt,
106816,05-06-1979,Consciência e Liberdade,Papel,Nacional,Doutrinária,Anual,Registo Definitivo,"R. da Serra, 1",2715-398,Sabugo,Sintra,Lisboa,Associação Internacional para a Defesa da Liberdade Religiosa,José Manuel Lagoa da Costa,,,Associação Internacional para a Defesa da Liberdade Religiosa,Sintra,Lisboa,,info@aidlr.org.pt,
106891,31-07-1979,Gazeta das Caldas,Papel/Online,Regional,Informação Geral,Semanal,Registo Definitivo,"R. Raul Proença, 56 C",2500-248,Caldas da Rainha,Caldas da Rainha,Leiria,"Cooperativa Editorial Caldense, C.R.L.",José Luiz de Almeida Silva,,,"Cooperativa Editorial Caldense, C.R.L.",Caldas da Rainha,Leiria,,administracao@gazetadascaldas.pt,https://gazetacaldas.pt
106941,18-09-1979,O Jornal de Amarante,Papel/Online,Regional,Informação Geral,Mensal,Registo Definitivo,Largo Santa Luzia,4600-035,Amarante,Amarante,Porto,"ERA - Emissora Regional de Amarante, Lda.",Luciano Carlos Macedo Gonçalves,,,"Publitâmega - Publicações do Tâmega, Lda.",Amarante,Porto,,director.jornaldeamarante@gmail.com,www.jornaldeamarante.pt
106992,15-10-1979,Açoriano Oriental,Papel/Online,Regional,Informação Geral,Diária,Registo Definitivo,"R. Dr. Bruno Tavares Carreiro, 34",9500-055,Ponta Delgada,Ponta Delgada,Ilha de São Miguel,"Açormedia - Comunicação Multimédia e Edição de Publicações, S.A.",Paula Gouveia,,,"Açormédia - Comunicação Multimédia e Edição de Publicações, S.A.",Ponta Delgada,Ilha de São Miguel,Região Autónoma dos Açores,acorianooriental@acorianooriental.pt,www.acorianooriental.pt
106993,15-10-1979,Açores Magazine,Papel,Regional,Informação Geral,Semanal,Registo Definitivo,"R. Dr. Bruno Tavares Carreiro, 34",9500-055,Ponta Delgada,Ponta Delgada,Ilha de São Miguel,"Açormedia - Comunicação Multimédia e Edição de Publicações, S.A.",Paula Gouveia,,,"Açormédia - Comunicação Multimédia e Edição de Publicações, S.A.",Ponta Delgada,Ilha de São Miguel,Região Autónoma dos Açores,acormedia@acorianooriental.pt,
107039,20-11-1979,Seara Nova,Papel,Nacional,Informação Especializada,Trimestral,Registo Definitivo,"Rua Sousa Lopes, Lote IJ – Escritório A ",1600-207,Lisboa,Lisboa,Lisboa,Associação Intervenção Democrática -  ID,João Luiz Madeira Lopes,,,Associação Intervenção Democrática - ID,Lisboa,Lisboa,,id@intervencao-democratica.pt,http://searanova.publ.pt/
107048,05-12-1979,Ver,Online,Nacional,Informação Especializada,Trimestral,Registo Definitivo,"R. Particular à Rua  Ventura Abrantes, Espaço 3 e 4",1750-323,Lisboa,Lisboa,Lisboa,Paula Pinto Gonçalves,Marco Miguel Nunes Leal Framrose Bilimória,,,Associação Nacional dos Ópticos,Lisboa,Lisboa,,opticos@ano.com.pt,https://www.ano.com.pt/noticias/revista-ver
107094,14-01-1980,Jornal de Matosinhos,Papel,Regional,Informação Geral,Semanal,Registo Definitivo,"Av. Joaquim Neves dos Santos, S/N",4460-125,Guifões,Matosinhos,Porto,"Eduardo Pinto Soares, Herdeiros",João Manuel de Figueiredo Pinto Soares,,,"Eduardo Pinto Soares, Herdeiros",Matosinhos,Porto,,geral@jornaldematosinhos.pt,www.jornaldematosinhos.com
107271,08-05-1980,Voz de Mira,Papel/Online,Regional,Informação Geral,Quinzenal,Registo Definitivo,"R. Dr. Antonio Jose d'Almeida, 113",3070-399,Mira,Mira,Coimbra,"Silvina Miranda Gabriel e Filhos, Lda",Paulo Jorge da Rocha Gabriel,,,"Silvina Miranda Gabriel & Filhos, Lda",Mira,Coimbra,,vozdemira@gmail.com,www.vozdemira.pt
107397,28-07-1980,Despertar do Zêzere,Papel,Regional,Informação Geral,Quinzenal,Registo Definitivo,"R. Pé da  Costa de Baixo, 26 - A",2300-588,Tomar,Tomar,Santarém,Associação Igrejanovanse de Melhoramentos,Joaquim de  Jesus Ribeiro,José Manuel Duarte,,Associação Igrejanovense de Melhoramentos,Tomar,Santarém,,dzezere@gmail.com,
107464,10-09-1980,O Carrilhão,Papel,Regional,Informação Geral,Quinzenal,Registo Definitivo,"R. Serafim da Paz Medeiros, 13 - C.C. Mafra - Lj. 16",2640-533,Mafra,Mafra,Lisboa,Associação de Cultura e Informação Regional de Mafra,Raul António Veloso Portela,,,Associação de Cultura e Informação Regional de Mafra,Mafra,Lisboa,,carrilhao@sapo.pt,http://jornalocarrilhao.com
107494,22-09-1980,Análise Psicológica,Online,Nacional,Informação Especializada,Semestral,Registo Definitivo,"R. Jardim do Tabaco, 34",1149-041,Lisboa,Lisboa,Lisboa,"ISPA - Instituto Superior de Psicologia Aplicada, C.R.L.",Eva Diniz Bensaja dei Schiro,,,"ISPA - Instituto Superior de Psicologia Aplicada, C.R.L.",Lisboa,Lisboa,,analise.psicologica@ispa.pt,http://publicacoes.ispa.pt/index.php/index/index
107552,04-11-1980,O Setubalense,Papel/Online,Regional,Informação Geral,Diária (dias úteis),Registo Definitivo,"Trav. Gaspar Agostinho, 1, 1.º",2900-389,Setúbal,Setúbal,Setúbal,"Primeira Hora - Editora e Comunicação, Lda.",Gabriel Francisco Alves Rito,,,"Outra Margem - Publicações e Publicidade, Lda.",Setúbal,Setúbal,,diretor@osetubalense.com,www.osetubalense.com
107578,21-11-1980,A Voz da Póvoa,Papel/Online,Regional,Informação Geral,Quinzenal,Registo Definitivo,"R. Gomes de Amorim, 903 - 1.º Tra. sala 2",4490-091,Póvoa de Varzim,Póvoa de Varzim,Porto,"A Voz da Póvoa - Comunicação Social, Lda.",José Manuel da Silva Peixoto,,,"A Voz da Póvoa - Comunicação Social, Lda.",Póvoa de Varzim,Porto,,publicidade@vozdapovoa.com,https://wwww.vozdapovoa.com/
107600,10-12-1980,Terras do Vale do Sousa,Papel/Online,Regional,Informação Geral,Quinzenal,Registo Definitivo,"Rua dos Bombeiros/Rua Santo António, Centro Comercial Edinor, loja 3",4620-652,Lousada,Lousada,Porto,"Empresa Editorial do Vale do Sousa, Unipessoal Lda",Paula Santana Lima Silva,,,"Empresa Editorial do Vale do Sousa, Unipessoal Lda",Lousada,Porto,,tvs@sapo.pt,http://www.jornaltvs.pt
107622,29-12-1980,A Planície,Papel/Online,Regional,Informação Geral,Mensal,Registo Definitivo,Rua da Vitória – Edifício da Estação – 1º Andar,7860-033,Moura,Moura,Beja,"S.E.B.-Sociedade Editorial Bética, Lda",José Manuel Ventinhas Albardeiro,,,"SEB - Sociedade Editorial Bética, Lda.",Moura,Beja,,geral@planicie.pt,https://www.planicie.pt
107626,30-12-1980,Voz de Antas,Papel/Online,Regional,Doutrinária,Bimestral,Registo Definitivo,Centro Paroquial,4740-014,Igreja,Esposende,Braga,José Manuel Ferreira Ledo,José Manuel Ferreira Ledo,,,Fábrica da Igreja Paroquial de São Paio de Antas,Esposende,Braga,,antascep@gmail.com,https://aqualibri.cimcavado.pt/handle/20.500.12940/1994
107643,08-01-1981,O Tripeiro,Papel,Regional,Informação Geral,Mensal,Registo Definitivo,R. Ferreira Borges - Palácio da Bolsa,4050-253,Porto,Porto,Porto,Luís Costa,Nuno Luís Cameira de Sousa Botelho,,,Associação Comercial do Porto,Porto,Porto,,revista.tripeiro@cciporto.pt,
107663,26-01-1981,Diario de Viseu,Papel/Online,Regional,Informação Geral,Diária,Registo Definitivo,"Rua Alexandre Herculano, 198, 2º Dto.",3510-033,Viseu,Viseu,Viseu,"Diário de Viseu, Lda",Adriano Callé da Cunha Lucas,Eduarda Macário; Miguel Callé Lucas; Daniela Homem Pinto.,,"Adriano Lucas, Lda.",Coimbra,Coimbra,,diarioviseu@diariodeviseu.pt,www.diarioviseu.pt
107759,25-02-1981,A Voz do Operário,Papel/Online,Regional,Informação Geral,Mensal,Registo Definitivo,"R. da Voz do Operário, 13",1100-620,Lisboa,Lisboa,Lisboa,Sociedade de Instrução e Beneficiência a Voz do Operário,José Domingos dos Santos (utiliza o pseudónimo Domingos Lobo),,,Sociedade de Instrução e Beneficiência a Voz do Operário,Lisboa,Lisboa,,jornal@vozoperario.pt,https://vozoperario.pt/jornal/
107766,04-03-1981,"JL - Jornal de Letras, Artes e Ideias",Papel/Online,Nacional,Informação Especializada,Quinzenal,Registo Definitivo,Avenida Jacques Delors  Edifício Inovação 3.1 Espaço nº 511/512 ,2740-122,Porto Salvo,Oeiras,Lisboa,"Trust In News, Unipessoal, Lda.",José Carlos Torres Matos Vasconcelos,,,"Trust In News, Unipessoal, Lda.",Oeiras,Lisboa,,cscampos@trustinnews.pt,www.jornaldeletras.pt
107819,16-03-1981,Novo Burladero,Papel,Nacional,Informação Especializada,Mensal,Registo Definitivo,"Rua da Lagoa, 3",2530-741,Merendeiro,Lourinhã,Lisboa,João Paulo da Silva Queiroz Soares,João Paulo Silva Queiroz Soares,,,Joao Paulo da Silva Queiroz Soares,Lourinhã,Lisboa,,novoburladero@sapo.pt,
107877,24-03-1981,Pneuma,Papel,Nacional,Doutrinária,Bimestral,Registo Definitivo,"Travessa Cruz da Era, 2-A",1500-214,Lisboa,Lisboa,Lisboa,PNEUMA - Renovamento Carismático,Maria de Fátima Costa Lima de B. F. Monteiro,,,PNEUMA - Renovamento Carismático,Lisboa,Lisboa,,contacto@pneuma-rc.pt,www.pneuma-rc.pt
107999,26-05-1981,O Alvaiazerense,Papel,Regional,Informação Geral,Mensal,Registo Definitivo,"Rua 15 de Maio, 76 - Lote 1 Fração A",3250-185,Alvaiázere,Alvaiázere,Leiria,Casa do Concelho de Alvaiázere,Maria Teodora Freire Gonçalves Cardo,Carlos Freire Ribeiro,,Casa do Concelho de Alvaiázere,Lisboa,Lisboa,,geral@oalvaiazerense.com.pt,www.oalvaiazerense.com.pt
108098,08-07-1981,Viajar - Aviação Comercial e Turismo,Papel,Nacional,Informação Especializada,Trimestral,Registo Definitivo,"Rua Salgueiro Maia, 2, Bloco 5, 2.º Esq.",2685-374,Prior Velho,Loures,Lisboa,"Lazeres & Prazeres, Investimentos, Unipessoal, Lda.",Francisco Filipe Morgado Duarte,,,Carlos Alberto Soares e Silva Ramos,Loures,Lisboa,,carlossilvaramos51@gmail.com,
108130,03-08-1981,Hemofilia,Papel/Online,Nacional,Informação Especializada,Semestral,Registo Definitivo,"Av. João Paulo II, Lote 530, Loja A",1950-158,Lisboa,Lisboa,Lisboa,Associação Portuguesa  de Hemofilia e de outras Coagulopatias Congénitas (APH),Augusto Manuel Oliveira Ramoa Rodrigues,,,Associação Portuguesa de Hemofília e de Outras Coagulopatias Congénitas,Lisboa,Lisboa,,info@aphemofilia.pt,www.aphemofilia.pt
108137,07-08-1981,Turbo,Papel,Nacional,Informação Especializada,Mensal,Registo Definitivo,"Av. das Olaias, 19 A",2635-542,Rinchoa,Sintra,Lisboa,"Terra de Letras  - Comunicação, Lda",José Júlio Torres Alves dos Santos,,,"Terra de Letras -  Comunicação, Lda.",Sintra,Lisboa,,turbo@turbo.pt,
108156,20-08-1981,Notícias da Beira Douro,Papel,Regional,Informação Geral,Mensal,Registo Definitivo,"R. Pinheiro de Campanhã, 342",4300-414,Porto,Porto,Porto,"Uniarte Gráfica, S.A.",Rui Alberto da Costa Carvalho,,António Ribeiro de Almeida,"Uniarte Gráfica, SA",Porto,Porto,,geral@uniarte.pt,
108199,29-09-1981,O Penafidelense,Papel,Regional,Informação Geral,Quinzenal,Registo Definitivo,"Av. Egas Moniz, 173",4560-456,Penafiel,Penafiel,Porto,Hugo Miguel Costa da Veiga Ferreira,Hugo Miguel Costa da Veiga Ferreira,,,Hugo Miguel Costa da Veiga Ferreira,Penafiel,Porto,,openafidelense@gmail.com,
108218,13-10-1981,Revista Atletismo,Online,Nacional,Informação Especializada,Diária,Registo Definitivo,"Calçada da Tapada, 71-A",1349-012,Lisboa,Lisboa,Lisboa,Manuel António da Silva de Campos,Manuel António da Silva de Campos,,,"Xistarca - Promoções e Publicações Desportivas, Lda.",Lisboa,Lisboa,,antonio.campos@xistarca.pt,www.revistaatletismo.com
108258,09-11-1981,O Montemorense,Papel,Regional,Informação Geral,Mensal,Registo Definitivo,"Travessa do Calvário, 2",7050-207,Montemor-O-Novo,Montemor-o-Novo,Évora,Fábrica da Igreja Paroquial de Nossa Senhora da Vila de Montemor-o-Novo,Maria do Rosário Varela Félix da Silva,Nuno Mestrinho,,Fábrica de Igreja Paroquial de Nossa Senhora da Vila de Montemor-o-Novo,Montemor-o-Novo,Évora,,omontemorense@mail.telepac.pt,
108271,19-11-1981,Jornal Arquitectos,Papel/Online,Nacional,Informação Especializada,Trimestral,Registo Definitivo,"Travessa do Carvalho, 21-23",1249-003,Lisboa,Lisboa,Lisboa,Ordem dos Arquitectos,Luís Manuel Morgado Santiago Baptista,Carlos Gustavo Malheiro Machado Moura,,Ordem dos Arquitectos,Lisboa,Lisboa,,presidencia@ordemdosarquitectos.org,https://ordemdosarquitectos.org
108323,30-12-1981,Despertar Cebi,Papel/Online,Regional,Informação Geral,Anual,Registo Definitivo,"Qta. de Sta. Maria - R. Maria Eduarda Segura de Faria, 2",2615-376,Alverca do Ribatejo,Vila Franca de Xira,Lisboa,CEBI - Fundação para o Desenvolvimento Comunitário de Alverca,Nuno Miguel Costa Lopes,,,CEBI - Fundação para o Desenvolvimento Comunitário de Alverca,Vila Franca de Xira,Lisboa,,geral@fcebi.org,https://www.fcebi.org
108327,31-12-1981,GoldenBook,Papel,Nacional,Informação Especializada,Anual,Registo Definitivo,"Av.ª Nossa Senhora do Rosário, 603, 1 O",2750-179,Cascais,Cascais,Lisboa,Henrique Heine de Carvalho Cerqueira,Henrique Heine Carvalho Cerqueira,,,"Majov Edições, Lda.",Cascais,Lisboa,,mail@goldenbook.pt,
108348,12-01-1982,A Verdade,Papel/Online,Regional,Informação Geral,Quinzenal,Registo Definitivo,"Av. Avelino Ferreira Torres, 1440",4630-201,Marco de Canaveses,Marco de Canaveses,Porto,"Media Marco - Comunicação, Lda.",Vitor Daniel Nunes de Almeida,,,"Media Marco - Comunicação, Lda.",Marco de Canaveses,Porto,,mediamarco@mediamarco.pt,https://www.averdade.com
108452,25-02-1982,Revista Portuguesa de Cardiologia - Portuguese Journal Of Cardiology,Online,Nacional,Informação Especializada,Mensal,Registo Definitivo,"Campo Grande,  28 - 13º",1700-093,Lisboa,Lisboa,Lisboa,Mário Oliveira,Mário Oliveira,,,Sociedade Portuguesa de Cardiologia,Lisboa,Lisboa,,revista@spc.pt,https://www.revportcardiol.org/
108495,19-03-1982,Noticias de Barroso,Papel,Regional,Informação Geral,Quinzenal,Registo Definitivo,"Rua Miguel Torga, 492",5470-211,Montalegre,Montalegre,Vila Real,Nuno Miguel Afonso Carvalho de Moura,Nuno Miguel Afonso Carvalho de Moura,,,José António Carvalho de Moura,Montalegre,Vila Real,,nmcmoura@gmail.com,
108554,15-04-1982,Gazeta da Beira,Papel/Online,Regional,Informação Geral,Mensal,Registo Definitivo,"R. Principal, Casa da Moreira, 8",3670-151,Paços de Vilharigues,Vouzela,Viseu,"GLOCALDECIDE - Associação para a Democracia, a Cidadania e o Desenvolvimento",Pedro Manuel Bastos Rodrigues Soares,,,"GLOCALDECIDE - Associação para a Democracia, a Cidadania e o Desenvolvimento",São Pedro do Sul,Viseu,,gazetadabeira@sapo.pt,www.gazetadabeira.pt
108573,29-04-1982,Jornal de Romariz,Papel,Regional,Informação Geral,Mensal,Registo Definitivo,Largo de Stº. Isidoro nº.15,3700-890,Romariz,Santa Maria da Feira,Aveiro,Associação Cultural de Romariz,Rogério  Magalhães Paiva,,José Adegas,Associação Cultural de Romariz,Santa Maria da Feira,Aveiro,,geral@mvide.com,www.jornalderomariz.com
108631,26-05-1982,Revista Portuguesa de Psicanálise,Papel/Online,Nacional,Informação Especializada,Bianual,Registo Definitivo,"Av. Álvaro Pais, 15",1649-006,Lisboa,Lisboa,Lisboa,"VS - Vasco Santos Editor, Unipessoal, Lda.",Jorge Eduardo Lomelino Câmara,Ana Teresa Vale,,Sociedade Portuguesa de Psicanálise,Lisboa,Lisboa,,info@psicanalise-spp.com,www.sppsicanalise.pt
108635,27-05-1982,Jornal da Praia,Papel/Online,Regional,Informação Geral,Quinzenal,Registo Definitivo,"R. Cidade da Artesia, S/N (Apartado 45)",9760-586,Praia da Vitória,Praia da Vitória,Ilha Terceira,Rui Virgílio Fernandes Marques,José Sebastião Ribeiro Teixeira de Lima,Carla Patrícia Dinis Félix,,Grupo de Amigos da Praia da Vitória,Praia da Vitória,Ilha Terceira,Região Autónoma dos Açores,geral@jornaldapraia.com,www.jornaldapraia.com
108797,02-09-1982,Manutenção,Papel/Online,Nacional,Informação Especializada,Trimestral,Registo Definitivo,"Pc. da Corujeira, 38",4300-144,Porto,Porto,Porto,"CIE - Comunicação e Imprensa Especializada, Lda",Luís de Andrade Ferreira,Raúl Dória,,Associação Portuguesa de Manutenção e Gestão de Activos (A.P.M.I.),Barreiro,Setúbal,,apmigeral@apmi.com.pt,www.revistamanutencao.pt
108812,15-09-1982,Nefrâmea,Papel/Online,Nacional,Informação Especializada,Trimestral,Registo Definitivo,"R. Luiz Pacheco, Lt. 105 - Lj. B - Bairro das Amendoeiras",1950-244,Lisboa,Lisboa,Lisboa,Associação Portuguesa de Insuficientes Renais - APIR,Carlos Eduardo Ferreira Coelho,,,Associação Portuguesa de Insuficientes Renais - APIR,Lisboa,Lisboa,,apir@apir.org.pt,http://www.apir.org.pt
108885,20-10-1982,O Portomosense,Papel/Online,Regional,Informação Geral,Quinzenal,Registo Definitivo,"R.  Mestre de Aviz, 1 - R/C D",2480-339,Porto de Mós,Porto de Mós,Leiria,"CINCUP - Cooperativa de Informação e Cultura de Porto de Mos, CRL",Jéssica Moás de Sá,,,"CINCUP - Cooperativa de Informação e Cultura de Porto de Mós, CRL",Porto de Mós,Leiria,,oportomosense@gmail.com,www.oportomosense.pt
108930,11-11-1982,Patrimónios - Boletim da Associação Cultural Amigos de Gaia,Papel,Regional,Informação Especializada,Semestral,Registo Definitivo,"Av. da República, 872 - 7º Sala 4",4430-190,Vila Nova de Gaia,Vila Nova de Gaia,Porto,Associacao Cultural Amigos de Gaia,Salvador de Pinho Ferreira de Almeida,,,Associação Cultural Amigos de Gaia,Vila Nova de Gaia,Porto,,a.c.amigosdegaia@gmail.com,
108932,11-11-1982,Luz da Serra,Papel,Regional,Informação Geral,Mensal,Registo Definitivo,"R. de Santa Catarina, 22",2495-186,Santa Catarina da Serra,Leiria,Leiria,Forserra - Associação de Desenvolvimento e Gestão do Património de Santa Catarina da Serra,José Lopes Baptista,,,Fábrica da Igreja Paroquial de Santa Catarina da Serra,Leiria,Leiria,,forserra@gmail.com,
108952,18-11-1982,A Crença,Papel,Regional,Doutrinária,Mensal,Registo Definitivo,"R. Gonçalo Velho, 38",9680-157,Vila Franca do Campo,Vila Franca do Campo,Ilha de São Miguel,Fábrica da Igreja Paroquial de São Miguel Arcanjo,José Alfredo Torres Borges,,,Fábrica da Igreja Paroquial de São  Miguel Arcanjo,Vila Franca do Campo,Ilha de São Miguel,Região Autónoma dos Açores,geral@acrenca.pt,
108998,07-01-1983,Al-Madan,Papel,Nacional,Informação Especializada,Anual,Registo Definitivo,Travessa Luís Teotónio Pereira,2805-187,Almada,Almada,Setúbal,Centro de Arqueologia de Almada,Jorge Manuel Cordeiro Raposo,,,Centro de Arqueologia de Almada,Almada,Setúbal,,c.arqueo.alm@gmail.com,www.caa.org.pt
109009,13-01-1983,Mais Bancário,Papel/Online,Nacional,Informação Especializada,Mensal,Registo Definitivo,"R. de S. José, 131",1169-046,Lisboa,Lisboa,Lisboa,Elsa Andrade,António José Real da Fonseca,João Gonçalo Barros Ferreira,,"Sindicato da Banca, Seguros e Tecnologias - Mais Sindicato",Lisboa,Lisboa,,direccao@mais.pt,https://www.mais.pt
109031,27-01-1983,Noticias de Freixo de Numão,Papel,Regional,Informação Geral,Bimestral,Registo Definitivo,Av. Prof. Guilherme Cunha,5155-235,Freixo de Numão,Vila Nova de Foz Côa,Guarda,Associação Cultural Desportiva e Recreativa de Freixo de Numão,António Nascimento Sá Coixão,António Manuel Brilhante Sobral,António José Rodrigues,Associação Cultural Desportiva e Recreativa de Freixo de Numão,Vila Nova de Foz Côa,Guarda,,acdr.freixo@hotmail.com,
109323,27-05-1983,Revista Militar,Papel,Nacional,Informação Especializada,Mensal,Registo Definitivo,"Campo Santa Clara, 62",1100-471,Lisboa,Lisboa,Lisboa,Empresa da Revista Militar,José Luiz Pinto Ramalho,,,Empresa da Revista Militar,Lisboa,Lisboa,,revistamilitar@sapo.pt,www.exercito.pt
109329,31-05-1983,Revista do Ministério Público,Papel/Online,Nacional,Informação Especializada,Trimestral,Registo Definitivo,"Av. Marquês de Tomar, 35 - 1.º Dto",1050-153,Lisboa,Lisboa,Lisboa,Sindicato dos Magistrados do Ministério Público,António Manuel Ferreira Ventinhas,,,Sindicato dos Magistrados do Ministério Público,Lisboa,Lisboa,,revistamp@smmp.pt,www.smmp.pt
109408,24-06-1983,Motojornal,Papel,Nacional,Informação Especializada,Mensal,Registo Definitivo,"Av. Infante D. Henrique, Edifício Beira Rio, Fração T",1950-408,Lisboa,Lisboa,Lisboa,"Fast Lane II, Lda.",Vítor Manuel Serra Martins,,,"Fast Lane II, Lda.",Lisboa,Lisboa,,hugo.ramos@fast-lane.pt,
109477,21-07-1983,Vida Económica,Papel/Online,Nacional,Informação Especializada,Semanal,Registo Definitivo,"R. Gonçalo Cristovão, 14 R/c",4000-263,Porto,Porto,Porto,"Vida Económica - Editorial, S.A.",João Luis Marinho Peixoto de Sousa,,,"Vida Económica - Editorial, SA",Porto,Porto,,mariajoao@vidaeconomica.pt,www.vidaeconomica.pt
109556,22-08-1983,Al Furqán - Órgão para a Divulgação do Islamismo,Papel,Nacional,Doutrinária,Bimestral,Registo Definitivo,"R. Guerra Junqueiro,  6 - 1º F",2660-265,Santo António dos Cavaleiros,Loures,Lisboa,Mahomed Yiossuf Mohamed,Mahomed Yiossuf Mohamed,,,Mahomed Yiossuf Mohamed,Loures,Lisboa,,alfurqan00@hotmail.com,www.alfurqan.pt
109627,27-09-1983,Cadernos de Economia,Papel,Nacional,Informação Especializada,Trimestral,Registo Definitivo,"R. Francisco Rodrigues Lobo, 2 - R/C. Dtº",1070-134,Lisboa,Lisboa,Lisboa,"Polimeios-Produção de Meios, Ldª.",António Ramos Gomes,,,"Polimeios - Produção de Meios, Lda.",Lisboa,Lisboa,,geral@cadernoseconomia.pt,
109629,27-09-1983,Jornal de Tondela,Papel,Regional,Informação Geral,Semanal,Registo Definitivo,"R. Dr. Antonio Marques da Costa, s/n",3460-575,Tondela,Tondela,Viseu,"Sediton - Sociedade Editora Tondelense, Lda.",Arménio Manuel de Jesus Pereira,,,"Sediton - Sociedade Editora Tondelense, Lda.",Tondela,Viseu,,jornaldetondela@mail.telepac.pt,www.jornaldetondela.com.sapo.pt
109684,20-10-1983,Enologia,Papel/Online,Nacional,Informação Especializada,Anual,Registo Definitivo,Laboratório Ferreira Lapa. Instituto Superior de Agronomia. Tapada da Ajuda,1349-017,Lisboa,Lisboa,Lisboa,APEV - Associação Portuguesa de Enologia e Viticultura,Ana Isabel Bexiga Almeirante,,,APEV - Associação Portuguesa de Enologia e Viticultura,Lisboa,Lisboa,,geral@apenologia.pt,https://www.apenologia.pt
109706,07-11-1983,Jornal Espírita,Papel,Nacional,Doutrinária,Mensal,Registo Definitivo,"R. Allan Kardec  1, Bairro da Amizade",3505-465,Viseu,Viseu,Viseu,União Espírita Cristã-Associação Cultural de Divulgação Espírita,Paulo Alexandre da Silveira Costeira Marques da Silva,,,União Espírita Cristã - Associação Cultural de Divulgação Espírita,Viseu,Viseu,,jornalespirita@gmail.com,
109712,09-11-1983,As Beiras,Papel/Online,Regional,Informação Geral,Diária,Registo Definitivo,Edifício AT Business Center,3060-071,Manga da Granja,Cantanhede,Coimbra,"Sojormédia Beiras, S.A.",Agostinho Franklin Curado Carvalho,,,"Sojormédia Beiras, S.A.",Cantanhede,Coimbra,,dir.executiva@asbeiras.pt,www.asbeiras.pt
109763,02-12-1983,Timoneiro,Papel,Regional,Informação Geral,Mensal,Registo Definitivo,Paróquia da Gafanha da Nazaré - Av. José Estevão,3830-556,Gafanha da Nazaré,Ílhavo,Aveiro,Fábrica da Igreja Paroquial da Gafanha da Nazaré,Pedro Rafael Araújo Oliveira,,,Fábrica da Igreja Paroquial da Gafanha da Nazaré,Ílhavo,Aveiro,,j.timoneiro@gmail.com,
109765,02-12-1983,Crescendo,Papel,Regional,Informação Geral,Mensal,Registo Definitivo,"Largo da Viscondessa, 76",4455-860,Santa Cruz do Bispo,Matosinhos,Porto,Fábrica da Igreja Paroquial de Santa Cruz do Bispo,João Matias Valente Azevedo,,,Fábrica da Igreja Paroquial de Santa Cruz do Bispo - Matosinhos,Matosinhos,Porto,,jomatias62@gmail.com,
109770,05-12-1983,Amanhecer das Neves,Papel,Regional,Informação Geral,Mensal,Registo Definitivo,"Rua Externato das Neves, 41",4905-646,Vila de Punhe,Viana do Castelo,Viana do Castelo,Centro Recreativo e Cultural das Neves,Manuel Moreira Rego,Cândido da Costa Miranda,,Centro Recreativo e Cultural das Neves,Viana do Castelo,Viana do Castelo,,amanhecerdasneves@sapo.pt,
109968,08-03-1984,Notícias da Barca,Papel,Regional,Informação Geral,Trimensal,Registo Definitivo,R. de Santo Antonio,4980-638,Ponte da Barca,Ponte da Barca,Viana do Castelo,Gualter de Carvalho Venâncio Bacelar,Gualter de Carvalho Venâncio Bacelar,,,Gualter de Carvalho Venâncio Bacelar,Ponte da Barca,Viana do Castelo,,noticiasbarca@sapo.pt,
109980,14-03-1984,Jornal de Leiria,Papel/Online,Regional,Informação Geral,Semanal,Registo Definitivo,Parque Movicortes,2404-006,Leiria,Leiria,Leiria,"Jorlis - Edições e Publicações, Lda.",Cláudio Frederico Pereira Villarin Garcia,,,"Jorlis - Edições e Publicações, Lda.",Leiria,Leiria,,geral@jornaldeleiria.pt,www.jornaldeleiria.pt
110004,19-03-1984,Moda e Moda,Online,Nacional,Informação Especializada,Mensal,Registo Definitivo,"R. Braamcamp, 12 - R/C. Esq.",1200-050,Lisboa,Lisboa,Lisboa,"Editorial Venus, Lda",Maria Marionela G. D. Santos Fernandes,,,"Editorial Venus, Ldª",Lisboa,Lisboa,,modaemoda@gmail.com,www.modaemoda.pt
110060,30-03-1984,O Leme,Papel/Online,Regional,Informação Geral,Quinzenal,Registo Definitivo,Bairro Azul Colectiva B1 - Apartado 6,7500-100,Vila Nova de Santo André,Santiago do Cacém,Setúbal,Maria de Fátima Correia da Graça Lychnos Moita,Luís Filipe de Oliveira Marques,Paulo David Coelho Madeira Horta de Mesquita,,Fábrica da Igreja Paroquial de Santa Maria,Santiago do Cacém,Setúbal,,jornal.oleme@gmail.com,www.jornaloleme.pt
110226,27-06-1984,O Povo de Cortegaça,Papel,Regional,Informação Geral,Mensal,Registo Definitivo,"Praceta Centro  D'Villa, 15",3885-221,Cortegaça,Ovar,Aveiro,"Crecor - Solidariedade Social, Cultura, Recreio e Desporto de Cortegaça",José Maria Monteiro Oliveira,,,"Crecor - Solidariedade Social, Cultura, Recreio e Desporto de Cortegaça",Ovar,Aveiro,,crecorcortegaca@gmail.com,www.povodecortegaca.pt
110251,11-07-1984,Notícias do Paiva,Papel,Regional,Informação Geral,Mensal,Registo Definitivo,"Av. Aquilino Ribeiro, 101",3650-209,Vila Nova de Paiva,Vila Nova de Paiva,Viseu,Barrelas Editora - Associação Cultural,Fernando José Carvalho Bonito,Ana Sofia Pires,,Fernando José de Carvalho Bonito,Vila Nova de Paiva,Viseu,,npaivabonito@gmail.com,
110343,29-08-1984,Nordeste,Papel/Online,Regional,Informação Geral,Semanal,Registo Definitivo,"Av. Aguedo Oliveira, 5, r/c esq.",5300-074,Bragança,Bragança,Bragança,"Pressnordeste, Lda",Carina Alexandra Pires Alves,,,"Pressnordeste, Lda.",Bragança,Bragança,,jornalnordeste@pressnordeste.pt,www.jornalnordeste.com
110364,12-09-1984,Blitz,Online,Nacional,Informação Especializada,Diária,Registo Definitivo,"Ed. S. Francisco de Sales - R. Calvet de Magalhães, 242",2770-022,Paço de Arcos,Oeiras,Lisboa,"Impresa Publishing, SA",Miguel Francisco Martins Salgueiro Tavares Cadete,,,"Impresa Publishing, SA",Oeiras,Lisboa,,snferreira@impresa.pt,https://expresso.pt/blitz
110377,20-09-1984,Revista ANTRAL,Papel,Nacional,Informação Especializada,Trimestral,Registo Definitivo,"Avª. Engº. Arantes e Oliveira, 15",1900-221,Lisboa,Lisboa,Lisboa,Antral - Associação Nacional dos Transportadores Rodoviários em Automóveis Ligeiros,José Faria Monteiro,,José Domingos Pereira,ANTRAL - Associação Nacional dos Transportadores Rodoviários em Automóveis Ligeiros,Lisboa,Lisboa,,revista@antral.pt,
110486,16-11-1984,Rotary,Papel/Online,Nacional,Informação Especializada,Mensal,Registo Definitivo,"R. João Machado, 100, 3º Sala 303/304",3000-226,Coimbra,Coimbra,Coimbra,Associação Portugal Rotário,José Alberto Almeida Gouveia de Oliveira,,,Associação Portugal Rotário,Coimbra,Coimbra,,geral@portugalrotario.pt,http://www.revistarotaryportugal.pt
110487,16-11-1984,O Jogo,Papel,Nacional,Informação Especializada,Diária,Registo Definitivo,"Rua Monte dos Burgos, 470, 1º",4250-311,Porto,Porto,Porto,"Notícias Ilimitadas, S.A.",Nuno Vasco Mendes Vieira,Alcides de Almeida Santana Freire,,"Notícias Ilimitadas, S.A.",Maia,Porto,,carla.ferreirinha@noticiasilimitadas.pt,www.ojogo.pt
110636,18-01-1985,Voz das Misericórdias,Papel,Nacional,Informação Especializada,Mensal,Registo Definitivo,"R. de Entrecampos, 9",1000-151,Lisboa,Lisboa,Lisboa,Bethania Pagin,Nuno Reis,,,União das Misericórdias Portuguesas,Lisboa,Lisboa,,geral@ump.pt,www.ump.pt
110646,23-01-1985,O Sambrasense,Papel/Online,Regional,Informação Geral,Mensal,Registo Definitivo,"R. Luís Bivar, 13",8150-156,São Brás de Alportel,São Brás de Alportel,Faro,União Desportiva e Recreativa Sambrasense,José Pereira Martins,,,União Desportiva e Recreativa Sambrasense,São Brás de Alportel,Faro,,uniao.sambrasense@gmail.com,https://sambrasense.pt
110650,25-01-1985,O Forjanense,Papel,Regional,Informação Geral,Mensal,Registo Definitivo,"R. Pe. Joaquim Gomes dos Santos, 58",4740-439,Igreja,Esposende,Braga,"Associação Social, Cultural, Artística e Recreativa de Forjães - ACARF",Luís Pedro Pereira Torres Ribeiro,,,"Associação Social, Cultural, Artística e Recreativa de Forjães - ACARF",Esposende,Braga,,acarf1@sapo.pt,
110825,16-04-1985,Diário Regional de Viseu,Papel,Regional,Informação Geral,Anual,Registo Definitivo,"R. Alexandre Herculano, 198 - 2º Dto.",3510-033,Viseu,Viseu,Viseu,"Adriano Lucas, Lda.",Adriano Callé Cunha Lucas,Miguel Callé da Cunha Lucas,,"Adriano Lucas, Lda.",Coimbra,Coimbra,,jorge.dinis@diariocoimbra.pt,www.diarioregional.pt
110847,24-04-1985,Dragões,Papel/Online,Nacional,Informação Especializada,Mensal,Registo Definitivo,"Dragão Arena, Via Futebol Clube do Porto",4350-415,Porto,Porto,Porto,Futebol Clube do Porto,Daniela Filipa de Almeida Assunção,,,Futebol Clube do Porto,Porto,Porto,,revista.dragoes@fcporto.pt,www.fcporto.pt
110856,02-05-1985,Gazeta de Física,Papel,Nacional,Informação Especializada,3 x ano,Registo Definitivo,"R. Professor Gama Pinto, 2",1649-003,Lisboa,Lisboa,Lisboa,Sociedade Portuguesa de Física,Bernardo Gonçalves Almeida,,,Sociedade Portuguesa de Física,Lisboa,Lisboa,,spf@spf.pt,
110957,25-06-1985,Palavra - Jornal Mensal,Papel,Regional,Informação Geral,Mensal,Registo Definitivo,"R. da Igreja, S/N.",7200-373,Reguengos de Monsaraz,Reguengos de Monsaraz,Évora,Fábrica da Igreja Paroquial de Santo António de Reguengos de Monsaraz,Manuel José Dourado Dias Marques,,,Fábrica da Igreja Paroquial de Santo António de Reguengos de Monsaraz,Reguengos de Monsaraz,Évora,,alekontab@gmail.com,www.ciberevora.pt/palavra
110975,03-07-1985,Jornal da Mealhada,Papel,Regional,Informação Geral,Quinzenal,Registo Definitivo,"R. Dr. Costa Simões, 71-A",3050-360,Mealhada,Mealhada,Aveiro,Santa Casa da Misericórdia da Mealhada,Maria da Graça Polaco de Almeida Rodrigues,,,Santa Casa da Misericórdia da Mealhada,Mealhada,Aveiro,,geral@jornaldamealhada.com,www.jornaldamealhada.com
111131,17-10-1985,O Municipal,Papel/Online,Nacional,Informação Especializada,Bimestral,Registo Definitivo,"Pc. do Município, 15 A",2005-246,Santarém,Santarém,Santarém,ATAM - Associação dos Trabalhadores da Administração Local,Daniel Coelho,,,ATAM - Associação dos Trabalhadores da Administração Local,Santarém,Santarém,,geral@atam.pt,https://www.atam.pt
111174,07-11-1985,Argumento,Papel,Regional,Informação Especializada,3 x ano,Registo Definitivo,"R. Escura, 62",3500-133,Viseu,Viseu,Viseu,Cine Clube de Viseu,César Augusto Gomes Lopes,Ana Margarida Assis,José Pedro Pinto,Cine Clube de Viseu,Viseu,Viseu,,argumento@cineclubeviseu.pt,www.cineclubeviseu.pt
111184,13-11-1985,Portugaliae Electrochimica Acta,Online,Nacional,Informação Especializada,Bimestral,Registo Definitivo,Lg. Marques de Pombal - Departamento de Quimica da F.C.T.U.C.,3004-535,Coimbra,Coimbra,Coimbra,Victor Manuel de Matos Lobo,Victor Manuel de Matos Lobo,,,Sociedade Portuguesa de Electroquimica,Coimbra,Coimbra,,vlobo@ci.uc.pt,https://www.peacta.org
111235,29-11-1985,Jornal de Monchique,Papel/Online,Regional,Informação Geral,Mensal,Registo Definitivo,Edifício da Casa do Povo,8550-445,Monchique,Monchique,Faro,O Monchiqueiro - Grupo de Dinamização Cultural,Paulo Alexandre Duarte Rosa,"Américo Gil Duarte e Telo, Lúcia Cristina de Jesus Costa",,O Monchiqueiro - Grupo de Dinamização Cultural,Monchique,Faro,,grupomonchiqueiro@sapo.pt,https://www.jornaldemonchique.pt
111313,17-01-1986,Revisores e Auditores,Papel,Nacional,Informação Especializada,Trimestral,Registo Definitivo,"R. do Salitre, 51",1250-198,Lisboa,Lisboa,Lisboa,Ordem dos Revisores Oficiais de Contas,Fernando Virgílio Cabral da Cruz Macedo,Rui Manuel Correia de Pinho,,Ordem dos Revisores Oficiais de Contas,Lisboa,Lisboa,,revista@oroc.pt,
111333,29-01-1986,Solidariedade,Papel,Nacional,Informação Especializada,Mensal,Registo Definitivo,"R. da Reboleira, 47",4050-492,Porto,Porto,Porto,Victor Manuel Ferreira Pinto,Lino da Silva Maia,José Baptista,,Confederação Nacional das Instituições de Solidariedade,Porto,Porto,,cnis@cnis.pt,
111346,04-02-1986,Tribuna Pacense,Papel,Regional,Informação Geral,Mensal,Registo Definitivo,"Av. dos Templários, 318",4590-509,Paços de Ferreira,Paços de Ferreira,Porto,António José Gomes Ribeiro,António José Gomes Ribeiro,,,António José Gomes Ribeiro,Paços de Ferreira,Porto,,tribunapacense@gmail.com,
111423,10-03-1986,Distribuição Hoje,Papel/Online,Nacional,Informação Especializada,Bimestral,Registo Definitivo,"Av. da Liberdade, 144 - 3º",1250-146,Lisboa,Lisboa,Lisboa,"Abilways Portugal, S.A.",Sérgio Miguel Lúcio Silvestre Caraça de Abrantes,,,"Abilways Portugal, S.A.",Lisboa,Lisboa,,assinaturas@abilways.com,www.distribuicaohoje.com
111532,29-04-1986,Vida Católica,Papel,Regional,Doutrinária,Semestral,Registo Definitivo,Mosteiro de São Vicente de Fora - Campo de Santa Clara,1100-472,Lisboa,Lisboa,Lisboa,"Nova Terra - Empresa Editorial, Lda",Vítor Manuel Fernandes Gonçalves,,,"Nova Terra - Empresa Editorial, Lda",Lisboa,Lisboa,,livraria.nt@patriarcado-lisboa.pt,
111597,23-05-1986,Sociologia - Problemas e Praticas,Papel/Online,Nacional,Informação Especializada,Quadrimestral,Registo Definitivo,Av. das Forças Armadas - Edifício ISCTE,1649-026,Lisboa,Lisboa,Lisboa,"Editora Mundos Sociais, CIES-IUL",António Firmino da Costa,,,ISCTE- Instituto Universitário de Lisboa,Lisboa,Lisboa,,Reitoria@iscte-iul.pt,http://sociologiapp.iscte-iul.pt
111613,03-06-1986,Postal do Algarve,Papel/Online,Regional,Informação Geral,Quinzenal,Registo Definitivo,"R. Dr. Silvestre Falcão, 13 C",8800-412,Tavira,Tavira,Faro,"Postal do Algarve - Publicações e Editores, Lda.",Henrique Manuel Dias Freire,,,Henrique Manuel Dias Freire,Tavira,Faro,,jornalpostal@gmail.com,www.postal.pt
111639,20-06-1986,O Escanção,Online,Nacional,Informação Especializada,Bimestral,Registo Definitivo,"Av. Almirante Reis, 58 - R/C. Dto.",1150-019,Lisboa,Lisboa,Lisboa,Ana Isabel Fojo Franco Ramos Branco,Tiago Marco Rodrigues Paula,Fábio Benjamim Benvindo Ramalho Nico,Nelson Fernando Francisco Guerreiro; Carlos Alexandre António Vergueiro Lopes,Associação dos Escanções de Portugal,Lisboa,Lisboa,,escancao@sapo.pt,www.escancao.com
111685,16-07-1986,Cidade Hoje,Papel/Online,Regional,Informação Geral,Mensal,Registo Definitivo,R. 5 de Outubro- Edif. Vilarminda - Loja 204,4760-289,Vila Nova de Famalicão,Vila Nova de Famalicão,Braga,Círculo de Cultura Famalicense,Rui Manuel da Silva Lima,,,Círculo de Cultura Famalicense,Vila Nova de Famalicão,Braga,,geral@cidadehoje.pt,https://cidadehoje.sapo.pt/
111846,20-10-1986,Atlântico Expresso,Papel/Online,Regional,Informação Geral,Semanal,Registo Definitivo,"R. Dr. João Francisco de Sousa, 14",9500-187,Ponta Delgada,Ponta Delgada,Ilha de São Miguel,"Gráfica Açoriana, Lda",Américo Natalino Pereira Viveiros,José Manuel dos Santos Narciso; Nélia Câmara,,"Gráfica Açoreana, Lda.",Ponta Delgada,Ilha de São Miguel,Região Autónoma dos Açores,atlanticoexpresso@correiodosacores.pt,https://--
111881,10-11-1986,Douro Hoje,Papel,Regional,Informação Geral,Mensal,Registo Definitivo,"Urbº da Ortigosa, Bl. 21 - Cv. Dtª",5100-182,Lamego,Lamego,Viseu,"Figueiredo, Correia e Monteiro, Lda.",Maria Clarinda Marques Ferreira,,,"Figueiredo, Correia & Monteiro, Lda",Peso da Régua,Vila Real,,dourohoje@gmail.com,
111883,14-11-1986,Gazeta de Sátão,Papel,Regional,Informação Geral,Mensal,Registo Definitivo,"Praça Paulo VI, 6 - 1º Esq.",3560-154,Sátão,Sátão,Viseu,Vítor Miguel do Amaral Figueiredo,Vítor Miguel do Amaral dos Santos Figueiredo,Isabel Maria Rodrigues Santos Figueiredo,,Isabel Maria Rodrigues dos Santos Figueiredo,Sátão,Viseu,,gazetadesatao@sapo.pt,
111970,08-01-1987,TV 7 Dias,Papel/Online,Nacional,Informação Especializada,Semanal,Registo Definitivo,"Rua Retiro dos Pacatos, 50, Edifício Startup, Sala 1 e 2",2635-224,Covas,Sintra,Lisboa,Jacques da Conceição Rodrigues,Vitor Hugo Duarte Crisóstomo,,,Jacques da Conceição Rodrigues,Cascais,Lisboa,,paularodrigues@impala.pt,
111972,08-01-1987,Materiais de Construção,Papel/Online,Nacional,Informação Especializada,Trimestral,Registo Definitivo,"Pc. Francisco Sá Carneiro, 219, 4º Dto.",4200-313,Porto,Porto,Porto,Associação Portuguesa dos Comerciantes de Materiais de Construção,Carlos Filipe Miranda Rosa,José Manuel Franco de Matos,,Associação Portuguesa dos Comerciantes de Materiais de Construção,Porto,Porto,,geral@apcmc.pt,www.apcmc.pt
112028,02-02-1987,Cadernos de Educação de Infância,Papel,Nacional,Informação Especializada,Quadrimestral,Registo Definitivo,"Bº da Liberdade, Impasse à R. C, Lt. A, L9/14 - Piso 0",1070-023,Lisboa,Lisboa,Lisboa,APEI - Associação de Profissionais de Educação de Infância,Luís Alberto Ribeiro,,,APEI - Associação dos Profissionais de Educação de Infância,Lisboa,Lisboa,,apei@apei.pt,
112158,31-03-1987,Jornal Terra e Mar,Online,Regional,Informação Geral,Semanal,Registo Definitivo,Av.do Centro Cívico,4910-431,Vila Praia de Âncora,Caminha,Viana do Castelo,Centro Social e Cultural de Vila Praia de Âncora,José Luís Diogo de Azevedo Presa,,,Centro Social e Cultural de Vila Praia de Âncora,Caminha,Viana do Castelo,,jtm@cscvpa.pt,http://www.jornalterraemar.pt/
112304,04-06-1987,Jornal de Coimbra,Papel,Regional,Informação Geral,Anual,Registo Definitivo,"R. Adriano Lucas,161",3020-430,Coimbra,Coimbra,Coimbra,"Adriano Lucas, Lda.",Adriano Callé da Cunha Lucas,,,"Adriano Lucas, Lda.",Coimbra,Coimbra,,jorge.dinis@diariocoimbra.pt,
112348,17-06-1987,Visão,Papel/Online,Nacional,Informação Geral,Semanal,Registo Definitivo,"Avenida Jacques Delors, Edifício Inovação 3.1 Espaço nº 511/512",2740-122,Porto Salvo,Oeiras,Lisboa,"Trust In News, Unipessoal, Lda.",Rui Manuel Tavares Guedes,,"Alexandra Correia, Filipe Luís, Margarida Vaqueiro Lopes, Sara Belo Luís","Trust In News, Unipessoal, Lda.",Oeiras,Lisboa,,cscampos@trustinnews.pt,visaodigital.visao.pt;visaodigital.trustinnews.pt
112363,23-06-1987,Correio de Lagos,Papel,Regional,Informação Geral,Mensal,Registo Definitivo,"R. Doutor José Francisco Tello Queiróz , Lt. 14 - 1º E",8600-707,Lagos,Lagos,Faro,Carlos José da Conceição,Carlos José da Conceição,,,"JL Unipessoal, Lda.",Lagos,Faro,,correiodelagos@gmail.com,www.correiodelagos.com
112379,30-06-1987,Almanaque de Nossa Senhora de Fátima,Papel,Nacional,Doutrinária,Anual,Registo Definitivo,"R. Francisco Marto, 203",2495-448,Cova da Iria,Ourém,Santarém,Congregação das Irmãs Reparadoras de Nossa Senhora de Fátima,Maria Inês Vieira,,,Congregação das Irmãs Reparadoras de Nossa Senhora de Fátima,Ourém,Santarém,,almanaque.nsfatima@gmail.com,
112380,30-06-1987,Stella,Papel,Nacional,Doutrinária,Trimestral,Registo Definitivo,"R. Francisco Marto, 203",2495-448,Cova da Iria,Ourém,Santarém,Congregação das Irmãs Reparadoras de Nossa Senhora de Fátima,Maria Inez Vieira,,,Congregação das Irmãs Reparadoras de Nossa Senhora de Fátima,Ourém,Santarém,,stellaredacao@gmail.com,www.reparadorasfatima.pt
112525,08-09-1987,Ler - Livros e Leitores,Papel,Nacional,Informação Especializada,Trimestral,Registo Definitivo,"R. Prof. Jorge da Silva Horta, 1",1500-499,Lisboa,Lisboa,Lisboa,Fundação Círculo de Leitores,Francisco José Pereira de Almeida Viegas,,,Fundação Círculo de Leitores,Lisboa,Lisboa,,administracao@bertrand.pt,
112570,08-10-1987,O Mirante - Semanário Regional,Papel/Online,Regional,Informação Geral,Semanal,Registo Definitivo,"R. 31 de Janeiro, 22",2005-188,Santarém,Santarém,Santarém,"Valedotejo - Comunicação Social, Lda.",António Miguel Bento Neves Palmeiro,,,"Valedotejo - Comunicação Social, Lda.",Santarém,Santarém,,omirante@omirante.pt,
112595,23-10-1987,O Casapiano,Papel,Regional,Informação Especializada,Mensal,Registo Definitivo,Estádio Pina Manique - Parque Monsanto,1500-462,Lisboa,Lisboa,Lisboa,Virgínio Mendes,José Santos Pinto,,,Casa Pia Atlético Clube (Ateneu Casapiano),Lisboa,Lisboa,,jornalcasapiano@sapo.pt,www.casapia-ac.pt.
112870,29-02-1988,Labor.pt,Papel/Online,Regional,Informação Geral,Semanal,Registo Definitivo,"R.Oliveira Júnior, 93",3700-206,São João da Madeira,São João da Madeira,Aveiro,Cristina Marques,Pedro Ferreira Silva,,,"Laborpress - Edições e Comunicação Social, Lda.",São João da Madeira,Aveiro,,geral@labor.pt,www.labor.pt
112933,22-03-1988,Entre Margens,Papel/Online,Regional,Informação Geral,Bimensal,Registo Definitivo,"Praça das Fontainhas, Lt 4, Lj 2",4795-021,Vila das Aves,Santo Tirso,Porto,"Cooperativa Cultural de Entre-os-Aves, C.R.L.",Américo Luís Carvalho Fernandes,,,"Cooperativa Cultural de Entre-os-Aves, CRL",Santo Tirso,Porto,,jornalentremargens@gmail.com,http://jornalentremargens.com/
112989,19-04-1988,Jornal de Válega,Papel,Regional,Informação Geral,Mensal,Registo Definitivo,"R. Prof. Domingos de Matos, 187",3880-515,Válega,Ovar,Aveiro,Grupo de Acção Cultural de Válega,Américo Pinho Matos,,,Grupo de Acção Cultural de Válega,Ovar,Aveiro,,jornaldevalega@gac-valega.com,
113032,09-05-1988,Terras do Ave,Papel,Regional,Informação Geral,Quinzenal,Registo Definitivo,"Rua da Misericórdia, 6, Sala 5",4480-758,Vila do Conde,Vila do Conde,Porto,"Terras do Ave Media Cooperativa de Comunicação, CRL",José Afonso Carvalho Dias Ferreira,,,"Terras do Ave Media Cooperativa de Comunicação, CRL",Vila do Conde,Porto,,administracao@terrasdoave.pt,www.terrasdoave.pt
113119,27-06-1988,Máxima,Papel/Online,Nacional,Informação Especializada,Anual,Registo Definitivo,"Rua Luciana Stegagno Picchio, 3",1549-023,Lisboa,Lisboa,Lisboa,"Medialivre, S.A.",Maria do Rosário Mello e Castro Vieira Santos,,,"Medialivre, S.A.",Lisboa,Lisboa,,plataforma@medialivre.pt,www.maxima.pt
113153,05-07-1988,Molde,Papel/Online,Nacional,Informação Especializada,Trimestral,Registo Definitivo,"Centro Empresarial da Marinha Grande, R. de Portugal, Lt. 18 - Fração A",2430-028,Amieirinha,Marinha Grande,Leiria,Cefamol - Associação Nacional da Indústria de Moldes,Manuel António da Costa Esteves de Oliveira,,,Cefamol - Associação Nacional da Indústria de Moldes,Marinha Grande,Leiria,,cefamol@cefamol.pt,https://issuu.com/cefamol
113164,11-07-1988,Robótica - Revista Técnico - Científica,Papel/Online,Nacional,Informação Especializada,Trimestral,Registo Definitivo,"Praça da Corujeira, 38",4300-144,Porto,Porto,Porto,"CIE - Comunicação e Imprensa Especializada, Lda",António Fernando Macedo Ribeiro,,,"Publindústria - Produção de Comunicação, Lda",Porto,Porto,,antonio.malheiro@publindustria.pt,www.robotica.pt
113224,29-07-1988,Ilha Maior,Papel/Online,Regional,Informação Geral,Semanal,Registo Definitivo,"R. Secretário Teles Bettencourt, 4 A",9950-305,Cais da Madalena,Madalena,Ilha do Pico,Círculo de Amigos da Ilha do Pico,Manoel Tomaz Gaspar da Costa,,,Círculo de Amigos da Ilha do Pico,Madalena,Ilha do Pico,Região Autónoma dos Açores,jornalilhamaior@gmail.com,https://www.ilhamaior.pt
113272,23-08-1988,Lameiras - Boletim Cultural e Informativo da Associação de Moradores de Lameiras,Papel,Regional,Informação Geral,Trimestral,Registo Definitivo,"R. da Associação de Moradores das Lameiras, Edif. das Lameiras",4760-026,Vila Nova de Famalicão,Vila Nova de Famalicão,Braga,AML - Associação de Moradores das Lameiras,José Maria Carneiro Costa,,,AML - Associação de Moradores das Lameiras,Vila Nova de Famalicão,Braga,,geral@amlameiras.pt,
113375,25-10-1988,Gazeta do Interior,Papel/Online,Regional,Informação Geral,Semanal,Registo Definitivo,"R. Senhora da Piedade, Lt. 3-A 1º Escritório 3",6000-279,Castelo Branco,Castelo Branco,Castelo Branco,"Informarte - Informação Regional, S.A.",João Carlos Mendes Antunes,,,"Informarte - Informação Regional, SA",Castelo Branco,Castelo Branco,,administracao@gazetadointerior.pt,www.gazetadointerior.pt
113412,21-11-1988,Vestir,Papel,Nacional,Informação Especializada,Anual,Registo Definitivo,"Rua Prof. Augusto Nobre, 483",4150-119,Porto,Porto,Porto,"Centro de Formação Profissional da Indústria Têxtil, Vestuário, Confecção e Lanifícios MODATEX",José Manuel Almeida de Castro,,,"Centro de Formação Profissional da Indústria Têxtil, Vestuário, Confecção e Lanifícios MODATEX",Porto,Porto,,geral@modatex.pt,
113433,07-12-1988,Revista do Agricultor,Papel,Nacional,Informação Especializada,Bimestral,Registo Definitivo,"R. Mestre Lima de Freitas, 1",1549-012,Lisboa,Lisboa,Lisboa,Confederação dos Agricultores de Portugal - CAP,Luís Miguel Correia Mira,,,Confederação dos Agricultores de Portugal - CAP,Lisboa,Lisboa,,cap@cap.pt,www.cap.pt
113499,09-01-1989,Manja,Papel/Online,Nacional,Informação Especializada,Trimestral,Registo Definitivo,"R. Diogo do Couto, 1, 1º Esq.",1100-194,Lisboa,Lisboa,Lisboa,"Edições do Gosto - Publicações, Unipessoal, Lda.",Sónia Alexandra de Oliveira Alcaso,,,Paulo José da Luz Amado,Lisboa,Lisboa,,inter@egosto.pt,https://www.manja.pt/revista/
113686,14-04-1989,Algarzur,Papel,Regional,Informação Geral,Mensal,Registo Definitivo,"Rua Monsenhor Manuel Francisco Pardal, 6-R/C Esq.",8670-130 Aljezur,Igreja Nova,Aljezur,Faro,Fernando Francisco Barradinha,Fernando Francisco Barradinha,,,"Fernando Francisco Barradinha, Unipessoal Lda.",Aljezur,Faro,,algarzur@gmail.com,
113709,14-04-1989,Exame,Papel/Online,Nacional,Informação Especializada,Mensal,Registo Definitivo,"R. da Fonte da Caspolima, 8, 8A e 8B, Edif. Fernão Magalhães",2770-190,Paço de Arcos,Oeiras,Lisboa,"Trust In News, Unipessoal, Lda.",Tiago Freire,,,"Trust In News, Unipessoal, Lda.",Oeiras,Lisboa,,tfreire@exame.pt,www.exame.digital.exame.pt
113760,27-04-1989,Folha de Montemor,Papel,Regional,Informação Geral,Mensal,Registo Definitivo,"R. de Santo António, 20",7050-288,Montemor-O-Novo,Montemor-o-Novo,Évora,"Publimor - Cooperativa de Publicidade e Informação de Montemor, C.R.L.",António Manuel dos Santos Nabo,,,"Publimor - Cooperativa de Publicidade e Informação de Montemor, C.R.L.",Montemor-o-Novo,Évora,,folhademontemor@gmail.com,www.terravista.pt
113788,08-05-1989,Audio e Cinema em Casa,Online,Nacional,Informação Especializada,Mensal,Registo Definitivo,"R. Prof. Alfredo de Sousa, 7, 5º Esq.",1600-188,Lisboa,Lisboa,Lisboa,"Cadernos do Som Publicacoes, Ldª",Jorge Ml. Lopes Goncalves,,,Jorge Manuel Lopes Gonçalves,Lisboa,Lisboa,,jg@audiopt.com,https://www.audiopt.com
113874,30-05-1989,Noticias de Fatima,Papel,Regional,Informação Geral,Quinzenal,Registo Definitivo,"R. Padre Manuel António Henriques, S/N",2495-564,Fátima,Ourém,Santarém,"Notícias de Fátima, Lda",Leonel Vieira Batista,,,"Noticias de Fatima, Lda.",Ourém,Santarém,,publicidade@noticiasdefatima.pt,www.noticiasdefatima.pt
113895,06-06-1989,Porta do Sol,Papel/Online,Regional,Doutrinária,Quinzenal,Registo Definitivo,Zona Industrial - R. da Gráfica Almondina (Apartado 29),2350-483,Torres Novas,Torres Novas,Santarém,Diocese de Santarém,João Rodrigues Brites Moita,,,Diocese de Santarém,Santarém,Santarém,,diocstr@sapo.pt,
113934,27-06-1989,Roda Viva O Jornal do Concelho de Arouca,Papel/Online,Regional,Informação Geral,Mensal,Registo Definitivo,"Av. 25 de Abril, 34 - A, 2º Esq.",4540-102,Arouca,Arouca,Aveiro,"Roda Viva - Comunicação e Publicidade, Lda.",José Carlos Mendes da Silva,,,"Roda Viva - Comunicação e Publicidade, Lda",Arouca,Aveiro,,rodavivajornal@gmail.com,www.rodaviva.pt
114179,31-10-1989,Forum Estudante,Papel/Online,Nacional,Informação Especializada,9 x ano,Registo Definitivo,"Tv. das Pedras Negras, 1 - 4º",1100-404,Lisboa,Lisboa,Lisboa,"Press Forum - Comunicação Social, Lda.",Gonçalo Nuno Cavaca Gil,,,"Press-Forum - Comunicação Social, Lda.",Lisboa,Lisboa,,geral@forum.pt,www.forum.pt/
114185,02-11-1989,O Correio da Linha,Papel/Online,Regional,Informação Geral,Mensal,Registo Definitivo,"R. Prof. Mota Pinto, Lj. 4",2780-275,Oeiras,Oeiras,Lisboa,"Vaga Litoral - Publicações e Edições, Lda.",Paulo Jorge Rodrigues Pimenta,,,"Vaga Litoral - Publicações e Edições, Lda.",Oeiras,Lisboa,,geral@ocorreiodalinha.pt,www.ocorreiodalinha.pt
114276,02-01-1990,Jesus Vivo,Papel,Nacional,Doutrinária,Trimestral,Registo Definitivo,"Av. de Castro, 122, Casa de Ourique",4770-708,Telhado,Vila Nova de Famalicão,Braga,Comunidade Cristo de Betânia,Mª Hercilia S. Pinto Pereira,,,Comunidade Cristo de Betânia,Vila Nova de Famalicão,Braga,,jesusvivo@cristobetanea.net,www.cristobetania.net
114309,17-01-1990,Revista de Vinhos - A Essência do Vinho,Papel,Nacional,Informação Especializada,Mensal,Registo Definitivo,"Av. Dr. Antunes Guimarães, 788",4000-122,Porto,Porto,Porto,"Essência Eventos e Comunicação Unipessoal, Lda.",Nuno Filipe Guedes Vaz de Figueiredo e Pires,,,"Essência Eventos e Comunicação Unipessoal, Lda.",Porto,Porto,,josepinto@essenciadovinho.com,
114345,05-02-1990,Boletim Informativo da Sociedade Histórica da Independência de Portugal,Online,Nacional,Informação Especializada,Trimestral,Registo Definitivo,"Largo de S. Domingos, 11 - Palácio da Independência",1150-320,Lisboa,Lisboa,Lisboa,Ana Maria Proserpio,José Ribeiro e Castro,,,Sociedade Histórica da Independência de Portugal,Lisboa,Lisboa,,actividadesculturais@sociedadehistorica.pt,https://sociedadehistorica.pt/sociedade-historica/boletim-informativo/
114410,07-03-1990,Público,Papel/Online,Nacional,Informação Geral,Diária,Registo Definitivo,Edificio Diogo Cão - Doca de Alcântara Norte,1350-352,Lisboa,Lisboa,Lisboa,"Público - Comunicação Social, S.A.",David Manuel Guedes Laranja Pontes,"Marta Moitinho Oliveira, Pedro Candeias, Sónia Sapage, Tiago Luz Pedro",,"Público - Comunicação Social, SA",Maia,Porto,,publico@publico.pt,www.publico.pt
114484,30-03-1990,Tempo Livre,Papel/Online,Nacional,Informação Especializada,Bimestral,Registo Definitivo,"Calçada de Sant´Ana, 180",1169-062,Lisboa,Lisboa,Lisboa,Fundação INATEL,Francisco Madelino,,,Fundação Inatel,Lisboa,Lisboa,,tl@inatel.pt,
114498,05-04-1990,SF Felgueiras Jornal,Papel,Regional,Informação Geral,Quinzenal,Registo Definitivo,R. Rebelo de Carvalho,4610-210,Felgueiras,Felgueiras,Porto,"Semanário de Felgueiras - Sociedade Gráfica, Ldª",Susana Emanuel Loureiro Faria,,,"Semanário de Felgueiras - Sociedade Gráfica, Lda.",Felgueiras,Porto,,semanariofelgueiras@semanariofelgueiras.pt,www.semanariofelgueiras.pt
114576,08-05-1990,Noticias da  Caranguejeira,Papel,Regional,Informação Geral,Mensal,Registo Definitivo,"Centro Pastoral Paroquial, Largo Pe António Ferreira Júnior",2420-104,Caranguejeira,Leiria,Leiria,António José Botas Cardoso,António José Botas Cardoso,Orlando Miguel Rodrigues Marques,,Fábrica da Igreja Paroquial de Caranguejeira,Leiria,Leiria,,noticias.caranguejeira@gmail.com,
114680,08-06-1990,Jornal da Batalha,Papel/Online,Regional,Informação Geral,Mensal,Registo Definitivo,"Largo Goa Damão e Diu, nº12, Loja 26",2440-101,Batalha,Batalha,Leiria,"Bom Senso - Edições e Aconselhamento de Mercado, Lda.",Miguel Chagas,,,"Bom Senso - Edições e Aconselhamento de Mercado, Lda.",Batalha,Leiria,,teresa.santos@jornaldabatalha.pt,www.jornaldabatalha.pt
114686,04-06-1990,Repórter de Gondomar,Papel,Regional,Informação Geral,Mensal,Registo Definitivo,"Rua do Monte Crasto, 51, Loja V1",4420-210,Gondomar,Gondomar,Porto,"Letras Valiosas, Lda.",Rui Vieira Gomes,,,"Letras Valiosas, Lda",Gondomar,Porto,,reportergondomar@sapo.pt,
114713,12-06-1990,Ambitur,Papel/Online,Nacional,Informação Especializada,Trimestral,Registo Definitivo,"Av. Infante Santo, 69, 4º C",1350-177,Lisboa,Lisboa,Lisboa,Pedro António Elias Chenrim,Pedro António Elias Chenrim,,,Teresa de Jesus Fernandes Elias,Lisboa,Lisboa,,teresa.ambitur@gmail.com,www.ambitur.pt
114716,12-06-1990,Ecos de Basto,Papel/Online,Regional,Informação Geral,Trissemanal,Registo Definitivo,R. Antunes Basto (Apartado 17),4860-363,Refojos de Basto,Cabeceiras de Basto,Braga,Mafalda Alves,José Gonçalves Lopes,,,Associação Dinamizadora dos Interesses de Basto - ADIB,Cabeceiras de Basto,Braga,,adib.ecos@sapo.pt,www.ecosdebasto.com
114779,12-07-1990,Negócios de Valpaços,Papel,Regional,Informação Geral,Mensal,Registo Definitivo,"Av. D. Maria do Carmo Carmona, 125",5430-469,Valpaços,Valpaços,Vila Real,Nicolle Luiza Martinez Moreira,Miguel Cássio Ferreira Lavrador,,Cristiano Miguel e Santos,Manuel António Pires Brás,Valpaços,Vila Real,,negocios_valpacos@sapo.pt,
114885,12-09-1990,Activa,Papel/Online,Nacional,Informação Especializada,Mensal,Registo Definitivo,"Avenida Jacques Delors, Edifício Inovação 3.1 Espaço nº 511/512",2740-122,Porto Salvo,Oeiras,Lisboa,"Trust In News, Unipessoal, Lda.",Mariana de Sotto Mayor Correia de Barros Anahory,,,"Trust In News, Unipessoal, Lda.",Oeiras,Lisboa,,cscampos@trustinnews.pt,www.activadigital.activa.pt
114969,05-11-1990,Farol de Esposende,Papel,Regional,Informação Geral,Bimensal,Registo Definitivo,Av. Engº Eduardo Arantes Oliveira -  Estação de Socorros a Náufragos,4740-204,Esposende,Esposende,Braga,Forum Esposendense - Associação Cívica para o desenvolvimento e Progresso do Concelho de Esposende,António Nogueira Afonso Pereira,,,Forum Esposendense - Associação Cívica para o Desenvolvimento e Progresso do Concelho de Esposende,Esposende,Braga,,jornalfarolesposende@forum-esposendense.pt,
114987,08-11-1990,Hipersuper,Papel/Online,Nacional,Informação Especializada,Mensal,Registo Definitivo,"Av. Alvares Cabral nº61, 6º andar",1250-017,Lisboa,Lisboa,Lisboa,"WorkMedia - Comunicação, SA",Ana Rita de Brito Carreira de Almeida,,,"Work Media - Comunicação, SA",Lisboa,Lisboa,,hcfino@workmedia.pt,www.hipersuper.pt
115030,22-11-1990,Ovelha,Papel/Online,Regional,Informação Especializada,Quadrimestral,Registo Definitivo,"R. Cidade de S. Paulo, 36 - Armazém das Lãs",7800-453,Beja,Beja,Beja,ACOS - Associação de Agricultores do Sul,Claudino António Pereira de Matos,Joana Gomes,,ACOS - Associação de Agricultores do Sul,Beja,Beja,,geral@acos.pt,www.acos.pt
115120,10-01-1991,Abarca,Papel/Online,Regional,Informação Geral,Mensal,Registo Definitivo,"EN 118, Edif. Sindicato (Apartado 22)",2205-645,Tramagal,Abrantes,Santarém,"Página Seguinte - Edições, Lda",Maria Margarida dos Reis Vieira Trincão,,,"Página Seguinte - Edições, Lda",Abrantes,Santarém,,abarca@abarca.com.pt,www.abarca.com.pt
115126,15-01-1991,Enfermagem em Foco,Papel,Nacional,Informação Especializada,Semestral,Registo Definitivo,"Av. 24 de Julho, 132",1350-346,Lisboa,Lisboa,Lisboa,Sindicato dos Enfermeiros Portugueses,José Carlos Correia Martins,,,Sindicato dos Enfermeiros Portugueses,Lisboa,Lisboa,,sede@sep.pt,www.sep.org.pt
115138,28-01-1991,Ecos da Marofa,Papel,Regional,Informação Geral,Mensal,Registo Definitivo,"Av. Heróis de Castelo Rodrigo, 35 - 1.º (Apartado 30)",6440-113,Figueira Castelo Rodrigo,Figueira de Castelo Rodrigo,Guarda,"Jocol - Sociedade Jornalística de Riba Côa, Lda.",Eurico Ferreira de Carvalho,Raúl Soares Martins,,"Jocol - Sociedade Jornalística de Ribacôa, Lda.",Figueira de Castelo Rodrigo,Guarda,,ecos.marofa@gmail.com,
115254,05-03-1991,Viver a Nossa Terra,Papel,Regional,Informação Geral,Mensal,Registo Definitivo,"Av. 3 de Julho, 92 (Apartado 7039)",4760-713,Ribeirão,Vila Nova de Famalicão,Braga,Clube de Cultura e Desporto de Ribeirão,Adelino Henrique Campos da Silva,,,Clube de Cultura e Desporto de Ribeirão,Vila Nova de Famalicão,Braga,,geral@ccdr.pt,www.ccdr.pt
115360,08-04-1991,Revista Portuguesa de Ciência Criminal,Papel,Nacional,Informação Especializada,Quadrimestral,Registo Definitivo,IDPEE-Faculdade de Direito da Universidade de Coimbra - Pátio da Universidade,3004-528,Coimbra,Coimbra,Coimbra,"Gestlegal - Consultoria e Serviços, Lda.",Jorge de Figueiredo Dias,,,Instituto de Direito Penal Economico e Europeu,Coimbra,Coimbra,,idpee@fd.uc.pt,
115370,08-04-1991,Espaço Rural,Papel,Nacional,Informação Especializada,Bimestral,Registo Definitivo,Palácio Benagazil - R. Projetada à Rua C - Aeroporto Humberto Delgado,1700-008,Lisboa,Lisboa,Lisboa,"CONFAGRI - Confederação Nacional das Cooperativas Agrícolas e do Crédito Agrícola de Portugal, CCRL",Nuno Rafael Marona de Carvalho Serra,,,"CONFAGRI - Confederação Nacional das Cooperativas Agrícolas e do Crédito Agrícola de Portugal, CCRL",Lisboa,Lisboa,,espaco.rural@confagri.pt,www.confagri.pt
115658,26-07-1991,Notícias de Castro Daire,Papel,Regional,Informação Geral,Quinzenal,Registo Definitivo,"Av. General Humberto Delgado, 18",3600-187,Castro Daire,Castro Daire,Viseu,"Infordaire - Edições Gráficas, Lda",Marco António Moreira Lacerda e Oliveira,,,"Infordaire - Edições Gráficas, Lda.",Castro Daire,Viseu,,ncd@sapo.pt,
115673,30-07-1991,Opinião Pública,Online,Regional,Informação Geral,Diária,Registo Definitivo,"Alameda Padre Manuel Simões, 247",4760-286,Vila Nova de Famalicão,Vila Nova de Famalicão,Braga,"Editave Multimédia, Lda",José Ricardo dos Santos Barbosa,,,"Editave Multimédia, Lda.",Vila Nova de Famalicão,Braga,,admin@editave.pt,www.opiniaopublica.pt
115700,07-08-1991,Voz de Gondar,Papel,Regional,Doutrinária,Mensal,Registo Definitivo,Residência Paroquial - Rua do Calvário,4835-547,Gondar,Guimarães,Braga,Fábrica da Igreja Paroquial de São João Baptista de Gondar,João Luís dos Santos Matos,,,Fábrica da Igreja Paroquial de S. João Baptista de Gondar,Guimarães,Braga,,parocogondargmr@gmail.com,
115728,03-09-1991,Trabalho & Segurança Social,Papel/Online,Nacional,Informação Especializada,Bimestral,Registo Definitivo,"R. Gonçalo Cristovão, 14 R/c",4000-263,Porto,Porto,Porto,"Vida Económica - Editorial, S.A.",João Luis Marinho Peixoto de Sousa,,,"Vida Económica - Editorial, SA",Porto,Porto,,mariajoao@vidaeconomica.pt,http://www.vidaeconomica.pt
115734,02-09-1991,Vida Imobiliária,Papel,Nacional,Informação Especializada,Bimestral,Registo Definitivo,"R. Gonçalo Cristovão, 185 - 6º",4000-265,Porto,Porto,Porto,"Imoedições - Edições Periódicas e Multimédia, Unipessoal, Lda",António Manuel Gil Pimentel Felgueiras Machado,,,"Imoedições - Edições Periódicas e Multimédia, Unipessoal, Lda.",Porto,Porto,,gestao@iberinmo.com,www.vidaimobiliária.com
115808,14-10-1991,"Frutas, Legumes e Flores",Papel,Nacional,Informação Especializada,Mensal,Registo Definitivo,"R. da Emenda, 111, 2º Dto.",1200-169,Lisboa,Lisboa,Lisboa,"Publiagro - Publicações Agrícolas, Lda",João Miguel Correia Dias Pereira,,,"Publiagro - Publicações Agrícolas, Lda",Moita,Setúbal,,info@flfrevista.pt,www.flfrevista.pt
116041,22-01-1992,Ecos de Grândola,Papel,Regional,Informação Geral,Mensal,Registo Definitivo,"R. Almeida Garrett, n.º 15",7570-177,Grândola,Grândola,Setúbal,António Francisco de Campos Fataca Cadete Saramago,António Francisco de Campos Fataca Cadete Saramago,,,António Francisco de Campos Fataca Cadete Saramago,Oeiras,Lisboa,,antonio.francisco.saramago@gmail.com,
116048,23-01-1992,Ecos de Negrelos,Papel,Regional,Informação Geral,Mensal,Registo Definitivo,"Av. da Fábrica de Negrelos, 10",4795-546,São Tomé,Santo Tirso,Porto,"Edinegrelos - Empresa Editora Distribuidora e Publicitária de Negrelos, Lda.",Henrique Cruz Pinheiro Machado,,,"Edinegrelos - Empresa Editora Distribuidora e Publicitária de Negrelos, Lda.",Santo Tirso,Porto,,director@ecosdenegrelos.pt,
116052,27-01-1992,Desportivo de Guimarães,Online,Regional,Informação Especializada,Semanal,Registo Definitivo,"R. Dr. José Sampaio, nº 264",4810-275,Guimarães,Guimarães,Braga,"Guimapress, SA",Abel Luís Jesus de Sousa,Joaquim A. Fernandes,,"Guimapress, SA",Guimarães,Braga,,administracao@guimaraesdigital.com,https://www.guimaraesdigital.pt/index.php/grupo-santiago/desportivo-de-guimaraes/edicao-da-semana
116060,29-01-1992,Anim'Arte,Papel,Nacional,Informação Especializada,Trimestral,Registo Definitivo,"R. João Mendes, 51",3500-142,Viseu,Viseu,Viseu,GICAV - Grupo de Intervenção e Criatividade Artística de Viseu,Manuel Rodrigues Martins,,,GICAV - Grupo de Intervenção e Criatividade Artística de Viseu,Viseu,Viseu,,geral.gicav@gmail.com,
116075,30-01-1992,A Página da Educação,Papel,Nacional,Informação Especializada,Semestral,Registo Definitivo,"R. D. Manuel II, 51 C - 2º - Sala 2.5",4050-345,Porto,Porto,Porto,Rogério Correia Tavares Ribeiro,Maria Manuela Milhais Pinto Mendonça,,,"Profedições, Lda.",Porto,Porto,,redaccao@apagina.pt,
116092,07-02-1992,Jornal das Caldas,Papel/Online,Regional,Informação Geral,Semanal,Registo Definitivo,"R. Dr. Leonel Sotto Mayor, 48 - Loja 43/44",2500-227,Caldas da Rainha,Caldas da Rainha,Leiria,"Medioeste, Lda.",Maria Clara Pereira Fernandes Bernardino,,,"Medioeste, Lda.",Caldas da Rainha,Leiria,,medioeste@gmail.com,https://jornaldascaldas.com
116229,30-03-1992,Mensageiro do Menino Jesus de Praga,Papel,Nacional,Doutrinária,Bimestral,Registo Definitivo,Convento de Avessadas (Apartado 141),4630-001,Avessadas,Marco de Canaveses,Porto,"Edições Carmelo - Edição de Publicações, Unipessoal, Lda",João Manuel Teixeira da Costa,,,"Edições Carmelo - Edição de Publicações, Unipessoal, Lda",Marco de Canaveses,Porto,,aleal@carmelitas.pt,www.santuariomeninojesus.org
116302,12-05-1992,Ecos de Boticas,Papel,Regional,Informação Geral,Mensal,Registo Definitivo,"Edifício Camionagem, Sala 2, 1.º",5460-307,Boticas,Boticas,Vila Real,"Enredos & Episódios - Televisão e Multimédia, Lda.",Sara Isabel Esteves Martins,,,"Enredos & Episódios - Televisão e Multimédia, Lda.",Chaves,Vila Real,,enredosepisodios@gmail.com,
116311,20-05-1992,Correio de Unhais,Papel,Regional,Informação Geral,Mensal,Registo Definitivo,"Av. 1º de Maio, 64 R/c",6215-517,Unhais da Serra,Covilhã,Castelo Branco,Associação Cultural Estrela de Unhais da Serra - ACEUS,Manuel Jorge dos Santos Lourenço Duarte,José Carlos Lourenço Diamantino,,Associação Cultural Estrela de Unhais da Serra - ACEUS,Covilhã,Castelo Branco,,correiodeunhais@gmail.com,
116514,24-07-1992,TV Mais,Papel,Nacional,Informação Especializada,Semanal,Registo Definitivo,Avenida Jacques Delors  Edifício Inovação 3.1 Espaço nº 511/512 ,2740-122,Porto Salvo,Oeiras,Lisboa,"Trust In News, Unipessoal, Lda.",Sandra Cristina Fornelos Cerqueira,Carlos Maciel,,"Trust In News, Unipessoal, Lda.",Oeiras,Lisboa,,cscampos@trustinnews.pt,
116600,25-08-1992,Jornal de Santa Marinha,Papel/Online,Regional,Informação Geral,Mensal,Registo Definitivo,Largo de S. João (Apartado 148),6270-196,Santa Marinha,Seia,Guarda,Fundação Aurora da Ressurreição Coelho Borges,Eduardo Manuel Cabral Tavares de Carvalho,,,Fundação Aurora da Ressurreição Coelho Borges,Seia,Guarda,,fundacaoauroraborges@sapo.pt,www.jornalsantamarinha.com
116714,03-11-1992,Jovens Agricultores,Papel,Nacional,Informação Especializada,Trimestral,Registo Definitivo,"R. D. Pedro V, 108 - 2º",1269-128,Lisboa,Lisboa,Lisboa,Associação dos Jovens Agricultores de Portugal - AJAP,Henrique Silvestre Ferreira,,,Associação dos Jovens Agricultores de Portugal - AJAP,Lisboa,Lisboa,,ajap@ajap.pt,www.ajap.pt
116759,30-11-1992,Jornal Universitário de Coimbra - A Cabra,Papel/Online,Regional,Informação Especializada,6 x ano,Registo Definitivo,"Rua Padre António Vieira, SN - Secção de Jornalismo",3000-315,Coimbra,Coimbra,Coimbra,Associação Académica de Coimbra - Secção de Jornalismo,Sofia Ladeia Frota Moreira,,,Associação Académica de Coimbra,Coimbra,Coimbra,,acabra@gmail.com,http://acabra.pt
116928,18-02-1993,A Voz do Heitorzinho,Papel,Nacional,Doutrinária,Bimestral,Registo Definitivo,"Rua dos Loureiros, n.º 122",5050-314,Torre,Peso da Régua,Vila Real,Centro Social e Paroquial de S. Pedro de Loureiro,José Lopes de Sousa,,Ana Isabel Rodrigues da Silva,Centro Social e Paroquial de S. Pedro de Loureiro,Peso da Régua,Vila Real,,heitorzinho.jornal@gmail.com,
116942,03-03-1993,Região de Cister,Papel/Online,Regional,Informação Geral,Semanal,Registo Definitivo,"R. Frei António Brandão, 119",2460-047,Alcobaça,Alcobaça,Leiria,"Palavras Necessárias, Lda.",Ana Luísa Borges Ferraz Gonçalves Pereira,,,"Palavras Necessárias, Lda.",Alcobaça,Leiria,,geral@regiaodecister.pt,https://regiaodecister.pt/
116964,03-03-1993,Qualidade,Papel,Nacional,Informação Especializada,Trimestral,Registo Definitivo,"R. Carlos Alves, 3, R/c Dto. e 1º Dto.",1600-515,Lisboa,Lisboa,Lisboa,Associação Portuguesa para a Qualidade,André Mendes de Carvalho,,,Associaçao Portuguesa para a Qualidade,Lisboa,Lisboa,,geral@apq.pt,www.apq.pt
117075,31-03-1993,Industria e Ambiente - Revista de Informação Tecnica e Cientifica,Papel,Nacional,Informação Especializada,Bimestral,Registo Definitivo,"Av. da República, 2475, Sala 64",4430-208,Vila Nova de Gaia,Vila Nova de Gaia,Porto,"Engenho e Média, Lda",Leonor Miranda Monteiro do Amaral,,,"Publindústria - Produção de Comunicação, Lda",Porto,Porto,,antonio.malheiro@publindustria.pt,www.publindustria.pt
117122,22-04-1993,Abolsamia,Papel/Online,Nacional,Informação Especializada,Bimestral,Registo Definitivo,"R. Nelson Pereira Neves, Lj. 1",2670-338,Loures,Loures,Lisboa,Nuno Gonçalo L. Botelho Gusmão,Ana Catarina Crossley Pellen Botelho de Gusmão,,,"Abolsamia - Edição e Comunicação, Lda",Loures,Lisboa,,catarinagusmao@abolsamia.pt,www.abolsamia.pt
117124,22-04-1993,Gazeta de Vendas Novas,Papel,Regional,Informação Geral,Mensal,Registo Definitivo,R. Nossa Senhora de Fátima 12 A,7080-027,Vendas Novas,Vendas Novas,Évora,"Empresa Jornalística de Vendas Novas, Lda",Artur Aleixo Pais,,,"Empresa Jornalistica de Vendas Novas, Lda.",Vendas Novas,Évora,,caavaz@gmail.com,
117250,28-05-1993,O Comércio de Baião,Papel/Online,Regional,Informação Geral,Quinzenal,Registo Definitivo,"R. Comandante Agatão Lança, 12 - Loja 3",4640-142,Baião,Baião,Porto,"Baiarte - Publicações e Artes Gráficas, Ldª",José Arlindo de Azevedo,Filipe Daniel Pinto da Costa,,"Baiarte - Publicacoes e Artes Graficas, Lda.",Baião,Porto,,geral@jornalbaiao.pt,www.ocomerciodebaiao.pt
117255,28-05-1993,Diário de Aveiro,Papel/Online,Regional,Informação Geral,Diária,Registo Definitivo,"Av. Dr. Lourenço Peixinho, 15 - 5º A",3800-164,Aveiro,Aveiro,Aveiro,"Diário de Aveiro, Lda",Adriano Callé Cunha Lucas,João Luís Campos,,"Adriano Lucas, Lda.",Coimbra,Coimbra,,diarioaveiro@diarioaveiro.pt,www.diarioaveiro.pt
117272,18-06-1993,Enoteca,Papel/Online,Nacional,Informação Especializada,Trimestral,Registo Definitivo,"R. Alves Redol, 243/249",4050-043,Porto,Porto,Porto,José Barroso Nascimento Serôdio,José Barroso Nascimento Serôdio,,,José Barroso Nascimento Serôdio,Porto,Porto,,enoteca@enoteca.pt,www.enoteca.pt
117441,05-08-1993,Via Rápida,Papel/Online,Regional,Informação Geral,Quinzenal,Registo Definitivo,"R. D. Francisco Alexandre Lobo, 55 - 3º Dto.",3500-071,Viseu,Viseu,Viseu,José Correia Cardoso,Teresa Cardoso,,,José Correia Cardoso,Viseu,Viseu,,geral@jornalviarapida.com,www.jornalviarapida.com
117447,05-08-1993,Saúde e Bem-Estar,Papel/Online,Nacional,Informação Especializada,Mensal,Registo Definitivo,"Rua Salgueiro Maia, 2, Bloco 5, 2.º Esq.",2685-374,Prior Velho,Loures,Lisboa,"Lazeres & Prazeres, Investimentos, Unipessoal, Lda.",Francisco Filipe Morgado Duarte,,,Ana Catarina de Sousa Pereira Madureira,Oeiras,Lisboa,,carlossilvaramos51@gmail.com,http://www.saudebemestar.com.pt
117468,19-08-1993,Diário de Leiria,Papel/Online,Regional,Informação Geral,Diária,Registo Definitivo,"R. Anzebino da Cruz Saraiva, 318, 1º G",2415-371,Leiria,Leiria,Leiria,"Diário de Leiria, Lda",Adriano Callé da Cunha Lucas,"Miguel Callé Lucas, João Luís Campos",,"Adriano Lucas, Lda.",Coimbra,Coimbra,,diarioleiria@diarioleiria.pt,www.diarioleiria.pt
117614,01-10-1993,Ambiente Magazine,Papel/Online,Nacional,Informação Especializada,Bimestral,Registo Definitivo,"Av. Infante Santo, 69, 4º C",1350-177,Lisboa,Lisboa,Lisboa,Pedro António Elias Chenrim,Pedro António Elias Chenrim,,,Teresa de Jesus Fernandes Elias,Lisboa,Lisboa,,teresa.ambitur@gmail.com,www.ambientemagazine.com
117787,17-01-1994,Actualidad€ Economia Ibérica,Papel/Online,Nacional,Informação Especializada,Anual,Registo Definitivo,"Av. Marquês de Tomar, 2 - 7.º Piso",1050-155,Lisboa,Lisboa,Lisboa,Câmara de Comércio e Indústria Luso Espanhola,Belén Rodrigo González,,,Câmara de Comercio e Industria Luso-Espanhola,Lisboa,Lisboa,,ccile@ccile.org,http://www.camaralusoespanhola.pt
117815,26-01-1994,Notícias de Castelo de Vide,Online,Regional,Informação Geral,Diária,Registo Definitivo,"R. Sequeira Sameiro S/n, Edificio das Casas Amarelas",7320-138,Castelo de Vide,Castelo de Vide,Portalegre,Grupo de Amigos de Castelo de Vide,Alexandre Óscar D. Carvalho Cordeiro,,,Grupo de Amigos de Castelo de Vide,Castelo de Vide,Portalegre,,ncvide@gmail.com,https://www.noticiasdecastelodevide.blogspot.com
117830,26-01-1994,Envolvente Empresarial,Online,Nacional,Informação Especializada,Trimestral,Registo Suspenso,Praça das Indústrias,1300-307,Lisboa,Lisboa,Lisboa,CIP - Confederação Emprasarial de Portugal,João António Morais da Costa Pinto,,,CIP - Confederação Empresarial de Portugal,Lisboa,Lisboa,,geral@cip.org.pt,https://cip.org.pt/assuntos-economicos/
117866,21-02-1994,GE-Portuguese Journal of Gastroenterology,Online,Nacional,Informação Especializada,Bimestral,Registo Definitivo,"R. Abranches Ferrão, 10 - 14º",1600-001,Lisboa,Lisboa,Lisboa,Diogo Libânio,Pedro Narra Figueiredo,,,Sociedade Portuguesa de Gastrenterologia,Lisboa,Lisboa,,andreia.neto@spg.pt,www.spg.pt
118027,07-04-1994,Revista da Ordem dos Farmacêuticos,Papel/Online,Nacional,Informação Especializada,Anual,Registo Definitivo,"R .da Sociedade Farmacêutica, 18",1169-075,Lisboa,Lisboa,Lisboa,Ordem dos Farmacêuticos,Helder Mota Filipe,,,Ordem dos Farmacêuticos,Lisboa,Lisboa,,direccao.nacional@ordemfarmaceuticos.pt,www.ordemfarmaceuticos.pt
118166,16-05-1994,Anteprojectos,Papel/Online,Nacional,Informação Especializada,Mensal,Registo Definitivo,"Av. Álvares Cabral 61, 6.º andar",1250-017,Lisboa,Lisboa,Lisboa,"Áreassociativa - Comunicação e Serviços, Lda",Ângela Maria Dias de Almeida Correia Leitão,,,"Work Media - Comunicação, SA",Lisboa,Lisboa,,hcfino@workmedia.pt,www.anteprojectos.com.pt
118199,27-05-1994,Folha do Centro.pt,Papel/Online,Regional,Informação Geral,Mensal,Registo Definitivo,"R. José Cardoso Pires, 2",3400-077,Oliveira do Hospital,Oliveira do Hospital,Coimbra,"Olitexto - Sociedade Editora e Audiovisuais, Lda.",Ana Margarida Narciso Prata,,,"Olitexto - Sociedade Editora e Audiovisuais, Lda.",Oliveira do Hospital,Coimbra,,jornalfolhadocentro@gmail.com,www.folhadocentro.pt
118232,27-05-1994,O Voleibol,Online,Nacional,Informação Especializada,Semestral,Registo Definitivo,"Av. da França, 549",4050-279,Porto,Porto,Porto,Jorge Castro,Vicente Henrique Gonçalves de Araújo,,,Federação Portuguesa de Voleibol,Porto,Porto,,fpvoleibol@fpvoleibol.pt,www.fpvoleibol.pt
118294,28-06-1994,Jornal Torrejano,Papel,Regional,Informação Geral,Quinzenal,Registo Definitivo,"Largo do Lamego, 86 - 1º (Apartado 113)",2350-410,Torres Novas,Torres Novas,Santarém,"Cooperativa Editora Jornal Torrejano, C.R.L.",Maria Inês Lima Rosa dos Santos Vidal,João Carlos Correia Lopes,,"Cooperativa Editora Jornal Torrejano, C.R.L.",Torres Novas,Santarém,,jornal@jornaltorrejano.pt,https://www.jornaltorrejano.pt
118413,24-08-1994,Imediato,Papel/Online,Regional,Informação Geral,Bimensal,Registo Definitivo,"R. Mosteiro de Ferreira, Edif. Alameda do Mosteiro, 52 - Lj. 2",4590-504,Paços de Ferreira,Paços de Ferreira,Porto,"O Progresso - Edições e Publicidade, Lda",Paulo Jorge Leal Gonçalves,,,"O Progresso - Edições e Publicidade, Lda.",Paços de Ferreira,Porto,,imediato@imediato.pt,www.imediato.pt
118417,24-08-1994,Entdecken Sie Algarve,Papel/Online,Regional,Informação Especializada,Mensal,Registo Definitivo,"Rua Dr. Afonso Costa, 27, r/c, Loja C",8400-317,Lagoa,Lagoa (Algarve),Faro,"Editurismo - Edições para o Turismo, Lda.",Andrea Maria Christ,,,"Editurismo - Edições para o Turismo, Lda.",Lagoa (Algarve),Faro,,editur@editurismo.com,www.entdecken-sie-algarve.com
118462,27-09-1994,Volta ao Mundo,Papel,Nacional,Informação Especializada,Mensal,Registo Definitivo,"Rua Monte dos Burgos, 470, 1º",4250-311,Porto,Porto,Porto,"Notícias Ilimitadas, S.A.",Pedro Ivo Carvalho,,,"Notícias Ilimitadas, S.A.",Maia,Porto,,carla.ferreirinha@noticiasilimitadas.pt,
118529,03-11-1994,Executive Digest,Papel/Online,Nacional,Informação Especializada,Mensal,Registo Definitivo,"R. Cidade de Rabat, 41 B",1500-159,Lisboa,Lisboa,Lisboa,"Multipublicações - Edição, Publicação de Informação e Prestação de Serviços de Comunicações, Lda",Ricardo Jorge Isidro Carneiro Florêncio,,,"Multipublicações - Edição, Publicação de Informação e Prestação de Serviços de Comunicação, Lda",Lisboa,Lisboa,,geral@multipublicacoes.pt,https://executivedigest.sapo.pt/
118575,03-11-1994,Praça Alta,Papel,Regional,Informação Geral,Mensal,Registo Definitivo,"Travessa do Convento, 10",6350-152,Almeida,Almeida,Guarda,Associação dos Amigos de Almeida,Manuel Carlos Torres Ladeiro,Filipe Manuel Batista Vilhena de Carvalho,,Associação dos Amigos de Almeida,Almeida,Guarda,,pracaalta@gmail.com,http://www.amigosdealmeida.com
118703,22-12-1994,Cais,Papel,Nacional,Informação Geral,Mensal,Registo Definitivo,"R. do Vale Formoso de Cima, 49/55",1950-265,Lisboa,Lisboa,Lisboa,Amílcar José Monteiro Fidélis,Amílcar José Monteiro Fidélis,,,Cais - Associação de Solidariedade Social,Lisboa,Lisboa,,cais@cais.pt,https://www.cais.pt/revista-cais-do-mes/
118771,23-01-1995,Sopé da Montanha,Papel,Regional,Doutrinária,Mensal,Registo Definitivo,"Av. Vice-Almirante Adriano Saavedra, 4",3610-130,Tarouca,Tarouca,Viseu,Fábrica da Igreja Paroquial da Freguesia de Tarouca,Manuel Carlos Pereira Lopes,José Américo dos Santos Castro,,Fábrica da Igreja Paroquial da Freguesia de Tarouca,Tarouca,Viseu,,sopedamontanha@gmail.com,
118874,03-03-1995,Caras,Papel,Nacional,Informação Especializada,Trimestral,Registo Definitivo,"R. Calvet de Magalhães, 242",2770-022,Paço de Arcos,Oeiras,Lisboa,"Impresa Publishing, SA",Pedro Miguel Lopes Amante,,,"Grupo Perfil Inversora, S.A.",,,,pamante@impresa.pt,
118930,30-03-1995,Exame Informática,Papel/Online,Nacional,Informação Especializada,Mensal,Registo Definitivo,"Av. Jacques Delors, Edifício Inovação 3.1, Espaço nº 511/512",2740-122,Porto Salvo,Oeiras,Lisboa,"Trust In News, Unipessoal, Lda.",Sérgio Magno Jardim dos Santos,,,"Trust In News, Unipessoal, Lda.",Oeiras,Lisboa,,cscampos@trustinnews.pt,https://visao.sapo.pt/exameinformatica/
118974,07-04-1995,Horizonte,Papel/Online,Regional,Informação Geral,Mensal,Registo Definitivo,"R. da Vila, 15",3240-332,Avelar,Ansião,Leiria,Marco António Rosa Marques,Marco António Rosa Marques,,,Marco António Rosa Marques,Ansião,Leiria,,horizonte1996@gmail.com,www.jhorizonte.com
119093,07-06-1995,Equisport,Online,Nacional,Informação Especializada,Mensal,Registo Definitivo,"Pcta. António Nobre, 7 - 3º Dto",2790-026,Carnaxide,Oeiras,Lisboa,Maria Margarida Pessoa Ferreira Neves,Maria Margarida Pessoa Ferreira Neves,Michelle Ferreira Neves Rosa Santos,,Maria Margarida Pessoa Ferreira Neves,Oeiras,Lisboa,,equisport@equisport.pt,www.equisport.pt
119131,07-06-1995,Alto Minho,Papel/Online,Regional,Informação Geral,Semanal,Registo Definitivo,"R. Francisco Sá Carneiro, 34 - Bloco C, 1º  AL",4990-024,Ponte de Lima,Ponte de Lima,Viana do Castelo,"AM Minius, Lda",Fernando da Silva Pereira,,,"AM Minius, Lda.",Ponte de Lima,Viana do Castelo,,miniuspub@gmail.com,www.altominho.com.pt
119146,04-07-1995,Cofre,Papel,Nacional,Informação Geral,Trimestral,Registo Definitivo,"R. do Arsenal, Letra E",1149-080,Lisboa,Lisboa,Lisboa,Cofre de Previdência dos Funcionários e Agentes do Estado,Sónia Alexandra Bastos de Campos Ferreira,,,Cofre de Previdência dos Funcionários e Agentes do Estado,Lisboa,Lisboa,,geral@cofreprevidencia.pt,www.cofre.org
119183,28-08-1995,Táxi,Papel/Online,Nacional,Informação Especializada,Trimestral,Registo Definitivo,"Estrada Paço do Lumiar, Lt. R2 - Lj. A",1600-543,Lisboa,Lisboa,Lisboa,Carlos Alberto Antunes Simões Ramos,Carlos Alberto Martins da Silva,,,Federação Portuguesa do Táxi - FPT,Lisboa,Lisboa,,rute.oliveira@fptaxi.pt,http://www.fptaxi.pt
119248,18-09-1995,Festa,Papel/Online,Regional,Informação Geral,Trimestral,Registo Definitivo,"Rua de Charniche, 15A",2565-834,Azinhaga,Torres Vedras,Lisboa,Título Genérico - Edições Lda,Carlos Jorge Matos Rosa,,,Carlos Jorge Matos da Rosa,Torres Vedras,Lisboa,,geral@guiadooeste.pt,www.revistafesta.com
119275,18-09-1995,Boletim Esclerose Múltipla,Papel,Nacional,Informação Especializada,Trimestral,Registo Definitivo,"R. Zófimo Pedroso, 66",1950-291,Lisboa,Lisboa,Lisboa,Sociedade Portuguesa de Esclerose Múltipla,Alexandre José Lopes Guedes da Silva,Telma Heloísa Carrasco Salsinha Teles,,Sociedade Portuguesa de Esclerose Múltipla,Lisboa,Lisboa,,comunicacao@spem.pt,www.spem.org
119452,17-11-1995,PC Guia,Papel/Online,Nacional,Informação Especializada,Mensal,Registo Definitivo,"Azinhaga da Torre do Fato. 7B, Escritório 1",1600-774,Lisboa,Lisboa,Lisboa,"Fidemo - Sociedade Media, Lda.",Pedro Miguel Tróia Ramos,,,"Fidemo - Sociedade de Media, Lda.",Lisboa,Lisboa,,vascotaveira@pcguia.fidemo.pt,www.pcguia.pt
119521,20-12-1995,A Voz de Loulé,Papel,Regional,Informação Geral,Quinzenal,Registo Definitivo,"R. 1º de Dezembro, 26 B",8100-615,Loulé,Loulé,Faro,"Goldenhouse - Mediação Imobiliária, Edição e Comércio de Jornais, Lda.",Nathalie Dias Rodrigues,,,"Goldenhouse - Mediação Imobiliária, Edição e Comércio de Jornais, Lda.",Loulé,Faro,,diretora@avozdeloule.com,www.avozdeloule.com
119535,20-12-1995,Terras do Demo,Papel,Regional,Informação Geral,Mensal,Registo Definitivo,"Av. 25 de Abril, 43 - 1º (Apartado 66)",3620-304,Moimenta da Beira,Moimenta da Beira,Viseu,Gil Augusto Carvalho,Gil Augusto Carvalho,Manuel Tomé de Oliva Costa,,Gil Augusto Carvalho,Moimenta da Beira,Viseu,,jornalterrasdodemo@gmail.com,
119592,22-01-1996,Marketeer,Papel/Online,Nacional,Informação Especializada,Mensal,Registo Definitivo,"R. Cidade de Rabat, 41 B",1500-159,Lisboa,Lisboa,Lisboa,"Multipublicações - Edição, Publicação de Informação e Prestação de Serviços de Comunicação, Lda",Ricardo Jorge Isidro Carneiro Florêncio,,,"Multipublicações - Edição, Publicação de Informação e Prestação de Serviços de Comunicação, Lda",Lisboa,Lisboa,,secretariado@multipublicacoes.pt,www.marketeer.pt
119723,04-03-1996,100 Maiores Empresas dos Açores,Papel,Regional,Informação Especializada,Anual,Registo Definitivo,"R. Dr. Bruno Tavares Carreiro, 34-36",9500-055,Ponta Delgada,Ponta Delgada,Ilha de São Miguel,Rui Jorge Pimentel Cabral,Paula Gouveia,,,"Açormédia - Comunicação Multimédia e Edição de Publicações, S.A.",Ponta Delgada,Ilha de São Miguel,Região Autónoma dos Açores,ricardo.ferro@globalmediagroup.pt,
119741,04-03-1996,Ser Abrigo,Papel/Online,Nacional,Informação Especializada,Anual,Registo Definitivo,"R. Domingos Bomtempo, 7",1700-142,Lisboa,Lisboa,Lisboa,Comunidade Vida e Paz,Renata Alexandra Alves Ferreira,,,Comunidade Vida e Paz,Lisboa,Lisboa,,geral@alvalade.cvidaepaz.pt,www.cvidaepaz.pt
119748,04-03-1996,Jornal da Região,Papel/Online,Regional,Informação Geral,Anual,Registo Definitivo,"Rua do Alto do Forte, nº 5",2635-446,Rio de Mouro,Sintra,Lisboa,"Monde Visionnaire - Comunicação Social, S.A.",André Manuel Xavier Lourenço,,,"Monde Visionnaire - Comunicação Social, S.A.",Sintra,Lisboa,,clopes.apametal@grupometal.com,https://jregiao-online.webnode.pt/estatuto-editorial-jornal-da-regiao/
119774,18-03-1996,Revista Alentejo,Papel,Regional,Informação Geral,Semestral,Registo Definitivo,"R. Portas de Santo Antão, 58",1150-268,Lisboa,Lisboa,Lisboa,Casa do Alentejo,Manuel Alberto da Silva Verdugo,Jorge Manuel Simões Alves,,Casa do Alentejo,Lisboa,Lisboa,,admin@casadoalentejo.pt,www.casadoalentejo.pt
119804,27-03-1996,Apoiar - O Jornal do Stress de Guerra,Papel/Online,Nacional,Informação Especializada,Bimestral,Registo Definitivo,"Bairro da Liberdade, Rua C - Lote 10 - Loja 1.10 - Piso 1",1070-023,Lisboa,Lisboa,Lisboa,Apoiar - Associação de Apoio aos Ex-Combatentes Vítimas do Stress de Guerra,Manuel Alberto Lélis Vicente da Cruz,Lucília Eduarda Abrantes Bravo,,Apoiar - Associação de Apoio aos Ex-Combatentes Vítimas de Stress de Guerra,Lisboa,Lisboa,,apoiar.stressdeguerra@gmail.com,www.apoiar-stressdeguerra.com
119850,29-04-1996,A Nossa Terra,Papel,Regional,Informação Especializada,Bienal,Registo Suspenso,"R. D. Afonso Henriques, 67- 1º Esq.",4700-030,Braga,Braga,Braga,"Direnor - Comunicação, Estudos, Consultadoria e Divulgação Regional, Lda",José António da Silva Ferreira,,,"Direnor - Comunicação, Estudos, Consultadoria e Divulgação Regional, Lda",Braga,Braga,,geral@direnor.pt,www.direnor.pt
119950,17-06-1996,Noticias da Estela,Papel,Regional,Informação Geral,Mensal,Registo Definitivo,"R. Comendador Araújo, 166",4570-203,Estela,Póvoa de Varzim,Porto,"Grupo Desportivo, Cultural e Recreativo Senhora do Ó",Dennis Fernandes Moreira,,,"Grupo Desportivo, Cultural e Recreativo Senhora do Ó",Póvoa de Varzim,Porto,,noticiasdaestela@gmail.com,
119963,17-06-1996,O Instalador,Papel/Online,Nacional,Informação Especializada,10 x ano,Registo Definitivo,"Avenida Defensores de Chaves, 15, 3.º F",1000-109,Lisboa,Lisboa,Lisboa,"Induglobal, Unipessoal, Lda.",Joana Gonçalves da Fonseca Peres,,,"Induglobal, Unipessoal, Lda.",Lisboa,Lisboa,,induglobal@interempresas.net,www.oinstalador.com
119994,17-06-1996,Computador,Papel,Nacional,Informação Especializada,Mensal,Registo Definitivo,"Av. Atlântico, 16 - Edificio Panoramic - 14º  piso - Escritório 8",1990-019,Lisboa,Lisboa,Lisboa,"Vias do Futuro - Tecnologias de Informação, Lda",Sérgio Manuel Gaspar Gomes Alves,,,"Vias do Futuro - Tecnologias de Informação, Lda",Lisboa,Lisboa,,geral@futuro.net,
120130,10-07-1996,Galileu - Revista de Direito e Economia,Online,Regional,Informação Especializada,Anual,Registo Definitivo,"R. de Santa Marta, 47 - 3º",1169-023,Lisboa,Lisboa,Lisboa,"CEU - Cooperativa de Ensino Universitário, CRL",Manuel Monteiro Guedes Valente,Emanuel Agostinho Azevedo Carvalho; Patrícia Cardoso Dias,,"CEU - Cooperativa de Ensino Universitario, C.R.L.",Lisboa,Lisboa,,ediual@autonoma.pt,http://journals.ual.pt/galileu
120146,10-07-1996,Jornal da Golpilheira,Papel,Regional,Informação Geral,Bimestral,Registo Definitivo,"Estrada do Baçairo, 856",2440-234,Golpilheira,Batalha,Leiria,Centro Recreativo da Golpilheira,Luis Miguel Ribeiro Ferraz,,,Centro Recreativo da Golpilheira,Batalha,Leiria,,geral@jornaldagolpilheira.com,www.jornaldagolpilheira.com
120152,10-07-1996,Carteira Deco Proteste Investe,Papel/Online,Nacional,Informação Especializada,Mensal,Registo Definitivo,"Av. Eng. Arantes e Oliveira, 13",1900-221,Lisboa,Lisboa,Lisboa,"Deco Proteste, Editores, Lda.",Cláudia Marisa Ferreira Maia,,,"Deco Proteste, Editores, Lda.",Lisboa,Lisboa,,claudia.maia@deco.proteste.pt,www.deco.proteste.pt/investe/quem-somos-p194718.ht
120298,13-09-1996,Jornal de Azeitão,Papel,Regional,Informação Geral,Mensal,Registo Definitivo,"R. José Augusto Coelho, 154",2925-539,Vila Nogueira de Azeitão,Setúbal,Setúbal,Santa Casa da Misericórdia de Azeitão,Catarina Maria Silva de Almeida Amaral,,,"Santa Casa da Misericórdia de Azeitão, IPSS",Setúbal,Setúbal,,secretaria@scmazeitao.pt,http://jornaldeazeitao.blogspot.com
120334,28-10-1996,CJA - Cadernos de Justiça Administrativa,Papel,Nacional,Informação Especializada,Bianual,Registo Definitivo,Escola de Direito da Universidade do Minho - Campus de Gualtar,4710-057,Braga,Braga,Braga,Cejur - Centro de Estudos Jurídicos do Minho,Elizabeth Fernandez,,,Cejur - Centro de Estudos Jurídicos do Minho,Braga,Braga,,cejur@cejur.pt,www.cejur.pt
120363,28-10-1996,Voz do Campo,Papel/Online,Nacional,Informação Especializada,Mensal,Registo Definitivo,"Tv. do Matadouro, Bloco B, 2-A - R/C Esq.",6000-306,Castelo Branco,Castelo Branco,Castelo Branco,Paulo Manuel Martins Gomes,Paulo Manuel  Martins Gomes,,,"Voz do Campo, Editora, Lda",Castelo Branco,Castelo Branco,,administracao@vozdocampo.pt,www.vozdocampo.pt
120407,08-11-1996,Anuário Náutico,Papel,Nacional,Informação Especializada,Anual,Registo Definitivo,"Rua de Baixo, 34",3300-252,Alqueve  Folques,Arganil,Coimbra,"Lobo do Mar - Sociedade Editorial, Lda.",Vasco Maria  Melo Goncalves,,,"Lobo do Mar - Sociedade Editorial, Lda",Arganil,Coimbra,,geral@lobodomar.net,www.lobodomar.net
120525,18-12-1996,Janus,Papel,Nacional,Informação Especializada,Anual,Registo Definitivo,"R. de Santa Marta, 56",1150-297,Lisboa,Lisboa,Lisboa,Universidade Autónoma de lisboa,Luís José Rodrigues Leitão Tomé,,Fernando Jorge Cardoso,"CEU - Cooperativa de Ensino Universitario, C.R.L.",Lisboa,Lisboa,,ediual@autonoma.pt,
120592,06-01-1997,Notícias de S. Bráz,Papel,Regional,Informação Geral,Mensal,Registo Definitivo,"Largo do Mercado, 2  (Apartado 170)",8150-108,São Brás de Alportel,São Brás de Alportel,Faro,Joaquim Manuel Dias,Joaquim Manuel Dias,,Joaquim Gago Mendonza,Joaquim Manuel Dias,São Brás de Alportel,Faro,,noticias.joaquim@sapo.pt,www.jornalregional.com
120647,31-01-1997,Anuário Relógios & Canetas,Papel/Online,Nacional,Informação Especializada,Anual,Registo Definitivo,"Rua de João Penha, nº 10 – r/c – sala 7",1250-131,Lisboa,Lisboa,Lisboa,"Projectos Especiais - Consultores de Comunicação, Lda.",João Paulo Rodiles Viegas Soares,,,"Projectos Especiais - Consultores de Comunicação, Lda.",Cascais,Lisboa,,inesneto@projectosespeciais.pt,https://www.anuariorelogiosecanetas.pt/
120707,20-02-1997,Agro-Manual,Papel,Nacional,Informação Especializada,Anual,Registo Definitivo,"R. Álvaro de Campos, 18 - 1.º Esq.",2675-225,Odivelas,Odivelas,Lisboa,"Agro-Manual - Publicações, Unipessoal Lda",Carla Alexandra Gomes dos Santos Araújo,,,"Agro-Manual - Publicações, Unipessoal Lda",Odivelas,Lisboa,,carla@agromanual.pt,
120731,27-02-1997,Etnográfica,Online,Nacional,Informação Especializada,Quadrimestral,Registo Definitivo,Av. das Forças Armadas - Edifício ISCTE-IUL,1649-026,Lisboa,Lisboa,Lisboa,Centro em Rede de Investigação em Antropologia,Humberto Miguel dos Santos Martins,,,Centro em Rede de Investigação em Antropologia,Lisboa,Lisboa,,etnografica@cria.org.pt,https://journals.openedition.org/etnografica/
120732,28-02-1997,Saber Madeira,Papel/Online,Regional,Informação Geral,Mensal,Registo Definitivo,"Parque Industrial, Zona Oeste, Lt. 7",9304-006,Câmara de Lobos,Câmara de Lobos,Ilha da Madeira,"O.L.C. Unipessoal, Lda",Helena Sousa Aguiar,,,"O.L.C. Unipessoal, Lda.",Funchal,Ilha da Madeira,Região Autónoma da Madeira,hsa-adv@outlook.pt,www.sabermadeira.pt
120738,28-02-1997,Vida Judiciária,Online,Nacional,Informação Especializada,Bimestral,Registo Definitivo,"R. Gonçalo Cristovão, 14 R/c",4000-263,Porto,Porto,Porto,"Vida Económica - Editorial, S.A.",João Luis Marinho Peixoto de Sousa,,,"Vida Económica - Editorial, SA",Porto,Porto,,mariajoao@vidaeconomica.pt,www.vidaeconomica.pt
120891,15-04-1997,A Padaria Portuguesa,Papel,Nacional,Informação Especializada,Bimestral,Registo Definitivo,"R. de Tomar, 11 - 1º",3000-401,Coimbra,Coimbra,Coimbra,João Paulo Frade,Luís Miguel Ferreira Gonçalves,,,"ACIP - Associação do Comércio e da Indústria de Panificação, Pastelaria e Similares",Coimbra,Coimbra,,padariaportuguesa@acip.pt,www.acip.pt
120902,15-05-1997,Caça & Cães de Caça,Papel,Nacional,Informação Especializada,Mensal,Registo Definitivo,"Edif. StartUp, Sintra, R. Retiro dos Pacatos, 50 - sala 10",2635-224,Covas,Sintra,Lisboa,Nuno Gomes,Pedro Manuel Lopes Vitorino,,,"Editorial Grupo V - Portugal, Lda",Sintra,Lisboa,,a.lobo@grupov.com,www.grupov.com
120975,19-05-1997,Flashes de Fátima,Papel,Nacional,Doutrinária,Mensal,Registo Definitivo,"Av. João XXI, 11, 1º Esq.",1000-298,Lisboa,Lisboa,Lisboa,Associação Custódios de Maria,Manuel Sílvio Abreu Almeida,,,Associação dos Custódios de Maria,Lisboa,Lisboa,,secretaria@custodiosdemaria.pt,
121035,04-06-1997,Revista de Espiritualidade,Papel,Nacional,Doutrinária,Trimestral,Registo Definitivo,Convento de Avessadas (Apartado 141),4634-001,Marco de Canaveses,Marco de Canaveses,Porto,"Edições Carmelo - Edição de Publicações, Unipessoal, Lda",João Manuel Teixeira da Costa,,,"Edições Carmelo - Edição de Publicações, Unipessoal, Lda",Marco de Canaveses,Porto,,editorial@carmelo.pt,www.carmelo.pt
121371,30-09-1997,Diário de Santarém,Papel,Regional,Informação Geral,Anual,Registo Definitivo,"Av. Cidade de Maringá, 106  - Centro Comercial Mar - Lojas 95/96",2400-118,Leiria,Leiria,Leiria,"Adriano Lucas, Lda.",Adriano Callé Cunha Lucas,,,"Adriano Lucas, Lda.",Coimbra,Coimbra,,jorge.dinis@diariocoimbra.pt,
121450,15-10-1997,O Popular de Soure,Papel/Online,Regional,Informação Geral,Quinzenal,Registo Definitivo,"Largo Conde Ferreira, s/n",3130-212,Soure,Soure,Coimbra,"Publiline - Desenho e Publicidade, Lda.",Fernando Santos Dias,,,"R.P.C.S. - Soure F.M. Radiodifusão e Publicidade, Unipessoal, Lda.",Soure,Coimbra,,geral@radiosoure.pt,www.radiosoure.pt
121571,17-11-1997,Negócios,Papel/Online,Nacional,Informação Especializada,Diária,Registo Definitivo,"R. Luciana Stegagno Picchio, 3",1549-023,Lisboa,Lisboa,Lisboa,"Medialivre, S.A.",Diana Margarida Coelho Ramos,Celso Nóbua da Silva Filipe,,"Medialivre, S.A.",Lisboa,Lisboa,,plataforma@medialivre.pt,www.jornaldenegocios.pt
121611,03-12-1997,Ensino Magazine,Papel,Nacional,Informação Especializada,Mensal,Registo Definitivo,"Av. do Brasil, 4 R/C (Apartado 262)",6000-079,Castelo Branco,Castelo Branco,Castelo Branco,"RVJ - Editores, Lda.",João António Marques da Costa Batista Carrega,,,"RVJ - Editores, Lda",Castelo Branco,Castelo Branco,,ensino@rvj.pt,www.ensino.eu
121639,15-12-1997,Telenovelas,Papel,Nacional,Informação Especializada,Semanal,Registo Definitivo,Avenida Jacques Delors  Edifício Inovação 3.1 Espaço nº 511/512 ,2740-122,Porto Salvo,Oeiras,Lisboa,"Trust In News, Unipessoal, Lda.",Ana Rita Freire Santos Sena Lino,Carlos Maciel,,"Trust In News, Unipessoal, Lda.",Oeiras,Lisboa,,cscampos@trustinnews.pt,
121653,15-12-1997,Tribuna Universitária,Papel,Regional,Informação Geral,Anual,Registo Definitivo,"R. Adriano Lucas, 161",3020-430,Coimbra,Coimbra,Coimbra,"Adriano Lucas, Lda.",Adriano Callé Cunha Lucas,,,"Adriano Lucas, Lda.",Coimbra,Coimbra,,jorge.dinis@diariocoimbra.pt,
121686,23-12-1997,Gui@ da Internet,Papel,Nacional,Informação Especializada,Mensal,Registo Definitivo,"Av. Atlântico, 16 - Edificio Panoramic - 14º  piso - Escritório 8",1990-019,Lisboa,Lisboa,Lisboa,"Vias do Futuro - Tecnologias de Informação, Lda",Sérgio Manuel Gaspar Gomes Alves,,,"Vias do Futuro - Tecnologias de Informação, Lda",Lisboa,Lisboa,,geral@futuro.net,www.futuro.net
121722,21-01-1998,Tecnohospital - Revista de Engenharia e Gestão de Saúde,Papel,Nacional,Informação Especializada,Bimestral,Registo Definitivo,"Av. da República, 2475, sala 64",4430-208,Vila Nova de Gaia,Vila Nova de Gaia,Porto,"Engenho e Média, Lda",João Durão Carvalho,,,"Publindústria - Produção de Comunicação, Lda",Porto,Porto,,antonio.malheiro@publindustria.pt,www.publindustria.pt; www.technohospital.pt
121881,16-02-1998,Casas de Portugal,Papel,Nacional,Informação Especializada,Bimestral,Registo Definitivo,"R. dos Pinheiros, 47, Casa 4",2645-535,Bicesse,Cascais,Lisboa,"Moon Media - Comunicação, Unipessoal, Lda",Maria do Amparo Santa Clara de Sousa Barbas,,,"Moon Media - Comunicação, Unipessoal, Lda",Cascais,Lisboa,,amparo@casasdeportugal.com.pt,
121888,16-02-1998,Bipolar,Papel/Online,Nacional,Informação Especializada,Semestral,Registo Definitivo,"Qta. do Cabrinha, Av. de Ceuta, 53 - Lj. F/G, H/I e J",1300-125,Lisboa,Lisboa,Lisboa,Associação de Apoio Aos Doentes Depressivos e Bipolares - ADEB,Renata Manuel Mendes Frazão,,,Associação de Apoio Aos Doentes Depressivos e Bipolares - ADEB,Lisboa,Lisboa,,renatafrazao@adeb.pt,www.adeb.pt
121899,18-02-1998,Jornal do Pinhal Novo,Online,Regional,Informação Geral,Semanal,Registo Definitivo,"R. do Passadiço, 20 - 2º Esq.",2950-026,Palmela,Palmela,Setúbal,Ana Cláudia Aldegalega Pereira,Ana Cláudia Aldegalega Pereira,,,Ana Cláudia Aldegalega Pereira,Palmela,Setúbal,,claudia.aldegalega@gmail.com,http://jpnovo.pt
121900,16-02-1998,Meios & Publicidade,Papel/Online,Nacional,Informação Especializada,Quinzenal,Registo Definitivo,"Av. Alvares Cabral nº61, 6º andar",1250-017,Lisboa,Lisboa,Lisboa,"WorkMedia - Comunicação, SA",Catarina Dias Nunes da Silva,,,"Work Media - Comunicação, SA",Lisboa,Lisboa,,hcfino@workmedia.pt,www.meiosepublicidade.pt
121941,02-03-1998,Guia Prático do Estudante,Papel/Online,Nacional,Informação Especializada,Anual,Registo Definitivo,"Tv. das Pedras Negras, 1 - 4º",1100-404,Lisboa,Lisboa,Lisboa,"Press-Forum - Comunicação Social, Lda.",Gonçalo Nuno Cavaca Gil,,,"Press-Forum - Comunicação Social, Lda.",Lisboa,Lisboa,,guias@forum.pt,www.forum.pt
122017,27-03-1998,O Pombal,Papel/Online,Regional,Informação Geral,Mensal,Registo Definitivo,"Largo da Igreja, 77",5140-222,Pombal,Carrazeda de Ansiães,Bragança,Associação Recreativa e Cultural de Pombal de Ansiães,Cândida Rosa Oliveira Almeida,,,Associação Recreativa e Cultural de Pombal de Ansiães,Carrazeda de Ansiães,Bragança,,jornalopombal@gmail.com,www.arcpa.pt
122112,20-04-1998,Reflexo - O Norte de Guimarães,Papel,Regional,Informação Geral,Mensal,Registo Definitivo,"Av. da República, 21, 1º Dto.",4805-155,Caldas das Taipas,Guimarães,Braga,"RFX, Lda.",Manuel António Martinho da Silva,,,"RFX, Lda.",Guimarães,Braga,,info@rfx.pt,www.relexodigital.com
122163,28-04-1998,Aponte,Papel,Regional,Informação Geral,Mensal,Registo Definitivo,"Travessa da Ribeira, 9",7400-604,Tramaga,Ponte de Sor,Portalegre,Palavras Sortidas Unipessoal Lda,Bruno Luís dos Santos Guimarães,,,Palavras Sortidas Unipessoal Lda.,Ponte de Sor,Portalegre,,director@aponte.pt,
122265,01-06-1998,Noticias de Lafões,Papel,Regional,Informação Geral,Quinzenal,Registo Definitivo,"R. Direita, 48 - 1º",3660-489,São Pedro do Sul,São Pedro do Sul,Viseu,"Divervouga - Diversões do Vouga, Lda",Márcia Beatriz de Lima Páscoa de Carvalho,,,"Divervouga - Diversoes do Vouga, Lda.",São Pedro do Sul,Viseu,,noticiaslafoes@gmail.com,
122280,05-06-1998,Suinicultura,Papel,Nacional,Informação Especializada,Trimestral,Registo Definitivo,"Av. Bombeiros Voluntários, Edif. Bolsa do Porco, s/n, R/c Dto.",2870-219,Montijo,Montijo,Setúbal,FPAS - Federação Portuguesa de Associações de Suinicultores,David Carvalheiro Neves,,João Bastos,Federação Portuguesa de Associações de Suinicultores,Montijo,Setúbal,,fpas@suinicultura.com,www.suinicultura.com
122304,17-06-1998,Kéramica,Papel/Online,Nacional,Informação Especializada,Bimestral,Registo Definitivo,"R. Coronel Veiga Simão, Edifício Lufapo Hub A – n.º 40, 1.º Piso",3025-307,Coimbra,Coimbra,Coimbra,Albertina Sequeira,Jorge Costa de Jesus Vieira,,,APICER - Associação Portuguesa das Indústrias de Cerâmica e de Cristalaria,Coimbra,Coimbra,,info@apicer.pt,www.apicer.pt
122462,17-07-1998,Jornal O Guerra Zoelae,Papel/Online,Regional,Informação Geral,Mensal,Registo Definitivo,R. Central Cortiços,5340-102,Cortiços,Macedo de Cavaleiros,Bragança,Anabela Maria Esteves Guerra,Anabela Maria  Esteves Guerra,,,"JNG - Jornal Norte Guerra, Lda.",Macedo de Cavaleiros,Bragança,,anabelaguerra2021@gmail.com,https://jornaloguerrazoelae.wordpress.com/
122485,04-02-1999,Notícias de Vila Real,Papel/Online,Regional,Informação Geral,Quadrimensal,Registo Definitivo,"Lg. do Pioledo - Centro Comercial D.Dinis, Lj 4",5000-596,Vila Real,Vila Real,Vila Real,"Maronesa - Comunicação Social, Lda",Luis Alberto Loureiro Mendonça,,,"Maronesa - Comunicação Social, Lda.",Vila Real,Vila Real,,noticiasdevilareal@sapo.pt,www.noticiasvr.com
122492,20-07-1998,Jornal Notícias Onda Viva,Papel/Online,Regional,Informação Geral,Quinzenal,Registo Definitivo,"R. Almirante Reis, 1285",4490-463,Póvoa de Varzim,Póvoa de Varzim,Porto,"Rádio Onda Viva, SA",José Júlio Ribas Gonçalves Gomes Alves,,,"Rádio Onda Viva, SA",Póvoa de Varzim,Porto,,radioondaviva@sapo.pt,http://www.noticiasondaviva.pt
122514,13-08-1998,Diário da Covilhã,Papel,Regional,Informação Geral,Anual,Registo Definitivo,"R. Alexandre Herculano, 198 - 2º Dto.",3500-033,Viseu,Viseu,Viseu,"Adriano Lucas, Lda.",Adriano Callé Cunha Lucas,,,"Adriano Lucas, Lda.",Coimbra,Coimbra,,jorge.dinis@diariocoimbra.pt,
122515,13-08-1998,Jornal de Aveiro,Papel,Regional,Informação Geral,Anual,Registo Definitivo,"Av. Dr. Lourenço Peixinho, 15 - 1º G",3800-164,Aveiro,Aveiro,Aveiro,"Adriano Lucas, Lda.",Adriano Callé Cunha Lucas,,,"Adriano Lucas, Lda.",Coimbra,Coimbra,,jorge.dinis@diariocoimbra.pt,
122549,18-08-1998,Pedra e Cal,Papel/Online,Nacional,Informação Especializada,2 x ano,Registo Definitivo,"Av. do Cávado, 160",4700-690,Palmeira,Braga,Braga,Gecorpa - Grémio do Património,Fernando F. S. Pinho,,,Gecorpa - Grémio do Património,Braga,Braga,,info@gecorpa.pt,www.gecorpa.pt
122568,27-08-1998,Campeão das Províncias,Papel/Online,Regional,Informação Geral,Semanal,Registo Definitivo,"R. Adriano Lucas, 216, Armazém D",3020-430,Coimbra,Coimbra,Coimbra,"Regivoz - Empresa de Comunicação Social, Lda.",Lino Augusto Vinhal,,,"Regivoz - Empresa de Comunicação, Lda.",Coimbra,Coimbra,,campeaojornal@gmail.com,https://www.campeaoprovincias.pt/
122689,06-10-1998,Água & Ambiente,Online,Nacional,Informação Especializada,Bimestral,Registo Definitivo,"R. Castilho, 1 - 2º Esq",1250-066,Lisboa,Lisboa,Lisboa,"About Media - Comunicação, Lda.",João de Moser Belo,,,"About Media - Comunicação, Lda.",Lisboa,Lisboa,,administrativo@about.pt,https://www.ambienteonline.pt/
122753,06-07-1998,Edifícios e Energia,Papel,Nacional,Informação Especializada,Bimestral,Registo Definitivo,"R. da Piedade, 15 C",1495-104,Algés,Oeiras,Lisboa,"Media Line - Comunicação e Imagem, Lda.",Ana Rita Lencastre Silva Ascenso Fernandes Carvalho,,,"Media Line - Comunicação e Imagem, Lda.",Oeiras,Lisboa,,ritaascenso@medialine.pt,www.edificioseenergia.pt
122772,04-11-1998,A Noz,Papel,Regional,Informação Geral,Mensal,Registo Suspenso,Av. de S. Cristóvão,3700-791,Igreja,Oliveira de Azeméis,Aveiro,A NOZ- Associação Nogueirense de Cultura e Desporto,Patricia Rodrigues Faria,,,A Noz - Associação Nogueirense de Cultura e Desporto,Oliveira de Azeméis,Aveiro,,jornal@anoz.pt,
122776,11-11-1998,RH Magazine,Papel/Online,Nacional,Informação Especializada,Bimestral,Registo Definitivo,"Rua António Champalimaud, lote 1, sala 105",1600-546,Lisboa,Lisboa,Lisboa,"IIRH - Instituto de Informação em Recursos Humanos, Unipessoal, Lda.",Cristina Martins de Barros,,,"IIRH - Instituto de Informação em Recursos Humanos, Unipessoal, Lda.",Lisboa,Lisboa,,cristinabarros@iirh.pt,www.rhmagazine.publ.pt
122799,18-11-1998,Sapo,Online,Nacional,Informação Geral,Diária,Registo Definitivo,"Av. Fontes Pereira de Melo, 40, 5º piso",1069-300,Lisboa,Lisboa,Lisboa,"MEO-Serviços de Comunicações e Multimédia, S.A.",Joana Petiz,,,"MEO-Serviços de Comunicações e Multimédia, S.A.",Lisboa,Lisboa,,conteudos@mail.sapo.pt,https://www.sapo.pt
122995,08-02-1999,Men's Health,Papel/Online,Nacional,Informação Especializada,Bimestral,Registo Definitivo,"R. Mouzinho da Silveira, 27, 2º",1250-166,Lisboa,Lisboa,Lisboa,"Global Notícias - Media Group, S.A.",Pedro Miguel dos Santos Lucas,,,"Hearst Magazines, Inc.",Lisboa,Lisboa,,ricardo.ferro@globalmediagroup.pt,https://menshealth.pt/
123040,01-03-1999,Poder Local,Papel,Nacional,Informação Especializada,Anual,Registo Definitivo,"Campo Grande, 220 A - 1º",1700-094,Lisboa,Lisboa,Lisboa,"Página a Página - Divulgação do Livro, SA.",Jorge Manuel Ferreira Cordeiro,,,"Página a Página - Divulgação do Livro, SA",Lisboa,Lisboa,,revistas@paginaapagina.pt,
123054,03-03-1999,Transportes & Negócios,Online,Nacional,Informação Especializada,Diária,Registo Definitivo,"Lugar de Além do Rio - R. Central de Areias, 95  (Apartado 30, 4585-994 Recarei)",4585-582,Recarei,Paredes,Porto,"Riscos - Sociedade Editora, Unipessoal, Lda",José Fernando  Araújo Gonçalves,,,José Fernando  Araújo Gonçalves,Paredes,Porto,,fernando.goncalves@transportesenegocios.pt,www.transportesenegocios.com.pt
123084,17-03-1999,Nova Cidadania,Papel,Regional,Informação Especializada,Quadrimestral,Registo Definitivo,Palma de Cima,1649-023,Lisboa,Lisboa,Lisboa,Instituto de Estudos Políticos da Universidade Católica Portuguesa,Joao Carlos M. Mendes Espada,,,Universidade Católica Portuguesa,Lisboa,Lisboa,,info@novacidadania.pt,www.novacidadania.pt
123090,17-03-1999,Semmais,Papel/Online,Regional,Informação Geral,Semanal,Registo Definitivo,"R. José Joaquim Cabecinha, 8",2910-564,Setúbal,Setúbal,Setúbal,"Maiscom - Edição e Publicações, Unipessoal, Lda.",Raul Manuel Tavares Pereira,,,"Maiscom - Edição e Publicações, Unipessoal, Lda.",Setúbal,Setúbal,,raul.tavares@semmais.pt,https://semmais.pt
123171,22-04-1999,Le Monde Diplomatique - Edição Portuguesa,Papel,Nacional,Informação Especializada,Mensal,Registo Definitivo,"R. de Moçambique, 34 - R/c Dtº",1170-245,Lisboa,Lisboa,Lisboa,"Outro Modo Cooperativa Cultural, CRL",Sandra Amaral Monteiro,,,"Le Monde Diplomatique, SA",,,,smonteiro.lmd@gmail.com,
123241,13-05-1999,Revista Internacional em Língua Portuguesa,Papel/Online,Nacional,Informação Especializada,Semestral,Registo Definitivo,"R. Santos Dumont, 67-2.º",1050-203,Lisboa,Lisboa,Lisboa,Associação das Universidades de Língua Portuguesa (AULP),Cristina Montalvão Sarmento,,,Associação das Universidades de Língua Portuguesa (AULP),Lisboa,Lisboa,,aulp@aulp.org,www.aulp.org
123299,02-06-1999,Gazeta de Matemática,Papel,Nacional,Informação Especializada,Quadrimestral,Registo Definitivo,"Av. da República, 45 - 3º Esq.",1050-187,Lisboa,Lisboa,Lisboa,Sociedade Portuguesa de Matemática,Paulo Manuel David Mota Saraiva,,,Sociedade Portuguesa de Matemática,Lisboa,Lisboa,,spm@spm.pt,
123324,09-06-1999,Praça Local,Papel,Regional,Informação Geral,Mensal,Registo Definitivo,"R. António Geraldino Meneses, Edifício Plaza, Loja O, Apartado 27",4720-070,Ferreiros,Amares,Braga,"Maisactual - Comunicação e Meios, Lda.",Francisco José Pereira de Faria,,,"Maisactual - Comunicação e Meios, Lda",Amares,Braga,,geral@maisatual.pt,
123326,09-06-1999,Jornal de Vila Meã,Online,Regional,Informação Geral,Diária (dias úteis),Registo Definitivo,"Urbanização da Cruz, Lote 14 - Loja 3",4605-359,Vila Meã,Amarante,Porto,AEVM - Associação Empresarial de Vila Meã,Cidália da Conceição Azevedo Fernandes,,,AEVM - Associação Empresarial de Vila Meã,Amarante,Porto,,geral@aevilamea.pt,https://jornalvilamea.pt
123350,09-06-1999,O Veterano de Guerra,Papel,Nacional,Informação Especializada,Trimestral,Registo Definitivo,"Largo das Carvalheiras, 52/54",4700-419,Braga,Braga,Braga,Associação Portuguesa dos Veteranos de Guerra,Augusto de Jesus Oliveira Lopes Freitas,,,Associação Portuguesa dos Veteranos de Guerra,Braga,Braga,,info@apvg.pt,
123364,14-06-1999,SV-Saber Viver,Papel/Online,Nacional,Informação Especializada,Mensal,Registo Definitivo,"R. António Pereira Carrilho, 5",1000-047,Lisboa,Lisboa,Lisboa,Léxico Definido - Lda.,Tânia da Silva Alexandre,,,Léxico Definido - Lda.,Odivelas,Lisboa,,lexicodefinido@gmail.com,https://www.saberviver.pt
123416,06-09-1999,Tribuna da Madeira,Papel/Online,Regional,Informação Geral,Semanal,Registo Definitivo,"Edifício Centro Mar, R. da Ponta da Cruz, Lj. A, 1 - Piornais",9000-103,Funchal,Funchal,Ilha da Madeira,"O.L.C. Unipessoal, Lda.",Helena Sousa Aguiar,,,"O.L.C. Unipessoal, Lda.",Funchal,Ilha da Madeira,Região Autónoma da Madeira,hsa-adv@outlook.pt,www.tribunadamadeira.pt
123427,24-09-1999,O Povo Famalicense,Papel/Online,Regional,Informação Geral,Semanal,Registo Definitivo,"R. Alves Roçadas, Edifício Santo António Parque, Nº 78, Loja 8",4760-118,Vila Nova de Famalicão,Vila Nova de Famalicão,Braga,"Páginas Inesperadas, Lda.",Sandra Cristina Correia Ribeiro Gonçalves,,,"Páginas Inesperadas, Lda.",Vila Nova de Famalicão,Braga,,financeiro@opovofamalicense.com,www.opovofamalicense.com
123431,24-09-1999,Notícias de Colmeias,Papel,Regional,Informação Geral,Mensal,Registo Definitivo,"Rua das Bouças, 12",2420-225,Valongo,Leiria,Leiria,"Inforletra - Edição e Publicação de Jornais, Ldª",Joaquim Manuel Alves Santos,,,"Inforletra - Edição e Publicação de Jornais, Lda.",Leiria,Leiria,,noticiasdecolmeias@gmail.com,
123436,13-10-1999,O Interior,Papel/Online,Regional,Informação Geral,Semanal,Registo Definitivo,"R. Batalha Reis, S/N, Parque da Saúde",6300-668,Guarda,Guarda,Guarda,Luis Augusto Baptista-Martins,Luis Augusto Baptista-Martins,,,"Jorinterior - Jornal do Interior, Lda.",Guarda,Guarda,,baptista-martins@ointerior.pt,www.ointerior.pt
123481,09-12-1999,Nortemédico,Papel/Online,Regional,Informação Especializada,Trimestral,Registo Definitivo,"R. Gonçalo Cristóvão, 347 - s/217",4000-270,Porto,Porto,Porto,Secção Regional Norte da Ordem dos Médicos,José Castela Torres da Costa,,,Ordem dos Médicos,Lisboa,Lisboa,,secretaria@nortemedico.pt,www.nortemedico.pt
123483,09-12-1999,(OBS*) Observatório,Online,Nacional,Informação Especializada,Trimestral,Registo Definitivo,Pc. dos Restauradores,1250-187,Lisboa,Lisboa,Lisboa,Obercom - Observatório da Comunicação,Gustavo Alberto Guerreiro Seabra Leitão Cardoso,Vania Baldi; Caterina Foà,,Obercom - Observatório da Comunicação,Lisboa,Lisboa,,obercom@obercom.pt,http://obs.obercom.pt/index.php/obs
123485,05-01-2000,Tecnometal,Online,Nacional,Informação Especializada,Trimestral,Registo Definitivo,"R. dos Plátanos, 197",4100-414,Porto,Porto,Porto,A I M M A P - Associação dos Industriais Metalúrgicos Metalomecânicos e Afins de Portugal,Vitor Manuel Pereira Neves,Rafael Silva Campos Pereira,Hermenegildo Manuel Cristina Pereira,AIMMAP - Associação dos Industriais Metalúrgicos Metalomecânicos e Afins de Portugal,Porto,Porto,,aimmap@aimmap.pt,https://www.metalportugal.pt/p452-revista-tecnometal-pt
123487,20-12-1995,Egoísta,Papel,Nacional,Informação Geral,Anual,Registo Definitivo,"Av. Dr. Stanley Ho, Edifício do Casino Estoril",2765-190,Estoril,Cascais,Lisboa,Patricia Reis,Mário Alberto Neves Assis Ferreira,,,"Estoril Sol (III) - Turismo, Animação e Jogo, S.A.",Cascais,Lisboa,,cfarinha@estoril-sol.com,
123503,12-01-2000,Terras de Santa Maria Madalena,Papel,Regional,Doutrinária,Mensal,Registo Definitivo,Casa Paroquial do Campo Rua José Augusto Seixas,3515-360,Viseu,Viseu,Viseu,Abel Ferreira Rodrigues,José Luís Azevedo Fernandes,,,Fábrica da Igreja Paroquial da Freguesia do Campo,Viseu,Viseu,,terrasdesantamariamadalena@gmail.com,
123506,12-01-2000,Ex aequo - Revista da Associação Portuguesa de Estudos sobre as Mulheres,Online,Nacional,Informação Especializada,Semestral,Registo Definitivo,"APEM, Casa das Associações, Parque Infantil do Alvito, Estrada do Alvito",1300-054,Lisboa,Lisboa,Lisboa,Edições Afrontamento,Virgínia do Carmo Ferreira,,,Associação Portuguesa de Estudos Sobre as Mulheres,Lisboa,Lisboa,,apem1991@gmail.com,https://exaequo-ojs.apem-estudos.org/exaequo/pt
123511,28-01-2000,Terra Ruiva,Papel/Online,Regional,Informação Geral,Mensal,Registo Definitivo,"R. da Fábrica, 3",8375-147,São Bartolomeu de Messines,Silves,Faro,Associação de Desenvolvimento do Concelho de Silves,Ana Paula Neves Piçarra Bravo,,,Associação de Desenvolvimento do Concelho de Silves Pé de Vento,Silves,Faro,,terraruiva@gmail.com,https://www.terraruiva.pt/
123521,07-02-2000,Rosário e Vida Cristâ,Papel,Nacional,Doutrinária,Trimestral,Registo Definitivo,"R. de S. Domingos, 5",2495-431,Cova da Iria,Ourém,Santarém,Secretariado Nacional do Rosário,José Carlos Vaz Lucas,,,Secretariado Nacional do Rosário,Ourém,Santarém,,snrosariom@gmail.com,
123524,18-02-2000,Maia Hoje,Papel/Online,Regional,Informação Geral,Quinzenal,Registo Definitivo,"R. Pedro Julião, 114 - R/C",4470-379,Maia,Maia,Porto,"Publireferência, Unipessoal, Lda.",Artur José Machado Bacelar,,,Artur José Machado Bacelar,Maia,Porto,,artur@maiahoje.pt,www.maiahoje.pt
123552,20-03-2000,Serras da Pampilhosa,Papel/Online,Regional,Informação Geral,Mensal,Registo Definitivo,"R. das Escolas Gerais, 82",1100-220,Lisboa,Lisboa,Lisboa,Casa do Concelho da Pampilhosa da Serra,Emília Maria Pereira do Nascimento Antão Fernandes,,,Casa do Concelho da Pampilhosa da Serra,Lisboa,Lisboa,,jornal@serrasdapampilhosa.pt,https://jornal@serrasdapampilhosa.pt
123563,30-03-2000,Notícias Primeira Mão,Online,Regional,Informação Geral,Diária,Registo Definitivo,"Av. Visconde Barreiros, 89 - 5º",4470-151,Maia,Maia,Porto,Acácio Martins Marinho,Angélica Maria Corgo dos Santos da Nova,,,Acácio Martins Marinho,Maia,Porto,,administrativos@canal5.pt,https://www.noticiasprimeiramao.pt
123583,17-04-2000,Essential Algarve,Papel,Regional,Informação Especializada,Bimestral,Registo Definitivo,"Parque Empresarial do Algarve, 7, E.N. 125 - Apartado 59",8400-431,Lagoa,Lagoa (Algarve),Faro,Bruce Patrick Hawker,Bruce Patrick Hawker,,,"Open Media - Design e Publicações, SA",Lagoa (Algarve),Faro,,info@open-media.net,
123591,03-05-2000,Terras do Homem,Papel/Online,Regional,Informação Geral,Quinzenal,Registo Definitivo,"R. José António Cruz, 39, 3º Esq. Frt.",4715-343,Braga,Braga,Braga,António Pedro Antunes Pereira Lenho,António Pedro Antunes Pereira Lenho,,,Araceli Francisca Martin Sabor,Vila Verde,Braga,,terrasdohomem@gmail.com,www.terrasdohomem.pt
123608,26-05-2000,Madeira Island Magazine,Papel/Online,Regional,Informação Especializada,Bimestral,Registo Definitivo,"Caminho do Poço Barral, 52",9000-155,Funchal,Funchal,Ilha da Madeira,Rafael Edgar da Silva Caldeira,Vítor Maurício Vieira Nunes,,Rafael Edgar da Silva Caldeira,Vítor Maurício Vieira Nunes,Funchal,Ilha da Madeira,Região Autónoma da Madeira,rafael.caldeira@madeiraislandmagazine.pt,https://issuu.com/madeiramagazine
123611,05-06-2000,Lux,Papel,Nacional,Informação Especializada,Semanal,Registo Definitivo,"R. da Fraternidade Operária, 6",2790-072,Carnaxide,Oeiras,Lisboa,"Masemba, Lda.",Carlos Manuel da Conceição Gonçalves,,,"Masemba, Lda.",Lisboa,Lisboa,,franciscomauricio@masemba.com,www.lux.iol.pt
123613,12-06-2000,Mais Alentejo,Papel/Online,Regional,Informação Geral,Bimestral,Registo Definitivo,"R. Circular Norte - Edif. NERE, Sala M12-3",7005-841,Évora,Évora,Évora,José António Biléu Sancho,José António Biléu Sancho,,,José António Biléu Sancho,Beja,Beja,,mais.alentejo@mail.telepac.pt,https://www.revistamaisalentejo.com
123620,19-06-2000,Tinta Fresca,Online,Regional,Informação Geral,Diária,Registo Definitivo,"Rua do Cabeço, S/N",2460-613,Lagoa do Cão,Alcobaça,Leiria,Mário Américo Gaspar Lopes,Mário Américo Gaspar Lopes,,,Mário Américo Gaspar Lopes,Alcobaça,Leiria,,jornaltintafresca@sapo.pt,www.tintafresca.net
123623,20-06-2000,Politécnica,Online,Regional,Informação Especializada,Anual,Registo Definitivo,"Av. dos Descobrimentos, 333",4400-103,Vila Nova de Gaia,Vila Nova de Gaia,Porto,Edições ISPgaya,Jorge Manuel de Azevedo Pereira Simões,,Fernando Almeida,C.E.P. - Cooperativa de Ensino Politécnico CRL,Vila Nova de Gaia,Porto,,info@ispgaya.pt,http:/hdl.handle.net/10400.26/31532
123631,06-07-2000,Voz da Terra,Papel,Regional,Informação Geral,Bimestral,Registo Suspenso,"R. do Brasil, 155",3030-175,Coimbra,Coimbra,Coimbra,Confederação Nacional de Agricultura - CNA,Adélia Maria de Sousa Vilas Boas,,,Confederação Nacional de Agricultura - CNA,Coimbra,Coimbra,,cna@cna.pt,www.cna.pt
123676,09-08-2000,Caminha 2000,Online,Regional,Informação Geral,Diária,Registo Definitivo,"Praça Conselheiro Silva Torres, 11",4910-122,Caminha,Caminha,Viana do Castelo,Luís Manuel Crespo dos Santos Almeida,Luis Manuel Crespo dos Santos Almeida,Carla Susana Riotinto Viana Diogo,João Álvaro Carvalho Gama Crespo,Maria Isabel da Conceição Reis de Sousa,Caminha,Viana do Castelo,,caminha@caminha2000.com,https://www.caminha2000.com
123681,11-08-2000,Revista da Dança,Online,Nacional,Informação Especializada,Bimestral,Registo Definitivo,"R. Manuel Ferreira de Andrade, 11 - 3º Esq.",1500-416,Lisboa,Lisboa,Lisboa,António Manuel Coelho Laginha,António Manuel Coelho Laginha,,,Cais de Culturas - Associação,Oeiras,Lisboa,,cdoeiras@sapo.pt,www.revistadadanca.com
123682,21-08-2000,Cinco Quinas,Papel/Online,Regional,Informação Geral,Mensal,Registo Definitivo,"Rua Dr. João Lopes, 9",6320-420,Sabugal,Sabugal,Guarda,"Graficôa - Sociedade de Artes Gráficas e Publicações, Ldª",Artur Rito Pereira,--,--,"Graficôa - Sociedade de Artes Gráficas e Publicações, Lda",Sabugal,Guarda,,cincoquinas@gmail.com,www.cincoquinas.net
123689,06-10-1998,Bancada Central,Papel,Regional,Informação Especializada,Semanal,Registo Definitivo,"R. 43, 474 - Sala C",4500-195,Espinho,Espinho,Aveiro,"Margarida Célia Moreira Iglésias, Unipessoal, Lda.",Abílio Adriano da Silva Oliveira,,,"Margarida Célia Moreira Iglésias, Unipessoal, Lda.",Espinho,Aveiro,,bancada.central@hotmail.com,
123724,03-11-2000,Eurotransporte,Papel/Online,Nacional,Informação Especializada,Bimestral,Registo Definitivo,"R. António Albino Machado, 35 G",1600-259,Lisboa,Lisboa,Lisboa,"Invesporte, Editora de Publicações",Cátia do Carmo Mogo,,,Eduardo Sérgio de Oliveira Carvalho,Lisboa,Lisboa,,eduardocarvalho@invesporte.pt,www.eurotransporte.pt
123740,29-11-2000,Praça Pública,Papel/Online,Regional,Informação Geral,Quinzenal,Registo Definitivo,"R. Cândido dos Reis, 31, 1º Trás",3880-097,Ovar,Ovar,Aveiro,"COM+Comunicação, Lda.",Ana Sofia Penna Simões de Moura Stoffel Furtado de Castro,Alberto Dinis Lopes Amaral,,"COM+Comunicação, Lda.",Lisboa,Lisboa,,geral@com-mais.pt,www.pracapublica.com
123765,18-01-2001,Construção Magazine,Papel,Nacional,Informação Especializada,Bimestral,Registo Definitivo,"Av. da República, 2475, Sala 64",4430-208,Vila Nova de Gaia,Vila Nova de Gaia,Porto,"Engenho e Média, Lda",Humberto Varum,,,"Publindústria - Produção de Comunicação, Lda",Porto,Porto,,antonio.malheiro@publindustria.pt,
123783,05-02-2001,Topos & Clássicos,Papel,Nacional,Informação Especializada,Bimestral,Registo Definitivo,"R. 15 de Maio, 29",4715-642,Braga,Braga,Braga,"Edições Topos e Clássicos, Unipessoal, Lda.",Hugo Manuel dos Santos Reis,,,"Edições Topos e Clássicos, Unipessoal, Lda.",Braga,Braga,,mlopes@pdc.pt,www.toposeclassicos.pt
123817,26-03-2001,Lux Woman,Papel,Nacional,Informação Especializada,Mensal,Registo Definitivo,"R. da Fraternidade Operária, 6",2790-072,Carnaxide,Oeiras,Lisboa,"Masemba, Lda.",Leonor Lourenço Antolin Teixeira,,,"Masemba, Lda.",Lisboa,Lisboa,,franciscomauricio@masemba.com,
123840,10-05-2001,Notícias de Barroselas - Jornal da Região do Neiva e do Lima,Papel,Regional,Informação Geral,Mensal,Registo Definitivo,"R. dos Reis Magos, 225 - Loja 7",4905-386,Barroselas,Viana do Castelo,Viana do Castelo,Vitor Manuel Santos Diegues,Vitor Manuel Santos Diegues,,,Vítor Manuel Santos Diegues,Viana do Castelo,Viana do Castelo,,noticiasdebarroselas@gmail.com,www.noticiasde.barroselas.net
123871,07-06-2001,Jornal O Ponto,Papel/Online,Regional,Informação Geral,Bimensal,Registo Definitivo,"R. António Carlos Vidal, Edificio C.E.R., 2.º.",3840-411,Vagos,Vagos,Aveiro,"Palavras Lidas,  Lda.",Emídio Óscar da Silva Francisco,,,"Palavras Lidas, Lda.",Vagos,Aveiro,,geral@jornaloponto.pt,https://www.jornaloponto.pt
123881,27-06-2001,Destak,Papel,Nacional,Informação Geral,Quinzenal,Registo Definitivo,"R. Luciana Stegagno Picchio, 3",1549-023,Lisboa,Lisboa,Lisboa,"Medialivre, S.A.",João Francisco Ourique Moniz,,,"Medialivre, S.A.",Lisboa,Lisboa,,plataforma@medialivre.pt,
123886,03-07-2001,Confidencial Imobiliário,Papel,Nacional,Informação Especializada,Mensal,Registo Definitivo,"R. Gonçalo Cristóvão, 185 - 6º.",4000-265,Porto,Porto,Porto,"Imoestatística-Sistemas de Informação de Imobiliária, Lda.",José Ricardo Garcia Machado Guimarães,,,"Imoestatística-Sistemas de Informação de Imobiliária, Lda.",Porto,Porto,,gestao@confidencialimobiliario.com,
123896,17-07-2001,LPCDR Info Liga Portuguesa Contra as Doenças Reumáticas,Papel,Nacional,Informação Especializada,Trimestral,Registo Definitivo,"R. Quinta do Loureiro, 13, Loja 2",1350-410,Lisboa,Lisboa,Lisboa,Liga Portuguesa Contra as Doenças Reumáticas,Elsa do Céu Dias de Almeida Frazão Mateus,,,Liga Portuguesa Contra as Doenças Reumáticas,Lisboa,Lisboa,,lpcdr@lpcdr.org.pt,www.lpcdr.org.pt
123900,19-07-2001,Equitação Magazine,Papel/Online,Nacional,Informação Especializada,Bimestral,Registo Definitivo,"R. António Albino Machado, 35 G",1600-259,Lisboa,Lisboa,Lisboa,Eduardo de Carvalho,Ana Cristina Rosa Filipe,,,Eduardo Sérgio de Oliveira Carvalho,Lisboa,Lisboa,,eduardocarvalho@invesporte.pt,www.equitacao.com
123920,12-09-2001,Oleiros Magazine,Papel/Online,Regional,Informação Geral,Trimestral,Registo Definitivo,"Av. do Brasil, 4 - R/c.",6000-079,Castelo Branco,Castelo Branco,Castelo Branco,"RVJ - Editores, Lda.",Francisco Manuel Baptista Ribeiro Carrega,,,"RVJ - Editores, Ldª",Castelo Branco,Castelo Branco,,oleirosmagazine@rvj.pt,http://www.oleirosmagazine.com/oleiros-magazine.aspx
123923,13-09-2001,Saúde Actual,Papel/Online,Nacional,Informação Especializada,Bimestral,Registo Definitivo,"Av. República Guiné Bissau, 15 - 8.º - Dto.",2900-590,Setúbal,Setúbal,Setúbal,Luís Filipe Silva Freitas,Luís Filipe Silva Freitas,,,"Saúde Actual - LFF, Unipessoal, Lda.",Setúbal,Setúbal,,saudeactual@gmail.com,https://saudeactual.pt/wp/
123930,19-09-2001,Villas & Golfe,Papel,Nacional,Informação Especializada,Trimestral,Registo Definitivo,"Rua António Nobre, 23 Fração B",4450-618,Matosinhos,Matosinhos,Porto,"PM Media - Comunicação, Lda.",Paulo José Lopes Martins,,,"PM Media - Comunicação, Lda.",Matosinhos,Porto,,contabilidade@pmmediacorporate.com,www.villasegolfe.com
123940,17-11-1995,Rostos,Papel/Online,Regional,Informação Geral,Anual,Registo Definitivo,"R. Miguel Bombarda, 74 - Centro Comercial Bombarda Lj. 24",2830-355,Barreiro,Barreiro,Setúbal,António de Jesus Sousa Pereira,António de Jesus Sousa Pereira,,,António de Jesus Sousa Pereira,Barreiro,Setúbal,,sousa_pereira@rostos.pt,www.rostos.pt
123953,23-11-2001,Oriente,Papel,Nacional,Informação Geral,Anual,Registo Definitivo,"Edifício Pedro Álvares Cabral, Doca de Alcântara (Norte)",1350-352,Lisboa,Lisboa,Lisboa,Fundação Oriente,Jorge Manuel Ribeiro dos Santos Alves,,,Fundação Oriente,Lisboa,Lisboa,,centro.documentacao@foriente.pt,
123974,22-01-2002,Tribuna das Ilhas,Papel/Online,Regional,Informação Geral,Semanal,Registo Definitivo,"R. Serpa Pinto, 28, 1º",9900-095,Horta,Horta,Ilha do Faial,"IAIC - Informação, Animação e Intercâmbio Cultural, CRL",Susana Patrícia Machado Sá Pinto Garcia,,,"IAIC - Informação, Animação e Intercâmbio Cultural, CRL",Horta,Ilha do Faial,Região Autónoma dos Açores,tribunadasilhas@gmail.com,https://www.tribunadasilhas.pt
123988,18-02-2002,Náutica Press,Papel/Online,Nacional,Informação Especializada,Anual,Registo Definitivo,"Rua de Baixo, 34",3300-252,Alqueve,Arganil,Coimbra,Vasco Maria de Melo Gonçalves,Vasco Maria de Melo Gonçalves,,,"Lobo do Mar - Sociedade Editorial, Lda",Arganil,Coimbra,,geral@lobodomar.net,www.nauticapress.com
123990,18-02-2002,Logística Moderna,Papel,Nacional,Informação Especializada,Bimestral,Registo Definitivo,"R. da Milheirada, 18",2705-839,Terrugem,Sintra,Lisboa,Carlos Manuel Lopes Simões,Carlos Manuel Lopes Simões,,,Carlos Manuel Lopes Simões,Sintra,Lisboa,,cs310560@gmail.com,
123999,08-03-2002,O Gaiense,Papel/Online,Regional,Informação Geral,Semanal,Registo Definitivo,"R. Particular às Árvores, 248 loja",4400-239,Vila Nova de Gaia,Vila Nova de Gaia,Porto,"O Gaiense - Comunicação  e Eventos, Unipessoal, Lda.",Filipe Manuel Teixeira Bastos,,,"O Gaiense - Comunicação e Eventos, Unipessoal, Lda",Vila Nova de Gaia,Porto,,ogaiense@ogaiense.pt,https://www.ogaiense.pt/
124000,08-03-2002,Ambiente Piscinas,Online,Nacional,Informação Especializada,Anual,Registo Definitivo,"Parque Industrial Sobreposta, Rua da Piscina, nº 70",4715-553,Sobreposta,Braga,Braga,"Lamparina Multimédia, Lda.",António Vieira Fernandes de Lima,,,"Lamparina Multimédia, Lda.",Braga,Braga,,info@lamparina.com,https://www.ambientepiscinas.com
124008,19-03-2002,Jornal do Centro,Online,Regional,Informação Geral,Diária,Registo Definitivo,"Av. Alberto Sampaio, 132 - 2º.",3510-028,Viseu,Viseu,Viseu,"Legenda Transparente, Lda.",Sandra Cristina da Silva Rodrigues,,,"Legenda Transparente, Lda.",Viseu,Viseu,,geral@jornaldocentro.pt,www.jornaldocentro.pt
124021,24-04-2002,Psicologia,Online,Nacional,Informação Especializada,Bianual,Registo Definitivo,"Edº ISCTE, Sala 2W17 - Av. das Forças Armadas",1649-026,Lisboa,Lisboa,Lisboa,Associação Portuguesa de Psicologia,Marília Prada ,,,Associação Portuguesa de Psicologia,Lisboa,Lisboa,,app@appsicologia.org,http://revista.appsicologia.org
124038,17-05-2002,Villa da Feira - Terra de Santa Maria,Papel,Regional,Informação Especializada,Quadrimestral,Registo Definitivo,"Rua Egas Moniz, 2 - Apartado 230",4520-244,Santa Maria da Feira,Santa Maria da Feira,Aveiro,LAF - Liga dos Amigos da Feira,Celestino Augusto Soares Portela,,,LAF - Liga dos Amigos da Feira,Santa Maria da Feira,Aveiro,,carla.gab.dr.portela@hotmail.com,
124051,12-06-2002,Educação e Matemática,Papel/Online,Nacional,Informação Especializada,Trimestral,Registo Definitivo,"R. Dr. João Couto, 27-A",1500-236,Lisboa,Lisboa,Lisboa,Associação de Professores de Matemática,Helena Gil Rodrigues Monteiro Guerreiro,,,Associação de Professores de Matemática,Lisboa,Lisboa,,revista@apm.pt,www.apm.pt
124054,24-06-2002,Umbigo,Papel,Nacional,Informação Especializada,Trianual,Registo Definitivo,"Largo do Chiado, 15, pátio",1200-108,Lisboa,Lisboa,Lisboa,"Umbigo - Edições, Lda.",Elsa Cristina Viola Garcia,,,"Umbigo - Edições, Lda",Lisboa,Lisboa,,mail@umbigo.space,https://umbigo.space/
124057,24-06-2002,Jardins,Papel,Nacional,Informação Especializada,Mensal,Registo Definitivo,"Av. Almirante Reis, 194, 1º Esq.",1000-055,Lisboa,Lisboa,Lisboa,"Sopa de Letras, Lda.",Teresa Maria Pires Fevereiro Chambel Filipe dos Santos,,,"Sopa de Letras, Lda.",Lisboa,Lisboa,,geral@slmedia.pt,www.plotcontent.com
124077,21-08-2002,Informática Fácil,Papel,Nacional,Informação Especializada,Trimestral,Registo Definitivo,"R. da Escola, 35",3020-479,Coimbra,Coimbra,Coimbra,Maurício José da Silva Reis,Maurício José da Silva Reis,,,Maurício José da Silva Reis,Coimbra,Coimbra,,maureis@netvisao.pt,
124105,08-10-2002,O Notícias da Trofa,Online,Regional,Informação Geral,Diária,Registo Definitivo,"R. Aldeias de Cima,  280 - R/C",4785-699,Santiago do Bougado,Trofa,Porto,"We Do Com, Unipessoal Lda.",Hermano Rolando Ferreira Martins,,,"We Do Com, Unipessoal Lda.",Santo Tirso,Porto,,jornal@onoticiasdatrofa.pt,www.onoticiasdatrofa.pt
124106,10-10-2002,Vogue,Papel/Online,Nacional,Informação Especializada,Mensal,Registo Definitivo,"R. Rodrigues Sampaio, 18, 2º",1150-280,Lisboa,Lisboa,Lisboa,"Light House - Editora, Lda.",Sofia das Dores Gonçalves Lucas Pereira,,,Condé Nast International,,,,paula.bento@gq.light-house.pt,www.vogue.pt
124139,25-11-2002,Caderno Vermelho,Papel,Nacional,Doutrinária,Anual,Registo Definitivo,"Av. da Liberdade, 170",1250-146,Lisboa,Lisboa,Lisboa,"Editorial Avante, SA",André Levy Martins Coelho,,,Partido Comunista Português - PCP,Lisboa,Lisboa,,s.intelectual@dorl.pcp.pt,
124159,14-01-2003,Notícias de Arronches,Papel/Online,Regional,Informação Geral,Mensal,Registo Definitivo,"R. Porta do Rio, 16",7340-011,Arronches,Arronches,Portalegre,Isaurinda Maria Venâncio Belchior Marques,Fernando Manuel Neves Marques,,,Isaurinda Maria Venâncio Belchior Marques,Arronches,Portalegre,,noticiasdearronches@gmail.com,https://www.noticiasdearronches.com
124164,20-01-2003,CDP - Cadernos de Direito Privado,Papel,Nacional,Informação Especializada,Trimestral,Registo Definitivo,Escola de Direito da Universidade do Minho - Campus de Gualtar,4710-057,Braga,Braga,Braga,Cejur - Centro de Estudos Jurídicos do Minho,Cristina Manuela Araújo Dias,,,Cejur - Centro de Estudos Jurídicos do Minho,Braga,Braga,,cejur@cejur.pt,www.cejur.pt
124184,19-02-2003,O Ribeira de Pera,Papel,Regional,Informação Geral,Mensal,Registo Definitivo,"Av. São Domingos, 51",3280-013,Castanheira de Pêra,Castanheira de Pêra,Leiria,"Fercorber - Madeiras e Materiais de Construção, Lda.",Manuela do Carmo Gonçalves Freire,-,,"Fercorber - Madeiras e Materiais de Construção, Lda.",Castanheira de Pêra,Leiria,,castanheirense@net.novis.pt,www.oribeiradepera.pt
124190,28-02-2003,Acção Cristã - A Voz dos Mártires,Papel,Nacional,Doutrinária,Bimestral,Registo Definitivo,"Av. do Sol Poente, 68",4820-122,Fafe,Fafe,Braga,Acção Cristã - A Voz dos Mártires,Sebastião Mendes Rezende,Jônatas Leite Aguiar,Anselmo Luís Silva Pereira,Sebastião Mendes Rezende,Fafe,Braga,,geral@vozdosmartires.com,www.accaocrista.com
124191,27-02-2003,Construir,Papel/Online,Nacional,Informação Especializada,Quinzenal,Registo Definitivo,"Av. Alvares Cabral nº61, 6º andar",1250-017,Lisboa,Lisboa,Lisboa,"Areassociativa - Comunicação e Serviços, Sociedade Unipessoal Lda",Ricardo Nuno Pita Batista,,,"Work Media - Comunicação, SA",Lisboa,Lisboa,,hcfino@workmedia.pt,www.construir.pt
124215,27-03-2003,Liturgia Diária - A Missa de Cada Dia,Papel,Nacional,Doutrinária,Mensal,Registo Definitivo,"Estrada de São Paulo, 63",2680-294,Apelação,Loures,Lisboa,"Paulus Editora - Sociedade Unipessoal, Lda",Tiago Vicente Rodrigues de Melo,,,"Paulus Editora - Sociedade Unipessoal, Lda.",Loures,Lisboa,,dir.geral@paulus.pt,
124249,16-05-2003,Colectânea de Jurisprudência,Papel,Nacional,Informação Especializada,8 x ano,Registo Definitivo,R. da Sofia,3004-502,Coimbra,Coimbra,Coimbra,Associação de Solidariedade Social Casa do Juiz,Messias José Caldeira Bento,Luís Filipe Castelo Branco Espírito Santo,José da Silva Paixão,Associação de Solidariedade Social Casa do Juiz,Coimbra,Coimbra,,coljuris.cjuiz@gmail.com,
124259,04-06-2003,Flash!,Online,Nacional,Informação Especializada,Diária,Registo Definitivo,"Rua Luciana Stegagno Picchio, 3",1549-023,Lisboa,Lisboa,Lisboa,"Medialivre, S.A.",Luísa Cândida Tavares Jeremias,,,"Medialivre, S.A.",Lisboa,Lisboa,,plataforma@medialivre.pt,www.flash.pt
124261,05-06-2003,Notícias de Coura,Papel/Online,Regional,Informação Geral,Quinzenal,Registo Definitivo,"R. 25 de Abril, Centro Coordenador Transportes - Sala 6",4940-526,Paredes de Coura,Paredes de Coura,Viana do Castelo,Manuel Tinoco,Manuel Joaquim da Costa Tinoco,José Miguel da Gama Nogueira,,"Azevinho - Cooperativa Promoção Cultural de Paredes de Coura, C.R.L.",Paredes de Coura,Viana do Castelo,,noticiasdecoura@gmail.com,https://www.noticiasdecoura.com
124271,24-06-2003,Mariana,Papel,Nacional,Informação Especializada,Semanal,Registo Definitivo,"R. do Moinho Vermelho, 638 Edif. Cascais Office 2º C",2645-449,Alcabideche,Cascais,Lisboa,"Presspeople - Edição de Publicações, Unipessoal Lda.",Rita Montenegro Carvalho Serra Lopes Antunes de Azevedo,,,"Presspeople - Edição de Publicações, Unipessoal Lda",Cascais,Lisboa,,geral@presspeople.pt,
124280,11-07-2003,O Electricista,Papel/Online,Nacional,Informação Especializada,Trimestral,Registo Definitivo,"Praça Corujeira, 38",4300-144,Porto,Porto,Porto,"CIE - Comunicação e Imprensa Especializada, Lda",Custódio João Pais Dias,,,"Publindústria - Produção de Comunicação, Lda",Porto,Porto,,antonio.malheiro@publindustria.pt,https://www.oelectricista.pt
124296,12-08-2003,Media & Jornalismo,Online,Nacional,Informação Especializada,Semestral,Registo Definitivo,"Av. de Berna, 26 C",1069-061,Lisboa,Lisboa,Lisboa,Imprensa da Universidade de Coimbra,Marisa Rodrigues Pinto Torres da Silva,,,ICNOVA - Instituto de Comunicação da Nova,Lisboa,Lisboa,,icnova@fcsh.unl.pt,http://impactum-journals.uc.pt/mj
124317,17-09-2003,Jornal Torre do Selo,Papel,Regional,Informação Geral,Mensal,Registo Definitivo,Av. Comendador Francisco Mendes Póvoas,6270-555,Torrozelo,Seia,Guarda,Associação de Beneficiência e Solidariedade Social de Torroselo,Joaquim Manuel Leal de Albuquerque Pimentel.,Gonçalo Nuno Cordeiro Leal Albuquerque Pimentel,,Associação de Beneficiência e Solidariedade Social de Torroselo,Seia,Guarda,,absstorroselo@hotmail.com,
124319,23-09-2003,Região da Nazaré,Papel/Online,Regional,Informação Geral,Mensal,Registo Definitivo,"R. Dr. Leonel Sotto Mayor, 48 - Loja 43/44",2500-227,Caldas da Rainha,Caldas da Rainha,Leiria,"Medioeste, Lda.",Maria Clara Pereira Fernandes Bernardino,,,"Medioeste, Lda.",Caldas da Rainha,Leiria,,medioeste@gmail.com,https://regiaodanazare.com/
124352,10-11-2003,RV Jornal,Papel/Online,Regional,Informação Geral,Quinzenal,Registo Definitivo,"R. José Ribeiro Ferreira, Lt 5 - 2º Andar",4815-504,Vizela,Vizela,Braga,"Rádio Vizela  - Cooperativa de Radiodifusão, CRL",Francisca Abreu da Silva ,,,"Rádio Vizela  - Cooperativa de Radiodifusão, CRL",Vizela,Braga,,rvjornal@radiovizela.pt,https://www.radiovizela.pt/assinatura
124353,10-11-2003,Prémio,Papel/Online,Nacional,Informação Especializada,Semestral,Registo Definitivo,"Av. da Liberdade, 252",1250-149,Lisboa,Lisboa,Lisboa,"CV&A Europe, Lda.",Ana Sofia Leal Valado Arnaud,,,"CV&A Europe, Lda.",Lisboa,Lisboa,,daf@h-advisors.global,https://issuu.com/cunhavaz
124365,21-11-2003,Trends - Know The Difference,Papel,Nacional,Informação Especializada,Semestral,Registo Suspenso,"R. António Nobre, 23 - Fração B",4450-618,Matosinhos,Matosinhos,Porto,"PM Media - Comunicação, Lda.",Paulo José Lopes Martins,,,"PM Media - Comunicação, Lda.",Matosinhos,Porto,,contabilidade@pmmediacorporate.com,
124373,27-11-2003,Quadrante - Revista de Investigação em Educação Matemática,Online,Nacional,Informação Especializada,Semestral,Registo Definitivo,"R. Dr. João Couto, 27-A",1500-236,Lisboa,Lisboa,Lisboa,Associação de Professores de Matemática,Hélia Maria da Venda Jacinto,,Rosa Tomás Ferreira,Associação de Professores de Matemática,Lisboa,Lisboa,,quadrante@apm.pt,https://quadrante.apm.pt
124394,15-01-2004,Cozinha Saudável,Papel,Nacional,Informação Especializada,Bimestral,Registo Definitivo,"Rua Salgueiro Maia, 2, Bloco 5, 2.º Esq.",2685-374,Prior Velho,Loures,Lisboa,"Lazeres & Prazeres, Investimentos, Unipessoal, Lda.",Ana Catarina de Sousa Pereira Madureira,,,Carlos Alberto Soares e Silva Ramos,Loures,Lisboa,,carlossilvaramos51@gmail.com,
124411,09-02-2004,Essential Lisboa & Atlantic Coast,Papel,Nacional,Informação Especializada,Bimestral,Registo Definitivo,"Avenida Engenheiro Duarte Pacheco, Torres das Amoreiras, Torre 2, 10º, Sala 10",1070-101,Lisboa,Lisboa,Lisboa,"Open Media Europe - Sociedade Editora, S.A.",Cátia Sofia Semedo de  Matos Mateus,,,"Open Media Europe - Sociedade Editora, S.A.",Oeiras,Lisboa,,cfo@essential-lisboa.com,
124436,12-03-2004,Sábado,Papel/Online,Nacional,Informação Geral,Semanal,Registo Definitivo,"R. Luciana Stegagno Picchio, 3",1549-023,Lisboa,Lisboa,Lisboa,"Medialivre, S.A.",Carlos Filipe Espinho Rodrigues,"Armando Esteves Pereira, Eduardo Dâmaso, Bernardo Ribeiro, ",,"Medialivre, S.A.",Lisboa,Lisboa,,plataforma@medialivre.pt,www.sabado.pt
124442,16-03-2004,Relações Internacionais,Papel/Online,Nacional,Informação Especializada,Trimestral,Registo Definitivo,"R. Dona Estefânia, 195  - 5º Dto.",1000-155,Lisboa,Lisboa,Lisboa,Instituto Português de Relações Internacionais,Nuno Severiano Teixeira,,,Instituto Português de Relações Internacionais,Lisboa,Lisboa,,ipri@ipri.pt,www.ipri.pt
124475,16-04-2004,O Direito,Online,Nacional,Informação Especializada,Trimestral,Registo Definitivo,Alameda da Universidade - Faculdade de Direito,1649-014,Lisboa,Lisboa,Lisboa,"Edições Almedina, SA",Jorge Manuel Moura Loureiro de Miranda,"António Menezes Cordeiro; Luís Bigotte Chorão, Maria João GalvãoTeles",,Instituto de Direito Privado - IDP e Instituto de Ciências Juridico-Políticas da Faculdade de Direi,Lisboa,Lisboa,,veloso.cunha@netcabo.pt,https://www.cidp.pt/publicacoes/revistas/o-direito/243/248/1/12
124476,16-04-2004,Archinews,Papel,Nacional,Informação Especializada,Trimestral,Registo Definitivo,"Rua General Humberto Delgado, 7 - 11",2625-424,Forte da Casa,Vila Franca de Xira,Lisboa,"Archibook's, Lda.",Carlos Alberto de Assunção Alho,,,João Carlos dos Santos Fonseca,Vila Franca de Xira,Lisboa,,geral@archinews.pt,
124478,20-04-2004,Voz de Fermentões,Papel,Regional,Informação Geral,Mensal,Registo Definitivo,"Av. Padre João Fernandes Machado, 201",4800-177,Guimarães,Guimarães,Braga,"Farramundanes Cooperativa Editorial e Desenvolvimento Integrado de Fermentões, CIPRL",Ronaldo Domingos Oliveira Freitas,Marco Rui Reis Amorim,Diana Patrícia da Costa e Silva,"Farramundanes - Cooperativa Edit. Des. Int. Fermentões, CIPRL",Guimarães,Braga,,vozfermentoes@gmail.com,
124481,20-04-2004,Jornal do Pico,Papel,Regional,Informação Geral,Semanal,Registo Definitivo,R. Dr. Tibério d´Ávila Brasil,9940-365,São Roque do Pico,São Roque do Pico,Ilha do Pico,"Rádio Cais, CRL",Maria Cristina Bettencourt da Silveira,,,"Rádio Cais, CRL",São Roque do Pico,Ilha do Pico,Região Autónoma dos Açores,jornaldopico@mail.telepac.pt,
124487,30-04-2004,Memória Alentejana,Papel,Regional,Informação Especializada,Anual,Registo Definitivo,"R. das Portas de Santo Antão, 58",1150-268,Lisboa,Lisboa,Lisboa,CEDA - Cent. de Estudos Documentais do Alentejo - Mem. Colec. e Cidadania,Eduardo M. Raposo,,,CEDA - Centro de Estudos Documentais do Alentejo - Mem. Colectiva e Cidadania,Lisboa,Lisboa,,cedalentejo@gmail.com,
124488,16-02-2007,DDD - Dê de Delta,Papel,Nacional,Informação Geral,Trimestral,Registo Definitivo,"Av. Calouste Gulbenkian, 15",7370-025,Campo Maior,Campo Maior,Portalegre,"Nabeirogest -Sociedade Gestora de Participações Sociais, S.A.",Rita Maria do Rosário Nabeiro,,,"Nabeirogest -Sociedade Gestora de Participações Sociais, S.A.",Campo Maior,Portalegre,,ddd@gruponabeiro.com,www.delta-cafes.pt
124498,14-05-2004,Marés,Papel,Nacional,Informação Especializada,Anual,Registo Definitivo,"Av. Santos Dumont, 57, 6º, 7º, 8º",1050-202,Lisboa,Lisboa,Lisboa,"Bleed - Sociedade Editorial e Organização de Eventos, Lda.",João Paulo Quinzico Delgado,,,"Mútua dos Pescadores - Mútua de Seguros, C.R.L.",Lisboa,Lisboa,,geral@mutuapescadores.pt,www.mutuapescadores.pt
124514,02-06-2004,Contacto SVD,Papel,Nacional,Doutrinária,Bimestral,Registo Definitivo,"Rotunda dos Peregrinos, 101",2495-412,Cova da Iria,Ourém,Santarém,Seminário Missionário do Verbo Divino,António Augusto Lopes Leite,,,Seminário Missionário do Verbo Divino,Ourém,Santarém,,contacto.svd@verbodivino.pt,www.verbodivino.pt
124546,21-07-2004,Gazeta Rural,Papel/Online,Regional,Informação Especializada,Quinzenal,Registo Definitivo,"R. Laje Monte, 56",3500-891,Lourosa de Cima,Viseu,Viseu,"Classe Media - Comunicação e Serviços, Unipessoal, Lda.",José Luís da Cruz Araújo,,,"Classe Média - Comunicação e Serviços, Unipessoal, Lda.",Viseu,Viseu,,jla.viseu@gmail.com,www.gazetarural.com
124547,21-07-2004,Jardinal,Online,Nacional,Informação Especializada,Anual,Registo Definitivo,"Parque Industrial Sobreposta, Rua da Piscina, 70",4715-553,Sobreposta,Braga,Braga,"Lamparina Multimédia, Lda.",António Vieira Fernandes de Lima,,,"Lamparina Multimédia, Lda.",Braga,Braga,,info@lamparina.com,www.lamparina.com
124584,17-09-2004,Fiesta!,Papel/Online,Regional,Informação Geral,Mensal,Registo Definitivo,"Parque Industrial Zona Oeste, Lote 7 - Socorridos",9304-006,Câmara de Lobos,Câmara de Lobos,Ilha da Madeira,"OLC, Unipessoal, Lda.",Helena Sousa Aguiar,,,"O.L.C. Unipessoal, Lda.",Funchal,Ilha da Madeira,Região Autónoma da Madeira,hsa-adv@outlook.pt,https://www.revistafiesta.pt
124585,17-09-2004,Opticapro,Papel/Online,Nacional,Informação Especializada,Mensal,Registo Definitivo,"Praça Mouzinho de Albuquerque, 113 - 6º",4100-359,Porto,Porto,Porto,Maria de Fátima Gomes de Amaral Ferreira.,Ricardo André Pinto Flamínio,,,"Editora Codigopro - Edição de Publicações Periódicas Unipessoal, Lda",Porto,Porto,,ricardo.flaminio@opticapro.pt,www.opticapro.pt
124591,01-10-2004,Digital de Vizela,Online,Nacional,Informação Geral,Diária,Registo Definitivo,"Tv. Belmense, 25 - Edif. S. Bento",4815-532,Vizela,Vizela,Braga,Manuel Mendes Marques,Manuel Mendes Marques,,,Manuel Mendes Marques,Vizela,Braga,,jornal@digitaldevizela.com,www.digitaldevizela.com
124602,25-10-2004,Ágil,Papel,Regional,Informação Especializada,Trimestral,Registo Definitivo,"Av. Sporting Clube Olhanense, 6/A",8700-314,Olhão,Olhão,Faro,Liga dos Combatentes - Núcleo Regional de Olhão,Raimundo José Silvestre de Sousa,João António Mascarenhas Peres,,Liga dos Combatentes,Lisboa,Lisboa,,geral@ligacombatentes.org,
124606,03-11-2004,Incentivo,Online,Regional,Informação Geral,Diária (dias úteis),Registo Definitivo,"R. Serpa Pinto, 41",9900-095,Horta,Horta,Ilha do Faial,"Escrever e Editar - Edição de Publicações, Lda",Rui António Souto Gonçalves,,,"Escrever e Editar - Edição de Publicações, Lda",Horta,Ilha do Faial,Região Autónoma dos Açores,jornalincentivo@gmail.com,https://www.jornalincentivo.com
124607,04-11-2004,Motricidade,Online,Nacional,Informação Especializada,Anual,Registo Definitivo,"Urbanização Aleu, 5",5000-054,Lordelo,Vila Real,Vila Real,"Sílabas Didáticas Unipessoal, Lda.",Nuno Domingos Garrido Nunes de Sousa,,,"Sílabas Didáticas Unipessoal, Lda.",Vila Real,Vila Real,,director@revistamotricidade.com,http://revistas.rcaap.pt/motricidade
124625,30-11-2004,Revista de Portugal,Papel/Online,Nacional,Informação Geral,Anual,Registo Definitivo,"Travessa Condes de Resende, 110",4410-264,Canelas,Vila Nova de Gaia,Porto,Amigos do Solar Condes de Resende-Confraria Queirosiana,Luís Manuel de Araújo,Joaquim António Gonçalves Guimarães e José Manuel Tedim,,Amigos do Solar Condes de Resende-Confraria Queirosiana,Vila Nova de Gaia,Porto,,queirosiana@gmail.com,https://www.queirosiana.pt;confrariaqueirosiana.blogspot.pt
124642,03-01-2005,D'Angeja - Mensário Cultural e Informativo,Papel,Regional,Informação Geral,Mensal,Registo Definitivo,"R. António Castilho, 4",3850-406 Angeja,Angeja,Albergaria-a-Velha,Aveiro,Maria Helena Vidinha Trindade,Maria Helena Vidinha Trindade,,,Associação Os Amigos do Jornal D'Angeja,Albergaria-a-Velha,Aveiro,,jornaldangeja2004@gmail.com,
124655,19-01-2005,O Basto,Papel,Regional,Informação Geral,Mensal,Registo Definitivo,Largo Barjona de Freitas s/n - Apartado 35,4860-353,Refojos de Basto,Cabeceiras de Basto,Braga,Paulo Fernandes,Marco Filipe Vieira Gomes,José Duarte Ribeiro,-,Ad Basto - Associação de Desenvolvimento Técnico Profissional das Terras de Basto,Cabeceiras de Basto,Braga,,obasto@sapo.pt,
124671,11-02-2005,Diferença,Papel/Online,Nacional,Informação Especializada,Anual,Registo Definitivo,Quinta do Paraíso - Bairro do Zambujal,2610-316,Amadora,Amadora,Lisboa,Fundação AFID - Diferença,Domingos Marques Alves Rosa,Mara Susana Machado Ribeiro Rebelo,,Fundação AFID  - Diferença,Amadora,Lisboa,,fundacao@fundacaoafid.pt,www.fund-afid.org.pt
124685,01-03-2005,O Ericeira,Papel,Regional,Informação Geral,Mensal,Registo Definitivo,Bº. Andorinhas nº.10,2655-230,Ericeira,Mafra,Lisboa,Pretendalcançar - Associação Imprensa Regional,Maria Isabel Campos de Oliveira,,,Pretendalcançar - Associação Imprensa Regional,Mafra,Lisboa,,jornaloericeira@gmail.com,
124692,15-03-2005,Courrier Internacional,Papel,Nacional,Informação Geral,Mensal,Registo Definitivo,"Av. Jacques Delors, Edifício Inovação, 3.1., Espaço 511/512",2740-122,Porto Salvo,Oeiras,Lisboa,"Trust In News, Unipessoal, Lda.",Rui Tavares Guedes,,,"Courrier International, Societé Anonyme",,,,cscampos@trustinnews.pt,
124712,06-05-2005,"SAL - Saúde, Artes e Letras",Online,Nacional,Informação Geral,Semestral,Registo Definitivo,"R. Almeida e Sousa, 11, 1.º",1250-064,Lisboa,Lisboa,Lisboa,Carla Maria Abrunhosa Vieira,Carla Maria Abrunhosa Vieira,,,Carla Maria Abrunhosa Vieira,Lisboa,Lisboa,,sal.revista@gmail.com,www.revistasal.pt
124728,25-05-2005,O Algarve.pt Económico,Online,Nacional,Informação Geral,Diária,Registo Definitivo,"R. Dr. José de Matos, 58 A",8000-502,Faro,Faro,Faro,Associação do Comércio e Serviços da Região do Algarve - ACRAL,Miguel Ângelo Morgado Henriques Machado Faísca,,,Associação do Comércio e Serviços da Região do Algarve - ACRAL,Faro,Faro,,secretariadodirecao@acral.pt,www.oalgarve.pt
124732,01-06-2005,Africana Studia,Papel,Regional,Informação Especializada,Semestral,Registo Definitivo,FLUP - Via Panorâmica s/n,4150-564,Porto,Porto,Porto,Universidade do Porto - Centro de Estudos Africanos,Maciel Morais Santos,,,Centro de Estudos Africanos da Universidade do Porto,Porto,Porto,,ceaup@letras.up.pt,www.africanos.eu
124739,08-06-2005,Atletismo Magazine Modalidades Amadoras,Online,Nacional,Informação Especializada,Semanal,Registo Definitivo,"Estrada Serra da Mira, 57 - 7.º B",2700-778,Amadora,Amadora,Lisboa,Carlos Sequeira Viana Rodrigues,Carlos Sequeira Viana Rodrigues,,,Carlos Sequeira Viana Rodrigues,Amadora,Lisboa,,director@ammagazine.pt,https://www.ammagazine.pt
124752,06-07-2005,Visão Júnior,Papel/Online,Nacional,Informação Especializada,Mensal,Registo Definitivo,"Avenida Jacques Delors, Edifício Inovação 3.1 Espaço nº 511/512",2740-122,Porto Salvo,Oeiras,Lisboa,"Trust In News, Unipessoal, Lda.",Rui Manuel Tavares Guedes,,,"Trust In News, Unipessoal, Lda.",Oeiras,Lisboa,,cscampos@trustinnews.pt,www.visaojuniordigital.visaojunior.pt
124762,27-07-2005,Mama Sumé,Papel/Online,Nacional,Informação Especializada,Anual,Registo Definitivo,"Av. Duque D' Ávila, 124 - 4º Esq.",1050-084,Lisboa,Lisboa,Lisboa,Associação de Comandos,José Ângelo Lobo do Amaral,Rui Jaime da Fonseca,,Associação de Comandos,Lisboa,Lisboa,,associacao.comandos.dn@gmail.com,
124771,10-08-2005,Mundo h,Papel/Online,Nacional,Informação Especializada,Quadrimestral,Registo Definitivo,"R. Catarina Eufémia, 167 - A",2750-318,Cascais,Cascais,Lisboa,Associação Helpo,António Maria Perez Metelo da Silva,,,Associação Helpo,Cascais,Lisboa,,info@helpo.pt,www.ccspt.org
124777,20-09-2005,Jazz.pt,Papel/Online,Nacional,Informação Especializada,Anual,Registo Definitivo,"Largo do Poço, 3 - 1º",3000-335,Coimbra,Coimbra,Coimbra,Nuno Catarino,José Miguel Soares Pereira,,,Jacc - Jazz ao Centro Clube,Coimbra,Coimbra,,josemiguel.jacc@gmail.com,www.jazz.pt
124782,26-06-2005,Jornal das Oficinas,Papel/Online,Nacional,Informação Especializada,Bimestral,Registo Definitivo,"Estrada de Paço de Arcos, 66 e 66A  - Bela Vista Officec, sala 2-29",2735-336,Agualva-Cacém,Sintra,Lisboa,João Filipe Ferreira Rodrigues Vieira,João Filipe Ferreira Rodrigues Vieira,,,João Filipe Ferreira Rodrigues Vieira,Sintra,Lisboa,,joao.vieira@apcomunicacao.com,www.jornaldasoficinas.pt
124828,21-11-2005,Essential Madeira Islands,Papel/Online,Regional,Informação Especializada,Bimestral,Registo Definitivo,"C.C. Centromar - Loja 55, R. Ponta da Cruz",9004-516,Funchal,Funchal,Ilha da Madeira,Open Media Atlantic Lda.,Paulo Sérgio Garanito Santos,,,"Open Media Atlantic,Lda",Funchal,Ilha da Madeira,Região Autónoma da Madeira,essential.madeira@open-media.net,http://www.essentialmadeira.pt
124854,19-12-2005,Dependências,Papel/Online,Nacional,Informação Especializada,Mensal,Registo Definitivo,"R. António Ramalho, 600 E CP",4460-240,Senhora da Hora,Matosinhos,Porto,António Sérgio Lima da Silva,Sérgio Duarte Pontes Bessa de Oliveira,,,"News-Coop - Informação e Comunicação, CRL",Matosinhos,Porto,,sergio.oliveira@newscoop.pt,www.dependencias.org
124866,09-01-2006,Verdade e Luz - Revista Espírita,Papel,Nacional,Doutrinária,Bimestral,Registo Definitivo,"Largo Almirante Pedroso, 9 (Estrada das Romeiras à altura do nº 14)",1495-101,Algés,Oeiras,Lisboa,Maria do Rosário Vieira de Abranches Jordão Caeiro,Maria do Rosário Vieira de Abranches Jordão,,Michelie Carvalho Peste,"Verdade e Luz - Associação de Divulgação, Editora e Distribuidora Espirita",Oeiras,Lisboa,,vendas@verdadeluz.com,www.geb-portugal.org.
124893,24-02-2006,Correio Alentejo,Papel/Online,Regional,Informação Geral,Quinzenal,Registo Definitivo,"R. Campo de Ourique, 6-A",7780-148,Castro Verde,Castro Verde,Beja,"JOTA CBS - Comunicação e Imagem, Lda.",Carlos Miguel Silvestre Contreiras Pinto,,,"JOTA CBS - Comunicação e Imagem, Lda.",Castro Verde,Beja,,geral@jota-cbs.pt,https://www.correioalentejo.com
124908,08-03-2006,The Resident,Papel/Online,Regional,Informação Geral,Semanal,Registo Definitivo,"Parque Empresarial do Algarve, 7",8400-431,Lagoa,Lagoa (Algarve),Faro,"Open Media - Design e Publicações, SA",Bruce Patrick Hawker,,,"MMS Publishing, Lda",Lagoa (Algarve),Faro,,accounts@algarveresident.com,https://www.portugalresident.com
124910,08-03-2006,Expresso do Oriente,Papel/Online,Regional,Informação Geral,Mensal,Registo Definitivo,"Av. Embaixador Aristides de Sousa Mendes, 18 C, Escr.D, Tapada das Mercês",2725-537,Mercês,Sintra,Lisboa,"Cometa Mágico - Unipessoal, Lda.",Acácio Soares de Figueiredo,,,"Cometa Mágico - Unipessoal, Lda.",Sintra,Lisboa,,geralexpressodooriente@gmail.com,www.expressodooriente.com
124920,21-03-2006,Viva Cidade,Papel/Online,Regional,Informação Geral,Mensal,Registo Definitivo,"R. do Campinho, 110",4435-639,Baguim do Monte,Gondomar,Porto,"VivaCidade - Sociedade de Comunicação Social, S.A.",Augusto Miguel Silva Almeida,Carlos Almeida,,"VivaCidade - Sociedade de Comunicação Social, S.A.",Gondomar,Porto,,geral@vivacidade.org,www.vivacidade.org
124955,19-05-2006,OJE - O Jornal Económico,Papel/Online,Nacional,Informação Especializada,Semanal,Registo Definitivo,"Edifício Tecnologia, 4.1, 71 a 74",2740-122,Porto Salvo,Oeiras,Lisboa,"Media9Par, S.A.",Ricardo Santos Ferreira,,Lígia Simões,"Media9Par, S.A.",Oeiras,Lisboa,,financas@medianove.com,www.jornaleconomico.pt
124959,31-05-2006,Joiapro,Papel/Online,Nacional,Informação Especializada,Trimestral,Registo Definitivo,"Praça Mouzinho de Albuquerque, 113 - 5º",4100-359,Porto,Porto,Porto,Maria de Fátima Gomes de Amaral Ferreira.,Ricardo André Pinto Flamínio,,,"Editora Codigopro - Edição de Publicações Periódicas Unipessoal, Lda",Porto,Porto,,redaccao@joiapro.com,www.joiapro.com
124968,23-06-2006,Paixão Pelo Vinho,Online,Nacional,Informação Especializada,Bimestral,Registo Definitivo,"Estrada Serra da Mira, n.º 65, 5ºD",2700-778,Amadora,Amadora,Lisboa,"Purplesummer - Media & Events, Lda.",Maria Helena Ribeiro Duarte,André Guilherme Magalhães,,"Purplesummer Media & Events, Lda.",Amadora,Lisboa,,purplesummer.mhd@gmail.com,https://revistapaixaopelovinho.com/
124969,23-06-2006,Viva!,Online,Regional,Informação Geral,Diária,Registo Definitivo,"R. Nossa Senhora da Mão Poderosa, 210",4445-522,Ermesinde,Valongo,Porto,José Chaves (assina José Alberto Magalhães),José Alberto Magalhães,,,"Advice - Comunicação e Imagem, Unipessoal, Lda.",Valongo,Porto,,advice@viva-porto.pt,www.viva-porto.pt
124974,04-07-2006,Vida Celeiro,Papel/Online,Nacional,Informação Especializada,Trimestral,Registo Definitivo,"R. 1º de Dezembro, 45, 3º Dto.",1249-057,Lisboa,Lisboa,Lisboa,"Supermercado Rocha, SA",Tiago Raposo Lôbo do Vale,,,"Supermercado Rocha, S.A.",Lisboa,Lisboa,,patricia.pereira@dietimport.pt,www.celeiro.pt
124975,04-07-2006,Valsousa.TV,Online,Regional,Informação Geral,Diária,Registo Definitivo,"Av. da República, 136 Dto., Loja 3",4580-193,Paredes,Paredes,Porto,Rafael Telmo da Silva Ferreira,Rafael Telmo da Silva Ferreira,,,Rafael Telmo da Silva Ferreira,Paredes,Porto,,valsousatv@gmail.com,www.valsousa.tv
124979,11-07-2006,Noivas de Portugal,Papel,Nacional,Informação Especializada,Semestral,Registo Definitivo,"R. João de Deus, 6, sala 307",4100-456,Porto,Porto,Porto,"Corfu Media, Lda.",Maria Isabel Ferreira Alcoforado Côrte-Real,,,"Corfu Media, Lda.",Porto,Porto,,contabilidad@weddingmediainternational.com,www.noivasdeportugal.com
125004,03-08-2006,Nascer do Sol,Papel/Online,Nacional,Informação Geral,Semanal,Registo Definitivo,"R. Mário Castelhano, 40",2734-502,Queluz de Baixo,Oeiras,Lisboa,"Newsplex, S.A.",Mário Joaquim Martins Vaz Ramires,José Cabrita Saraiva,,"Newsplex, S.A.",Oeiras,Lisboa,,geral@sol.pt,
125023,28-08-2006,Publituris Hotelaria,Papel/Online,Nacional,Informação Especializada,Mensal,Registo Definitivo,"Av. Alvares Cabral nº61, 6º andar",1200-649,Lisboa,Lisboa,Lisboa,"Publiotel - Empresa de Publicações Turísticas Hoteleiras, Sociedade Unipessoal, Lda.",Victor Manuel Pardal Jorge,,,"Publiotel - Empresa de Publicações Turísticas Hoteleiras, Sociedade Unipessoal, Lda.",Lisboa,Lisboa,,hcfino@workmedia.pt,https://www.publiturishotelaria.pt/
125037,28-09-2006,Alto Alentejo,Papel/Online,Regional,Informação Geral,Semanal,Registo Definitivo,"Travessa Largo São Tiago, 2",7300-234,Portalegre,Portalegre,Portalegre,"Retrato Falado - Imprensa, Comunicação e Eventos, Lda",Manuel Isaac Neves Mendes Correia,,,"Retrato Falado - Imprensa, Comunicação e Eventos, Lda",Portalegre,Portalegre,,altoalentejo.publicidade@gmail.com,www.jornalaltoalentejo.com
125048,10-10-2006,Caras Decoração,Papel,Nacional,Informação Especializada,Mensal,Registo Definitivo,"Av. Jacques Delors, Edif. Inovação 3.1 Espaço 511/512",2740-122,Porto Salvo,Oeiras,Lisboa,"Trust In News, Unipessoal, Lda.",Carlos Humberto Maciel da Costa,,,"Grupo Perfil Inversora, S.A.",,,,cscampos@trustinnews.pt,
125077,23-11-2006,Julgar,Papel/Online,Nacional,Informação Especializada,Quadrimestral,Registo Definitivo,"Casa do Juiz, Qta, Sra. da Graça, 24, Estrada da Bencanta",3045-382,Coimbra,Coimbra,Coimbra,Associação Sindical dos Juízes Portugueses,João Paulo Vasconcelos Raposo,Eduardo de Sousa Paiva,,Associação Sindical dos Juízes Portugueses,Lisboa,Lisboa,,correio@asjp.pt,http://julgar.pt
125095,18-12-2006,Jornal Dínamo,Online,Nacional,Informação Geral,Semanal,Registo Definitivo,"R. Augusto Costa Costinha, 21 - 8.º Dto.",1500-064,Lisboa,Lisboa,Lisboa,Sandra Cristina Teixeira Freire dos Santos Adonis,Sandra Cristina Teixeira Freire dos Santos Adonis,Pedro Sousa Filipe,,Sandra Cristina Teixeira Freire dos Santos Adonis,Lisboa,Lisboa,,j.dinamo@gmail.com,https://www.jornaldinamo.pt
125122,13-02-2007,O Gira-Volei,Online,Nacional,Informação Especializada,Trimestral,Registo Definitivo,"Av. de França, 549",4050-279,Porto,Porto,Porto,Federação Portuguesa de Voleibol,Vicente Henrique Gonçalves de Araújo,,,Federação Portuguesa de Voleibol,Porto,Porto,,fpvoleibol@fpvoleibol.pt,www.giravolei.com
125154,22-03-2007,NA Novo Almourol,Papel,Regional,Informação Geral,Mensal,Registo Definitivo,"Largo do Chafariz, 3 - Apartado 32",2260-419,Vila Nova da Barquinha,Vila Nova da Barquinha,Santarém,Associação Centro de Interpretação de Arqueologia do Alto Ribatejo,Fernando Manuel dos Santos Freire,,,Associação Centro de Interpretação de Arqueologia do Alto Ribatejo,Vila Nova da Barquinha,Santarém,,novoalmourol@gmail.com,
125173,16-04-2007,Attitude Interior Design,Papel/Online,Nacional,Informação Especializada,Bimestral,Registo Definitivo,"R. Monte do Bonfim, 120 Sala 232",4300-350,Porto,Porto,Porto,Maria Machado,Carlos Cezanne,,,"TVF II - Comunicação e Editores, Unipessoal, Lda.",Porto,Porto,,tvf@attitude-mag.com,www.attitude-mag.com
125192,23-05-2007,Algarve Vivo,Papel/Online,Regional,Informação Geral,Bimestral,Registo Definitivo,"R. Dr. João António Silva Vieira, Urb. Vales Lote 3, 3º Dtº",8400-417,Lagoa,Lagoa (Algarve),Faro,"Pressroma - Edição de Publicações Periódicas, Unipessoal, Lda",Rui Pires Santos,,,"Pressroma - Edição de Publicações Periódicas, Unipessoal, Lda",Lagoa (Algarve),Faro,,pressroma.publicacoes@gmail.com,http://algarvevivo.pt
125208,11-06-2007,Verdadeiro Olhar.pt,Online,Regional,Informação Geral,Diária,Registo Definitivo,"R. do Carreiro, 38",4580-066,Paredes,Paredes,Porto,"Flama Criativa - Comunicação, Lda.",Francisco José Barbosa Coelho da Rocha,,,"Flama Criativa - Comunicação, Lda.",Paredes,Porto,,fcr@verdadeiroolhar.pt,www.verdadeiroolhar.pt
125211,12-06-2007,Travel & Safaris,Papel/Online,Nacional,Informação Especializada,Trimestral,Registo Definitivo,"R. Latino Coelho,1, Hi Fly Building",1050-132,Lisboa,Lisboa,Lisboa,"Across II - Tour Operator, Lda.",Reno Carlos Pereira Mauricio,,,"Across II - Tour Operator, Lda.",Lisboa,Lisboa,,magazine@acrosspress.com,www.travelsafaris.pt
125217,24-02-2006,Veterinária Atual,Papel/Online,Nacional,Informação Especializada,Mensal,Registo Definitivo,"Av. da Liberdade, 144, 3º",1250-146,Lisboa,Lisboa,Lisboa,"Abilways Portugal, S.A.",Joana Filipa da Silva Vieira,,,"Abilways Portugal, S.A.",Lisboa,Lisboa,,assinaturas@abilways.com,www.veterinaria-atual.pt
125230,10-07-2007,Cultura & Recreio,Papel,Regional,Informação Especializada,Anual,Registo Definitivo,"R. António Castro Corte Real, 15",4520-181,Santa Maria da Feira,Santa Maria da Feira,Aveiro,Federação das Colectividades de Cultura e Recreio do Concelho de Sta. Maria da Feira,Joaquim da Silva Tavares,,,Federação Portuguesa das Colectividades de Cultura e Recreio do Concelho de Sta. Maria da Feira,Santa Maria da Feira,Aveiro,,culturaerecreio@gmail.com,www.fecofeira.pt
125236,26-07-2007,Tudo Sobre Jardins,Papel/Online,Nacional,Informação Especializada,Anual,Registo Definitivo,"Rua de Baixo, 34",3300-252,Alqueve Folques,Arganil,Coimbra,"Lobo do Mar - Sociedade Editorial, Lda.",Maria Luísa Dias Mendes Gonçalves,,,"Lobo do Mar - Sociedade Editorial, Lda",Arganil,Coimbra,,luisa.m.g@sapo.pt,www.tudosobrejardins.com
125282,17-10-2007,Comércio do Seixal e Sesimbra,Papel/Online,Regional,Informação Geral,Semanal,Registo Definitivo,"R. Bernardim Ribeiro, 39, Quinta Manuel André",2840-270,Arrentela,Seixal,Setúbal,"Segredos Narrativos, Lda.",Joana Pires Rosa,,,Ângela Maria Cortegaça Antunes Pires Rosa,Seixal,Setúbal,,comerciodoseixal@gmail.com,
125284,22-10-2007,Linha Desportiva,Online,Regional,Informação Especializada,Diária,Registo Definitivo,"R. Raúl Proença, 5, R/C Dto.",2780-290,Oeiras,Oeiras,Lisboa,Nelson Maurício de Oliveira Lobo Pimentel,Nelson Mauricio de Oliveira Lobo Pimentel,,,Nelson Maurício de Oliveira Lobo Pimentel,Oeiras,Lisboa,,linhadesportiva@outlook.pt,www.linha-desportiva.com
125287,29-10-2007,Pinhal Digital,Online,Regional,Informação Geral,Diária,Registo Definitivo,Foz-do-Pereiro,6150-335 Proença-a-Nova,Proença-a-Nova,Proença-a-Nova,Castelo Branco,Paulo Jorge Fernandes Marques,Paulo Jorge Fernandes Marques,,,Paulo Jorge Fernandes Marques,Proença-a-Nova,Castelo Branco,,pinhal.pf@gmail.com,www.pinhaldigital.com
125290,29-10-2007,Jornal das Autarquias,Online,Nacional,Informação Especializada,Mensal,Registo Definitivo,"Rua de Campolide, 164 D",1070-037,Lisboa,Lisboa,Lisboa,Maria da Silva Engrácio Raimundo,José Paulo Dias de Pinho,José Dias de Pinho,Florinda Bulhão Dias de Pinho,"Jornautarq, Lda.",Lisboa,Lisboa,,jpdpinho@gmail.com,www.jornaldasautarquias.com
125311,26-11-2007,Sim,Papel/Online,Regional,Informação Geral,Mensal,Registo Definitivo,"Av. da Liberdade, 642  - 2º, sala 9",4710-249,Braga,Braga,Braga,Hugo Delgado,Carlos de Freitas Pereira,,,"Frases Soltas, Unipessoal, Lda.",Braga,Braga,,geral@revistasim.pt,www.revistasim.pt
125314,28-11-2007,Tâmegasousa.pt,Online,Nacional,Informação Geral,Diária,Registo Definitivo,"R. da Plaina, 144",4615-414,Macieira da Lixa,Felgueiras,Porto,"Digitâmega, Unipessoal, Lda.",Armindo Fernando da Cunha Pereira Mendes,Hélder Quintela,,"Digitâmega, Unipessoal, Lda.",Felgueiras,Porto,,geral@tamegasousa.pt,www.tamegasousa.pt
125315,28-11-2007,Forum Canonicum,Papel/Online,Nacional,Informação Especializada,Semestral,Registo Definitivo,Palma de Cima,1649-023,Lisboa,Lisboa,Lisboa,Universidade Católica Portuguesa,João Alberto Simão Amaral Vergamota,,,Universidade Católica Portuguesa,Lisboa,Lisboa,,fcanonicum@ucp.pt,www.isdc.lisboa.ucp.pt
125327,14-12-2007,Jornal de Lisboa,Papel,Regional,Informação Geral,Mensal,Registo Definitivo,"Rua Juvenal Cabeça, NE Abrunheira, Armazém 19",2635-635,Rio de Mouro,Sintra,Lisboa,Francisco Morais Esteves de Barros,Francisco Morais Esteves de Barros,,,Francisco Morais Esteves de Barros,Sintra,Lisboa,,mediatitulo@gmail.com,
125329,14-12-2007,EOL - Entroncamento Online,Online,Nacional,Informação Geral,Diária,Registo Definitivo,"R. António Gonçalves Curado, 28",2260-390,Vila Nova da Barquinha,Vila Nova da Barquinha,Santarém,Ricardo André Fialho Marques Alves,Ricardo André Fialho Marques Alves,,,Ricardo André Fialho Marques Alves,Vila Nova da Barquinha,Santarém,,redaccao@entroncamentoonline.pt,www.entroncamentoonline.pt
125341,14-01-2008,Lifestyle & Business Frontline,Papel/Online,Nacional,Informação Especializada,Bimestral,Registo Definitivo,"Av. da República, 3580, Edifício Estoril Office, Piso 3",2649-517,Alcoitão,Cascais,Lisboa,Anabela Alves Ribeiro Laia,Armando Nuno Costa Carneiro Neves Matos,,,Anabela Alves Ribeiro Laia,Cascais,Lisboa,,geral@hvp-design.pt,https://www.revistafrontline.com/
125356,15-02-2008,Estrelas e Ouriços,Papel/Online,Regional,Informação Especializada,Bimestral,Registo Definitivo,"Edifício Impresa, R. Calvet de Magalhães, 242",2770-022,Paço de Arcos,Oeiras,Lisboa,"Estrelas e Ouriços, Lda.",Madalena Neto Ferreira Lampreia Nunes Diogo,Joana Isabel Jorge Leitão,,"Estrelas & Ouriços, Lda",Oeiras,Lisboa,,madalena.lampreia@estrelaseouricos.pt,https://estrelaseouricos.sapo.pt/home
125362,21-02-2008,Portugal Global,Online,Nacional,Informação Especializada,Mensal,Registo Definitivo,"R. de Entrecampos, 28, Bloco B, 12º",1700-158,Lisboa,Lisboa,Lisboa,"Agência para o Investimento e Comércio Externo de Portugal, EPE",Maria da Conceição Afonso Rodas Viegas,,,"Agência para o Investimento e Comércio Externo de Portugal, EPE",Porto,Porto,,revista@portugalglobal.pt,www.portugalglobal.pt
125367,29-02-2008,Revista dos Pneus,Papel,Nacional,Informação Especializada,Anual,Registo Definitivo,"Estrada de Paço de Arcos, 66 e 66A - Bela Vista Office, Sala 2-29",2735-336,Agualva-Cacém,Sintra,Lisboa,João Filipe Ferreira Rodrigues Vieira,João Filipe Ferreira Rodrigues Vieira,,,João Filipe Ferreira Rodrigues Vieira,Sintra,Lisboa,,joao.vieira@apcomunicacao.com,www.revistadospneus.com
125369,03-03-2008,Checksound,Online,Nacional,Informação Especializada,Mensal,Registo Suspenso,"Estrada de S. Luís, 48 - 1.º Esq.",8000-123,Faro,Faro,Faro,Susana Alexandra Pisco Pinto,Rúben José Cruz Viegas,,,Rúben José Cruz Viegas,Faro,Faro,,rubenviegas@checksound.eu,www.checksound.pt
125387,28-03-2008,DentalPro,Papel/Online,Nacional,Informação Especializada,Bimestral,Registo Definitivo,"Praça Mouzinho de Albuquerque, 113 - 6º",4100-359 Porto,Porto,Porto,Porto,Maria de Fátima Gomes de Amaral Ferreira.,Ricardo André Pinto Flamínio,,,"Editora Codigopro - Edição de Publicações Periódicas Unipessoal, Lda",Porto,Porto,,geral@codigopro.pt,https://www.dentalpro.pt
125390,31-03-2008,Campo & Jardim,Papel,Nacional,Informação Especializada,Trimestral,Registo Definitivo,"Rua Salgueiro Maia, 2, Bloco 5, 2.º Esq.",2685-374,Prior Velho,Loures,Lisboa,"Lazeres & Prazeres, Investimentos, Unipessoal, Lda.",Francisco Filipe Morgado Duarte,,,Ana Catarina de Sousa Pereira Madureira,Oeiras,Lisboa,,carlossilvaramos51@gmail.com,
125392,01-04-2008,Parq,Online,Nacional,Informação Geral,Bimestral,Registo Definitivo,"R. Quirino da Fonseca, 25 - 2º Esq.",1000-251,Lisboa,Lisboa,Lisboa,Francisco José Vaz Fernandes,Francisco José Vaz Fernandes,,,Francisco José Vaz Fernandes,Lisboa,Lisboa,,francisco@parqmag.com,https://www.parqmag.com
125393,04-04-2008,Revista de Finanças Públicas e Direito Fiscal,Papel/Online,Nacional,Informação Especializada,Trimestral,Registo Definitivo,Alameda da Universidade,1649-014,Lisboa,Lisboa,Lisboa,"Edições Almedina, S.A.",Eduardo Paz Ferreira,,,Instituto de Direito Económico Financeiro e Fiscal,Lisboa,Lisboa,,ideff@fd.ulisboa.pt,www.ideff.pt
125408,17-04-2008,Mercedes-Benz Magazine,Papel/Online,Nacional,Informação Especializada,Semestral,Registo Definitivo,"R. Gottlieb Wilhelm Daimler, Edifício Mercedes-Benz",2710-037,Abrunheira,Sintra,Lisboa,Holger Marquardt,Cátia Filipa da Silva Magalhães,,,"Mercedes-Benz Portugal, S.A.",Sintra,Lisboa,,info_mbp@mercedes-benz.com,https://www.mercedes-benz.pt/passengercars/the-brand/mercedes-me-magazine.html
125413,18-04-2008,Discurso Directo,Papel/Online,Regional,Informação Geral,Mensal,Registo Definitivo,"R. Alexandre Herculano, 14",4540-116 Arouca,Arouca,Arouca,Aveiro,"Discurso Perfeito - Edição de Jornais, Lda",Ilidia Margarida Ferreirinha Loureiro,,,"Discurso Perfeito - Edição de Jornais, Lda",Arouca,Aveiro,,geral@discurso-directo.com,https://www.discurso-directo.com
125427,05-05-2008,Bsteen,Online,Nacional,Doutrinária,Mensal,Registo Definitivo,"Av. Almirante Gago Coutinho, 158",1700-030,Lisboa,Lisboa,Lisboa,"CAPU-Casa Publicadora da Convenção das Assembleias de Deus em Portugal, Lda",Ana Luísa do Rosário Ramalho Rosa,,,"CAPU - Casa Publicadora da Convenção das Assembleias de Deus em Portugal, Lda",Lisboa,Lisboa,,capu@capu.pt,https://www.bsteen.pt/
125433,16-05-2008,Magazine Reportagem,Online,Nacional,Informação Geral,Anual,Registo Definitivo,"R. Jorge Barradas, 14",2970-001,Almoinha,Sesimbra,Setúbal,Rui Miguel Vidal da Cunha,Rui Miguel Vidal da Cunha,,,Rui Miguel Vidal da Cunha,Sesimbra,Setúbal,,media@magazinereportagem.com,https://issuu.com/magazinereportagem/docs/magazine_reportagem_2024
125457,16-06-2008,Revista Notícias do Pedal,Online,Nacional,Informação Especializada,Diária,Registo Definitivo,"R. do Meirinha, 6",2625-608,Mogos,Vila Franca de Xira,Lisboa,José Manuel Cunha Morais,Jose Manuel Cunha Morais,,Helena de Jesus Joaquina Ricardo Morais,José Manuel Cunha Morais,Vila Franca de Xira,Lisboa,,josemanuelmorais@sapo.pt,https://revistanoticiasdopedal.blogspot.com/
125465,07-07-2008,Jogada do Mês,Online,Nacional,Informação Especializada,Diária,Registo Definitivo,"R. Vila Seixal, 19 - C/V- Dta. F",2810-141,Almada,Almada,Setúbal,Jorge Manuel Martins Caseiro,Artur Santos Madeira,,,Jorge Manuel Martins Caseiro,Almada,Setúbal,,jogadadomes.revista@gmail.com,www.jogadadomes.com
125470,10-07-2008,Nova Gazeta,Online,Nacional,Informação Especializada,Diária,Registo Definitivo,"R. Dr. Justino de Carvalho, 28",2890-239,Samouco,Alcochete,Setúbal,Isabel Alexandra Lourenço de  Almeida,Miguel Garcia Pelixo Narciso,Isabel Alexandra Lourenço de Almeida,,Isabel Alexandra Lourenço de Almeida,Alcochete,Setúbal,,redaccao.novagazeta@gmail.com,http://www.novagazeta.pt
125481,21-07-2008,Esquerda,Online,Nacional,Doutrinária,Diária,Registo Definitivo,"R. da Palma, 268",1100-394,Lisboa,Lisboa,Lisboa,Carlos José de Assunção Santos,Luis Pedro Alves Branco,,,Bloco de Esquerda,Lisboa,Lisboa,,bloco.esquerda@bloco.org,https://www.esquerda.net
125491,29-07-2008,Ramo D'Além,Papel,Regional,Informação Geral,Mensal,Registo Definitivo,"Rua da Escola, 34",2490-122,Ninho de Águia,Ourém,Santarém,Nelson Pereira Baptista,Freddy Mickael Rodrigues Simão,,,Associação de Promoção da Freguesia do Cercal,Ourém,Santarém,,ramodalem@hotmail.com,www.ramodalem.blogspot.com
125512,25-08-2008,Guia das Praias Fluviais,Papel/Online,Nacional,Informação Especializada,Anual,Registo Definitivo,R. Combatentes da Grande Guerra n.º 23 - 1º Dto,6000-160,Castelo Branco,Castelo Branco,Castelo Branco,João Leopoldo da Cruz Almeida Matos,João Leopoldo da Cruz Almeida Matos,,,João Leopoldo da Cruz Almeida Matos,Castelo Branco,Castelo Branco,,joaoleopoldo@gmail.com,https://www.praiasfluviais.pt/
125525,29-09-2008,Química - Boletim da Sociedade Portuguesa de Quimica,Papel/Online,Nacional,Informação Especializada,Trimestral,Registo Definitivo,"Av. da República, 45 - 3.º Esq.",1050-187,Lisboa,Lisboa,Lisboa,Sociedade Portuguesa de Química,Paulo Jorge Gomes Mendes,Ana Paula Esteves; Maria José Lourenço; Vasco D. B. Bonifácio; Carlos Monteiro; Tânia Coelho,,Sociedade Portuguesa de Quíimica,Lisboa,Lisboa,,secretariado@spq.pt,www.spq.pt
125529,29-09-2008,Casa.Sapo.pt Notícias,Online,Nacional,Informação Especializada,Diária,Registo Definitivo,Parque Tecnológico de Óbidos - R. da Criatividade Lote 6,2510-216,Casal do Zambujeiro,Óbidos,Leiria,"Janela Digital - Informática e Telecomunicações, S.A.",João Miguel Arsénio Henriques de Figueiredo,Emídio Nuno Ribeiro da Cunha,,"Janela Digital - Informática e Telecomunicações, S.A.",Óbidos,Leiria,,adm.gestao@janeladigital.com,www.casa.sapo.pt/news
125537,15-10-2008,Human,Papel,Nacional,Informação Especializada,Bimestral,Registo Definitivo,"Av. da República, 6 - 1.º Esq. - Avila Spaces",1050-191,Lisboa,Lisboa,Lisboa,"Just Média, Lda",António Manuel Rodrigues Venda,,,"Just Media, Lda",Lisboa,Lisboa,,amvenda@sapo.pt,www.human.pt
125538,15-10-2008,Proteger,Online,Nacional,Informação Especializada,Quadrimestral,Registo Definitivo,"R. Cooperativa A Sacavenense, 25 C - F",2685-005,Sacavém,Loures,Lisboa,APSEI - Associação Portuguesa de Segurança,João Bruno Barroso Pinto,,,APSEI - Associação Portuguesa de Segurança,Loures,Lisboa,,apsei@apsei.org.pt,www.apsei.org.pt/proteger
125574,17-11-2008,Revista de Direito das Sociedades,Online,Nacional,Informação Especializada,Semestral,Registo Definitivo,"Faculdade de Direito de Lisboa, Alameda da Universidade",1649-014,Lisboa,Lisboa,Lisboa,"Edições Almedina, SA",António Manuel da Rocha e Menezes Cordeiro,,,Instituto de Direito Privado - IDP,Lisboa,Lisboa,,profamc@mail.telepac.pt,www.revistadedireitodassociedades.pt
125582,02-12-2008,PortuGOAL.net - Portuguese Football in English,Online,Nacional,Informação Especializada,Diária,Registo Definitivo,"Av. Rui Nogueira Simões, 4A",1600-868,Lisboa,Lisboa,Lisboa,Thomas Joseph Fontes Kundert,Thomas Joseph Fontes Kundert,,,Thomas Joseph Fontes Kundert,Lisboa,Lisboa,,portugoal@portugoal.net,www.portugoal.net
125583,02-12-2008,Hippocampus,Papel,Regional,Informação Especializada,Quadrimestral,Registo Definitivo,Esplanada Príncipe D. Luís Filipe,2750-411,Cascais,Cascais,Lisboa,António Pereira,Francisco José Borges Coutinho de Brito e Abreu,,,Clube Naval de Cascais,Cascais,Lisboa,,geral@cncascais.com,www.cncascais.com/hippocampus
125584,02-12-2008,Recursos Hídricos,Online,Nacional,Informação Especializada,Semestral,Registo Definitivo,"Av. do Brasil, 101",1700-066,Lisboa,Lisboa,Lisboa,Associação Portuguesa dos Recursos Hídricos,Susana Neto,,,Associação Portuguesa dos Recursos Hídricos,Lisboa,Lisboa,,aprh@aprh.pt,www.aprh.pt/rh/
125585,02-12-2008,Fleet Magazine,Papel,Nacional,Informação Especializada,Trimestral,Registo Definitivo,R. Casal dos Aromas Lt 6,2300-380,Tomar,Tomar,Santarém,Hugo Jorge,Hugo Miguel Ferreira Jorge,,,"HDD Media Unipessoal, Lda.",Tomar,Santarém,,hj@fleetmagazine.pt,http://www.fleetmagazine.pt
125602,26-01-2009,Oftalpro,Papel/Online,Nacional,Informação Especializada,Trimestral,Registo Definitivo,"Praça Mouzinho de Albuquerque, 113 - 5º andar",4100-359,Porto,Porto,Porto,Maria de Fátima Gomes de Amaral Ferreira.,Ricardo André Pinto Flamínio,,,"Editora Codigopro - Edição de Publicações Periódicas Unipessoal, Lda",Porto,Porto,,oftalpro@oftalpro.pt,www.oftalpro.pt
125604,11-02-2009,DiariOnline Região Sul,Online,Regional,Informação Geral,Diária,Registo Definitivo,"Urbanização Al-Sakia, Lote LHM 15 - 5, Ap. AO R/C",8125-020,Quarteira,Loulé,Faro,José Mateus de Sousa Moreno,Francisco Manuel Gonçalves da Piedade,,Paulo Moreno,"Navega Aqui - Publicações, Lda.",Loulé,Faro,,director@diarionline.pt,www.diarionline.pt
125611,11-02-2009,Vitecazorestv.com,Online,Regional,Informação Geral,Diária,Registo Definitivo,"Canada da Boa Ventura, 5-D",9760-114,Cabo da Praia,Praia da Vitória,Ilha Terceira,Octávia Pinheiro,Octávia Andrade Pinheiro,,,"Paulo Feliciano Audiovisual Soc.Unipessoal, Lda",Angra do Heroísmo,Ilha Terceira,Região Autónoma dos Açores,info@azorestv.com,www.azorestv.com
125612,16-02-2009,Revista Agros,Papel,Regional,Informação Especializada,Quadrimestral,Registo Definitivo,"R. Cidade da Póvoa de Varzim, 55",4490-225,Argivai,Póvoa de Varzim,Porto,"Agros - União das Cooperativas de Produtores de Leite de Entre Douro e Minho e Trás-os-Montes, UCRL",Idalino José da Silva Leão ,,,"Agros - União das Cooperativas de Produtores de Leite de Entre Douro e Minho e Trás-os-Montes, UCRL",Póvoa de Varzim,Porto,,revista@agros.pt,
125619,25-02-2009,Revista Internacional de Arbitragem e Conciliação,Papel,Nacional,Informação Especializada,Semestral,Registo Definitivo,"R. de S. Bárbara, 46 - 4.º",1169-015,Lisboa,Lisboa,Lisboa,"Edições Almedina, S.A.",António Pedro Pinto Monteiro,Ana Coimbra Trigo,"Armindo Ribeiro Mendes, Rui Pereira Dias",Associação Portuguesa de Arbitragem,Lisboa,Lisboa,,secretariado@arbitragem.pt,www.arbitragem.pt
125622,02-03-2009,Bigger Magazine,Papel/Online,Regional,Informação Geral,Mensal,Registo Definitivo,"R. Dr. José Sampaio, 264",4810-275,Guimarães,Guimarães,Braga,"Guimapress, SA",Raquel Sofia Domingues Braga de Freitas,,,"Guimapress, SA",Guimarães,Braga,,administracao@guimaraesdigital.com,https://guimaraesdigital.pt/index.php/bigger
125636,16-03-2009,Direito das Sociedades em Revista,Papel,Nacional,Informação Especializada,Semestral,Registo Definitivo,"Av. Infante Dom Henrique, 26",1149-096,Lisboa,Lisboa,Lisboa,"Edições Almedina, SA",Jorge Manuel Coutinho de Abreu,,,ADSR - Associação Direito das Sociedades em Revista,Lisboa,Lisboa,,dsr.textos@gmail.com,
125643,23-03-2009,Visão História,Papel,Nacional,Informação Especializada,Bimestral,Registo Definitivo,"Av. Jacques Delors  Edifício Inovação, 3.1, Espaço nº 511/512",2740-122,Porto Salvo,Oeiras,Lisboa,"Trust In News, Unipessoal, Lda.",Rui Manuel Tavares Guedes,,,"Trust In News, Unipessoal, Lda.",Oeiras,Lisboa,,cscampos@trustinnews.pt,
125647,23-03-2009,Frontal,Online,Regional,Informação Geral,Diária,Registo Definitivo,"R. Dr. Costa Simões, 71 - A",3050-326,Mealhada,Mealhada,Aveiro,Santa Casa da Misericórdia da Mealhada,Maria da Graça Polaco de Almeida Rodrigues,,,Santa Casa da Misericórdia da Mealhada,Mealhada,Aveiro,,geral@jornalfrontal.com,www.jornalfrontal.com
125668,24-04-2009,Revista Portuguesa de Investigação Educacional,Online,Nacional,Informação Especializada,Semestral,Registo Definitivo,"R. Diogo de Botelho, 1327",4169-005,Porto,Porto,Porto,Universidade Católica Portuguesa,Manuel Joaquim Pinho Moreira de Azevedo,,,Universidade Católica Portuguesa,Lisboa,Lisboa,,cpalmeirao@ucp.pt,https://revistas.ucp.pt/index.php/investigacaoeducacional
125669,24-04-2009,Gestão e Desenvolvimento,Online,Nacional,Informação Especializada,Anual,Registo Definitivo,Estrada da Circunvalação,3504-505,Viseu,Viseu,Viseu,Universidade Católica Portuguesa - Centro Regional de Viseu,Paulo Almeida Pereira,,,Universidade Católica Portuguesa,Lisboa,Lisboa,,acchaves@ucp.pt,https://revistas.ucp.pt/index.php./gestaoedesenvolvimento
125685,15-05-2009,As Artes Entre as Letras,Papel/Online,Nacional,Informação Especializada,Quinzenal,Registo Definitivo,"Pctª. Eng. Adelino Amaro da Costa, 764 - 9º Esqº",4050-012,Porto,Porto,Porto,Isabel Fernandes,Maria Nassalete Guedes Diz,,,"Singular Plural - Ler, Arte & Comunicação, Unipessoal, Lda.",Porto,Porto,,nassalete.miranda@gmail.com,
125704,18-06-2009,Jornal de Viseu,Papel,Regional,Informação Geral,Anual,Registo Definitivo,"R. Alexandre Herculano, 198 - 2º Dto.",3500-033,Viseu,Viseu,Viseu,"Adriano Lucas, Lda.",Adriano Callé da Cunha Lucas,,,"Adriano Lucas, Lda.",Coimbra,Coimbra,,jorge.dinis@diariocoimbra.pt,
125717,08-07-2009,Arte Viva,Online,Nacional,Informação Especializada,Anual,Registo Definitivo,"Campo Grande, 30 - 10º C",1700-093,Lisboa,Lisboa,Lisboa,Sociedade Portuguesa de Arte -Terapia,Ruy Luís Gonçalves de Carvalho,,,Sociedade Portuguesa de Arte -Terapia,Lisboa,Lisboa,,spat.pt@gmail.com,www.arte-terapia.com
125735,27-08-2009,Municipalismo,Papel/Online,Nacional,Informação Especializada,Anual,Registo Definitivo,Praça do Município,2005-246,Santarém,Santarém,Santarém,ATAM - Associação dos Trabalhadores da Administração Local,Marcelo Caetano Martins Delgado,,,ATAM - Associação dos Trabalhadores da Administração Local,Santarém,Santarém,,geral@atam.pt,https://www.atam.pt
125738,01-09-2009,MaisFutebol,Online,Nacional,Informação Especializada,Diária,Registo Definitivo,"R. Mário Castelhano, 40",2734-502,Queluz de Baixo,Oeiras,Lisboa,Sérgio Pereira,Nuno Miguel Duarte dos Santos,,,"Média Capital - Digital, S.A.",Oeiras,Lisboa,,splopes@mediacapital.pt,www.maisfutebol.iol.pt
125747,24-09-2009,W Magazine,Papel/Online,Nacional,Informação Geral,Mensal,Registo Definitivo,Rua Prof. Mark  Athias -Lote A2-5º A,1600-646,Lisboa,Lisboa,Lisboa,Belisa Maria Castelo Branco Duarte Godinho,Belisa Maria Castelo Branco Duarte Godinho,,,Belisa Maria Castelo Branco Duarte Godinho,Lisboa,Lisboa,,wmagazine@wmagazine.pt,https://www.wmagazine.pt
125750,24-09-2009,Percursos & Ideias,Online,Nacional,Informação Especializada,Anual,Registo Definitivo,"R. de Cedofeita, 285",4050-480,Porto,Porto,Porto,Instituto Superior de Ciências Empresariais e do Turismo,Adalberto Artur Dias de carvalho,,,"Facultas - Gestão de Estabelecimentos de Ensino Superior, S.A.",Porto,Porto,,percursos.ideias@iscet.pt,www.iscet.pt
125757,08-10-2009,Mobiliário em Noticia,Papel/Online,Nacional,Informação Especializada,Bimestral,Registo Definitivo,"Av. D. Afonso Henriques, 1122, 1º andar, sala A",4450-011,Matosinhos,Matosinhos,Porto,Emídio de Jesus do Carmo Brandão,Julio Pinto da Costa,Mário Almeida Costa,,"Emibra - Publicidade e Consultadoria de Gestao, Lda",Matosinhos,Porto,,geral@mobiliarioemnoticia.pt,www.mobiliarioemnoticia.pt
125758,08-10-2009,Revista de Medicina Desportiva In Forma,Papel/Online,Nacional,Informação Especializada,Bimestral,Registo Suspenso,"R. Santos Dias, 1121, M13 (Ed. Fil  Park)",4465-255,São Mamede de Infesta,Matosinhos,Porto,Basil Valente Ribeiro,Basil Valente Ribeiro,Nuno Miguel Mendonça Frazão Arnault Pombeiro,José Ramos,"Linha única - Edição e Comunicação em Saúde e Desporto, Lda.",Matosinhos,Porto,,linhaunica.rmd@gmail.com,www.revdesportiva.pt
125760,12-10-2009,Central Notícias,Online,Nacional,Informação Geral,Diária,Registo Definitivo,"Rua Vila do Seixal, 19, c/v Dtª F",2810-141,Almada,Almada,Setúbal,Jorge Manuel Martins Caseiro,Luis Miguel Costa de Almeida Melo,,,Jorge Manuel Martins Caseiro,Almada,Setúbal,,jcmyro@gmail.com,http://www.centralnoticias.net
125786,17-11-2009,Om Yess,Papel,Nacional,Informação Especializada,Anual,Registo Definitivo,"R. José Duro, 25, 1º Dto.",1700-259,Lisboa,Lisboa,Lisboa,"Edições e Publicações Shiva, Unipessoal, Lda.",Paula Cristina Almeida Roque Vieira,,,Confederação Portuguesa / Lusa do Yoga - CONPORYO,Lisboa,Lisboa,,yoga@confederacaoportuguesadoyoga.pt,
125791,26-11-2009,Vida Ascendente - Movimento Cristão de Reformados,Papel/Online,Nacional,Doutrinária,Quadrimestral,Registo Definitivo,"Igreja Nossa Senhora do Rosário de Fátima, Av. Marquês de Tomar, 1",1050-154,Lisboa,Lisboa,Lisboa,"Vida Ascendente, Movimento Cristão de Reformados",Maria Fernanda Gomes Daniel Rodrigues,,,"Vida Ascendente, Movimento Cristão de Reformados",Lisboa,Lisboa,,vidaascendente50@gmail.com,www.vidascendente.org
125796,04-12-2009,Notícias de Vieira,Online,Regional,Informação Geral,Quinzenal,Registo Definitivo,"R. Padre Casimiro José Vieira, 97",4850-537,Vieira do Minho,Vieira do Minho,Braga,Associação Dinamizadora dos Interesses de Vieira,Clara Maria Malainho Carneiro,,,Associação Dinamizadora dos Interesses de Vieira,Vieira do Minho,Braga,,noticiasdevieira@gmail.com,www.noticiasdevieira.pt
125806,23-12-2009,Jornal O Vilaverdense,Papel/Online,Regional,Informação Geral,Mensal,Registo Definitivo,"Rua Dr. Manuel Barbosa de Brito, 35, 3.º Esquerdo Frente",4730-769,Vila Verde,Vila Verde,Braga,"Publineiva, Unipessoal Lda.",José Carlos Machado da Silva,,Ricardo Reis Costa,"Publineiva, Unipessoal Lda.",Vila Verde,Braga,,publineiva@gmail.com,www.ovilaverdense.com
125808,23-12-2009,Renováveis Magazine,Papel/Online,Nacional,Informação Especializada,Trimestral,Registo Definitivo,"Praça da Corujeira, 38",4300-144,Porto,Porto,Porto,"CIE - Comunicação e Imprensa Especializada, Lda",Amadeu Duarte da Silva Borges,,,"Publindústria - Produção de Comunicação, Lda",Porto,Porto,,antonio.malheiro@publindustria.pt,www.renovaveismagazine.pt
125819,26-01-2010,Desportivo Vale do Homem,Papel/Online,Regional,Informação Especializada,Mensal,Registo Definitivo,"Rua Dr. Manuel Barbosa de Brito, 35, 3.º Esquerdo Frente",4730-769,Vila Verde,Vila Verde,Braga,"Publineiva, Unipessoal Lda.",António Valdemar Peixoto Sepulveda,,,"Publineiva, Unipessoal Lda.",Vila Verde,Braga,,publineiva@gmail.com,www.desportivovaledohomem.com
125823,27-01-2010,Sociologia On Line,Online,Nacional,Informação Especializada,Anual,Registo Definitivo,"Av. Prof. Aníbal de Bettencourt, 9",1600-189,Lisboa,Lisboa,Lisboa,Associação Portuguesa de Sociologia,Maria Madalena Carlos Ramos,Maria Benedita Portugal e Melo,,Associação Portuguesa de Sociologia,Lisboa,Lisboa,,aps@aps.pt,https://revista.aps.pt/pt/inicio/
125836,11-02-2010,Açores 9,Online,Regional,Informação Geral,Diária,Registo Definitivo,"Rua Sá da Bandeira, 18 - 1º Dtº",9500-775,Fajã de Baixo,Ponta Delgada,Ilha de São Miguel,Paulo Ricardo Ferreira de Melo,Paulo Ricardo Ferreira de Melo,,,Paulo Ricardo Ferreira de Melo,Ponta Delgada,Ilha de São Miguel,Região Autónoma dos Açores,jornalacores9@gmail.com,https://jornalacores9.pt
125837,17-02-2010,Grande Consumo,Papel/Online,Nacional,Informação Especializada,Bimestral,Registo Definitivo,"Av. do Parque, 65 A",2635-609,Rinchoa,Sintra,Lisboa,Carina Inês Rocha Rodrigues,Bruno Alexandre Farias da Conceição Paulo,,,Carina Inês Rocha Rodrigues,Sintra,Lisboa,,carinarodrigues@grandeconsumo.com,https://www.grandeconsumo.com
125841,17-02-2010,Human Resources Portugal,Papel,Nacional,Informação Geral,Mensal,Registo Definitivo,"R. Cidade de Rabat, 41 B",1500-159,Lisboa,Lisboa,Lisboa,"Multipublicações - Edição, Publicação de Informação e Prestação de Serviços de Comunicação, Lda",Ricardo Jorge Isidro Carneiro Florêncio,,,"Multipublicações - Edição, Publicação de Informação e Prestação de Serviços de Comunicação, Lda",Lisboa,Lisboa,,geral@multipublicacoes.pt,
125851,11-03-2010,Lusitana - Revista do Clube de Consumidores,Papel/Online,Nacional,Informação Especializada,Quadrimestral,Registo Definitivo,"Largo de Santo António, 1",6005-015,Alcains,Castelo Branco,Castelo Branco,"Fábricas Lusitana Produtos Alimentares, S.A.",Sérgio Figueiredo da Silva Laires,,,"Fábricas Lusitana Produtos Alimentares, S.A.",Castelo Branco,Castelo Branco,,anabela.duarte@lusitana.pt,https://brancadeneve.pt/revista-lusitana
125859,17-03-2010,Advocatus,Papel/Online,Nacional,Informação Especializada,10 x ano,Registo Definitivo,"Rua Joshua Benoliel, 6, 3.º B/C",1250-133,Lisboa,Lisboa,Lisboa,"Swipe News, SA",António Augusto Ramos Oliveira Costa,,,"Swipe News, S.A.",Lisboa,Lisboa,,administrativo@eco.pt,https://eco.sapo.pt/advocatus/
125862,26-03-2010,Viagens & Resorts,Online,Nacional,Informação Especializada,Semanal,Registo Definitivo,"R. Cidade de Rabat, 41 B",1500-159,Lisboa,Lisboa,Lisboa,Sandra Maria Neves Pinho,Ricardo Jorge Isidro Carneiro Florêncio,,,"Multipublicações - Edição, Publicação de Informação e Prestação de Serviços de Comunicação, Lda",Lisboa,Lisboa,,geral@multipublicacoes.pt,https://foreveryoung.sapo.pt/categoria/viagensresorts/
125874,14-04-2010,Jornal E,Papel/Online,Regional,Informação Geral,Quinzenal,Registo Definitivo,"R. Bento de Jesus Caraça, Lote 7, 2º Esq., Apt. 4 - Apartado 135",7100-104,Estremoz,Estremoz,Évora,Associação de Divulgação Informativa - Oficinas das Notícias,Ivone Maria Serrano Carapeto,,,Associação de Divulgação Informativa - Oficina das Notícias,Estremoz,Évora,,ejornaldeestremoz@gmail.com,www.jornale.pt
125884,21-04-2010,Auto Vintage Revista de Automóveis Clássicos,Online,Nacional,Informação Especializada,Diária (dias úteis),Registo Definitivo,"R. do Outeiro, 2 - Sala 1",4050-452,Porto,Porto,Porto,Fernando Alberto Da Silva,Fernando Alberto da Silva,,,"VintageCelebration Comunicação e Eventos Unipessoal, Lda.",Porto,Porto,,fads.dasilva@gmail.com,https://www.auto-vintage.net
125892,04-05-2010,Litoralgarve,Online,Regional,Informação Especializada,Diária,Registo Definitivo,Praceta António Henrique Balté lote 23 R/C B,8600-537,Lagos,Lagos,Faro,Paulo Jorge dos Reis Moreira da Silva,Paulo Jorge dos Reis Moreira da Silva,,,Paulo Jorge dos Reis Moreira da Silva,Lagos,Faro,,geral@litoralgarve.pt,www.litoralgarve.pt
125901,31-05-2010,Beira.pt,Online,Regional,Informação Geral,Diária,Registo Definitivo,"Av. Dr. Francisco Sá Carneiro, 50",6300-559,Guarda,Guarda,Guarda,ADSI - Agência para o Desenvolvimento da Sociedade de Informação e do Conhecimento,Pedro Miguel de Sousa Marques Simões,,,ADSI - Agência para o Desenvolvimento da Sociedade de Informação e do Conhecimento,Guarda,Guarda,,geral@adsi.pt,www.beira.pt
125905,08-06-2010,+Aguiar da Beira,Papel/Online,Regional,Informação Geral,Mensal,Registo Definitivo,"R. da Canga, 2",3570-035,Aguiar da Beira,Aguiar da Beira,Guarda,"Pinto & Gonçalves Mais Comunicação e Eventos, Lda",Altino Pedro Lopes Pinto,,,"Pinto & Gonçalves Mais Comunicação E Eventos, Lda",Aguiar da Beira,Guarda,,mais.agb@gmail.com,www.maisaguiardabeira.pt
125923,29-06-2010,Produtores de Leite,Papel/Online,Nacional,Informação Especializada,Semestral,Registo Definitivo,"R. Vale Simão, 66",2460-207,Valado Santa Quitéria,Alcobaça,Leiria,Associação dos Produtores de Leite de Portugal - APROLEP,Luís Miguel Maia Dias da Silva,,,Associação dos Produtores de Leite de Portugal - APROLEP,Alcobaça,Leiria,,aprolep@sapo.pt,www.aprolep.pt
125967,27-10-2010,Labpro,Papel/Online,Nacional,Informação Especializada,Quadrimestral,Registo Definitivo,"Praça Mouzinho de Albuquerque, 113 - 6.º",4100-359,Porto,Porto,Porto,Maria de Fátima Gomes de Amaral Ferreira.,Ricardo  André Pinto Flaminio,,,"Editora Codigopro - Edição de Publicações Periódicas Unipessoal, Lda",Porto,Porto,,ricardo.flaminio@codigopro.pt,www.labpro.pt
125978,27-10-2010,Voz Ribatejana,Papel/Online,Regional,Informação Geral,Quinzenal,Registo Definitivo,"Centro Comercial da Mina, loja 3",2600-126,Vila Franca de Xira,Vila Franca de Xira,Lisboa,"Voz Ribatejana, Lda.",Jorge Humberto Perdigoto Talixa,,,Jorge Humberto Perdigoto Talixa,Arruda dos Vinhos,Lisboa,,jorgetalixa@gmail.com,www.vozribatejana.com
125979,28-10-2010,Educação para o Desenvolvimento,Papel/Online,Regional,Informação Especializada,Anual,Registo Definitivo,"Av. Álvares Cabral, 69",1269-094,Lisboa,Lisboa,Lisboa,Escola Superior de Educação João de Deus,António Ponces de Carvalho,,,Escola Superior de Educação João de Deus,Lisboa,Lisboa,,biblioteca.ese@escolasjoaodeus.pt,www.joaodedeus.pt
125984,09-11-2010,APAV Notícias,Online,Nacional,Informação Especializada,Mensal,Registo Definitivo,"Rua José Estevão, 135-A",1150-120,Lisboa,Lisboa,Lisboa,Associação Portuguesa de Apoio à Vítima - APAV,Nuno Catarino,,,Associação Portuguesa de Apoio à Vítima - APAV,Lisboa,Lisboa,,apav.sede@apav.pt,www.apav.pt
125987,12-11-2010,Passear.com,Online,Nacional,Informação Especializada,Mensal,Registo Definitivo,"Rua de Baixo, 34",3300-252,Alqueve,Arganil,Coimbra,"Lobo do Mar - Sociedade Editorial, Lda",Vasco Maria  de Melo Gonçalves,,,"Lobo do Mar - Sociedade Editorial, Lda",Arganil,Coimbra,,luisagoncalves@lobodomar.net,www.passear.com
126002,02-12-2010,Trofa TV,Online,Regional,Informação Geral,Diária,Registo Definitivo,"R. Aldeias de Cima, 280 - r/c",4785-699,Santiago do Bougado,Trofa,Porto,"We Do Com, Unipessoal Lda.",Hermano Rolando Ferreira Martins,,Cátia Veloso,"We Do Com, Unipessoal Lda.",Santo Tirso,Porto,,tv@trofa.tv,https://www.trofa.tv
126003,07-12-2010,Tudobem - Informação Regional,Online,Regional,Informação Geral,Diária,Registo Definitivo,"Bairro Novo, 7",7350-466,Calçadinha,Elvas,Portalegre,Luis Ventura Loureiro Damião,Luis Ventura Loureiro Damião,,,"Publiluso - Publicidade, Lda.",Elvas,Portalegre,,redacao.tudobem@gmail.com,https://www.portalalentejano.com/
126021,17-01-2011,Desportivo Transmontano,Online,Regional,Informação Especializada,Diária,Registo Definitivo,"R. D. Catarina Figueiredo, Lt. 15/16, r/c esq.",5000-523,Vila Real,Vila Real,Vila Real,Luís Filipe Gaspar Roçadas,Luís Filipe Gaspar Roçadas,,,Luís Filipe Gaspar Roçadas,Vila Real,Vila Real,,desportivotransmontano@sapo.pt,https://desportivotransmontano.sapo.pt
126035,28-02-2011,Revista de Contratos Públicos,Papel,Nacional,Informação Especializada,Quadrimestral,Registo Definitivo,Faculdade de Direito - Pátio da Universidade,3004-534,Coimbra,Coimbra,Coimbra,"Edições Almedina, SA",Pedro António Pimenta da Costa Gonçalves,Licínio Lopes Martins e Bernardo Azevedo,,Cedipre - Centro de Estudos de Direito Público e Regulação,Coimbra,Coimbra,,cedipre@fd.uc.pt,http://www.fd.uc.pt/cedipre/
126037,09-03-2011,Revista Portuguesa de Contabilidade,Online,Nacional,Informação Especializada,Anual,Registo Suspenso,"R. Domingos Sequeira, 178",4050-230,Porto,Porto,Porto,"O Informador Fiscal (OIF) - Edições Técnicas, Lda.",Bruno Miranda Alves Pereira,,,"O Informador Fiscal (OIF) - Edições Técnicas, Lda.",Porto,Porto,,cliente@informador.pt,https://www.revistadecontabilidade.pt/index.php/rpc/login?source=%2Findex.php%2Frpc%2Findex
126038,09-03-2011,Ruminantes,Papel,Nacional,Informação Especializada,Trimestral,Registo Definitivo,"R. Alexandre Herculano, 21 - 5º Dto.",2780-051,Oeiras,Oeiras,Lisboa,"Aghorizons, Lda.",Nuno Duque Pereira Monteiro Marques,,,"Aghorizons, Lda.",Oeiras,Lisboa,,nm@revista-ruminantes.com,
126040,14-03-2011,Justiça TV,Online,Nacional,Informação Especializada,Semanal,Registo Definitivo,"R. João Machado, 100 - 4º. Sala 402",3000-226,Coimbra,Coimbra,Coimbra,Luís Miguel Caldas Ribeiro Silva Amorim,Luís Miguel Caldas Ribeiro Silva Amorim,,,"Datajuris - Direito e Informática, Lda",Coimbra,Coimbra,,contabilidade@datajuris.pt,www.justicatv.com
126059,08-04-2011,Sabe Bem Faz Bem,Papel,Nacional,Informação Geral,Bimestral,Registo Definitivo,"Rua Luciana Stegagno Picchio, 3",1549-023,Lisboa,Lisboa,Lisboa,"Medialivre, S.A.",Maria João Sacadura Seixas Coelho Arrais,,,"Pingo Doce - Distribuição Alimentar, S.A.",Lisboa,Lisboa,,ana.mendia@jeronimo-martins.com,
126064,18-04-2011,Portal de Alcanede,Online,Regional,Informação Geral,Trissemanal,Registo Definitivo,"R. Manuel Alves Frazão, 8 - A/B",2025-043,Alcanede,Santarém,Santarém,Carlos Miguel Santos Coelho,Paulo Jorge Rodrigues Cintrão,,,Paulo Alexandre Santos Coelho,Leiria,Leiria,,portalalcanedefreguesia@gmail.com,https://www.portalalcanede.pt
126066,26-04-2011,Event Point,Online,Nacional,Informação Geral,Trimestral,Registo Definitivo,"Av. D. Afonso Henriques, 1462, Ed. Olympus I",4450-013,Matosinhos,Matosinhos,Porto,Cláudia Coutinho de Sousa,Rui Luis Ochôa Romão,,,"Estação Livre - Comunicação, Unipessoal, Lda",Trancoso,Guarda,,info@eventpointinternational.com,https://www.eventpoint.pt
126069,02-05-2011,O Amarense,Papel/Online,Regional,Informação Geral,Mensal,Registo Definitivo,"Rua Dr. Manuel Barbosa de Brito, 35, 3.º Esquerdo Frente",4730-769,Vila Verde,Vila Verde,Braga,"Publineiva, Unipessoal Lda.",José Carlos Machado da Silva,,Ricardo Reis Costa,"Publineiva, Unipessoal Lda.",Vila Verde,Braga,,publineiva@gmail.com,https://www.oamarense.pt
126072,10-05-2011,Mwana Afrika - Crianças de África - Children of África,Online,Nacional,Informação Especializada,Bienal,Registo Definitivo,"Calçada de Santo André, 79",1100-496,Lisboa,Lisboa,Lisboa,Ferreira Dias,Rosa Maria Mayunga,,,Rosa Maria Mayunga,Lisboa,Lisboa,,rosangrimany@gmail.com,http://revistamwanaafrika.org
126076,24-05-2011,Conta Rotações - Desporto Motorizado,Online,Nacional,Informação Especializada,Diária,Registo Definitivo,Cantinho dos Marques nº 5 - Andrinos,2410-013,Leiria,Leiria,Leiria,Jorge Manuel Pereira dos Santos,Jorge Manuel Pereira dos Santos,,,Jorge Manuel Pereira dos Santos,Leiria,Leiria,,jorgesantos.contarotacoes@gmail.com,www.contarotacoes.com
126077,24-05-2011,Dinheiro Vivo,Online,Nacional,Informação Especializada,Diária,Registo Definitivo,"R. Tomás da Fonseca, Torre E, 3º",1600-209,Lisboa,Lisboa,Lisboa,"Global Notícias - Media Group, SA",Filipe dos Santos Alves,Margarida Vaqueiro Lopes,,"Global Notícias - Media Group, S.A.",Lisboa,Lisboa,,ricardo.ferro@globalmediagroup.pt,www.dinheirovivo.pt
126093,04-07-2011,Pontos de Vista,Papel,Nacional,Informação Geral,Mensal,Registo Definitivo,"Rua dos Transitários ,182, Fração BG",4455-565,Perafita,Matosinhos,Porto,Ricardo  Andrade,Jorge Fernando de Oliveira Antunes,,,"Horizonte de Palavras, Edições Unipessoal, Lda",Matosinhos,Porto,,jorge.antunes@pontosdevista.pt,www.pontosdevista.pt
126100,12-07-2011,zerozero,Online,Nacional,Informação Geral,Diária,Registo Definitivo,"Rua 28 de Janeiro, 350  T-17",4400-335,Vila Nova de Gaia,Vila Nova de Gaia,Porto,Pedro Jorge da Cunha,Luis Rocha Rodrigues,Marco Sousa; Pedro Dias,Diogo Santos,ZOS LDA,Vila Nova de Gaia,Porto,,webmaster@zerozero.pt,https://www.zerozero.pt
126104,21-07-2011,Design Magazine,Online,Nacional,Informação Especializada,Bimestral,Registo Definitivo,"Jardim dos Malmequeres, 4 - 2.º Esq.",1675-139,Pontinha,Odivelas,Lisboa,"K Innovative Diffuser, Sociedade Unipessoal, Lda.",Tiago António Krusse Gomes Alves Miguel,,,"K Innovative Diffuser, Sociedade Unipessoal, Lda.",Odivelas,Lisboa,,tiago_krusse@designmagazine.pt,https://www.designmagazine.pt
126114,26-09-2011,Turbilhão,Papel/Online,Nacional,Informação Especializada,Semestral,Registo Definitivo,"Av. Infante D. Henrique, Lt. 1679, r/c Dt.",1950-420,Lisboa,Lisboa,Lisboa,"Tempus Distribuição - Sociedade Comercial de Relojoaria, S.A.",Marina Alexandra Freitas Marques Dias Oliveira Lorena Birne,,,"Tempus Distribuição - Sociedade Comercial de Relojoaria, SA",Lisboa,Lisboa,,cmachado@tempus.pt,
126122,26-09-2011,Caruspinus,Papel/Online,Regional,Informação Geral,Bimestral,Registo Definitivo,"R. do Calvário, 10",3570-100,Carapito,Aguiar da Beira,Guarda,Clube Cultural e Recreativo de Carapito,Álvaro José Caseiro de Almeida,José Gabriel Marques Pires,,Clube Cultural e Recreativo de Carapito,Aguiar da Beira,Guarda,,caruspinus@gmail.com,https://www.caruspinus.pt/
126126,26-10-2011,Revista de Concorrência e Regulação,Online,Nacional,Informação Especializada,Semestral,Registo Definitivo,"Av. José Malhoa, 17",1070-157,Lisboa,Lisboa,Lisboa,Autoridade da Concorrência+Instituto de Direito Económico Financeiro e Fiscal,Ana Sofia Domingues Rodrigues,Miguel Sousa Ferro,,Autoridade da Concorrência+Instituto de Direito Económico Financeiro e Fiscal,Lisboa,Lisboa,,revista@concorrencia.pt,http://www.concorrencia.pt/vPT/Estudos_e_Publicacoes/Revista_CR/Paginas/Revista-CR.aspx
126131,01-11-2011,Rede Regional,Online,Regional,Informação Geral,Diária,Registo Definitivo,"Lg. Fernando Amaro, 9",2000-364,Alcanhões,Santarém,Santarém,"Conteúdos Globais, Lda.",João Nuno Leiria da Silva Pepino,,,"Conteúdos Globais, Lda.",Santarém,Santarém,,info@rederegional.com,https://www.rederegional.com
126135,09-11-2011,Jornal Vilacondense,Papel,Regional,Informação Geral,Semanal,Registo Definitivo,"R. Dr. Pereira Júnior, 53, loja 1",4480-813,Vila do Conde,Vila do Conde,Porto,António José Gonçalves,António José Gonçalves,,,"Vileiro - Comunicação, Lda",Vila do Conde,Porto,,jornalvilacondense@gmail.com,
126140,09-11-2011,Notícias De Cá e De Lá,Online,Regional,Informação Geral,Semanal,Registo Definitivo,"Estrada do Brejo, 16 - C. C. Star Loja 1",2805-082,Almada,Almada,Setúbal,Carlos Alberto Correia Cardoso,Carlos Alberto Correia Cardoso,,,Carlos Alberto Correia Cardoso,Almada,Setúbal,,noticiasdecaedela@gmail.com,https://nclnoticias.webnode.pt/
126143,28-11-2011,Agrotec-Revista Técnico-Científica Agrícola,Papel/Online,Nacional,Informação Especializada,Trimestral,Registo Definitivo,"Praça da Corujeira, 38",4300-144,Porto,Porto,Porto,"Publindústria - Produção de Comunicação, Lda",António da Silva Malheiro,,,"Publindústria - Produção de Comunicação, Lda",Porto,Porto,,antonio.malheiro@publindustria.pt,https://www.agrotec.pt
126146,02-12-2011,Focussocial,Papel/Online,Nacional,Informação Geral,Semestral,Registo Definitivo,"Rua Costa Cabral, 2368",4200-218,Porto,Porto,Porto,Paulo Sérgio Santos,Agostinho Cesário Jardim Moreira,,Maria José Vicente,EAPN Portugal / Rede Europeia Anti-Pobreza,Porto,Porto,,comunicacao@eapn.pt,https://www.eapn.pt/centro-de-documentacao/focussocial/
126147,05-12-2011,Lusopress - Unindo os Portugueses,Papel/Online,Comunidades Portuguesas no Estrangeiro,Informação Geral,Mensal,Registo Definitivo,"Rua Central, n.º 252/250 - Loureira",2495-186,Santa Catarina da Serra,Leiria,Leiria,"BTMI Intellectual Property, Lda.",Verónica Clarisse Pazeiro Fernandes Ferreira,,,"BTMI Intellectual Property, Lda.",Leiria,Leiria,,nuno.barrinho@barrinhotransportes.com,www.lusopress.tv
126148,05-12-2011,Jornal Fórum da Covilhã,Papel,Regional,Informação Geral,Semanal,Registo Definitivo,"R. do Ginásio Clube da Covilhã, 27",6200-854,Covilhã,Covilhã,Castelo Branco,"Aleixo & Aleixo, Edição de Jornais Lda.",Vítor Alexandre Trigo Aleixo,,,"Aleixo & Aleixo - Edições de Jornais, Lda.",Covilhã,Castelo Branco,,vitor.aleixo@live.com.pt,
126151,05-12-2011,O Breves,Papel,Regional,Informação Geral,Semanal,Registo Definitivo,Largo Dr.João Pereira (Praça Velha) - Apart.10,9800-527,Velas,Velas,Ilha de São Jorge,Associação de Amigos para a Divulgação das Tradições da Ilha de S. Jorge,Carlos Alberto dos Reis Pires,,,Associação de Amigos para a Divulgação das Tradições da Ilha de S. Jorge,Velas,Ilha de São Jorge,Região Autónoma dos Açores,obrevesjornal@gmail.com,
126157,27-12-2011,TVNelas.com - TV Online,Online,Nacional,Informação Geral,Diária,Registo Definitivo,"Rua Fonte do Outeiro, 29",3520-021,Nelas,Nelas,Viseu,António Augusto Amaral,Luís Miguel Costa,Susana Sofia Alves,Lúcio Augusto Costa,Civilização Activa-Associação,Nelas,Viseu,,tvnelas@gmail.com,http://www.tvnelas.com/
126161,02-01-2012,Jornal Mais Oeste,Online,Regional,Informação Geral,Diária,Registo Definitivo,"R. Leonel Sotto Mayor, 48, Loja 43/44",2500-227,Caldas da Rainha,Caldas da Rainha,Leiria,"Medioeste, Lda.",Maria Clara Pereira Fernandes Bernardino,,,"Medioeste, Lda.",Caldas da Rainha,Leiria,,medioeste@gmail.com,https://jornaloeste.pt/
126168,25-01-2012,Mais Superior,Papel/Online,Nacional,Informação Geral,3 x ano,Registo Definitivo,"R. António França Borges, 4A Lj. Dta.",2625-187,Póvoa de Santa Iria,Vila Franca de Xira,Lisboa,"Young Direct Media, Lda",Duarte José Alves Fortunato,,,"Young Direct Media, Lda",Vila Franca de Xira,Lisboa,,paulofortunato@youngdirectmedia.pt,
126169,25-01-2012,Mais Educativa,Papel/Online,Nacional,Informação Geral,5 x ano,Registo Definitivo,"R. António França Borges, 4A Lj. Dta.",2625-187,Póvoa de Santa Iria,Vila Franca de Xira,Lisboa,"Young Direct Media, Lda",Duarte José Alves Fortunato,,,"Young Direct Media, Lda",Vila Franca de Xira,Lisboa,,paulofortunato@youngdirectmedia.pt,https://www.maiseducativa.com
126182,06-02-2012,República Portuguesa,Papel,Nacional,Informação Geral,Bianual,Registo Definitivo,"Av. João XXI, 4 - 1º.Esq.",1000-301,Lisboa,Lisboa,Lisboa,António de Morais Sarmento dos Santos Lucas e Costa Brotas,António de Morais Sarmento dos Santos Lucas e Costa Brota,Frederico Brotas de Carvalho,Viriato Wolfango de Macedo,António de Morais Sarmento dos Santos Lucas e Costa Brotas,Lisboa,Lisboa,,brotas.frederico@gmail.com,
126198,27-02-2012,Notícias de Fafe,Papel/Online,Regional,Informação Geral,Semanal,Registo Definitivo,"R. Major Miguel Ferreira, 58, 1º, Loja G",4820-276,Fafe,Fafe,Braga,Notifafe - Comunicação Lda,Elsa de Fátima Silva Guimarães Lima,Carlos Rui Ribeiro Abreu,Alcides Lemos,"Notifafe - Comunicação, Lda.",Fafe,Braga,,elsa_lima@hotmail.com,www.noticiasdefafe.pt
126199,27-02-2012,Sul Informação,Online,Regional,Informação Geral,Diária,Registo Definitivo,"Centro Empresarial da Universidade do Algarve - (CRIA)  Campus Gambelas, Pav. A5",8005-139,Faro,Faro,Faro,Página em Branco - Associação de Comunicadores e Jornalistas Independentes,Maria Elisabete Ferreira Sequeira Baptista,,,Página em Branco - Associação de Comunicadores e Jornalistas Independentes,Faro,Faro,,sulinformacao@gmail.com,http://www.sulinformacao.pt
126200,29-02-2012,A Próxima Viagem,Online,Nacional,Informação Especializada,Semanal,Registo Definitivo,"R. Retiro dos Pacatos, 50, Edif. Startup, Sala 1 e 2",2635-224,Covas,Sintra,Lisboa,Jacques da Conceição Rodrigues,Ana Paula Simaria Viçoso da Conceição Rodrigues,,,Jacques da Conceição Rodrigues,Cascais,Lisboa,,m.joao@impala.pt,www.aproximaviagem.pt
126210,15-03-2012,Continente Magazine,Papel,Nacional,Informação Geral,4 x ano,Registo Definitivo,"R. João Mendonça, 505",4464-503,Senhora da Hora,Matosinhos,Porto,Edit Público MKT Publishing,Flora Cristina Coimbra Mendonça de Magalhães,,,"Modelo Continente Hipermercados, S.A.",Matosinhos,Porto,,acrocha@sonaemc.com,
126221,05-04-2012,Diário do Distrito,Online,Nacional,Informação Geral,Diária,Registo Definitivo,"R. Fialho de Almeida, 14, 2º Esq., Escritório EJ4",1070-129,Lisboa,Lisboa,Lisboa,"Pena Mágica - Comunicação & Informação, Lda.",Maria Donatilia Pelixo Braço Forte Narciso,Isabel de Almeida,Miguel Garcia e António Abreu,"Centralnews - Comunicação & Informação, Unipessoal, Lda.",Lisboa,Lisboa,,geral@diariodistrito.pt,https://www.diariodistrito.pt
126223,09-04-2012,iPress Journal,Online,Nacional,Informação Geral,Trissemanal,Registo Definitivo,EN 252. CCI 24304 - Fonte da Vaca,2955-340,Fonte da Vaca,Palmela,Setúbal,SpringParty-Audiovisuais Unipessoal Lda.,Lino Gonçalves,,,"SpringParty-Audiovisuais, Unipessoal, Lda.",Palmela,Setúbal,,direcao@ipressjournal.pt,www.ipressjournal.pt
126228,07-05-2012,Jornal Daqui,Papel/Online,Regional,Informação Geral,Mensal,Registo Definitivo,"Largo da Ermida, 16 Esq.",2665-223,Malveira,Mafra,Lisboa,Luciane Machado de Souza,Luciane Machado de Souza,,,Sérgio Teotónio da Conceição Ramos,Mafra,Lisboa,,sergio.t.c.ramos@hotmail.com,https://jornaldaqui.com.pt
126233,16-05-2012,Jornal Mãos Unidas,Papel/Online,Nacional,Informação Especializada,Bimestral,Registo Definitivo,"R. Sarmento de Beires, 19 A - 1.º",1900-410,Lisboa,Lisboa,Lisboa,Associação Portuguesa de Solidariedade Mãos Unidas P. Damião,Vânia Filipa Pinho dos Santos de Almeida,,,Associação Portuguesa de Solidariedade Mãos Unidas P. Damião,Lisboa,Lisboa,,geral@maos-unidas.pt,www.maos-unidas.pt
126238,27-05-2012,Blimunda,Online,Nacional,Informação Especializada,Mensal,Registo Definitivo,"R. dos Bacalhoeiros, 10",1100-135,Lisboa,Lisboa,Lisboa,Fundação José Saramago,Sérgio Machado Letria,,,Fundação José Saramago,Lisboa,Lisboa,,sergio@josesaramago.org,https://blimunda.josesaramago.org/
126239,27-05-2012,Afpop Update,Papel/Online,Nacional,Informação Geral,Bimestral,Registo Definitivo,"Poço Fojo, R. dos Bombeiros Voluntários, Lt. 5, Lj. A",8500-649,Portimão,Portimão,Faro,Erwin Mohr,Daisy Ann Sampson,,,AFPOP - Associação de Proprietários Estrangeiros em Portugal,Portimão,Faro,,info@afpop.com,www.afpop.com
126244,27-05-2012,MAIS/Semanário,Papel/Online,Regional,Informação Geral,Semanal,Registo Definitivo,"Avenida Vasco da Gama, 60",4490-410,Póvoa de Varzim,Póvoa de Varzim,Porto,"Ilustrepágina, Unipessoal, Lda.",Virgilio Manuel Brandão Tavares,,,"Ilustrepágina, Lda.",Póvoa de Varzim,Porto,,ilustrepagina@gmail.com,www.maissemanario.pt
126257,13-08-2012,Jornal dos Clássicos,Online,Nacional,Informação Especializada,Diária,Registo Definitivo,"R. Jean Lurçat, 42",3475-031,Caramulo,Tondela,Viseu,Museu do Caramulo,Salvador Patrício Lacerda Pinto Basto Gouveia,,,Fundação Abel e João de Lacerda,Tondela,Viseu,,info@jornaldosclassicos.com,www.jornaldosclassicos.com
126261,14-08-2012,Football Dream,Online,Nacional,Informação Especializada,Bissemanal,Registo Definitivo,"Avenida Almirante Reis, 174 - 6º C",1000-053,Lisboa,Lisboa,Lisboa,"Âmbito - Gestão da Informação, Lda",Gabriel Mendes,,,"Âmbito - Gestão da Informação, Lda.",Lisboa,Lisboa,,gabriel.mendes@footballdream.pt,www.footballdream.pt
126267,20-08-2012,Notícias ao Minuto,Online,Nacional,Informação Geral,Diária,Registo Definitivo,"R. Dr. José Joaquim Almeida, 2 - 3E",2780-322,Oeiras,Oeiras,Lisboa,"New Adventures, Lda.",Mário António Pereira Oliveira Rodrigues,,,"New Adventures, Lda.",Oeiras,Lisboa,,mapor1@gmail.com,www.noticiasaominuto.com
126270,04-09-2012,Ipress Global,Online,Nacional,Informação Geral,Diária,Registo Definitivo,"R. Casal 31, GR 3",2735-354,Agualva-Cacém,Sintra,Lisboa,Paulo Alexandre Januário Perdigão,Paulo Alexandre Januário Perdigão,Mário Manuel Carapinha de Andrade,Kelen Cristina Ribeiro Barbosa Perdigão,Paulo Alexandre Januário Perdigão,Lisboa,Lisboa,,redacao@ipressglobal.com,www.ipressglobal.com
126275,13-09-2012,A Voz do Algarve,Online,Regional,Informação Geral,Diária,Registo Definitivo,"R. 1º de Dezembro, 26 B",8100-615,Loulé,Loulé,Faro,"Goldenhouse - Mediação Imobiliária, Edição e Comércio de Jornais, Lda.",Nathalie Dias Rodrigues,,,"Goldenhouse - Mediação Imobiliária, Edição e Comércio de Jornais, Lda.",Loulé,Faro,,geral@avozdoalgarve.pt,www.avozdoalgarve.pt
126280,09-10-2012,Eventos de Sonho,Papel,Nacional,Informação Geral,Semestral,Registo Definitivo,"Largo de Santos, s/n Armazém",6400-243,Lameiras,Pinhel,Guarda,Natália Martins Andrade Franco,Natália Martins Andrade Franco,,,"Mariana & Daniel, Lda.",Pinhel,Guarda,,revistaeventosdesonho@gmail.com,
126299,10-12-2012,Atlas da Saúde,Online,Nacional,Informação Especializada,Diária,Registo Definitivo,"R. de Tabosa, 1094",4415-357,Tabosa,Vila Nova de Gaia,Porto,"Manuel José Guedes da Silva, Lda.",Bruno Guilherme do Nascimento Palmeira Guedes da Silva,,,"Manuel José Guedes da Silva, Lda.",Vila Nova de Gaia,Porto,,bruno.guedes@mjgs.pt,www.atlasdasaude.pt
126302,18-12-2012,Observador,Online,Nacional,Informação Geral,Diária,Registo Definitivo,"R. João Saraiva, 7",1700-248,Lisboa,Lisboa,Lisboa,"Observador on Time, SA",Miguel Ângelo Montes Terra Pinheiro,Pedro Jorge Castro; Sara Antunes de Oliveira,Ricardo Conceição; João Santos Duarte,"Observador on Time, S.A.",Lisboa,Lisboa,,duarte.schmidtlino@plmj.pt,www.observador.pt
126309,23-01-2013,Move Notícias,Online,Nacional,Informação Geral,Diária,Registo Definitivo,"Av. Major Botelho Moniz, 249, Abrigo do Pinhal Novo, Bl. 1, 1º, Miramar",4405-661,Vila Nova de Gaia,Vila Nova de Gaia,Porto,José Luís Gageiro dos Reis Moreira,"Maria João Teixeira Barros, também usa Maria João Pinheiro",,,"Move Notícias, Lda.",Vila Nova de Gaia,Porto,,pinheiro.mariajoao@gmail.com,www.movenoticias.com
126310,31-01-2013,Pombal Jornal,Papel/Online,Regional,Informação Geral,Quinzenal,Registo Definitivo,"R. Mancha Pé, 2",3100-467,Pombal,Pombal,Leiria,"Crónicas Mágicas - Unipessoal, Lda.",Manuel Simões Rodrigues Marques,,,"Crónicas Mágicas, Unipessoal, Lda.",Pombal,Leiria,,pombaljornal@gmail.com,www.pombaljornal.pt
126322,07-03-2013,Revista é Ribatejo,Papel/Online,Regional,Informação Geral,Mensal,Registo Definitivo,"R. Dr. Guilherme Nunes Godinho, 260",2080-562,Fazendas de Almeirim,Almeirim,Santarém,Cecilia Almeida,Manuel Alberto Ferreira Pinheiro Silva,Cristiana Silva,Helder Santos,Manuel Alberto Ferreira Pinheiro Silva,Almeirim,Santarém,,geral@eribatejo.pt,www.eribatejo.pt
126325,11-03-2013,Eco 123,Online,Nacional,Informação Especializada,Semanal,Registo Definitivo,Sítio do Esgravatadouro,8550-267,Esgravatadouro,Monchique,Faro,Uwe Heitkamp,Uwe Heitkamp,António Veiga,,"Esgravatadouro - Cooperativa do Ambiente, CRL.",Monchique,Faro,,editor@eco123.info,https://www.eco123.info
126328,20-03-2013,Alto Tâmega Canal,Online,Regional,Informação Geral,Diária,Registo Definitivo,"R. da Indústria, Zona Industrial do Alto da Cocanha",5400-694,Cocanha,Chaves,Vila Real,"Enredos & Episódios - Televisão e Multimédia, Lda.",Manuel Abílio Ferreira,,,"Enredos & Episódios - Televisão e Multimédia, Lda.",Chaves,Vila Real,,enredosepisodios@gmail.com,https://canalaltotamega.pt/
126329,20-03-2013,Mapa - Jornal de Informação Crítica,Papel,Nacional,Informação Geral,Trimestral,Registo Definitivo,R. Principal de Algeruz CCI 3320,2950-077,Palmela,Palmela,Setúbal,Sandra Faustino,Ana Margarida Advirta Guerra,António Cunha,Pedro Mota,Associação Mapa Crítico,Palmela,Setúbal,,gui.luz@jornalmapa.pt,www.jornalmapa.pt
126334,21-03-2013,Diário Imobiliário,Online,Nacional,Informação Especializada,Diária,Registo Definitivo,"R. Caetano Maria Batalha, 5 - 7º .Dto.",2800-040,Almada,Almada,Setúbal,Fernanda Maria Filipe da Piedade Pedro,Fernanda Maria Filipe da Piedade Pedro,,,Fernanda Maria Filipe da Piedade Pedro,Almada,Setúbal,,geral@diarioimobiliario.pt,www.diarioimobiliario.pt
126335,21-03-2013,Automotive,Papel,Nacional,Informação Especializada,Mensal,Registo Definitivo,"Lagoas Park, Edificio 7 – 1º piso ",2740-244,Porto Salvo,Oeiras,Lisboa,"Prosa Serena Unipessoal, Lda.",Eduardo Gaspar da Silva,,,"Prosa Serena Unipessoal, Lda.",Oeiras,Lisboa,,press@automotivept.com,
126337,21-03-2013,Terras de Gaia,Papel/Online,Regional,Informação Geral,Mensal,Registo Definitivo,"R. 5 de Outubro, 2524",4430-798,Avintes,Vila Nova de Gaia,Porto,"Letras e Figuras - Comunicação e Fotografia Unipessoal, Lda.",Fernando Manuel Martins da Fonseca,,,"Letras e Figuras - Comunicação e Fotografia Unipessoal, Lda.",Vila Nova de Gaia,Porto,,jornalterrasdegaia@gmail.com,http://www.terrasdegaia.pt
126342,21-03-2013,Centro TV,Online,Regional,Informação Geral,Diária,Registo Definitivo,"Av. António Afonso Amaral, 31, 2º Dto. B",3400-057,Oliveira do Hospital,Oliveira do Hospital,Coimbra,Paulo Alexandre de Campos Lencastre Leitão,Paulo Alexandre de Campos Lencastre Leitão,,,"BKN - Breaking News, Unipessoal, Lda.",Oliveira do Hospital,Coimbra,,geral@centrotv.pt,https://centrotv.sapo.pt
126350,17-04-2013,Carros & Motores,Papel,Nacional,Informação Especializada,Mensal,Registo Definitivo,"Edif. StartUp, Sintra, R. Retiro dos Pacatos, 50 - sala 10",2635-224,Covas,Sintra,Lisboa,Nuno Gomes,Joaquim Miguel Dias Rodrigues,,,"Editorial Grupo V - Portugal, Lda",Sintra,Lisboa,,a.lobo@grupov.com,
126352,17-04-2013,Mais Guimarães - A Revista da Cidade Berço,Papel/Online,Regional,Informação Geral,Mensal,Registo Definitivo,"Av. de São Gonçalo, 319, 1º, Sala C",4810-525,Guimarães,Guimarães,Braga,Eliseu de Jesus Neto Sampaio,Eliseu de Jesus Neto Sampaio,,,"Eliseu Sampaio - Publicidade Unipessoal, Lda.",Guimarães,Braga,,administracao@maisguimaraes.pt,http://www.maisguimaraes.pt
126353,17-04-2013,Tugaleaks,Online,Nacional,Informação Geral,Mensal,Registo Definitivo,"Pc. Projetada à Av. Capitão Meleças, 3, 4º Esq.",2615-154,Alverca do Ribatejo,Vila Franca de Xira,Lisboa,Rui Diogo Morais da Cruz,Rui Diogo Morais da Cruz,,,Rui Diogo Morais da Cruz,Vila Franca de Xira,Lisboa,,mail@ruicruz.pt,www.tugaleaks.com
126362,10-05-2013,Valor Local,Papel/Online,Regional,Informação Geral,Mensal,Registo Definitivo,"R. Eng. Moniz da Maia, Centro Comercial Atrium, 68 – Loja 17",2050-356,Azambuja,Azambuja,Lisboa,"Metáforas e Parábolas, Unipessoal, Lda.",Miguel António de Oliveira Rodrigues,,,"Metáforas e Parábolas, Unipessoal, Lda.",Azambuja,Lisboa,,valorlocal@valorlocal.pt,www.valorlocal.pt
126364,15-05-2013,Elevare - Revista Técnica de Elevadores e Movimentação de Cargas,Online,Nacional,Informação Especializada,Semestral,Registo Definitivo,"Praça da Corujeira, 38 (Apartado 3825)",4300-144,Porto,Porto,Porto,"CIE - Comunicação e Imprensa Especializada, Lda",Fernando Maurício Teixeira de Sousa Dias,,,"CIE - Comunicação e Imprensa Especializada, Lda.",Porto,Porto,,julio.almeida@cie-comunicacao.pt,www.elevare.pt
126365,17-05-2013,FPF360,Papel,Nacional,Informação Especializada,Trimestral,Registo Definitivo,Av. das Seleções,1495-433,Cruz Quebrada,Oeiras,Lisboa,Federação Portuguesa de Futebol,António Luis Santa-Rita de Figueiredo Magalhães,,,Federação Portuguesa de Futebol,Oeiras,Lisboa,,info@fpf.pt,www.fpf.pt
126370,22-05-2013,Warriors Online Tactical Magazine,Online,Nacional,Informação Especializada,3 x ano,Registo Definitivo,"R. 16 de Março, 8",2500-115,Caldas da Rainha,Caldas da Rainha,Leiria,ACADO - Associação de Colecionadores e Atiradores do Oeste,Bryan Henriques Ferreira,Leonor Maria Marques dos Santos,,ACADO - Associação de Colecionadores e Atiradores do Oeste,Caldas da Rainha,Leiria,,bryanferreira@gmail.com,www.warriors.pt
126373,31-05-2013,PT Jornal,Online,Nacional,Informação Geral,Diária,Registo Definitivo,"Travessa do Amparo, Edifício Sales Faria & Andrade",9000-647,Funchal,Funchal,Ilha da Madeira,"Clever Advertising, Lda. (Zona Franca da Madeira)",Pedro Miguel da Silva Alves Gonçalves,,,"Clever Advertising, Lda. (Zona Franca da Madeira)",Funchal,Ilha da Madeira,Região Autónoma da Madeira,legal@cleveradvertising.com,https://ptjornal.com
126374,31-05-2013,Jornal CascaisAlgés,Papel,Regional,Informação Geral,Mensal,Registo Definitivo,"R. Latino Coelho, 87",1050-134,Lisboa,Lisboa,Lisboa,"Triunfapágina Unipessoal, Lda.",Vanessa Filipa Azedo,,,"Triunfapágina Unipessoal, Lda.",Lisboa,Lisboa,,cascaisalges@gmail.com,
126375,03-06-2013,Notícias de Coimbra,Online,Regional,Informação Geral,Diária,Registo Definitivo,"Rua do Carmo, 75, 4.º andar, BM",3000-098,Coimbra,Coimbra,Coimbra,Fernando Manuel Brito Moura da Silva,Susana Isabel Bento Brás Amaro,,,"Sociedade Fechada, Lda.",Coimbra,Coimbra,,info@noticiasdecoimbra.pt,www.noticiasdecoimbra.pt
126382,04-07-2013,Marítimo TV,Online,Regional,Informação Especializada,Mensal,Registo Definitivo,"Estádio do Marítimo - Porta 9, Rua dos Barreiros, São Martinho",9000-695,Funchal,Funchal,Ilha da Madeira,Nuno Roberto Faria Pereira,Jorge Eduardo de Freitas,,,"Marítimo da Madeira TV, Unipessoal, Lda.",Funchal,Ilha da Madeira,Região Autónoma da Madeira,geral@csmaritimo.pt,http://www.maritimo.tv/
126392,08-08-2013,Braga TV,Online,Regional,Informação Geral,Diária,Registo Definitivo,"Av. da Liberdade, 706 - 1º Esq",4710-249,Braga,Braga,Braga,Sandra Catarina da Costa Antunes,Angélica Marisa da Costa Antunes,,,"Angélica & Sandra Antunes, Lda.",Braga,Braga,,angelicantunes@hotmail.com,www.bragatv.pt
126397,28-08-2013,Magazine Imobiliário,Papel/Online,Nacional,Informação Especializada,Bimestral,Registo Definitivo,"Rua Paulo Reis Gil, 39, 3º Esq.",2745-195,Queluz,Sintra,Lisboa,Carla Celestino,Carla Maria Correia Celestino,,,"Palavras Aliadas - Unipessoal, Lda.",Sintra,Lisboa,,geral@palavrasaliadas.pt,http://www.magazineimobiliario.com/
126404,04-09-2013,CJT - Cadernos de Justiça Tributária,Papel,Nacional,Informação Especializada,Trimestral,Registo Definitivo,Escola de Direito da Universidade do Minho - Campus de Gualtar,4710-057,Braga,Braga,Braga,Cejur - Centro de Estudos Jurídicos do Minho,Joaquim Manuel Freitas da Rocha,,,Cejur - Centro de Estudos Jurídicos do Minho,Braga,Braga,,cejur@cejur.pt,www.cejur.pt
126405,13-09-2013,TV Portugal,Online,Nacional,Informação Geral,Semanal,Registo Definitivo,"Beco dos Bogueiros, 18",2645-172,Amoreira,Cascais,Lisboa,António Joaquim Pereira da Assunção,António Joaquim Pereira da Assunção,,,António Joaquim Pereira da Assunção,Cascais,Lisboa,,ajpassuncao@gmail.com,www.tvportugal.tv
126409,04-10-2013,Boletim Informativo da Santa Casa da Misericordia de Sardoal,Papel,Regional,Informação Geral,Trimestral,Registo Definitivo,Largo do Convento,2230-234,Sardoal,Sardoal,Santarém,Santa Casa da Misericórdia de Sardoal,Fernando Constantino Moleirinho,,,Santa Casa da Misericordia de Sardoal,Sardoal,Santarém,,scm.sardoal@mail.telepac.pt,
126410,07-10-2013,Revista de Direito Local,Papel,Nacional,Informação Especializada,Trimestral,Registo Definitivo,Largo da Estação s/n,4700-223,Braga,Braga,Braga,Associação de Estudos de Direito Regional e Local - AEDREL,António Cândido Macedo de Oliveira,,,Associação de Estudos de Direito Regional e Local - AEDREL,Braga,Braga,,aedrel@aedrel.org,
126419,18-10-2013,TV Barroso,Online,Regional,Informação Geral,Quinzenal,Registo Definitivo,"R. Direita, 37 - Centro Comercial José Maria Gomes, Piso 3, Loja 9",5470-234,Montalegre,Montalegre,Vila Real,"TV Barroso, Lda.",João Manuel de Morais Xavier,,,"TV Barroso, Lda.",Montalegre,Vila Real,,info@tvbarroso.com,www.tvbarroso.com
126427,05-11-2013,Notícias do Tâmega,Papel/Online,Regional,Informação Geral,Mensal,Registo Definitivo,"R. João Pinto Ribeiro, 186, Fração AX",4600-035,Amarante,Amarante,Porto,"ERA - Emissora Regional de Amarante, Lda.",Luciano Carlos Macedo Gonçalves,,,"ERA - Emissora Regional de Amarante, Lda.",Amarante,Porto,,geral.erafm@gmail.com,www.noticiasdotamega.com
126432,21-11-2013,Setúbal Mais,Papel/Online,Regional,Informação Geral,Quinzenal,Registo Definitivo,"Av. Luísa Todi, 165, Gabinete 11 - Mercado do Livramento",2900-482,Setúbal,Setúbal,Setúbal,Florindo Manuel Cantante Cardoso,Florindo Manuel Cantante Cardoso,,,Florindo Manuel Cantante Cardoso,Setúbal,Setúbal,,florindocardoso21@gmail.com,www.setubalmais.pt
126433,21-11-2013,Jornal Online Vila de Rei,Online,Regional,Informação Geral,Diária,Registo Definitivo,"R. S. José, B2",2550-482,Casal do Pinheiro,Cadaval,Lisboa,Joaquim Vitorino,Joaquim Vitorino,,,Joaquim Vitorino,Cadaval,Lisboa,,joa.vitopo@netcabo.pt,www.jornaldeviladerei.com
126442,04-12-2013,Gourmet Magazine,Papel/Online,Nacional,Informação Especializada,Anual,Registo Definitivo,"R. António Maria Cardoso, 26",1200-027,Lisboa,Lisboa,Lisboa,The Hotel - Room for Ideas,Teresa de Castro e Brito de Castro Viana Fonseca da Cruz,,,"El Corte Inglês, Grandes Armazéns, SA",Lisboa,Lisboa,,gabinetejuridico@elcorteingles.pt,https://catalogos.elcorteingles.pt/ElCorteIngles/supermercado/2025/11/gourmet-magazine/
126444,02-01-2014,Jornal Sudoeste,Papel/Online,Regional,Informação Geral,Quinzenal,Registo Definitivo,"R. Campo de Ourique, 6-A",7780-148,Castro Verde,Castro Verde,Beja,"JOTA CBS - Comunicação e Imagem, Lda.",Carlos Miguel Pinto,,,"JOTA CBS - Comunicação e Imagem, Lda.",Castro Verde,Beja,,ajbrito@jota-cbs.pt,www.jornalsudoeste.com
126445,02-01-2014,Yoga a Norte,Papel/Online,Regional,Informação Especializada,Anual,Registo Definitivo,"Largo Antero de Quental, 21",4480-701,Vila do Conde,Vila do Conde,Porto,Associação Regional do Yoga Galaico Douriense e Grande Porto - ARYON,Catarina Santos Ferreira,Ana Martins,Paulo Pontes,Associação Regional do Yoga Galaico Douriense e Grande Porto - ARYON,Póvoa de Varzim,Porto,,om.aryon.om@gmail.com,
126446,02-01-2014,Revista Fenacerci,Papel/Online,Nacional,Informação Especializada,Anual,Registo Definitivo,"R. Augusto Macedo, 2-A",1600-794,Lisboa,Lisboa,Lisboa,Ana Rita Peralta,Joaquim Ascensão Pequicho,,,"FENACERCI-Federação Nacional de Cooperativas de Solidariedade Social, FCRL",Lisboa,Lisboa,,fenacerci@fenacerci.pt,www.fenacerci.pt
126447,02-01-2014,Prismafra,Papel,Regional,Informação Geral,Bimestral,Registo Definitivo,"R. Cerrado do Sacristão, 4, Longo da Vila",2640-433,Mafra,Mafra,Lisboa,Maria Moreira,Jorge Humberto Santos Carnaxide,Maria Moreira,,Jorge Humberto Santos Carnaxide,Mafra,Lisboa,,prismarevista.mafra@gmail.com,
126448,02-01-2014,Notícias da Gandaia,Online,Nacional,Informação Geral,Mensal,Registo Definitivo,"Praça da Liberdade, 17 - A - 1º.",2825-355,Costa de Caparica,Almada,Setúbal,Associação Gandaia,Nuno Filipe Pires Ramos,Ana Margarida Leal,Manuel Ribeiro,Associação Gandaia,Almada,Setúbal,,geral@gandaia.info,https://www.gandaia.info
126450,02-01-2014,HPA Magazine,Online,Regional,Informação Especializada,Semestral,Registo Definitivo,"Cruz da Bota, 27 , Estrada de Alvor",8500-322,Alvor,Portimão,Faro,"Hospital Particular do Algarve, SA",João Silvério Fernandes Bacalhau,Ana Paula Fontes,João Manuel Bacalhau,"Hospital Particular do Algarve, SA",Portimão,Faro,,info@hpalg.com,www.hpa.com
126455,09-01-2014,Vivre Le Portugal,Papel/Online,Regional,Informação Especializada,Trimestral,Registo Definitivo,"Parque Empresarial Algarve, 7",8400-431,Lagoa,Lagoa (Algarve),Faro,"Open Media - Design e Publicações, SA",Bruce Patrick Hawker,---,,"Open Media - Design e Publicações, SA",Lagoa (Algarve),Faro,,info@open-media.net,www.vivrelalgarve@open-media.net
126461,05-02-2014,Trabalhos de Antropologia e Etnologia,Online,Nacional,Informação Especializada,Anual,Registo Definitivo,"Pr. Coronel Pacheco, 15",4050-453,Porto,Porto,Porto,Sociedade Portuguesa de Antropologia e Etnologia,Vítor Oliveira Jorge,,,Sociedade Portuguesa de Antropologia e Etnologia,Porto,Porto,,vitor.oliveirajorge@gmail.com,Http://revistataeonline.weebly.com
126465,05-02-2014,S_cities,Papel,Nacional,Informação Especializada,Trianual,Registo Definitivo,"Avenida Dom Afonso Henriques, n.º 1825",4450-017,Matosinhos,Matosinhos,Porto,"SC Mag, Unipessoal, Lda.",Maria Cláudia Monteiro,,,"SC Mag, Unipessoal Lda",Matosinhos,Porto,,vera.amorim@ceiia.com,http://www.s-cities.pt
126467,11-02-2014,Notícias Online,Online,Nacional,Informação Geral,Mensal,Registo Definitivo,"R. Ruy Gameiro, 18 - 1º.Dto.",2745-320,Queluz,Sintra,Lisboa,Luisa Margarida Ferreira da Silva,Jacinto José Carolino Furtado,,,Jacinto José Carolino Furtado e Luísa Margarida Ferreira da Silva,Sintra,Lisboa,,redaccao@noticiasonline.eu,www.noticiasonline.eu
126468,12-02-2014,TV Esposende,Online,Nacional,Informação Geral,Diária,Registo Definitivo,"R. Barão de Esposende, 24",4740-236,Esposende,Esposende,Braga,António Eduardo Loureiro Ferreira,António Eduardo Loureiro Ferreira,,,António Eduardo Loureiro Ferreira,Esposende,Braga,,geral@esposendeservicostv.com,http://www.esposendeservicostv.com
126469,14-02-2014,Saldo Positivo,Online,Nacional,Informação Especializada,Diária,Registo Definitivo,"Av. João XXI, 63",1000-300,Lisboa,Lisboa,Lisboa,"Caixa Geral de Depositos, S.A.",Francisca Barata Salgueiro,,,"Caixa Geral de Depósitos, S.A.",Lisboa,Lisboa,,maria.piedade.martins@cgd.pt,http://.saldopositivo.cgd.pt
126470,14-02-2014,Notícias de Cascais,Papel/Online,Regional,Informação Geral,Mensal,Registo Definitivo,"R. Dr. Sousa Martins, 19 loja 1",2725-592,Mem Martins,Sintra,Lisboa,"Mérito da Palavra, Unipessoal, Lda.",Maria da Graça de Almeida Tracana,,,"Mérito da Palavra, Unipessoal, Lda.",Sintra,Lisboa,,direcao.gracatracana@gmail.com,https://issuu.com/merito_da_palavra
126471,14-02-2014,Notícias da Sua Terra,Papel/Online,Regional,Informação Geral,Mensal,Registo Definitivo,"R. Engenheiro Guilherme Santos, 9 Loja B",3105-165,Louriçal,Pombal,Leiria,José António Ribeiro Pereira,José António Ribeiro Pereira,Paulo Nunes,,José António Ribeiro Pereira,Pombal,Leiria,,josepereira@noticiasdasuaterra.pt,https://www.noticiasdasuaterra.com
126473,21-02-2014,Notícias que Contam,Papel/Online,Regional,Informação Geral,Mensal,Registo Definitivo,"Estrada dos Portões Vermelhos n.º 20, Escritório B",9560-450,Lagoa,Lagoa (São Miguel),Ilha de São Miguel,"Narrativa Frequente Unipessoal, Lda.",Sara Sousa Oliveira,,,"Narrativa Frequente Unipessoal, Lda.",Lagoa (São Miguel),Ilha de São Miguel,Região Autónoma dos Açores,geral@noticiasquecontam.pt,http://www.noticiasquecontam.pt
126475,10-03-2014,Comércio & Notícias,Online,Nacional,Informação Geral,Diária,Registo Definitivo,"Rua de Santa Bárbara, Moradia 5",2040-228,Rio Maior,Rio Maior,Santarém,Paulo Jorge de Pinho Araújo,Paulo Jorge de Pinho Araújo,,,Isabel Maria Rosa Monteiro,Rio Maior,Santarém,,isabel.m.isabel@hotmail.com,www.comercioenoticias.pt
126477,17-03-2014,Jornal Desportivo,Papel/Online,Regional,Informação Especializada,Mensal,Registo Definitivo,"Rua Dr. Sousa Martins, 19 A",2725-461,Mem Martins,Sintra,Lisboa,"Mérito da Palavra, Unipessoal, Lda.",Maria da Graça de Almeida Tracana,,,"Mérito da Palavra, Unipessoal, Lda.",Sintra,Lisboa,,direcao.gracatracana@gmail.com,https://issuu.com/merito_da_palavra
126486,27-03-2014,Figueira na Hora,Online,Nacional,Informação Geral,Diária,Registo Definitivo,"R. D. José I, 41, r/c esq.",3080-202,Figueira da Foz,Figueira da Foz,Coimbra,Jorge Manuel Fonseca Miranda Lemos,Jorge Lemos,,,Jorge Manuel Fonseca Miranda Lemos,Figueira da Foz,Coimbra,,geral@figueiranahora.com,www.figueiranahora.com
126499,23-04-2014,FafeTV,Online,Regional,Informação Geral,Diária,Registo Definitivo,"R. Universitária, Edificio IESFafe",4820-509,Rua Nova,Fafe,Braga,Sara Novais,Filipa Gonçalves Carvalho,Maurício Moreira,,"Relatos Obrigatórios, Lda.",Fafe,Braga,,fafetvtemporeal@gmail.com,www.fafetv.com
126505,12-05-2014,Praia Magazine,Papel/Online,Regional,Informação Geral,Bimestral,Registo Definitivo,"Av. Júlio Graça, 354",4480-672,Vila do Conde,Vila do Conde,Porto,"Linha da Praia - Imobiliária e Turismo, Lda.",Miguel Ferreira,,,"Linha da Praia - Imobiliária e Turismo, Lda.",Vila do Conde,Porto,,imobiliaria@linhadapraia.pt,www.linhadapraia.pt
126506,12-05-2014,Mood,Online,Nacional,Informação Geral,Diária,Registo Definitivo,"Praceta Quinta da Marialva, 3, 4.º C",2855-696,Santa Marta do Pinhal,Seixal,Setúbal,Sónia Santos Dias,Sónia Santos Dias,,,Sónia Santos Dias,Seixal,Setúbal,,geral@moodmagazine.pt,www.moodmagazine.pt
126510,15-05-2014,TV Guadiana - Alentejo em Direto,Online,Regional,Informação Geral,Diária,Registo Definitivo,"R. da Dinamarca, s/n",7350-478,Elvas,Elvas,Portalegre,Alberto Augusto dos Anjos Castanho,Alberto Augusto dos Anjos Castanho,,,Vitória Maria Eduardo Belchiorinho Castanho,Elvas,Portalegre,,geral@tvguadiana.pt,www.tvguadiana.pt
126515,15-05-2014,Revista Business Portugal,Papel/Online,Nacional,Informação Especializada,Bimestral,Registo Definitivo,"Avenida da República, 2208, 3ºDT, CT, FT",4430-190,Vila Nova de Gaia,Vila Nova de Gaia,Porto,António Fernando Alves Rodrigues da Silva,António Fernando Alves Rodrigues da Silva,,,António Fernando Alves Rodrigues Silva,Matosinhos,Porto,,fernandosilva.guidetarget@gmail.com,www.revistabusinessportugal.pt
126524,27-05-2014,Jornal do Ave,Papel/Online,Regional,Informação Geral,Quinzenal,Registo Definitivo,"R. Aldeias de Cima, 280 r/c",4785-699,Santiago do Bougado,Trofa,Porto,"We Do Com, Unipessoal Lda.",Hermano Rolando Ferreira Martins,,Cátia Veloso,"We Do Com, Unipessoal Lda.",Santo Tirso,Porto,,magda@jornaldoave.pt,www.jornaldoave.pt
126527,29-05-2014,Altominho.tv,Online,Regional,Informação Geral,Diária,Registo Definitivo,R. Pereira da Cunha,4940-542,Paredes de Coura,Paredes de Coura,Viana do Castelo,"Take Film - Produções Audiovisuais, Unipessoal Lda.",Manuel José Miranda,Roberto Ângelo Pires Esteves,José Dantas Lima Pereira,"Take Film - Produções Audiovisuais, Unipessoal Lda.",Monção,Viana do Castelo,,altominhotv.tecnico@gmail.com,www.altominho.tv
126528,29-05-2014,Algarve Primeiro,Online,Regional,Informação Geral,Diária,Registo Definitivo,"Pcta. Padre António Matos Malveiro, Lote 11",8700-236,Olhão,Olhão,Faro,Emídio Jorge Pires Cirilo dos Santos,Emídio Jorge Pires Cirilo dos Santos,,,Emídio Jorge Pires Cirilo dos Santos,Olhão,Faro,,emidiojsantos@gmail.com,https://algarveprimeiro.com
126542,18-06-2014,Revista Gerador,Papel/Online,Nacional,Informação Geral,Semestral,Registo Definitivo,"Largo das Conchas, Casa da Cidadania, 9",1750-155,Lisboa,Lisboa,Lisboa,Associação Cultural Gerador,Tiago Sigorelho,,,Associação Cultural Gerador,Lisboa,Lisboa,,geral@gerador.eu,www.gerador.eu
126546,26-06-2014,Revista de Direito Intelectual,Papel/Online,Nacional,Informação Especializada,Semestral,Registo Definitivo,"Faculdade de Direito da Universidade de Lisboa, Alameda da Universidade",1649-014,Lisboa,Lisboa,Lisboa,"Edições Almedina, SA",Dário Manuel Lentz Moura Vicente,,Maria Miguel Carvalho,APDI - Associação Portuguesa de Direito Intelectual,Lisboa,Lisboa,,s.geral@apdi.pt,https://www.apdi.pt/revista-de-direito-intelectual/
126548,13-07-2014,Impala News Portal de Notícias,Online,Nacional,Informação Geral,Diária,Registo Definitivo,"Rua Retiro dos Pacatos, 50, Edifício Startup, Sala 1 e 2",2635-224,Covas,Sintra,Lisboa,"Worldimpala.Net, Lda.",Luis Miguel Metelo Martins,,,"Worldimpala.Net, Lda.",Sintra,Lisboa,,geral@impala.pt,www.impala.pt
126552,13-07-2014,Cascais24horas,Online,Regional,Informação Geral,Diária,Registo Definitivo,"Estrada de Manique, Juncal, Vivª Ana Paula",2645-475,Manique,Cascais,Lisboa,Valdemar de Jesus Pinheiro Perdigoto,Valdemar de Jesus Pinheiro Perdigoto,,,Valdemar de Jesus Pinheiro Perdigoto,Cascais,Lisboa,,cascais24.geral@gmail.com,https://cascais24horasdestaques.blogspot.com
126556,15-07-2014,Jornal da Economia do Mar,Online,Nacional,Informação Especializada,Semanal,Registo Definitivo,"Largo da Estação, 8 - 3º.Esq.",2750-340,Cascais,Cascais,Lisboa,Gonçalo Telo Beleza de Miranda de Magalhães Colaço,Gonçalo Magalhães Colaço,,,Gonçalo Telo Beleza de Miranda de Magalhães Colaço,Cascais,Lisboa,,goncalo.colaco@jornaldaeconomiadomar.com,www.jornaldaeconomiadomar.com
126557,15-07-2014,TecnoAlimentar,Papel/Online,Nacional,Informação Especializada,Trimestral,Registo Definitivo,"Av. da Republica, 2475, Sala 64",4430-208,Vila Nova de Gaia,Vila Nova de Gaia,Porto,"Engenho e Media, Lda",Carla Dulcinea Andrade Cerqueira de Borlido Barbosa,,,"Publindústria - Produção de Comunicação, Lda",Porto,Porto,,antonio.malheiro@publindustria.pt,https://www.tecnoalimentar.pt/
126561,07-08-2014,Terras de Sicó,Papel/Online,Regional,Informação Geral,Quinzenal,Registo Definitivo,Quinta Nova,3150-195,Condeixa-A-Nova,Condeixa-a-Nova,Coimbra,"Rádio Regional do Centro, Lda.",Lino Augusto Vinhal,Luís Carlos Melo,,"Rádio Regional do Centro, Lda.",Condeixa-a-Nova,Coimbra,,vilmacontabilidade@mail.telepac.pt,https://www.jornalterrasdesico.pt/
126563,07-08-2014,Clubhouse Algarve,Papel/Online,Regional,Informação Especializada,Anual,Registo Definitivo,"Parque Empresarial do Algarve, 3",8400-431,Lagoa,Lagoa (Algarve),Faro,Bruce Patrick Hawker,Bruce Patrick Hawker,,,"Open Media - Design e Publicações, SA",Lagoa (Algarve),Faro,,info@open-media.net,www.clubhouse.com
126571,18-08-2014,Shifter,Papel/Online,Nacional,Informação Especializada,3 x ano,Registo Definitivo,"Rua São Nicolau 73, 2º andar, sala 22",1100-548,Lisboa,Lisboa,Lisboa,João Gabriel Silva Ribeiro,Maria Carolina Braga Esteves Santos Franco,,,"Shifter Generation, Unipessoal, Lda.",Lisboa,Lisboa,,marioandre@shifter.pt,https://shifter.pt
126573,25-08-2014,"Ver - Valores, Ética e Responsabilidade",Online,Nacional,Informação Especializada,Semanal,Registo Definitivo,"Av. Miguel Bombarda, 4, 7º",1000-208,Lisboa,Lisboa,Lisboa,Helena Oliveira,Jorge Libano Monteiro,,,"Ver - Valores, Ética e Responsabilidade, Sociedade Unipessoal, Lda.",Lisboa,Lisboa,,helena.oliveira@ver.pt,https://www.ver.pt
126574,25-08-2014,Notícias de Aguiar,Papel/Online,Regional,Informação Geral,Quadrimensal,Registo Definitivo,"Av. Miguel Torga, Complexo Desportivo Municipal, Loja 4",5450-034,Vila Pouca de Aguiar,Vila Pouca de Aguiar,Vila Real,"Páginas Simples, Unipessoal, Lda.",Sara Isabel Esteves Martins,,,"Páginas Simples, Unipessoal, Lda.",Vila Pouca de Aguiar,Vila Real,,noticiasdeaguiar@gmail.com,http://noticiasdeaguiar.pt
126575,15-09-2014,Jornal de Cá,Online,Regional,Informação Geral,Semanal,Registo Definitivo,"R. Nova da Boavista, 1",2070-105,Cartaxo,Cartaxo,Santarém,Maria de Fátima Machado Vicente Rolho Rebelo,Maria de Fátima Machado Rebelo,,,"Potenciais, Unipessoal, Lda.",Cartaxo,Santarém,,jornaldeca@gmail.com,www.jornaldeca.pt
126577,17-09-2014,Diário da Saúde,Online,Nacional,Informação Especializada,Diária,Registo Definitivo,"Rua do Carmo, 75 - 4.º BM",3000-098,Coimbra,Coimbra,Coimbra,Fernando Manuel Brito Moura da Silva,Fernando Brito Moura,,,"Sociedade Fechada, Lda.",Coimbra,Coimbra,,fernandomoura@diariodasaude.pt,www.diariodasaude.pt
126582,27-09-2014,Jornal de Mafra,Online,Regional,Informação Geral,Diária,Registo Definitivo,"R. da Ribeira, 23, Bloco B - 1º F",2640-567,Mafra,Mafra,Lisboa,Paulo Henrique Quintela Matias,Paulo Henrique Quintela Matias,,,Paulo Henrique Quintela Matias,Mafra,Lisboa,,geral@jornaldemafra.pt,http://jornaldemafra.pt/
126585,07-10-2014,Sollicitare,Papel/Online,Nacional,Informação Especializada,Semestral,Registo Definitivo,"R. Artilharia Um, 63",1250-038,Lisboa,Lisboa,Lisboa,Liliana Fernandes,Anabela Soares Veloso,,,Ordem dos Solicitadores e dos Agentes de Execução,Lisboa,Lisboa,,geral@osae.pt,www.osae.pt
126587,08-10-2014,Solicitadoria e Ação Executiva - Estudos,Online,Nacional,Informação Especializada,Anual,Registo Definitivo,"R. Artilharia 1, 63",1250-038,Lisboa,Lisboa,Lisboa,Liliana Fernandes,Anabela Veloso,,,Ordem dos Solicitadores e dos Agentes de Execução,Lisboa,Lisboa,,geral@osae.pt,https://www.solicitador.net
126598,14-11-2014,Anatomia do Crime - Revista de Ciências Jurídico-Criminais,Papel/Online,Nacional,Informação Especializada,Semestral,Registo Definitivo,Faculdade de Direito de Lisboa - Alameda da Universidade,1649-014,Lisboa,Lisboa,Lisboa,AAFDL Editora,Maria Fernanda Palma,,"Inês Ferreira Leite, Helena Morão.",Instituto de Direito Penal e Ciências Criminais,Lisboa,Lisboa,,idpcc@fd.ul.pt,https://anatcrime.scholasticahq.com
126599,19-11-2014,Santo Tirso Digital,Online,Regional,Informação Geral,Diária,Registo Definitivo,"R. Campo Grande, 12 - 1º Dto.",4795-046,Vila das Aves,Santo Tirso,Porto,Alfredo Manuel da Silva Gomes,Alfredo Manuel da Silva Gomes,,,Alfredo Manuel da Silva Gomes,Santo Tirso,Porto,,santotirsodigital@sapo.pt,www.santotirsodigital.pt
126607,10-12-2014,Pensar Fora da Caixa,Papel/Online,Regional,Informação Geral,Anual,Registo Definitivo,"R. Dr. Asdrúbal Calisto, 7",2500-133,Caldas da Rainha,Caldas da Rainha,Leiria,"Sobreiro Duarte, Lda.",Joaquim José Sobreiro Duarte,,Patrícia Neves,Joaquim José Sobreiro Duarte,Caldas da Rainha,Leiria,,geral@gruposd.pt,www.gruposd.pt
126608,10-12-2014,Mira Online,Online,Regional,Informação Geral,Diária,Registo Definitivo,"Av. 25 de Abril - Edif. Távora, 37 - 1º.Esq.",3070-301,Mira,Mira,Coimbra,Francisco José de Faria Ferra,Francisco José de Faria Ferra,,,Maria de Lourdes Pereira Lopes Ferra,Mira,Coimbra,,jornaldemira@gmail.com,www.miraonline.pt
126622,05-01-2015,Divergente,Online,Nacional,Informação Geral,Anual,Registo Definitivo,"Rua de Arroios, 25C",1150-053,Lisboa,Lisboa,Lisboa,"Bagabaga Studios, CRL",Diogo Esperança Virgílio Cardoso,,,"Bagabaga Studios, CRL",Lisboa,Lisboa,,direccao@bagabagastudios.org,http://divergente.pt
126626,19-01-2015,Quinzenário O Paredense,Papel/Online,Regional,Informação Geral,Quinzenal,Registo Definitivo,"Travessa Dom Gabriel de Sousa, 4",4580-105,Paredes,Paredes,Porto,Manuel Ferreira Coelho,Manuel Ferreira Coelho,,,"PRD - O Paredense - Comunicação, Unipessoal, Lda.",Paredes,Porto,,oparedense@gmail.com,www.oparedense.pt
126635,11-02-2015,VivaDouro,Papel/Online,Regional,Informação Geral,Mensal,Registo Definitivo,"Avenida Barrão de Forrester, 45",5130-578,São João da Pesqueira,São João da Pesqueira,Viseu,"VivaCidade - Sociedade de Comunicação Social, S.A.",Augusto Miguel Almeida,Carlos Almeida,,"VivaCidade - Sociedade de Comunicação Social, S.A.",Gondomar,Porto,,geral@vivadouro.org,www.vivadouro.org
126642,16-02-2015,Loulé TV,Online,Regional,Informação Geral,Semanal,Registo Definitivo,R. da Rádio,8135-030 Almancil,Troto,Loulé,Faro,"Pajovir - Espectáculos, Marketing e Publicidade, Unipessoal, Lda.",Paula Cristina Nunes Gonçalves,,,"Pajovir - Espectáculos, Marketing e Publicidade, Unipessoal, Lda.",Loulé,Faro,,vitorgoncalves@totalfm.pt,www.louletv.pt
126651,27-02-2015,Revista de Direito Civil,Online,Nacional,Informação Especializada,Semestral,Registo Definitivo,"Faculdade de Direito de Lisboa, Alameda da Universidade",1649-014,Lisboa,Lisboa,Lisboa,"Edições Almedina, SA",António Menezes Cordeiro,,,Instituto de Direito Privado - IDP,Lisboa,Lisboa,,profamc@mail.telepac.pt,https://www.revistadedireitocivil.pt/
126652,27-02-2015,Rodas Magazine,Papel,Regional,Informação Especializada,Mensal,Registo Definitivo,"Estrada dos Portões Vermelhos, nº 20 (Gabinete 1)",9560-450,Lagoa,Lagoa (São Miguel),Ilha de São Miguel,Carlos Costa,Natacha Alexandra de Medeiros Franco Pastor,,,"Criativaçores Unipessoal, Lda.",Lagoa (São Miguel),Ilha de São Miguel,Região Autónoma dos Açores,criativa.azores@gmail.com,
126655,02-03-2015,Criativa Magazine,Papel,Regional,Informação Geral,Mensal,Registo Definitivo,"Estrada dos Portões Vermelhos, nº 20 (Gabinete 1)",9560-450,Lagoa,Lagoa (São Miguel),Ilha de São Miguel,Carlos Costa,Natacha Alexandra de Medeiros Franco Pastor,,,"Criativaçores Unipessoal, Lda.",Lagoa (São Miguel),Ilha de São Miguel,Região Autónoma dos Açores,natachapastor@gmail.com,
126658,03-03-2015,Global News,Online,Regional,Informação Geral,Diária,Registo Definitivo,"R. Carlos da Maia, 234, Sala 4",4200-150,Porto,Porto,Porto,Alexandre Vítor Simões Bernardo,Alexandre Vítor Simões Bernardo,,,Alexandre Vítor Simões Bernardo,Porto,Porto,,alexandre.bernardo@globalnews.pt,http://globalnews.pt
126659,13-03-2015,TV Algarve Uma Região com Vida!,Online,Regional,Informação Geral,Mensal,Registo Definitivo,Rua da Rádio,8135-030,Troto,Loulé,Faro,"Pajovir - Espectáculos, Marketing e Publicidade, Unipessoal, Lda.",Paula Cristina Nunes Gonçalves,,,"Pajovir - Espectáculos, Marketing e Publicidade, Unipessoal, Lda.",Loulé,Faro,,tvalgarve@tvalgarve.pt,www.tvalgarve.pt
126663,16-03-2015,Guimarães Digital,Online,Regional,Informação Geral,Diária,Registo Definitivo,"R. Dr. José Sampaio, 264",4810-275,Guimarães,Guimarães,Braga,Carlos Almeida,Joaquim António Ferreira Fernandes,Maria Elisabete Sousa Pinto,,"Guimapress, SA",Guimarães,Braga,,administracao@guimaraesdigital.com,http://www.guimaraesdigital.pt
126671,07-04-2015,ei - Educação Informação Financeira,Online,Nacional,Informação Especializada,Diária,Registo Definitivo,"Av. Conselheiro Fernando de Sousa, 19 - 6º.",1070-072,Lisboa,Lisboa,Lisboa,"Plot - Content Agency, S.A.",Ana Rita Pimentel Dias Pinho Branco,,,Montepio Geral - Associação Mutualista,Lisboa,Lisboa,,maria.angela.gomes@montepio.pt,https://www.montepio.org/ei/
126672,07-04-2015,Executiva,Online,Nacional,Informação Especializada,Diária (dias úteis),Registo Definitivo,"R. Martin Luther King, Lj. 4-B",1750-452,Lisboa,Lisboa,Lisboa,"Redcherry - Produção de Conteúdos, Lda.",Isabel Maria Rodrigues Domingos Madaleno Canha,Maria Manuel Martins Serina,,"Redcherry - Produção de Conteúdos, Lda.",Lisboa,Lisboa,,executiva@executiva.pt,www.executiva.pt
126687,05-05-2015,Jornal de Belmonte,Papel,Regional,Informação Geral,Mensal,Registo Definitivo,Bairro de Santa Maria,6250-021,Belmonte,Belmonte,Castelo Branco,Associação Desportiva de Belmonte,João Miguel Freire Alves,,Carlos Alberto Duarte Afonso,Associação Desportiva de Belmonte,Belmonte,Castelo Branco,,jornalbelmonte.redacao@gmail.com,
126688,06-05-2015,Lagoa Informa,Papel,Regional,Informação Geral,Quinzenal,Registo Definitivo,"R. Dr. João António Silva Vieira, Urb. Vales Lote 3, 3º Dtº",8400-417,Lagoa,Lagoa (Algarve),Faro,"Pressroma - Edição de Publicações Periódicas, Unipessoal, Lda",Rui Inácio Pires dos Santos,,,"Pressroma - Edição de Publicações Periódicas, Unipessoal, Lda",Lagoa (Algarve),Faro,,pressroma.publicacoes@gmail.com,
126692,20-05-2015,MD Minho Digital,Online,Regional,Informação Geral,Semanal,Registo Definitivo,"Edifício Bela Vista, R. Júlio Dinis, 96 - Bl. 2 - R/C - Esq.",4910-518,Vila Praia de Âncora,Caminha,Viana do Castelo,José Luís Ferraz Manso Preto,José Luís Ferraz Manso Preto,,,Margareth Gonçalves da Silva,Caminha,Viana do Castelo,,jornalista.manso.preto@gmail.com,https://minhodigital.pt/
126693,26-05-2015,Viseu Now,Online,Regional,Informação Geral,Diária,Registo Definitivo,"Estrada do Pinhal da Vila, 5",3530-073,Pedreles,Mangualde,Viseu,"Concept Line, Lda.",José Carlos Pereira Costa,,,"Concept Line, Lda.",Mangualde,Viseu,,info@viseunow.pt,www.viseunow.pt
126696,27-05-2015,Exklusiva,Papel,Nacional,Informação Geral,Trimestral,Registo Definitivo,"R. Mestre Martins Correia, 2, I, Esc. 10",1050-908,Lisboa,Lisboa,Lisboa,"Discursopadrão, Lda.",Fernanda Jacinto,,,"Discursopadrão, Lda.",Lisboa,Lisboa,,helenamourao@discursopadrao.com,
126697,29-05-2015,Imagens de Marca,Online,Nacional,Informação Especializada,Diária,Registo Definitivo,"R. Domingos Monteiro, 5",2730-262,Barcarena,Oeiras,Lisboa,"Olho Azul - Produção de Audiovisuais, Lda.",Fernando José de Figueiredo Paula,,,"Olho Azul - Produções de Audiovisuais, Lda.",Oeiras,Lisboa,,cristina.amaro@iminmotion.com,www.imagensdemarca.pt
126700,01-06-2015,Perspetiva,Online,Regional,Informação Geral,Diária,Registo Definitivo,"Bairro Novo, 22 B",7350-466,Calçadinha,Elvas,Portalegre,Ana Isabel da Rosa Martins,Ana Isabel da Rosa Martins,,,"Perspetiva Produções, Lda.",Elvas,Portalegre,,anacasteler@gmail.com,www.perspetiva.com
126704,02-06-2015,Funchal Notícias,Online,Regional,Informação Geral,Diária,Registo Definitivo,"R. Visconde do Anadia, 16 1º. - sala 5",9050-020,Funchal,Funchal,Ilha da Madeira,Emanuel de Sá Silva,Emanuel de Sá Silva,Rui Ludgero Olim Marote,Luís Alfredo Guerra Rocha,Letras de Coragem - Lda.,Funchal,Ilha da Madeira,Região Autónoma da Madeira,funchalnoticias@gmail.com,www.funchalnoticias.net
126705,03-06-2015,Toureio.pt,Online,Nacional,Informação Especializada,Diária,Registo Definitivo,"Largo Mariano Presado, 12A",7160-279,Vila Viçosa,Vila Viçosa,Évora,Hugo Miguel Ramalho Calado,Hugo Miguel Ramalho Calado,,,Hugo Miguel Ramalho Calado,Vila Viçosa,Évora,,toureio@gmail.com,www.toureio.pt
126710,16-06-2015,Peneda Gerês TV,Online,Regional,Informação Geral,Diária,Registo Definitivo,InCubo - Incubadora de Iniciativas Empresariais Inovadoras,4970-786,Passos,Arcos de Valdevez,Viana do Castelo,Jorge Pereira Matos da Costa,Jorge Pereira Matos da Costa,,,Jorge Pereira Matos da Costa,Ponte da Barca,Viana do Castelo,,geral.penedagerestv@gmail.com,www.penedagerestv.com
126712,30-06-2015,F Luxury,Papel/Online,Nacional,Informação Especializada,Trimestral,Registo Definitivo,"Av. Nossa Senhora do Cabo, 101",2750-374,Guincho,Cascais,Lisboa,Augusta de Fátima Fonseca Delgado Magalhães,Augusta de Fátima Fonseca Delgado Magalhães,,,"Focuspremium - Image & Consulting, Unipessoal, Lda.",Cascais,Lisboa,,fatima@fluxurymagazine.com,http://www.fluxurymagazine.com
126714,02-07-2015,Renovação,Online,Nacional,Informação Geral,Diária,Registo Definitivo,"R. Dr. António de Andrade, 30 - 5º.",4480-806,Vila do Conde,Vila do Conde,Porto,"Renovar Vila do Conde, Lda.",António Martins Alves,,,"Renovar Vila do Conde, Lda.",Vila do Conde,Porto,,geral@jornal-renovacao.pt,www.jornal-renovacao.pt
126715,03-07-2015,CanalN Mirandela,Online,Regional,Informação Geral,Diária,Registo Definitivo,"Mercado Municipal de Mirandela, Loja Exterior",5370-287,Mirandela,Mirandela,Bragança,"Inordeste, Produção de Conteúdos Multimédia, Unipessoal, Lda.",Paulo Silva Reis,,,"Inordeste, Produção de Conteúdos Multimédia, Unipessoal, Lda.",Mirandela,Bragança,,geral@canaln.tv,www.CanalN.tv
126716,06-07-2015,TouroeOuro,Online,Nacional,Informação Especializada,Diária,Registo Definitivo,"Praceta Padre José Alves, Lote 7 - 2º. Dto.",2100-122,Coruche,Coruche,Santarém,João Dinis Nunes Leal,Solange Isabel de Almeida Pinto,João Dinis Nunes Leal,,Solange Isabel de Almeida Pinto,Coruche,Santarém,,joao.dinis@touroeouro.com,www.touroeouro.com
126718,16-07-2015,Diário 560,Online,Regional,Informação Especializada,Semanal,Registo Definitivo,"R. da Constituição, 656, 5º, Sala 501",4200-194,Porto,Porto,Porto,Marcelo de Andrade,Manuel Alexandre Solla,,,"CityCoop - Produtores de Serviços, CRL",Porto,Porto,,citycoop.crl@gmail.com,www.diario560.pt
126720,23-07-2015,O Riomaiorense,Online,Regional,Informação Especializada,Anual,Registo Definitivo,"R. Cidade de Santarém, 23",2040-238,Rio Maior,Rio Maior,Santarém,"EICEL 1920, Associação para a Defesa do Património",Nuno Alexandre Dias Rocha,,,Nuno Alexandre Dias Rocha,Rio Maior,Santarém,,o.riomaiorense@gmail.com,www.oriomaiorense.com
126721,03-07-2015,Mediotejo.net,Online,Regional,Informação Geral,Diária,Registo Definitivo,"Estrada Nacional 118, 1609",2205-645,Tramagal,Abrantes,Santarém,Patrícia  Antónia  Lourenço  Fonseca,Patrícia Antónia Lourenço Fonseca,Mário Rui Fonseca,,Patrícia Antónia Lourenço Fonseca,Cascais,Lisboa,,pfonseca@mediotejo.net,www.mediotejo.net
126723,07-08-2015,"Pós-Venda Pesados - Peças, Manutenção e Reparação",Papel/Online,Nacional,Informação Especializada,Bimestral,Registo Definitivo,"Estrada de Polima, Centro Industrial da Abóboda, 1007, 2º, escritório I",2785-543,Abóboda,Cascais,Lisboa,"ORMP - Pós Venda Media, Lda.",José Paulo Ferreira Homem Ribeiro,,,"ORMP - Pós-Venda Média, Lda.",Cascais,Lisboa,,paulohomem.oficinas@gmail.com,
126724,07-08-2015,"Pós - Venda - Peças, Manutenção e Reparação",Papel/Online,Nacional,Informação Especializada,Mensal,Registo Definitivo,"Estrada de Polima, Centro Industrial da Abóboda, 1007, 2º, escritório I",2785-543,Abóboda,Cascais,Lisboa,"ORMP - Pós Venda Media, Lda.",José Paulo Ferreira Homem Ribeiro,,,"ORMP - Pós-Venda Média, Lda.",Cascais,Lisboa,,paulohomem.oficinas@gmail.com,
126725,07-08-2015,T Jornal,Online,Nacional,Informação Especializada,Diária,Registo Definitivo,"R. Fernando Mesquita, 2785, Ed. CITEVE",4760-034,Vila Nova de Famalicão,Vila Nova de Famalicão,Braga,ATP - Associação Têxtil e Vestuário de Portugal,Ana Paula Rodrigues Dinis,,,ATP - Associação Têxtil e Vestuário de Portugal,Vila Nova de Famalicão,Braga,,atp@atp.pt,www.jornalt.pt
126726,12-08-2015,A Voz de Paço de Arcos,Papel,Regional,Informação Geral,Bimestral,Registo Definitivo,"R. Thomás de Mello, 4 - B",2770-167,Paço de Arcos,Oeiras,Lisboa,Jorge Chichorro Rodrigues,José Manuel dos Reis Marreiro,,,Associação Cultural A voz de Paço de Arcos,Oeiras,Lisboa,,avozpacoarcos@gmail.com,
126732,20-08-2015,Scratch Magazine,Online,Nacional,Informação Especializada,Diária,Registo Definitivo,"Rua António Correia de Carvalho, 176, 1º A - Sala 4",4400-023,Vila Nova de Gaia,Vila Nova de Gaia,Porto,Irene Mónica da Mota Leite,Irene Mónica da Mota Leite,,,Vitor Manuel de Sousa e Costa,Vila Nova de Gaia,Porto,,geral.scratchmagazine@gmail.com,www.scratch-magazine.pt
126734,28-08-2015,JM,Papel/Online,Regional,Informação Geral,Diária,Registo Definitivo,"R. 31 de Janeiro, 73 e 74",9050-401,Funchal,Funchal,Ilha da Madeira,"EJM - Empresa Jornalística da Madeira, Unipessoal Lda.",José Miguel Teixeira da Silva,,Edmar António Trindade Fernandes,"EJM - Empresa Jornalística da Madeira, Lda.",Funchal,Ilha da Madeira,Região Autónoma da Madeira,gerencia@jm-madeira.pt,www.jm.pt
126735,31-08-2015,Mais Guimarães - O Jornal,Online,Regional,Informação Geral,Semanal,Registo Definitivo,"Av. de São Gonçalo, 319, 1º, Sala C",4810-525,Guimarães,Guimarães,Braga,Eliseu de Jesus Neto Sampaio,Eliseu de Jesus Neto Sampaio,,,"Eliseu Sampaio - Publicidade Unipessoal, Lda.",Guimarães,Braga,,diretor@maisguimaraes.pt,www.maisguimaraes.pt
126749,08-10-2015,Marítimo Revista Oficial,Papel/Online,Nacional,Informação Geral,Semestral,Registo Definitivo,"Estádio do Marítimo - Porta 9, R. dos Barreiros",9000-695,Funchal,Funchal,Ilha da Madeira,Nuno Roberto Faria Pereira,Jorge Eduardo de Freitas,,,Club Sport Marítimo da Madeira,Funchal,Ilha da Madeira,Região Autónoma da Madeira,geral@csmaritimo.pt,www.csmaritimo.org.pt
126750,08-10-2015,Ntech.news,Online,Nacional,Informação Especializada,Semanal,Registo Definitivo,"Rua Quinta da Piedade, 1, 7.º D",2625-178,Póvoa de Santa Iria,Vila Franca de Xira,Lisboa,Luísa Maria do Carmo Dâmaso,Luísa Maria do Carmo Dâmaso,,,Luísa Maria do Carmo Dâmaso,Vila Franca de Xira,Lisboa,,luisadamaso@gmail.com,www.ntech.news
126753,16-10-2015,Saúda,Papel/Online,Nacional,Informação Especializada,Mensal,Registo Definitivo,"Trav. Santa Catarina, 8",1200-403,Lisboa,Lisboa,Lisboa,Tiago Gonçalves,Diana Amaral Correia Costa da Silva,Maria Jorge Costa,,"Infosaúde - Instituto de Formação e Inovação em Saúde, S.A.",Lisboa,Lisboa,,paula.santos@anf.pt,https://www.farmaciasportuguesas.pt/revista-sauda
126754,19-10-2015,Press Minho,Online,Regional,Informação Geral,Diária,Registo Definitivo,"Rua Dr. Manuel Barbosa de Brito, 35, 3.º Esquerdo Frente",4730-769,Vila Verde,Vila Verde,Braga,"Publineiva, Unipessoal Lda.",José Carlos Machado Silva,,,"Publineiva, Unipessoal Lda.",Vila Verde,Braga,,publineiva@gmail.com,www.pressminho.pt
126756,19-10-2015,Wilder - Rewilding Your Days,Online,Nacional,Informação Especializada,Diária,Registo Definitivo,"R. da Nau Catrineta, 14, 3.º Fte",1990-186,Lisboa,Lisboa,Lisboa,Joana Mafalda da Silva Bourgard,Helena Maria Farinho Valente Geraldes Rodrigues,,,"Rewilders, Lda.",Lisboa,Lisboa,,geral@wilder.pt,www.wilder.pt
126761,02-11-2015,Jornal de Notícias História,Papel,Nacional,Informação Especializada,Bimestral,Registo Definitivo,"Rua Monte dos Burgos, 470, 1º",4250-311,Porto,Porto,Porto,"Notícias Ilimitadas, S.A.",Maria Inês Cardoso,,,"Notícias Ilimitadas, S.A.",Maia,Porto,,carla.ferreirinha@noticiasilimitadas.pt,https://jnhistoria.jn.pt
126763,05-11-2015,Viver Saudável - A Revista dos Nutricionistas,Papel/Online,Nacional,Informação Especializada,Semestral,Registo Definitivo,"R. General Firmino Miguel, 3, Piso 7",1600-100,Lisboa,Lisboa,Lisboa,"Hollyfar - Marcas e Comunicação, Unipessoal, Lda.",Inês Marujo,,,"Hollyfar - Marcas e Comunicação, Unipessoal, Lda.",Lisboa,Lisboa,,viversaudavel@netfarma.pt,www.viversaudavel.pt
126768,18-11-2015,Correio de Sintra,Papel/Online,Regional,Informação Geral,Quinzenal,Registo Definitivo,"Av. Capitães de Abril, 38 E Loja",2725-039,Algueirão,Sintra,Lisboa,Legendaryellow - Unipessoal Lda,Tânia Tracana,,,Legendaryellow - Unipessoal Lda,Sintra,Lisboa,,correiodesintra@gmail.com,https://correiodesintra.pt
126769,18-11-2015,I Love Brides,Papel/Online,Nacional,Informação Especializada,Anual,Registo Definitivo,"Rua da Agudela, 725 A - 1º Esq",4455-020,Lavra,Matosinhos,Porto,"I Love Brides Media, Lda.",Senhorinha de Jesus Sousa da Mota,,,"I Love Brides Media, Lda.",Matosinhos,Porto,,bernardo@ilovebrides.pt,www.ilovebrides.pt
126772,26-11-2015,Evasões,Papel/Online,Nacional,Informação Especializada,Semanal,Registo Definitivo,"Rua Monte dos Burgos, 470, 1º",4250-311,Porto,Porto,Porto,"Notícias Ilimitadas, S.A.",Rafael João Alves Tavares Barbosa,Pedro Ivo de Carvalho,,"Notícias Ilimitadas, S.A.",Maia,Porto,,carla.ferreirinha@noticiasilimitadas.pt,www.evasoes.pt
126782,16-12-2015,Algarve Informativo,Online,Regional,Informação Geral,Semanal,Registo Definitivo,"R. Estrada de Faro, Vivenda Tomizé, 67",8135-157,Almancil,Loulé,Faro,Parágrafoptimista Unipessoal Lda,Daniel Alexandre Tavares Curto dos Reis e Pina,,,Parágrafoptimista Unipessoal Lda,Loulé,Faro,,algarveinformativo@sapo.pt,www.algarveinformativo.blogspot.pt
126783,18-12-2015,Anotícia.pt,Online,Nacional,Informação Geral,Diária,Registo Definitivo,"Caminho D'El rei, 40",2790-338,Queijas,Oeiras,Lisboa,Armando Furtado Saldanha,Armando Furtado Saldanha,,Maria João Neto Moreira de Oliveira,Armando Furtado Saldanha,Oeiras,Lisboa,,armando.saldanha@anoticia.pt,www.anoticia.pt
126786,18-12-2015,Expresso de Fafe,Papel/Online,Regional,Informação Geral,Mensal,Registo Definitivo,"Rua Dr. José Summavielle Soares, 22",4820-253,Fafe,Fafe,Braga,Samuel Agostinho de Castro Pinto,Natacha Sofia Costa  Cunha,,,Samuel Agostinho de Castro Pinto,Fafe,Braga,,samuel-pinto@sapo.pt,www.expressodefafe.pt
126787,23-12-2015,TVAmadora,Online,Regional,Informação Geral,Diária (dias úteis),Registo Definitivo,"Av. Padre Bartolomeu de Gusmão, 23 B",2720-426,Amadora,Amadora,Lisboa,Helena Isabel da Cruz Durães,Rui do Espírito Santo Mesquita,,,Eduardo Santos Mesquita,Amadora,Lisboa,,tvamadora@tvamadora.pt,www.tvamadora.pt
126790,28-12-2015,Revista Portuguesa de Saúde Ocupacional,Online,Nacional,Informação Especializada,Semestral,Registo Definitivo,"R. da Varziela, 527",4435-464,Rio Tinto,Gondomar,Porto,Fátima Silva,Sandra Mónica da Silva Santos,Armando Almeida,Sara Laranjeira,"Ajeogene - Serviços Médicos, Lda.",Gondomar,Porto,,s_monica_santos@hotmail.com,http://www.rpso.pt/
126793,29-01-2016,Urbana,Papel/Online,Nacional,Informação Especializada,Mensal,Registo Definitivo,"R. dos Pinheiros, 47, Casa 4",2645-535,Bicesse,Cascais,Lisboa,"Moon Media - Comunicação, Unipessoal, Lda",Maria do Amparo Santa Clara de Sousa Barbas,,,"Moon Media - Comunicação, Unipessoal, Lda",Cascais,Lisboa,,daf@casasdeportugal.com.pt,
126795,01-02-2016,Infocul.pt,Online,Nacional,Informação Geral,Diária,Registo Definitivo,"Largo do Tabelião, 8, 1º Dto.",1150-344,Lisboa,Lisboa,Lisboa,Rui Miguel Lavrador da Conceição,Rui Miguel Lavrador da Conceição,,,Rui Miguel Lavrador da Conceição,Lisboa,Lisboa,,rui.lavrador1990@gmail.com,www.infocul.pt
126796,01-02-2016,E-Global - Notícias em Português,Online,Nacional,Informação Geral,Diária,Registo Definitivo,"Av. Eng. Arantes e Oliveira, 3, R/C",1900-221,Lisboa,Lisboa,Lisboa,Rui Pedro de Castro Neumann Esteves,Rui Pedro de Castro Neumann Esteves,,,"Letras Inquietas Unipessoal, Lda.",Lisboa,Lisboa,,direcao@e-global.pt,www.e-global.pt
126797,01-02-2016,MotoSport,Online,Nacional,Informação Especializada,Diária,Registo Definitivo,"Edif. StartUp, Sintra, R. Retiro dos Pacatos, 50 - sala 10",2635-224,Covas,Sintra,Lisboa,"Editorial Grupo V - Portugal, Lda",Domingos Duarte dos Santos Janeiro,__,,"Editorial Grupo V - Portugal, Lda",Sintra,Lisboa,,a.lobo@grupov.com,www.motosport.com.pt
126798,01-02-2016,TV Europa,Online,Nacional,Informação Geral,Diária,Registo Definitivo,"R. Alberto Villaverde Cabral, 2B, 1º Esq.",1400-905,Lisboa,Lisboa,Lisboa,Manuel António Silva,Manuel António Silva,,,Manuel António Silva,Lisboa,Lisboa,,tveuropa.pt@gmail.com,www.tveuropa.pt
126799,02-02-2016,Risco,Papel/Online,Nacional,Informação Geral,Trimestral,Registo Definitivo,"R. Cidade de Rabat, 41 B",1500-159,Lisboa,Lisboa,Lisboa,"Multipublicações - Edição, Publicação de Informação e Prestação de Serviços de Comunicação, Lda",Ricardo Jorge Isidro Carneiro Florêncio,,,"Multipublicações - Edição, Publicação de Informação e Prestação de Serviços de Comunicação, Lda",Lisboa,Lisboa,,secretariado@multipublicacoes.pt,
126807,16-02-2016,Delas,Online,Nacional,Informação Geral,Diária,Registo Definitivo,"R. Monte dos Burgos, 470, 1º",4250-311,Porto,Porto,Porto,"Notícias Ilimitadas, S.A.",Rafael João Alves Tavares Barbosa,,,"Notícias Ilimitadas, S.A.",Maia,Porto,,carla.ferreirinha@noticiasilimitadas.pt,https://www.jn.pt/delas
126811,23-02-2016,Revista Motos 2000,Papel,Nacional,Informação Especializada,Mensal,Registo Definitivo,"Edif. StartUp, Sintra, R. Retiro dos Pacatos, 50 - sala 10",2635-224,Covas,Sintra,Lisboa,Nuno Gomes,Domingos Duarte dos Santos Janeiro,,,"Editorial Grupo V - Portugal, Lda",Sintra,Lisboa,,a.lobo@grupov.com,
126812,26-02-2016,Diário de Trás-os-Montes,Online,Regional,Informação Geral,Diária,Registo Definitivo,"R. Amadeu Sousa Cardoso, Lote 35 R/C",5300-082,Bragança,Bragança,Bragança,António Manuel Pereira,António Manuel Pereira,,,António Manuel Pereira,Bragança,Bragança,,diario.tm@hotmail.com,http://www.diariodetrasosmontes.com/
126818,02-03-2016,Revista Rua,Online,Regional,Informação Geral,Semanal,Registo Definitivo,"R. da Demanda, 50, Piso 1",4740-023,Esposende,Esposende,Braga,Andreia Filipa Oliveira Ferreira,Andreia Filipa Oliveira Ferreira,,,"Érre Design & Editorial, Lda.",Esposende,Braga,,redacao@revistarua.pt,https://www.revistarua.pt
126819,08-03-2016,PME Magazine - Portugal.Mundo.Empresas,Papel/Online,Nacional,Informação Especializada,Anual,Registo Definitivo,"R. Nóbrega e Sousa, 8D (loja)",1750-409,Lisboa,Lisboa,Lisboa,"Parágrafinesperado - Unipessoal, Lda.",Ana Marisa Vieira,,,"Parágrafinesperado - Unipessoal, Lda.",Loures,Lisboa,,info@pmemagazine.com,https://pmemagazine.sapo.pt/
126822,21-03-2016,Sport On Stage,Online,Nacional,Informação Especializada,Diária,Registo Definitivo,"R. de Santos Pousada, 1210 - 5.º Esq.",4000-483,Porto,Porto,Porto,Mónica Patrícia da Silva Ferreira,Ivo Manuel Appelt do Amaral Aguiar Carvalho,,,Ivo Manuel Appelt do Amaral Aguiar Carvalho,Porto,Porto,,geral@sportonstage.com,http://www.sportonstage.com/
126826,30-03-2016,Forbes,Papel,Nacional,Informação Especializada,Bimestral,Registo Definitivo,"Tagus Park - Edifício Tecnologia, 41, 71 a 74",2740-122,Porto Salvo,Oeiras,Lisboa,"Media9Par, S.A.",Nilza Rodrigues,,,Forbes IP (HK),,,,financas@medianove.com,
126835,14-04-2016,Revista do Direito da Insolvência,Papel/Online,Nacional,Informação Especializada,Anual,Registo Definitivo,"Avenida Emídio Navarro, 81, 3D",3000-151,Coimbra,Coimbra,Coimbra,"Edições Almedina, SA",Maria do Rosário Lisboa Epifânio Pereira de Pinho Engrácia Antunes,José Manuel dos Santos Barquinha Branco,,"Ediçoes Almedina, SA",Coimbra,Coimbra,,edjuridicas@grupoalmedina.net,www.almedina.net
126837,20-04-2016,Revista Aqui é Fresco,Papel/Online,Nacional,Informação Especializada,Semestral,Registo Definitivo,"R. D. Nuno Álvares Pereira, nº 4 - 4 A, Bloco 4, 5º Piso",2695-445,Bobadela,Loures,Lisboa,Bruno Farias,João Vieira Lopes,Carla Esteves,,"Aqui é Fresco - Sociedade de Desenvolvimento Retalhista, SA",Loures,Lisboa,,geral@unimark.pt,http://www.aquiefresco.pt
126840,22-04-2016,Agência de Informação Norte,Online,Regional,Informação Geral,Diária,Registo Definitivo,"Rua Campo do Monte, 100, 2.º Esquerdo, Traseiras",4430-041,Vila Nova de Gaia,Vila Nova de Gaia,Porto,Óscar Manuel Marques,António Gomes Pereira da Costa,,,António Gomes Pereira da Costa,Vila Nova de Gaia,Porto,,geral@airinformacao.pt,www.airinformacao.pt
126841,22-04-2016,VMTV,Online,Regional,Informação Geral,Diária,Registo Definitivo,"R. do Emigrante, 33",4850-523,Vieira do Minho,Vieira do Minho,Braga,Paulo Sérgio Freitas Magalhães,Paulo Sérgio Freitas Magalhães,Filipe Dias,,"Ilustrador de Sonhos, Unipessoal, Lda.",Vieira do Minho,Braga,,vieiradominhotv@gmail.com,https://vmtv.sapo.pt/
126846,10-05-2016,ZAP.aeiou,Online,Nacional,Informação Geral,Diária,Registo Definitivo,"R. D. João I, 99",4450-164,Matosinhos,Matosinhos,Porto,"Cool Beans !, Lda.",Armando José de Carvalho Batista,,,"Cool Beans !, Lda.",Matosinhos,Porto,,zap@zap.aeiou.pt,http://zap.aeiou.pt
126847,13-05-2016,Future Behind,Online,Nacional,Informação Especializada,Semanal,Registo Definitivo,"R. do Sargaço, 10, R/C",2350-355,Riachos,Torres Novas,Santarém,André Calado de Oliveira Santos,André Calado de Oliveira Santos,,,André Calado de Oliveira Santos,Torres Novas,Santarém,,andre@futurebehind.com,http://futurebehind.com
126848,13-05-2016,Nit,Online,Nacional,Informação Especializada,Diária,Registo Definitivo,"R. António Albino Machado, 13 B",1600-831,Lisboa,Lisboa,Lisboa,Andreia Costa,Jaime Martins Alberto,,,"Madmen, Lda.",Lisboa,Lisboa,,geral@nit.pt,Nit.pt
126851,14-06-2016,Noite e Música Magazine,Online,Nacional,Informação Especializada,Semanal,Registo Definitivo,"Rua do Bacelo 140, C2",4300-056,Porto,Porto,Porto,Nelson Tiago Araújo Martins,Nelson Tiago Araújo Martins,,,Nelson Tiago Araújo Martins,Porto,Porto,,nelsontiago@noitemusicamagazine.pt,http://www.noitemusicamagazine.pt/
126852,14-06-2016,Forcadilhas e Toiros,Online,Nacional,Informação Especializada,Semanal,Registo Definitivo,"Urb. Cabeço Bicesse, Tv. João Villaret, Lt.8, n.º 10 - 3.º Esq.",2645-620,Bicesse,Cascais,Lisboa,Armando de Sousa Alves,Armando de Sousa Alves,,,Armando de Sousa Alves,Cascais,Lisboa,,armando.alves@forcadilhasetoiros.com,www.forcadilhasetoiros.com
126861,01-07-2016,Portugal Business On the Way,Papel/Online,Nacional,Informação Especializada,Quadrimestral,Registo Definitivo,"R. Paiva de Andrade, 24 a 28",2560-357,Torres Vedras,Torres Vedras,Lisboa,AEP - Associação Empresarial de Portugal,Luís Miguel Ribeiro,Jorge Marcolino,,AEP - Associação Empresarial de Portugal,Porto,Porto,,jorge.marcolino@aeportugal.pt,www.portugalbusinessontheway.com
126863,04-07-2016,Info-Fajãs,Online,Regional,Informação Geral,Diária,Registo Definitivo,"R. Engenheiro Fernando Mesquita, 8",9800-564,Velas,Velas,Ilha de São Jorge,Mark Silveira Marques,Mark Silveira Marques,,,Mark Silveira Marques,Velas,Ilha de São Jorge,Região Autónoma dos Açores,info.fajas2016@gmail.com,www.info-fajas.pt
126864,04-07-2016,Litoral Centro - Comunicação e Imagem,Online,Nacional,Informação Geral,Diária,Registo Definitivo,"Praceta de Ílhavo, Mercado Municipal de Santiago, Loja 34 - L",3810-145,Aveiro,Aveiro,Aveiro,Joaquim Manuel da Conceição Carlos,Joaquim Manuel da Conceição Carlos,,,Joaquim Manuel da Conceição Carlos,Aveiro,Aveiro,,editorlitoralcentro@gmail.com,http://litoralcentro-comunicacaoeimagem.pt
126865,06-07-2016,Jornal Audiência,Papel,Regional,Informação Geral,Quinzenal,Registo Definitivo,"Rua do Mourato, 70 - A",9600-224,Ribeira Seca,Ribeira Grande,Ilha de São Miguel,Joana Vasconcelos,Joaquim Ferreira Leite,,,"ARG Comunicação, Lda.",Ribeira Grande,Ilha de São Miguel,Região Autónoma dos Açores,geral@jornalaudiencia.pt,
126867,07-07-2016,JANUS.NET e-journal of International Relations,Online,Nacional,Informação Especializada,Semestral,Registo Definitivo,"Rua de Santa Marta, 47 -3 º",1169-023,Lisboa,Lisboa,Lisboa,OBSERVARE - Observatório de Relações Internacionais,Luis José Rodrigues Leitão Tomé,,Brígida Brito,"CEU - Cooperativa de Ensino Universitario, C.R.L.",Lisboa,Lisboa,,janus.net@autonoma.pt,https://observare.autonoma.pt/janus-net/
126868,07-07-2016,ADN - Agência de Notícias,Online,Regional,Informação Geral,Diária,Registo Definitivo,"R. Manuel Maria Barbosa Du Bocage, n.º 39 - 2.º Dt.º",2955-207,Pinhal Novo,Palmela,Setúbal,Paulo Jorge Romão de Oliveira,Paulo Jorge Romão de Oliveira,,,Dina Izabel Costa Horta,Palmela,Setúbal,,dichorta@gmail.com,www.adn-agenciadenoticias.com
126870,14-07-2016,Planalto Barrosão,Papel,Regional,Informação Geral,Mensal,Registo Definitivo,"Trav. do Pólo Norte, 6, 1.º Esq.",5470-251,Montalegre,Montalegre,Vila Real,Associação Editorial das Terras Altas,Hernâni Luís Pinheiro de Carvalho,,,Associação Editorial das Terras Altas,Montalegre,Vila Real,,info@planaltobarrosao.pt,
126872,18-07-2016,Liga Amadora TV Jornal Desportivo Online,Online,Regional,Informação Especializada,3 x semana,Registo Definitivo,"R. de Carral, 180",4590-544,Paços de Ferreira,Paços de Ferreira,Porto,José Manuel Moreira Martins,José Manuel Moreira Martins,,,José Manuel Moreira Martins,Paços de Ferreira,Porto,,ligaamadoratv@gmail.com,www.ligaamadoratv.pt
126874,18-07-2016,Jornal N,Papel/Online,Regional,Informação Geral,Semanal,Registo Definitivo,Avenida Principal nº 5200,4520-223,Lourosa,Santa Maria da Feira,Aveiro,"Diarios e Binários - Unipessoal, Lda",Rui Manuel Leal Pereira,,,"Diários e Binários - Unipessoal, Lda.",Santa Maria da Feira,Aveiro,,gerencia@jornaln.pt,
126881,22-08-2016,ECO,Papel/Online,Nacional,Informação Especializada,Anual,Registo Definitivo,"Rua Joshua Benoliel, nº 6 - 3º B e C",1250-133,Lisboa,Lisboa,Lisboa,"Swipe News, SA",António Augusto Ramos Oliveira Costa,Shrikesh Laxmidas,André Veríssimo e Tiago Freire,"Swipe News, S.A.",Lisboa,Lisboa,,administrativo@eco.pt,www.eco.pt
126893,01-09-2016,Triatleta,Papel/Online,Nacional,Informação Especializada,Trimestral,Registo Definitivo,"Av. 5 de outubro, 351 - 3.º Esq",1600-036,Lisboa,Lisboa,Lisboa,José Miguel Maia Henriques,Sofia Alexandra Pereira Lopes Guerra Roque Maia Henriques,,,"Soedit, Unipessoal, Lda.",Lisboa,Lisboa,,triatl3ta@gmail.com,
126896,09-09-2016,Jornalíssimo,Online,Nacional,Informação Geral,Mensal,Registo Definitivo,"Av. D. Afonso Henriques, 863, 4.º Esq. Frt.",4450-015,Matosinhos,Matosinhos,Porto,Joana Guimarães Lopes,Joana Guimarães Lopes (utiliza o nome profissional de Joana Fillol),,,Joana Guimarães Lopes,Matosinhos,Porto,,joanafillol@gmail.com,www.jornalissimo.com
126898,21-09-2016,Torres Vedras Web,Online,Regional,Informação Geral,Semanal,Registo Definitivo,"Rua Principal, 14",2560-249,Torres Vedras,Torres Vedras,Lisboa,"Asterico Vaidoso, Lda.",Sérgio Rodrigo dos Santos Lopes,,Elisabete Santos Silva,"Asterisco Vaidoso, Lda.",Torres Vedras,Lisboa,,geral@asteriscovaidoso.pt,https://torresvedrasweb.pt
126907,04-10-2016,Ondas da Serra,Online,Nacional,Informação Especializada,Semestral,Registo Definitivo,"R. Dom Batista Ramos, 60 - 1.º Dt.º",3880-190,Ovar,Ovar,Aveiro,Rosa Maria Leal Rodrigues,Rosa Maria Leal Rodrigues,,,Rosa Maria Leal Rodrigues,Ovar,Aveiro,,rosamrodrigues@ondasdaserra.pt,http://ondasdaserra.pt
126908,04-10-2016,Bairrada Informação,Online,Regional,Informação Geral,Diária,Registo Definitivo,"R. Eça de Queirós, lote. Quinta dos coutos L. 6 - 2J",3050-385,Mealhada,Mealhada,Aveiro,Mónica Sofia Brás de Gouveia Lopes,Mónica Sofia Brás de Gouveia Lopes,,,"BI- Bairrada Informação, Unipessoal,Lda",Mealhada,Aveiro,,publicidade@bairradainformacao.pt,https://www.bairradainformacao.pt/
126910,20-10-2016,SaúdeOnline,Online,Nacional,Informação Especializada,Diária,Registo Definitivo,"R. Padre Américo, 19 B, 1º Esq.",1600-548,Lisboa,Lisboa,Lisboa,"Saúde Online - Comunicação MMLA, Lda",Silvia Catarina Marques Malheiro,,,Joana Correia de Freitas Santos Coração de Figueiredo Araújo,Lisboa,Lisboa,,joanascoracao@gmail.com,saudeonline.pt
126911,21-10-2016,Audiência GP Grande Porto,Papel,Regional,Informação Geral,Semanal,Registo Definitivo,"R. do Mourato, 70-A",9600-224,Ribeira Seca,Ribeira Grande,Ilha de São Miguel,Joana Vasconcelos,Joaquim Ferreira Leite,,,"AGP Comunicação, Lda.",Vila Nova de Gaia,Porto,,geral@jornalaudiencia.pt,
126912,24-10-2016,Tribuna Alentejo,Online,Regional,Informação Geral,Diária,Registo Definitivo,"R. Circular Norte, Edifício do Nere, S/N",7005-841,Évora,Évora,Évora,Susana Pedro,Luís Miguel Quintino Carapinha,,,"Costa, Calado, Pina & Associados, Lda.",Évora,Évora,,direcao@tribunaalentejo.pt,www.tribunaalentejo.pt
126913,26-10-2016,Link To Leaders,Online,Nacional,Informação Especializada,Diária,Registo Definitivo,"Av. D. João II, 98 A",1990-100,Lisboa,Lisboa,Lisboa,Natividade Simões,Maria Leonor da Conceição Pipa Amorim,,,Versos e Trocadilhos - Lda,Lisboa,Lisboa,,info@linktoleaders.com,www.linktoleaders.com
126915,28-10-2016,Eco de Vagos,Papel/Online,Regional,Informação Geral,Mensal,Registo Definitivo,"R. Padre Vicente Maria da Rocha, 555",3840-453,Vagos,Vagos,Aveiro,Santa Casa da Misericórdia de Vagos,Salomé São Marcos Filipe,,,Santa Casa Misericórdia de Vagos,Vagos,Aveiro,,misericordiadevagos@scmvagos.eu,https://www.ecodevagos.pt/pt
126919,09-11-2016,Jornal 1X2,Papel,Nacional,Informação Especializada,Semanal,Registo Definitivo,"R. Dr. Álvaro Abranches da Câmara, nº 42 B",2800-015,Almada,Almada,Setúbal,"Joaquim Rosa da Silva, Lda.",Joaquim Rosa da Silva,Rui Manuel Guerra Santos,,"Joaquim Rosa da Silva, Lda.",Almada,Setúbal,,geral@jornal1x2.pt,http://www.jornal1x2.pt
126921,17-11-2016,Humanamente,Online,Nacional,Informação Especializada,Anual,Registo Definitivo,"R. das Padeiras, 15",3520-065,Nelas,Nelas,Viseu,Paula Cristina Lopes Gouveia,Paula Cristina Lopes Gouveia,,,Paula Cristina Lopes Gouveia,Nelas,Viseu,,humanamente@outlook.pt,http://humanamente.pt
126922,25-11-2016,O Vila Maior,Papel/Online,Regional,Informação Geral,Mensal,Registo Definitivo,"R. Leira Longa, 39 - Goja",3660-710,Goja,São Pedro do Sul,Viseu,"VILA MAIOR 3660 - Associação Cultural, Social e Desportiva",Carlos Luís Rolo,Isabel de Lima Quintas,,"VILA MAIOR 3660 - Associação Cultural, Social e Desportiva",São Pedro do Sul,Viseu,,vm3660@sapo.pt,
126923,30-11-2016,Fundamental  - Diário Online,Online,Regional,Informação Geral,Diária,Registo Definitivo,"R. 25, de Abril, Quinta Fundamental, Vale Fojo",2050-408,Vale do Paraiso,Azambuja,Lisboa,Nuno Filipe da Silva Cláudio,Nuno Filipe da Silva Cláudio,,,"Planeta Compatível, Unipessoal, Lda.",Azambuja,Lisboa,,nc@fundamental-diario.pt,www.fundamental-diario.pt
126930,21-12-2016,Diáspora Lusa Magazine,Papel/Online,Nacional,Informação Geral,Trimestral,Registo Definitivo,"R. João de Ruão, 12 - Torre do Arnado - 12º piso, Bloco D, sala 3",3000-229,Coimbra,Coimbra,Coimbra,"Diáspora Lusa - Comunicação, Edições e Eventos, Lda.",Raul José Senra Freire Marques,,,"Diáspora Lusa - Comunicação, Edições e Eventos, Lda.",Coimbra,Coimbra,,info@diasporalusa.pt,www.diasporalusa.pt
126932,27-12-2016,Revista Spot,Online,Regional,Informação Especializada,Quinzenal,Registo Definitivo,"Instituto Empresarial do Minho, R. do Conhecimento 10",4730-575,Soutelo,Vila Verde,Braga,Luis Alberto Gomes Vidigal,Luís Alberto Gomes Vidigal,Maria Antónia Rocha Peixoto,,Paginencantada - Unipessoal Lda.,Vila Verde,Braga,,revistaspot.braga@gmail.com,www.revistaspot.pt
126934,29-12-2016,Azul - Ericeira MAG,Papel/Online,Regional,Informação Especializada,Trimestral,Registo Definitivo,Ericeira Business Factory - Ericeira,2655-256,Ericeira,Mafra,Lisboa,Hugo da Rocha Pereira,Hugo da Rocha Pereira,,,Hugo da Rocha Pereira,Mafra,Lisboa,,info@ericeiramag.pt,www.ericeiramag.pt
126947,08-02-2017,Revista de Direito Comercial,Online,Nacional,Informação Especializada,Anual,Registo Definitivo,"Av. Infante Santo, 43, 2º",1350-177,Lisboa,Lisboa,Lisboa,Pedro Manuel de Melo Pais de Vasconcelos,Pedro Manuel de Melo Pais de Vasconcelos,Pedro Leitão Pais de Vasconcelos,,Pedro Manuel de Melo Pais de Vasconcelos,Lisboa,Lisboa,,geral@revistadedireitocomercial.com,www.revistadedireitocomercial.com
126951,13-02-2017,Jornal Novo Regional,Papel/Online,Regional,Informação Geral,Mensal,Registo Definitivo,"Rua Joaquim Marques dos Santos, 238, 2.º",4440-667,Valongo,Valongo,Porto,"Jornal Novo Regional, Lda",Agostinho Duarte Castro Ribeiro,Filipe Sérgio Pinto Marqes,,"Jornal Novo Regional, Lda",Valongo,Porto,,ad@jornalnovoregional.pt,www.jornalnovoregional.pt
126958,01-03-2017,O Jornal Dentistry - Para Profissionais de Medicina Dentária,Papel/Online,Nacional,Informação Especializada,Mensal,Registo Definitivo,"Lg. da Lagoa, 7-C Sala 206",2795-116,Linda a Velha,Oeiras,Lisboa,"Medianext Professional Information, Lda.",Célia Filipa Gonçalves Coutinho Alves,,,"Medianext Professional Information, Lda.",Oeiras,Lisboa,,daf@medianext.pt,www.jornaldentistry.pt
126962,17-03-2017,InfoDigital,Online,Nacional,Informação Geral,Mensal,Registo Definitivo,"R. Caetano Feu - Edif. Vila Rocha, 2.º F",8500-807,Portimão,Portimão,Faro,Sara Margarida Tomé Barquinha Canceiro,Sara Margarida Tomé Barquinha Canceiro,Fábio Alexandre Santos Barquinha Canceiro,,Sara Margarida Tomé Barquinha Canceiro,Portimão,Faro,,sara.barquinha@gmail.com,www.infodigital.pt
126963,21-03-2017,Linha da Notícia,Online,Nacional,Informação Geral,Semanal,Registo Definitivo,"R. Virgínia Rau, 9",2865-347,Pinhal General,Seixal,Setúbal,Jorge António Torres Martins Carmona,Jorge António Torres Martins Carmona,,,Jorge António Torres Martins Carmona,Seixal,Setúbal,,geral@linhadanoticia.pt,www.linhadanoticia.pt
126967,21-03-2017,Revista das Freguesias,Papel/Online,Nacional,Informação Especializada,Semestral,Registo Definitivo,Largo da Estação s/n,4700-223,Braga,Braga,Braga,Associação de Estudos de Direito Regional e Local - AEDREL,Carlos José Guimarães Almeida Pereira Batalhão,,António Cândido Macedo de Oliveira,Associação de Estudos de Direito Regional e Local - AEDREL,Braga,Braga,,aedrel@aedrel.org,www.aedrel.org
126968,21-03-2017,Revista dos Municípios,Papel,Nacional,Informação Especializada,Semestral,Registo Definitivo,Largo da Estação s/n,4700-223,Braga,Braga,Braga,Associação de Estudos de Direito Regional e Local - AEDREL,António Cândido Macedo de Oliveira,,Fernanda Paula Oliveira,Associação de Estudos de Direito Regional e Local - AEDREL,Braga,Braga,,aedrel@aedrel.org,www.aedrel.org
126970,27-03-2017,Jornal da Maia,Online,Regional,Informação Geral,Diária,Registo Definitivo,"R. Pedro Julião, 114 - R/c",4470-349 Maia,Maia,Maia,Porto,"Severaldiscoveries, Unipessoal, Lda.",Artur José Machado Bacelar,,,Artur José Machado Bacelar,Maia,Porto,,artur@maiahoje.pt,www.jornaldamaia.pt
126972,29-03-2017,Notícias Maia,Online,Regional,Informação Geral,Diária,Registo Definitivo,"Av. Visconde Barreiros, 36, Loja 12",4470-151,Maia,Maia,Porto,"Espadas & Dragões, Lda.",Gonçalo Emanuel Teixeira dos Santos,,,"Espadas & Dragões, Lda.",Maia,Porto,,geral@noticiasmaia.com,www.noticiasmaia.com
126975,29-03-2017,Smartphone Magazine,Online,Nacional,Informação Especializada,Bimestral,Registo Definitivo,"Av. do Atlântico, 16 - Edificio Panoramic - 14º piso - Escritório 8",1990-019,Lisboa,Lisboa,Lisboa,"Vias do Futuro - Tecnologias de Informação, Lda",Sérgio Manuel Gaspar Gomes Alves,,,"Vias do Futuro - Tecnologias de Informação, Lda",Lisboa,Lisboa,,geral@futuro.net,https://utilizador.pt
126977,31-03-2017,V Grandes Escolhas,Papel/Online,Nacional,Informação Especializada,Mensal,Registo Definitivo,"R. Gregório Lopes, Lote 1517 - R/C A",1400-195,Lisboa,Lisboa,Lisboa,"Reserva Especial - Edições e Eventos, Lda.",Valéria Victorovna Zeferino,,,"Reserva Especial - Edições e Eventos, Lda.",Lisboa,Lisboa,,anaruivo@grandesescolhas.com,www.grandesescolhas.com
126978,31-03-2017,Liderança no Feminino,Online,Nacional,Informação Especializada,Mensal,Registo Definitivo,"R. Nova da Junqueira, 145",4405-768,Vila Nova de Gaia,Vila Nova de Gaia,Porto,Sandra Carla Pereira Arouca,Sandra Carla Pereira Arouca,,,Sandra Carla Pereira Arouca,Vila Nova de Gaia,Porto,,sandra.p.arouca@gmail.com,www.liderancanofeminino.org
126979,07-04-2017,Magazine Serrano,Papel,Regional,Informação Geral,Mensal,Registo Definitivo,"R. do Ténis, 3",6370-171,Fornos de Algodres,Fornos de Algodres,Guarda,Maria da Conceição Violante Monteiro Pacheco,António José Monteiro Pacheco,,,Maria da Conceição Violante Monteiro Pacheco,Fornos de Algodres,Guarda,,magazineserrano@gmail.com,
126980,17-04-2017,Jornal da Praceta - Primeiro jornal electrónico de um bairro de Lisboa,Online,Regional,Informação Geral,Quinzenal,Registo Definitivo,"R. José Lins do Rêgo, 3 - 1.º Frente",1700-262,Lisboa,Lisboa,Lisboa,Carlos Manuel Pereira Fontes,Carlos Manuel Pereira Fontes,,,Carlos Manuel Pereira Fontes,Lisboa,Lisboa,,carlos.fontes@jornaldapraceta.pt,www.jornaldapraceta.pt
126988,15-05-2017,Estação Diária Edição Jornal,Online,Regional,Informação Geral,Diária,Registo Definitivo,"EN 231, Palácio do Gelo Shopping Loja 321,3.º Piso",3500-606,Viseu,Viseu,Viseu,"AP Produções, Lda.",José Alberto Ribeiro Monteiro Gomes,,,"Alberto & Paulo - Áudio Produções, Lda.",Viseu,Viseu,,comerciais@968.fm,https://estacaodiariajornal.sapo.pt
126989,16-05-2017,Olhares de Lisboa.pt,Papel/Online,Regional,Informação Geral,Diária,Registo Definitivo,"Av. Eng. Arantes e Oliveira, 3 - R/c",1900-221,Lisboa,Lisboa,Lisboa,"Avalanche de Sonhos, Unipessoal, Lda.",Mário José Gonçalves Rodrigues,,,"Avalanche de Sonhos, Unipessoal, Lda.",Lisboa,Lisboa,,avalanchedesonhos@sapo.pt,www.olharesdelisboa.pt
126992,25-05-2017,Amarante Magazine,Online,Regional,Informação Geral,Semanal,Registo Definitivo,"Rua Mário Cal Brandão, 418",4600-088,Amarante,Amarante,Porto,"Lara Luís, Lda.",Nicolau Ribeiro,,,"Lara Luís, Lda.",Amarante,Porto,,mail@amarantemagazine.pt,www.amarantemagazine.pt
126996,05-06-2017,O Tabuense,Papel/Online,Regional,Informação Geral,Quinzenal,Registo Definitivo,"Parque Industrial, Lote 5",3420-316,Tábua,Tábua,Coimbra,José Leite,Rui Carlos Moreira Batista,,,"Egicos - Comércio e Serviços, Lda.",Lisboa,Lisboa,,jornalotabuense@gmail.com,
126997,12-06-2017,Pesados & Mercadorias,Papel/Online,Nacional,Informação Especializada,Bimestral,Registo Definitivo,"R. João Henriques dos Santos, 11 - 1º D",2560-374,Torres Vedras,Torres Vedras,Lisboa,"Presstrans - Editora de Publicações, Lda.",Ana Paula Rodrigues Freitas (Pseudónimo - Ana Paula Oliveira),,,"Presstrans - Editora de Publicações, Unipessoal, Lda.",Torres Vedras,Lisboa,,anapaulaoliveira@pesadosemercadorias.com,www.pesadosemercadorias.com
127001,23-06-2017,Political Observer - Portuguese Journal of Political Science | Revista Portuguesa de Ciência Política,Papel/Online,Nacional,Informação Especializada,Semestral,Registo Definitivo,"R. D. João de Castro, 32-A",1300-193,Lisboa,Lisboa,Lisboa,Observatório Político - Associação de Investigação em Estudos Políticos,Maria Cristina Montalvão Marques Sarmento,,,Observatório Político - Associação de Investigação em Estudos Políticos,Lisboa,Lisboa,,revista@observatoriopolitico.pt,https://rpcp.pt/index.php/rpcp
127004,13-07-2017,Correio de Azambuja,Papel/Online,Regional,Informação Geral,Semestral,Registo Definitivo,"Largo do Esteiro, 6",2050-261,Azambuja,Azambuja,Lisboa,"PFM-Press, Lda.",Vítor Paulo Leitão Ferreira de Melo,,,Vítor Paulo Leitão Ferreira de Melo,Azambuja,Lisboa,,correiodeazambuja@gmail.com,http://correiodeazambuja.pt/
127007,18-07-2017,Sintranotícias,Online,Regional,Informação Geral,Diária,Registo Definitivo,"Condomínio Centro Comercial Shopping Center Massamá, Avenida 25 de Abril, lote 221/222/223",2745-862,Queluz,Sintra,Lisboa,Isabel Santos,Jorge Manuel da Conceição Tavares,Rui Oliveira,,Jorge Manuel da Conceição Tavares,Sintra,Lisboa,,jorgemtavares@sapo.pt,www.sintranoticias.pt
127008,07-07-2017,NM Notícias Matosinhos,Papel/Online,Regional,Informação Geral,Mensal,Registo Definitivo,"Av. D. Afonso Henriques, 1122, 1º andar, sala A",4450-011,Matosinhos,Matosinhos,Porto,Emídio de Jesus do Carmo Brandão,Francisco Samuel Brandão,Mário Costa,,"Emibra - Publicidade e Consultadoria de Gestao, Lda",Matosinhos,Porto,,revistanmmatosinhos@gmail.com,https://www.nmmatosinhos.com/
127009,26-07-2017,AFL Magazine,Papel/Online,Nacional,Informação Especializada,Semestral,Registo Suspenso,"R. Joaquim António de Aguiar, 19",1070-149,Lisboa,Lisboa,Lisboa,Maria João Freire,Nuno Miguel Grangeon Cárcomo Lobo,,,Associação de Futebol de Lisboa,Lisboa,Lisboa,,direccao@afl.pt,https://www.afl.pt
127013,09-08-2017,Algarve Marafado,Online,Regional,Informação Geral,Diária,Registo Definitivo,"R. Poeta António Aleixo, Lt. 29 Cv. Dta.",8400-600,Parchal,Lagoa (Algarve),Faro,Guedes de Oliveira,Jorge Manuel Coelho Eusébio,Guedes de Oliveira,,Jorge Manuel Coelho Eusébio,Lagoa (Algarve),Faro,,algarvemarafado@gmail.com,www.algarvemarafado.com
127016,17-08-2017,TVSH - Tvsenhoradahora,Online,Regional,Informação Geral,Diária,Registo Definitivo,"Av. António Domingues dos Santos, 88",4460-236,Senhora da Hora,Matosinhos,Porto,Vasco Pereira Carvalho,Vasco Pereira Carvalho,,,Vasco Pereira Carvalho,Matosinhos,Porto,,vascoshora@sapo.pt,www.tvsenhoradahora.com
127017,18-08-2017,Jornal Os Mirandelenses,Papel/Online,Regional,Informação Geral,Mensal,Registo Definitivo,Estrada Nacional 15,5370-620,Vimieiro,Mirandela,Bragança,Anabela Maria Esteves Guerra,Anabela Maria Esteves Guerra,,,Anabela Maria Esteves Guerra,Macedo de Cavaleiros,Bragança,,anabelaguerra2021@gmail.com,https://jornalosmirandelenses.wordpress.com/
127021,06-09-2017,"Investigação Criminal, Ciências Criminais e Forenses",Papel,Nacional,Informação Especializada,Semestral,Registo Definitivo,"R. Gomes Freire, 174",1169-007,Lisboa,Lisboa,Lisboa,Associação Sindical dos Funcionários de Investigação Criminal da Polícia Judiciária,Ricardo Jorge Pereira Sampaio de Andrade Grácio,,,Associação Sindical dos Funcionários de Investigação Criminal da Polícia Judiciária,Lisboa,Lisboa,,asficpjgeral@gmail.com,www.asficpj.pt
127026,20-09-2017,Encontro de Gerações,Papel,Regional,Informação Especializada,Quadrimestral,Registo Definitivo,Campo da República,4750-275,Barcelos,Barcelos,Braga,Santa Casa da Misericórdia de Barcelos,Fernando Nuno Fernandes Ribeiro dos Reis,,,Santa Casa da Misericórdia de Barcelos,Barcelos,Braga,,geral@misericordiabarcelos.pt,
127028,27-09-2017,O Minho,Online,Regional,Informação Geral,Diária,Registo Definitivo,"Av. da Liberdade, 318",4710-251,Braga,Braga,Braga,Pedro Gonçalo Costa,Pedro Luís Machado da Silva,,,PDG5 Media Lda.,Ponte de Lima,Viana do Castelo,,geral@ominho.pt,https://ominho.pt
127032,12-10-2017,A Casa do João,Online,Nacional,Informação Especializada,Semestral,Registo Definitivo,"Lg. Eng. António de Almeida, 30 - 3.º Sala DD3",4100-065,Porto,Porto,Porto,"Editora Trinta - Por - Uma - Linha, Unipessoal Lda.",João Manuel de Oliveira Ribeiro,,,"Editora Trinta - Por - Uma - Linha, Unipessoal Lda.",Porto,Porto,,tropeliasecompanhia@gmail.com,www.trintaporumalinha.com/revista
127037,18-10-2017,Life Saving,Online,Nacional,Informação Especializada,Trimestral,Registo Definitivo,R. Leão Penedo,8000-386,Faro,Faro,Faro,Bruno Miguel Martinho dos Santos,Bruno Miguel Martinho dos Santos,,,"Centro Hospitalar do Algarve, E.P.E.",Faro,Faro,,bsantos@chalgarve.min-saude.pt,https://www.chualgarve.min-saude.pt/lifesaving/
127038,18-10-2017,BEAUTYLAND - Um Mundo de Beleza & Bem Estar,Papel/Online,Nacional,Informação Especializada,Semestral,Registo Definitivo,"Rua da Bela Vista à Graça, 31 A, Piso 6, Escritório 18",1170-254,Lisboa,Lisboa,Lisboa,"Salvado & Sousa, Business Alliance, Lda.",Carlos Eduardo Gonçalves Simões Saraiva Salvado,,,"Salvado & Sousa, Business Alliance, Lda.",Lisboa,Lisboa,,info@salvado.pt,beautyland.pt
127052,16-11-2017,Electra,Papel,Nacional,Informação Especializada,Trimestral,Registo Definitivo,Av. Brasília - Central Tejo,1300-598,Lisboa,Lisboa,Lisboa,António Guerreiro,José Manuel Pereira dos Santos,,António Soares,Fundação Edp,Lisboa,Lisboa,,fundacaoedp@edp.pt,
127054,21-11-2017,Bola na Rede,Online,Nacional,Informação Especializada,Diária,Registo Definitivo,"Estrada da Luz, 2 - 3.º Dto",1600-158,Lisboa,Lisboa,Lisboa,Diogo Ribeiro,Mário Alexandre Cagica Pinto Pontes de Oliveira,,,Mário Alexandre Cagica Pinto Pontes de Oliveira,Lisboa,Lisboa,,mcppo1991@gmail.com,www.bolanarede.pt
127066,20-12-2017,Aquela Máquina,Online,Nacional,Informação Especializada,Diária,Registo Definitivo,"R. Luciana Stegagno Picchio, 3",1549-023,Lisboa,Lisboa,Lisboa,"Medialivre, S.A.",Carlos Filipe Espinho Rodrigues,"Armando Esteves Pereira, Eduardo Dâmaso, Bernardo Ribeiro, Alfredo Leite, José Carlos Castro",João Oliveira Ferreira,"Medialivre, S.A.",Lisboa,Lisboa,,plataforma@medialivre.pt,www.aquelamaquina.pt
127068,21-12-2017,Carzoom,Online,Nacional,Informação Especializada,Diária,Registo Definitivo,"R. Prof. Agostinho da Silva, 4 - 1ª Cave/Esq",2725-530,Mercês,Sintra,Lisboa,Tiago Miguel Fugas das Neves,Tiago Miguel Fugas das Neves,Luís Neves,Pedro Ramos,Tiago Miguel Fugas das Neves,Sintra,Lisboa,,tiagoneves@carzoom.pt,www.carzoom.pt
127071,27-12-2017,Revista de Direito Administrativo,Papel,Nacional,Informação Especializada,Quadrimestral,Registo Definitivo,"R. Castilho, 71, 1.º Direito",1250-068,Lisboa,Lisboa,Lisboa,AAFDL-Editora,Marco Rafael Fernandes Caldeira,,Jorge Miguel Pação Polido,Luis Filipe Fonseca Verde de Sousa,Sintra,Lisboa,,geral@revista-rda.pt,
127074,12-01-2018,Auto Mais,Online,Nacional,Informação Especializada,Diária,Registo Definitivo,"R. do Alfeite, 19",2890-347,São Francisco,Alcochete,Setúbal,"JC Edições e Publicações, Unipessoal Lda.",José Manuel Pança Caetano,,,"MMG Media, Unipessoal, Lda.",Oeiras,Lisboa,,jcaetano@autosport.pt,www.automais.pt
127076,15-01-2018,Paivense,Online,Regional,Informação Geral,Diária,Registo Definitivo,"R. Costinha, 873",4550-023,Bairros,Castelo de Paiva,Aveiro,Fabiano de Abreu Rodrigues,Fabiano de Abreu Rodrigues,,,Fabiano de Abreu Rodrigues,Castelo de Paiva,Aveiro,,mf@pressmf.global,www.paivense.pt
127077,15-01-2018,Correio do Cartaxo,Papel/Online,Regional,Informação Geral,Semestral,Registo Definitivo,"Largo do Esteiro, 6",2050-261,Azambuja,Azambuja,Lisboa,"PFM-Press, Lda.",Vitor Paulo Leitão Ferreira de Melo,,,Vítor Paulo Leitão Ferreira de Melo,Azambuja,Lisboa,,correiodocartaxo@gmail.com,www.correiodocartaxo.pt
127084,24-01-2018,Grupo da Imaculada,Papel,Nacional,Doutrinária,Trimestral,Registo Definitivo,"R. da Padroeira, 30",2495-418,Cova da Iria,Ourém,Santarém,Fundação Apostolado do Imaculado Coração de Maria,Frederico Azevedo de Santiago Sottomayor,Maria Lúcia Ferraz de Andrade,,Fundação Apostolado do Imaculado Coração de Maria,Ourém,Santarém,,grupoimaculada.com@sapo.pt,www.grupodaimaculada.com
127085,01-02-2018,Jornal de Albergaria,Papel/Online,Regional,Informação Geral,Quinzenal,Registo Definitivo,"R. Dr. Manuel Marques Lemos, 5 - B, R/c",3850-151,Albergaria-A-Velha,Albergaria-a-Velha,Aveiro,"Resumo Próprio, Comunicação Unip., Lda.",Paulo Jonas Ferreira Simões,,,Paulo Jonas Ferreira Simões,Aveiro,Aveiro,,pajonas97@gmail.com,https://www.jornaldealbergaria.pt
127091,15-02-2018,O Servo de Deus Padre Cruz,Papel/Online,Nacional,Doutrinária,3 x ano,Registo Definitivo,"R. da Madalena, 179 - R/C",1100-319,Lisboa,Lisboa,Lisboa,Dário Simões da Costa Pedroso,Dário Simões da Costa Pedroso,,,Causa de Beatificação e Canonização do Servo de Deus Padre Francisco da Cruz S.J.,Lisboa,Lisboa,,causapadrecruz@padrecruz.org,www.padrecruz.org
127092,20-02-2018,Notícias do Parque,Papel/Online,Regional,Informação Geral,Bimestral,Registo Definitivo,"Passeio do Levante, Lt. 4 - 7 B",1990-503,Lisboa,Lisboa,Lisboa,Miguel de Assis Caldeira Ferro Meneses,Miguel de Assis Caldeira Ferro Meneses,,,"Central Park - Produção de Texto e Imagem, Lda.",Lisboa,Lisboa,,geral@noticiasdoparque.com,www.noticiasdoparque.com
127093,26-02-2018,Regiãonline,Online,Regional,Informação Especializada,Diária,Registo Definitivo,"R. de S. José, 4B, 2 Dt.º",2725-131,Algueirão,Sintra,Lisboa,Raquel Martins da Silva Filipe,Raquel Martins da Silva Filipe,,,Raquel Martins da Silva Filipe,Sintra,Lisboa,,geral@regiaonline.pt,www.regiaonline.pt
127095,05-03-2018,Tribuna Desportiva,Papel,Regional,Informação Especializada,Semanal,Registo Definitivo,"R. da Indústria, 24",6200-114,Covilhã,Covilhã,Castelo Branco,Miguel Jorge Saraiva Alves Martins,Pedro Manuel Alves Martins,José Carlos Diamantino,Paulo Fernando Areias Mendonça,"Mensagem Vitalícia - Consultoria Desportiva, Lda.",Covilhã,Castelo Branco,,tribunadesportiva@gmail.com,
127099,07-03-2018,Graças do Padre Cruz SJ,Papel/Online,Nacional,Doutrinária,Semestral,Registo Definitivo,"R. da Madalena, 179, R/c",1100-319,Lisboa,Lisboa,Lisboa,Dário Simões da Costa Pedroso,Dário Simões da Costa Pedroso,,,Causa de Beatificação e Canonização do Servo de Deus Padre Francisco da Cruz S.J.,Lisboa,Lisboa,,causapadrecruz@padrecruz.org,www.padrecruz.org
127101,09-03-2018,Notícias CAP,Online,Nacional,Informação Especializada,Diária,Registo Definitivo,"R. Mestre Lima de Freitas, 1",1549-012,Lisboa,Lisboa,Lisboa,Confederação dos Agricultores de Portugal - CAP,Luis Miguel Correia Mira,,,Confederação dos Agricultores de Portugal - CAP,Lisboa,Lisboa,,candrade@cap.pt,www.cap.pt
127102,12-03-2018,MAGG,Online,Nacional,Informação Especializada,Diária,Registo Definitivo,"Av. Dom Rodrigo da Cunha, 20 - 2.º B Direito Norte",1700-141,Lisboa,Lisboa,Lisboa,Mariana Coelho,Catarina da Eira Ballestero,,,"Creative Ninjas, Lda.",Lisboa,Lisboa,,ricardopereira@magg.pt,https://magg.sapo.pt/
127103,13-03-2018,Welectric,Online,Nacional,Informação Especializada,Diária,Registo Definitivo,"R. Prof. Doutor Pedro Bettencourt Raposo, 5",2670-678,Vila de Rei,Loures,Lisboa,"Edições Vintage, Lda.",Adelino César Andrade Dinis,,,"Edições Vintage, Lda",Loures,Lisboa,,adelino.dinis@welectric.pt,www.wattson.pt
127104,14-03-2018,Auto Drive,Papel/Online,Nacional,Informação Especializada,Mensal,Registo Definitivo,"R. da Arrábida 44, 3º Frente",1250-034,Lisboa,Lisboa,Lisboa,Manuel Pedro Pereira Torres dos Santos Silva,Manuel Pedro Pereira Torres dos Santos Silva,,,"Be The Drive, Lda.",Lisboa,Lisboa,,geral@auto-drive.pt,www.auto-drive.pt
127105,15-03-2018,Pressnet,Online,Nacional,Informação Geral,Diária,Registo Definitivo,"Av. Padre Júlio Fragata, 111",4710-413,Braga,Braga,Braga,José Manuel carvalho,José Manuel Gomes de Carvalho,,,José Manuel Gomes de Carvalho,Braga,Braga,,geral@pressnet.pt,www.pressnet.pt
127106,19-03-2018,Essential Business,Papel/Online,Nacional,Informação Especializada,Trimestral,Registo Definitivo,"Av. Engenheiro Duarte Pacheco, Centro Comercial Amoreiras, Torre 2, Piso 10º, Fr. 11",1070-100,Lisboa,Lisboa,Lisboa,"Open Media Europe - Sociedade Editora, S.A.",Cátia Sofia Semedo de  Matos Mateus,,,"Open Media Europe - Sociedade Editora, S.A.",Oeiras,Lisboa,,cfo@essential-lisboa.com,www.essentialbusiness.net
127110,28-03-2018,Coimbra Coolectiva,Online,Regional,Informação Geral,Semestral,Registo Definitivo,"Rua Gomes Freire, 83",3000-204,Coimbra,Coimbra,Coimbra,Cool - Associação Coimbra Coolectiva - Jornalismo de Soluções,Vilma Orlanda Lobato Reis,,,Cool - Associação Coimbra Coolectiva - Jornalismo de Soluções,Coimbra,Coimbra,,geral@coolectiva.pt,https://coimbracoolectiva.pt/
127111,29-03-2018,Forever Young,Online,Nacional,Informação Especializada,Diária,Registo Definitivo,"R. Cidade de Rabat, 41 B",1500-159,Lisboa,Lisboa,Lisboa,"Multipublicações - Edição, Publicação de Informação e Prestação de Serviços de Comunicação, Lda",Ricardo Jorge Isidro Carneiro Florêncio,,,"Multipublicações - Edição, Publicação de Informação e Prestação de Serviços de Comunicação, Lda",Lisboa,Lisboa,,geral@multipublicacoes.pt,https://foreveryoung.sapo.pt/
127112,29-03-2018,Ecos de Barroso,Online,Regional,Informação Geral,Mensal,Registo Definitivo,"R. Principal, 23",5470-128,Vila Nova,Montalegre,Vila Real,Manuel Afonso Machado,Manuel Afonso Machado,,,Manuel Afonso Machado,Braga,Braga,,manuelafonsomachado@gmail.com,https://ecosdebarroso.com
127113,03-04-2018,Wonder Go Travel Magazine,Online,Nacional,Informação Especializada,Bimestral,Registo Definitivo,"R. Vicente António de Sousa, 6, 1º Esq.",1675-073,Pontinha,Odivelas,Lisboa,Carla Sofia Gama Branco Nobre Alexandre,Fernando Bombarda Borges,,,Fernando Bombarda Borges,Odivelas,Lisboa,,info.wondergomagazine@gmail.com,https://issuu.com/wondergomagazine
127116,06-04-2018,sinalAberto,Online,Nacional,Informação Geral,Bissemanal,Registo Definitivo,"R. Quinta da Portela, 99 - 1A",3030-509,Coimbra,Coimbra,Coimbra,Licínia Girão,Vitalino José Matias dos Santos,,,"Desalinha, Associação de Conteúdos",Coimbra,Coimbra,,sinalabertoglobal@gmail.com,https://www.sinalaberto.pt/
127119,18-04-2018,Fumaça,Online,Nacional,Informação Geral,Mensal,Registo Definitivo,"Rua de Arroios, 25 D",1150-053,Lisboa,Lisboa,Lisboa,Verdes Memórias - Associação,Margarida David Fonseca Pinto Cardoso,,,Verdes Memórias - Associação,Lisboa,Lisboa,,equipa@fumaca.pt,https://www.fumaca.pt
127121,23-04-2018,Manifesto Temas Sociais e Políticos,Papel,Nacional,Doutrinária,Semestral,Registo Definitivo,"R. Febo Moniz, 13 R/C",1150-152,Lisboa,Lisboa,Lisboa,Fórum Manifesto - Centro de Estudos Sociais e Politicos,Nuno Miguel Pires Serra,"Filipa Vala, João Rodrigues e Rogério Moreira",,Fórum Manifesto-  Centro de Estudos Sociais e Políticos,Lisboa,Lisboa,,rev.manifesto@gmail.com,
127124,03-05-2018,A Voz da Feira,Online,Regional,Informação Geral,Diária (dias úteis),Registo Definitivo,"Edifício Rainha, 4º Piso",3720-323,Oliveira de Azeméis,Oliveira de Azeméis,Aveiro,"Words Wizard, Lda.",António Leite,,,"Words Wizard, Lda.",Évora,Évora,,gestao@words-wizard.pt,https://avozdeterrasdesantamaria.sapo.pt/
127125,04-05-2018,OMD - Revista da Ordem dos Médicos Dentistas,Papel/Online,Nacional,Informação Especializada,Trimestral,Registo Definitivo,"Av. Dr. Antunes Guimarães, 463",4100-080,Porto,Porto,Porto,Ordem dos Médicos Dentistas,José Miguel Correia de Lemos Pavão,Maria da Graça Mota Parece; Tiago do Nascimento Borges,,Ordem dos Médicos Dentistas,Porto,Porto,,geral@omd.pt,https://www.omd.pt
127129,08-05-2018,Infância na Europa Hoje,Papel,Nacional,Informação Especializada,Anual,Registo Definitivo,"Bairro da Liberdade, Lote 9 - Loja 14 piso 0",1070-023,Lisboa,Lisboa,Lisboa,APEI - Associação de Profissionais de Educação de Infância,Luís Ribeiro,,,APEI - Associação dos Profissionais de Educação de Infância,Lisboa,Lisboa,,apei@apei.pt,www.apei.pt
127130,08-05-2018,Estrategizando,Online,Nacional,Informação Geral,Diária,Registo Definitivo,"Av. Cidade de Luanda, lote 483 - R/C B",1800-099,Lisboa,Lisboa,Lisboa,Heitor Júnior,Joffre António de Souza Justino,,,"Adivinhas da Cidade - Unipessoal, Lda.",Lisboa,Lisboa,,editor@estrategizando.pt,https://www.estrategizando.pt
127132,10-05-2018,RaioX,Online,Nacional,Informação Especializada,Mensal,Registo Definitivo,"R. Hermínia Silva, 8 - Lj A",2620-535,Ramada,Odivelas,Lisboa,Cátia Susana Rodrigues Jorge,Cátia Susana Rodrigues Jorge,,,"Alfa Gama Beta, Lda.",Mafra,Lisboa,,ricardogaudencio@raiox.pt,www.raiox.pt
127136,17-05-2018,A Cabine - Cultura Eletrónica Portuguesa,Online,Nacional,Informação Especializada,Diária,Registo Definitivo,"R. Fábrica de Sá, 122",4445-249,Alfena,Valongo,Porto,Daniel Moniz Duque,Daniel Moniz Duque,,,Daniel Moniz Duque,Valongo,Porto,,geral@acabine.pt,https://acabine.pt
127137,17-05-2018,Revista MA,Papel/Online,Nacional,Informação Especializada,Anual,Registo Definitivo,"R. do Gólgota, 215",4150-351,Porto,Porto,Porto,AEFAUP - Associação de Estudantes da Faculdade de Arquitectura da Universidade do Porto,Mariana Vilaça Azevedo Baptista Pereira,,,AEFAUP - Associação de Estudantes da Faculdade de Arquitectura da Universidade do Porto,Porto,Porto,,aefaup@gmail.com,https://revistama.cargo.site
127138,17-05-2018,Visão Saúde,Papel/Online,Nacional,Informação Especializada,Bimestral,Registo Definitivo,Avenida Jacques Delors Edificio Inovação 3.1 Espaço nº 511/512 ,2740-122,Porto Salvo,Oeiras,Lisboa,"Trust In News, Unipessoal, Lda.",Rui Manuel Tavares Guedes,,Sara Belo Luís,"Trust In News, Unipessoal, Lda.",Oeiras,Lisboa,,cscampos@trustinnews.pt,www.visao.pt
127140,17-05-2018,Iberian.Property,Papel/Online,Nacional,Informação Especializada,Trimestral,Registo Definitivo,"R. Gonçalo Cristóvão, 185 - 6º",4000-265,Porto,Porto,Porto,Susana Correia Ribeiro,Alexandre Santos Azevedo Lima,,,"Imoedições - Edições Periódicas e Multimédia, Unipessoal, Lda.",Porto,Porto,,info@iberinmo.com,www.iberian.property
127146,30-05-2018,Tâmega.TV,Online,Regional,Informação Geral,Diária,Registo Definitivo,"Lg. de Santa Luzia, 186, 1º Andar, Fração AF",4600-035,Amarante,Amarante,Porto,Jorge Manuel Osório Moura,Carlos Manuel Ribeiro Moura,Miguel Filipe Oliveira Magalhães,Rúben João Queirós Ferreira,Carlos Manuel Ribeiro Moura,Amarante,Porto,,moura_761@hotmail.com,www.tamega.tv
127147,11-06-2018,Security Magazine - Revista dos profissionais de segurança,Online,Nacional,Informação Especializada,Semanal,Registo Definitivo,"Av. Eng. Duarte Pacheco, 248, 1º Esq.",2870-216,Montijo,Montijo,Setúbal,Rita Simões de Sousa,Rita Simões de Sousa,,,Rita Simões de Sousa,Setúbal,Setúbal,,ritasimoess@gmail.com,www.securitymagazine.pt
127151,14-06-2018,Diário Digital Castelo Branco,Online,Regional,Informação Geral,Diária,Registo Definitivo,"R. Eurico Salles Viana, 32",6000-240,Castelo Branco,Castelo Branco,Castelo Branco,"CV Baleiras, Comunicação, Lda.",José António Ambrósio Baleiras,,,"CV Baleiras, Comunicação, Lda.",Castelo Branco,Castelo Branco,,geral@diariodigitalcastelobranco.pt,www.diariodigitalcastelobranco.pt
127154,19-06-2018,"e3 - Revista de Economia, Empresas e Empreendedores na CPLP",Online,Nacional,Informação Especializada,Semestral,Registo Definitivo,"Startup Madeira, Campus da Penteada, Sala 3",9020-105,Funchal,Funchal,Ilha da Madeira,"Ponte Editora, Sociedade Unipessoal, Lda.",Eduardo Manuel de Almeida Leite,,,"Ponte Editora, Sociedade Unipessoal, Lda.",Funchal,Ilha da Madeira,Região Autónoma da Madeira,geral@ponteditora.org,https://revistas.ponteditora.org/index.php/e3
127156,28-06-2018,A nossa PRIMA,Papel/Online,Nacional,Informação Especializada,Trimestral,Registo Definitivo,"Avenida Jacques Delors, Edifício Inovação 3.1 Espaço nº 511/512",2740-122,Porto Salvo,Oeiras,Lisboa,"Trust In News, Unipessoal, Lda.",Mariana de Sotto Mayor Correia de Barros Anahory,,,"Trust In News, Unipessoal, Lda.",Oeiras,Lisboa,,cscampos@trustinnews.pt,
127157,28-06-2018,A Pátria - Jornal da Comunidade Científica de Língua Portuguesa,Online,Nacional,Informação Especializada,Semanal,Registo Definitivo,"Startup Madeira, Campus da Penteada, Sala 3",9020-105,Funchal,Funchal,Ilha da Madeira,"Ponte Editora, Sociedade Unipessoal, Lda.",Eduardo Manuel de Almeida Leite,,,"Ponte Editora, Sociedade Unipessoal, Lda.",Funchal,Ilha da Madeira,Região Autónoma da Madeira,geral@apatria.org,http://apatria.org/
127165,16-07-2018,Fair Play,Online,Nacional,Informação Especializada,Semanal,Registo Definitivo,"R. Lucília do Carmo, 4 B Esc 4",1400-399,Lisboa,Lisboa,Lisboa,Francisco Isaac,João Carlos de Oliveira Bastos,,,João Carlos de Oliveira Bastos,Almeirim,Santarém,,fairplay@fairplay.pt,www.fairplay.pt
127166,16-07-2018,ANEFA,Papel/Online,Nacional,Informação Especializada,Quadrimestral,Registo Definitivo,"Rua Estado da Índia, n.º 29 - Edifício Goa, Sala 207",2685-146,Sacavém,Loures,Lisboa,"ANEFA - Associação Nacional de Empresas Florestais, Agrícolas e do Ambiente",Pedro Miguel de Matos Serra Ramos,,Eulália Botelho,"ANEFA - Associação Nacional de Empresas Florestais, Agrícolas e do Ambiente",Loures,Lisboa,,geral@anefa.pt,www.anefa.pt
127167,20-07-2018,Portuguese Journal of Public Health,Online,Nacional,Informação Especializada,Quadrimestral,Registo Definitivo,Avenida Padre Cruz,1600-560 Lisboa,Lisboa,Lisboa,Lisboa,Escola Nacional de Saúde Pública,António Neves Pires de Sousa Uva,,,Universidade Nova de Lisboa,Lisboa,Lisboa,,ensp@ensp.unl.pt,https://karger.com/PJP
127168,20-07-2018,LOURESmagazineODIVELAS,Papel,Regional,Informação Geral,Mensal,Registo Definitivo,"Av. da Liberdade, 19, 1º C",2620-318,Ramada,Odivelas,Lisboa,"Artur Lucena, Unipessoal, Lda.",Artur Coutinho de Lucena,,,"Artur Lucena, Unipessoal, Lda.",Odivelas,Lisboa,,louresmagazineodivelas@gmail.com,
127169,26-07-2018,Ecclesia,Online,Nacional,Informação Especializada,Diária,Registo Definitivo,Qta. do Bom Pastor - Estrada da Buraca,1549-025,Lisboa,Lisboa,Lisboa,Octávio Carmo,Paulo Fernando Cruz da Rocha,,,Secretariado Nacional das Comunicações Sociais,Lisboa,Lisboa,,agencia@ecclesia.pt,www.agencia.ecclesia.pt
127175,16-08-2018,Lusomotores,Online,Nacional,Informação Especializada,Semanal,Registo Definitivo,"R. Dona Joana, 9 - 3º Esq",2605-661,Casal da Barota,Sintra,Lisboa,"Lusosaber - Informação e Comunicação, Unipessoal, Lda.",José Jorge Gonçalves Reis,,,"Lusosaber - Informação e Comunicação, Unipessoal, Lda.",Sintra,Lisboa,,geral@lusomotores.com,www.lusomotores.com
127176,27-09-2018,MINHA,Papel/Online,Regional,Informação Especializada,Mensal,Registo Definitivo,"R. de São Brás, 1",4710-073,Braga,Braga,Braga,"Empresa do Diário do Minho, Lda.",Vasco Emanuel Azevedo Alves,,,"Empresa do Diário do Minho, Lda",Braga,Braga,,redacao@revistaminha.pt,www.revistaminha.pt
127178,02-10-2018,Lusonotícias,Online,Nacional,Informação Geral,Semanal,Registo Definitivo,"R. Dona Joana, 9 - 3º Esq",2605-661,Casal da Barota,Sintra,Lisboa,"Lusosaber - Informação e Comunicação, Unipessoal, Lda.",José Jorge Gonçalves Reis,,,"Lusosaber - Informação e Comunicação, Unipessoal, Lda.",Sintra,Lisboa,,geral@lusonoticias.com,www.lusonoticias.com
127182,09-10-2018,Linguará - uma revista pela língua portuguesa,Papel/Online,Nacional,Informação Especializada,Semestral,Registo Definitivo,"Avenida Duque D' Avila, 82, 6.º Andar",1050-084,Lisboa,Lisboa,Lisboa,Maria José Amorim,Maria José Amorim de Sousa Carmo,Julia  Souza Carmo Gutierrez,,Maria José Amorim de Sousa Carmo,Lisboa,Lisboa,,mjose.carmo@gmail.com,www.revistalinguara.com
127190,12-10-2018,Women's Health,Papel/Online,Nacional,Informação Especializada,Bimestral,Registo Definitivo,"R. Mouzinho da Silveira, 27, 2º",1250-166,Lisboa,Lisboa,Lisboa,"Global Notícias - Media Group, SA",Pedro Miguel dos Santos Lucas,,,"Hearst Magazines, Inc.",Lisboa,Lisboa,,ricardo.ferro@globalmediagroup.pt,https://www.womenshealth.pt/
127191,16-10-2018,Ribeira Verde,Papel,Regional,Informação Geral,Bimestral,Registo Definitivo,"R. Principal, 79",2435-504,Farrio,Ourém,Santarém,"União das Freguesias de Freixianda, Ribeira do Fárrio e Formigais",Ana Rita Pereira Costa Bento,,,"União das Freguesias de Freixianda,Ribeira do Fárrio,Formigais e Centro Social da Ribeira do Fárrio",Ourém,Santarém,,jornalribeiraverde@sapo.pt,
127196,29-10-2018,New In Setúbal,Online,Regional,Informação Especializada,Diária,Registo Definitivo,"R. António Albino Machado, 13 B",1600-831,Lisboa,Lisboa,Lisboa,Jaime Martins Alberto,Jaime Martins Alberto,,,"Madmen, Lda.",Lisboa,Lisboa,,sandra.piedade@grupowat.com,www.newinsetubal.nit.pt
127197,30-10-2018,TOP 100,Papel,Nacional,Informação Especializada,Bianual,Registo Definitivo,"Estrada de Paço de Arcos, 66",2735-336,Agualva-Cacém,Sintra,Lisboa,João Filipe Ferreira Rodrigues Vieira,João Filipe Ferreira Rodrigues Vieira,,,João Filipe Ferreira Rodrigues Vieira,Sintra,Lisboa,,joao.vieira@apcomunicacao.com,
127199,30-10-2018,New In Oeiras,Online,Regional,Informação Especializada,Diária,Registo Definitivo,"R. António Albino Machado, 13 B",1600-831,Lisboa,Lisboa,Lisboa,Jaime Martins Alberto,Jaime Martins Alberto,,,"Madmen, Lda.",Lisboa,Lisboa,,jaimealberto@nit.pt,www.newinoeiras.nit.pt
127204,09-11-2018,Turbo Frotas & Comerciais,Papel/Online,Nacional,Informação Especializada,Trimestral,Registo Definitivo,"Av. da Olaias, 19 A",2635-542,Rinchoa,Sintra,Lisboa,"Terra de Letras - Comunicação, Lda.",José Júlio Torres Alves dos Santos,,,"Terra de Letras -  Comunicação, Lda.",Sintra,Lisboa,,turbo@turbo.pt,www.comerciais-turbo.pt
127212,13-11-2018,Polígrafo,Online,Nacional,Informação Geral,Diária,Registo Definitivo,"R. Mário Castelhano, 40 - Barcarena",2734-502,Queluz de Baixo,Oeiras,Lisboa,José Fernando Macedo Esteves,Salomé Martins Leal,Gustavo Sampaio,,"Inevitável e Fundamental, Lda.",Lisboa,Lisboa,,fernandoesteves@poligrafo.pt,https://poligrafo.sapo.pt/
127216,14-11-2018,Guimarães Agora,Online,Regional,Informação Geral,Diária,Registo Definitivo,"R. D. Maria Faria Ramos, 452",4800-881,São Torcato,Guimarães,Braga,José Eduardo Oliveira da Silva Guimarães,José Eduardo Oliveira da Silva Guimarães,,,"Crónicaprazível Unipessoal, Lda.",Guimarães,Braga,,guimaraesagora@gmail.com,www.guimaraesagora.pt
127217,15-11-2018,The Portugal News,Papel/Online,Nacional,Informação Geral,Semanal,Registo Definitivo,"R. do Município de São Domingos, Urb. Lagoa Sol, Lt.3 R/c",8400-357,Lagoa,Lagoa (Algarve),Faro,"Anglopress - Edições e Publicidade, Lda.",Bruno G. Santos,,,"Anglopress - Edições e Publicidade, Lda.",Lagoa (Algarve),Faro,,accounts@theportugalnews.com,www.theportugalnews.com
127218,23-11-2018,a Sul,Papel/Online,Regional,Informação Geral,Semanal,Registo Definitivo,"Estrada Regional, 114-4, Quinta Nova da Torralva, s/n, Lugar de S. Bruno Évora",7000-744,Évora,Évora,Évora,Evidente Legenda Unipessoal Lda,Paulo Jorge Sertório Madeira Piçarra,,,Evidente Legenda Unipessoal Lda,Évora,Évora,,asulsemanario@gmail.com,www.asulgroup.wordpress.com
127222,30-11-2018,Zona Técnica Futsal,Online,Nacional,Informação Especializada,Diária,Registo Definitivo,"Travessa António de Azambuja, 8, 1º Esq.",2050-288,Azambuja,Azambuja,Lisboa,Carlos Amaro Correia Simões,Carlos Amaro Correia Simões,Rui Simões,,Carlos Amaro Correia Simões,Azambuja,Lisboa,,c.simoes83@gmail.com,http://zonatecnicafutsal.com
127223,30-11-2018,Beira Alta TV,Online,Regional,Informação Geral,Semanal,Registo Definitivo,"R. da Esperança, s/n",6360-063,Quintas do Salgueiro,Celorico da Beira,Guarda,Sérgio António dos Santos Caetano,Sérgio António dos Santos Caetano,,,Sérgio António dos Santos Caetano,Celorico da Beira,Guarda,,beiraaltatv@gmail.com,http://beiraaltatv.sapo.pt
127224,04-12-2018,Olhar Brasileiro Portugal,Online,Nacional,Informação Especializada,Mensal,Registo Definitivo,"R. do Caires, 328,  Loja 23",4700-207,Braga,Braga,Braga,Ruy Alexandre Generoso,Ruy Alexandre Generoso,,,Ruy Alexandre Generoso,Braga,Braga,,ruyalexandre@hotmail.com,www.revista.olharbrasileiro.pt
127225,04-12-2018,Notícias de Aveiro,Online,Regional,Informação Geral,Diária,Registo Definitivo,"Praceta da Metalomecânica, 16 - 3.º E",3800-235,Aveiro,Aveiro,Aveiro,Júlio Fernando Tavares de Almeida,Júlio Fernando Tavares de Almeida,,,"Notícias de Aveiro - Unipessoal, Lda",Aveiro,Aveiro,,info@noticiasdeaveiro.pt,www.noticiasdeaveiro.pt
127226,06-12-2018,O Digital,Online,Regional,Informação Geral,Diária,Registo Definitivo,"R. Florbela Espanca, 58 A",7160-283,Vila Viçosa,Vila Viçosa,Évora,Hugo Miguel Ramalho Calado,Hugo Miguel Ramalho Calado,,,"Calado Comunicação, Unipessoal, Lda.",Vila Viçosa,Évora,,geral.odigital@gmail.com,www.odigital.pt
127229,10-12-2018,CATS PT magazine,Online,Nacional,Informação Especializada,Semanal,Registo Definitivo,"R. Sem Nome, s/n - Sítio do Porto d'Era",2970-217,Casal das Figueiras,Sesimbra,Setúbal,Marta Isabel Vicente Neto Manta,Marta Isabel Vicente Neto Manta,,,Marta Isabel Vicente Neto Manta,Sesimbra,Setúbal,,cats.ptmagazine@gmail.com,www.cats-ptmagazine.com
127230,11-12-2018,Noticias LX,Online,Regional,Informação Geral,Diária,Registo Definitivo,"Al. Salgueiro Maia, Lote 4, 1º andar. Gab. 8",2660-329,Santo António dos Cavaleiros,Loures,Lisboa,António Luís Guedes Tavares,António Luís Guedes Tavares,,,António Luís Guedes Tavares,Odivelas,Lisboa,,noticias@noticiaslx.pt,https://NoticiasLx.pt
127231,11-12-2018,DOGS PT magazine,Online,Nacional,Informação Especializada,Diária (dias úteis),Registo Definitivo,"R. Sem Nome, s/n - Sítio do Porto d'Era",2970-217,Casal das Figueiras,Sesimbra,Setúbal,Marta Isabel Vicente Neto Manta,Marta Isabel Vicente Neto Manta,,,Marta Isabel Vicente Neto Manta,Sesimbra,Setúbal,,dogs.ptmagazine@gmail.com,www.dogs-ptmagazine.com
127233,19-12-2018,Moto Mais,Online,Nacional,Informação Especializada,Diária,Registo Definitivo,"Edif. StartUp, Sintra, R. Retiro dos Pacatos, 50 - sala 10",2635-224,Covas,Sintra,Lisboa,"Editorial Grupo V - Portugal, Lda",Domingos Duarte dos Santos Janeiro,,,"Editorial Grupo V - Portugal, Lda",Sintra,Lisboa,,daf@autosport.pt,https://motomais.motosport.com.pt/
127238,03-01-2019,Coreia,Papel,Nacional,Informação Especializada,Semestral,Registo Definitivo,"Pç. Luis de Camões, 9, 1º",4480-719,Vila do Conde,Vila do Conde,Porto,A Circular - Associação Cultural,João Alexandre dos Santos Martins,,,A Circular -  Associação Cultural,Vila do Conde,Porto,,info@circularfestival.com,
127244,10-01-2019,Revista de Direito do Desporto,Papel,Nacional,Informação Especializada,Quadrimestral,Registo Definitivo,Av. das Seleções,1495-433,Cruz Quebrada,Oeiras,Lisboa,Associação Académica da Faculdade de Direito de Lisboa,José Manuel Martins Meirim da Silva,Marta Vieira da Cruz,,Federação Portuguesa de Futebol,Oeiras,Lisboa,,revista.desporto@fpf.pt,
127245,15-01-2019,7 Margens,Online,Nacional,Informação Especializada,Diária,Registo Definitivo,"Lg. da Luz, 11",1600-764,Lisboa,Lisboa,Lisboa,Jorge Salvador de Sande e Castro Wemans,António Armando de Matos Pereira Marujo,Eduardo Jorge Madureira,,Associação Porta 18,Lisboa,Lisboa,,nossaporta18@gmail.com,setemargens.com
127246,16-01-2019,Aveiro Mag,Online,Regional,Informação Geral,Diária,Registo Definitivo,"Av. Dr. Lourenço Peixinho, 49, 1º Dto, Fração J",3800-164,Aveiro,Aveiro,Aveiro,Maria José Teixeira Santana,Maria José Teixeira Santana,,,"Leme Comunicação, Unipessoal Lda.",Aveiro,Aveiro,,mariajose.santana@gmail.com,www.aveiromag.pt
127249,17-01-2019,Emissor PT,Online,Regional,Informação Geral,Bissemanal,Registo Definitivo,"R. Recta de Gomil, 401",4595-144,Frazão,Paços de Ferreira,Porto,José Henrique Ribeiro,José Henrique Ribeiro Pinto,,,"Agilizar, Unipessoal, Lda.",Paços de Ferreira,Porto,,geral@emissor.pt,www.emissor.pt
127250,18-01-2019,Portugal Activo,Online,Nacional,Informação Especializada,Quadrimestral,Registo Definitivo,"R. Rodrigo da Fonseca, 56, c/v",1250-193,Lisboa,Lisboa,Lisboa,Portugal Activo - Associação de Clubes de Fitness e Saúde,José Carlos Ramos Serra Reis,José Luís Costa,,Portugal Activo - Associação de Clubes de Fitness e Saúde,Lisboa,Lisboa,,info@portugalactivo.pt,www.portugalactivo.pt
127251,22-01-2019,Som Direto,Online,Nacional,Informação Especializada,Diária,Registo Definitivo,"Urb. Quinta das Oliveiras, lt. 9, 1º Dto.",8500-818,Portimão,Portimão,Faro,Vera Lisa Mesquita Cipriano,José Ricardo Cartaxo Coelho,Vera Lisa Mesquita Cipriano,,José Ricardo Cartaxo Coelho,Portimão,Faro,,somdiretomail@gmail.com,www.som-direto.com
127252,25-01-2019,1820 - Revista de Ciência Política,Papel,Nacional,Informação Especializada,Semestral,Registo Definitivo,"Avª. do Campo Grande, 376",1749-024,Lisboa,Lisboa,Lisboa,"COFAC - Cooperativa de Formação e Animação Cultural, CRL",Rui Manuel da Silva Branco de Melo de Albuquerque,António Tavares,,"COFAC - Cooperativa de Formação e Animação Cultural, CRL",Lisboa,Lisboa,,administracao@ulusofona.pt,www.ulp.pt
127254,08-02-2019,MPX Sports,Online,Nacional,Informação Especializada,Mensal,Registo Definitivo,"R. Prof. Abel Salazar, 169",4420-536,Valbom,Gondomar,Porto,Afonso Bernardo de Sousa Teixeira Ferraz Augusto,Afonso Bernardo de Sousa Teixeira Ferraz Augusto,,,Afonso Bernardo de Sousa Teixeira Ferraz Augusto,Gondomar,Porto,,afonsoferraz.fotografia@yahoo.com,www.mpxsports.pt
127256,08-02-2019,O Louzadense,Papel/Online,Regional,Informação Geral,Mensal,Registo Definitivo,"R. Palmira Meireles, 812 - Fração AE",4620-668,Lousada,Lousada,Porto,Renato Leonel Barbosa Gomes,Renato Leonel Barbosa Gomes,,,"Inovlousada - Cooperativa Para o Desenvolvimento Económico, Inovação Social e Promoção Turística e Cultural do Concelho de Lousada, Crl.",Lousada,Porto,,conselhoadministracao@inovlousada.pt,www.olouzadense.pt
127257,08-02-2019,Revista de Direito Financeiro e dos Mercados de Capitais,Online,Nacional,Informação Especializada,Trianual,Registo Definitivo,"R. Pedro Nunes, 23, 7º",1050-169,Lisboa,Lisboa,Lisboa,"Blook, Lda.",António Manuel Barreto Espadinha de Menezes Cordeiro,,,"Blook, Lda.",Lisboa,Lisboa,,rdfmcgeral@gmail.com,https://rdfmc.com
127262,25-02-2019,Revista de Direito da Responsabilidade,Online,Nacional,Informação Especializada,Diária,Registo Definitivo,"R. Beco do Fanado, 3, 1º Dto.",3000-166,Coimbra,Coimbra,Coimbra,"Gestlegal - Consultoria e Serviços, Lda.",Ana Mafalda Castanheira Neves de Miranda Barbosa,,,Ana Mafalda Castanheira Neves de Miranda Barbosa,Coimbra,Coimbra,,mcnmb@fd.uc.pt,www.revistadireitoresponsabilidade.pt
127273,14-03-2019,Revista do Empreendedor,Online,Nacional,Informação Especializada,Diária,Registo Definitivo,"R. Abel Manta, 6, 6º C",2675-614,Odivelas,Odivelas,Lisboa,Francisco José Pereira Amará Mendes,Francisco José Pereira Amará Mendes,,,Carlos Miguel Santos Cordeiro,Odivelas,Lisboa,,miguel.cordeiro@mediainvest.net,www.empreendedor.com
127276,18-03-2019,Avesso,Online,Nacional,Informação Especializada,Semanal,Registo Definitivo,"R. da Palma, 268",1100-394,Lisboa,Lisboa,Lisboa,Bloco de Esquerda,Marco Paulo Domínguez Mendonça,,,Bloco de Esquerda,Lisboa,Lisboa,,bloco.esquerda@bloco.org,https://interiordoavesso.pt/
127284,04-04-2019,Complexo Desportivo,Online,Nacional,Informação Especializada,Semanal,Registo Definitivo,"R. do Carvalho, 436",4620-709,Sousela,Lousada,Porto,Luís Manuel Guimarães Leal,Luís Manuel Guimarães Leal,,,"Complexo - Comunicação, Unipessoal, Lda.",Lousada,Porto,,complexocomunicacao@gmail.com,www.complexo.pt
127287,05-04-2019,e-Publica - Public Law Journal,Online,Nacional,Informação Especializada,Trianual,Registo Definitivo,Faculdade de Direito da Universidade de Lisboa - Alameda da Universidade,1649-014,Lisboa,Lisboa,Lisboa,Instituto de Ciências Jurídico-Políticas da Faculdade de Direito da Universidade de Lisboa,Ana Rita Gil,Sara Azevedo,,Instituto de Ciências Jurídico-Políticas da Faculdade de Direito da Universidade de Lisboa,Lisboa,Lisboa,,epublica@fd.ulisboa.pt,https://e-publica.pt/
127289,09-04-2019,Observador Lifestyle,Papel/Online,Nacional,Informação Especializada,4 x ano,Registo Definitivo,"R. João Saraiva, 7",1700-051,Lisboa,Lisboa,Lisboa,"Observador on Time, S.A.",Ana Martins Dias Marques Ferreira,,,"Observador on Time, S.A.",Lisboa,Lisboa,,adferreira@observador.pt,www.510.pt
127291,10-04-2019,Visão Biografia,Papel/Online,Nacional,Informação Especializada,Trianual,Registo Definitivo,"Avenida Jacques Delors, Edifício Inovação 3.1 Espaço nº 511/512 ",2740-122,Porto Salvo,Oeiras,Lisboa,"Trust In News, Unipessoal, Lda.",Rui Manuel Tavares Guedes,,Sara Belo Luís,"Trust In News, Unipessoal, Lda.",Oeiras,Lisboa,,cscampos@trustinnews.pt,www.visao.pt
127293,12-04-2019,Nova Costa de Oiro,Online,Regional,Informação Geral,Mensal,Registo Definitivo,"R. Doutor José Francisco Tello Queiroz, lote 14, 1.º E",8600-707,Lagos,Lagos,Faro,Carlos José da Conceição,Carlos José da Conceição,,,"JL Unipessoal, Lda.",Lagos,Faro,,correiodelagos@gmail.com,https://correiodelagos.com/revista-costa-oiro/
127294,17-04-2019,It Channel,Papel/Online,Nacional,Informação Especializada,Mensal,Registo Definitivo,"Lg. da Lagoa, 7 C",2795-116,Linda a Velha,Oeiras,Lisboa,"Medianext Professional Information, Lda.",Jorge Manuel Correia Morgado Bento,,,"Medianext Professional Information, Lda.",Oeiras,Lisboa,,daf@medianext.pt,www.itchannel.pt
127295,17-04-2019,It Insight,Online,Nacional,Informação Especializada,Bimestral,Registo Definitivo,"Lg. da Lagoa, 7 C",2795-116,Linda a Velha,Oeiras,Lisboa,"Medianext Professional Information, Lda.",Henrique José de Jesus Carreiro,,,"Medianext Professional Information, Lda.",Oeiras,Lisboa,,daf@medianext.pt,www.itinsight.pt
127296,17-04-2019,Smart Planet,Online,Nacional,Informação Especializada,Semanal,Registo Definitivo,"Lg. da Lagoa, 7 C",2795-116,Linda a Velha,Oeiras,Lisboa,"Medianext Professional Information, Lda.",Jorge Manuel Correia Morgado Bento,,,"Medianext Professional Information, Lda.",Oeiras,Lisboa,,daf@medianext.pt,www.smartplanet.pt
127297,22-04-2019,InterPlast,Papel/Online,Nacional,Informação Especializada,Trimestral,Registo Definitivo,"Avenida Defensores de Chaves, 15, 3.º F",1000-109,Lisboa,Lisboa,Lisboa,"Induglobal, Unipessoal, Lda.",Luisa Alexandra Teixeira dos Santos,,,"Induglobal, Unipessoal, Lda.",Lisboa,Lisboa,,induglobal@interempresas.net,www.interplast.pt
127299,23-04-2019,InterMetal,Papel/Online,Nacional,Informação Especializada,Trimestral,Registo Definitivo,"Avenida Defensores de Chaves, 15, 3.º F",1000-109,Lisboa,Lisboa,Lisboa,"Induglobal, Unipessoal, Lda.",Luisa Alexandra Teixeira dos Santos,,,"Induglobal, Unipessoal, Lda.",Lisboa,Lisboa,,induglobal@interempresas.net,www.intermetal.pt
127300,23-04-2019,Pplware,Online,Nacional,Informação Especializada,Diária,Registo Definitivo,"Av. Narciso Ferreira, 138 - 4º",4765-202,Riba de Ave,Vila Nova de Famalicão,Braga,Vítor Manuel Moreira Martins,Vítor Manuel Moreira Martins,,,"PPLWARE.COM - Tecnologias de Informação e Serviços Web, Lda.",Vila Nova de Famalicão,Braga,,geral@pplware.com,pplware.sapo.pt
127302,29-04-2019,Rede - Revista Digital Diocese Leiria-Fátima,Online,Regional,Doutrinária,Semanal,Registo Definitivo,Seminário Diocesano de Leiria,2414-011,Leiria,Leiria,Leiria,Paulo Adriano Jorge dos Santos,Paulo Adriano Jorge dos Santos,,,Diocese de Leiria - Fátima,Leiria,Leiria,,gic@leiria-fatima.pt,http://rede.leiria-fatima.pt
127303,29-04-2019,O Largo.,Online,Nacional,Informação Geral,Mensal,Registo Definitivo,"R. D. Afonso, 218 - Arcozelo",4750-222,Barcelos,Barcelos,Braga,Bruno Micael Costa Fernandes,Bruno Micael Costa Fernandes,,,Bruno Micael Costa Fernandes,Barcelos,Braga,,webmaster@olargo.pt,https://olargo.pt
127305,30-04-2019,Wookacontece,Papel/Online,Nacional,Informação Especializada,Bianual,Registo Definitivo,"R. da Restauração, 365",4099-023,Porto,Porto,Porto,"Porto Editora, S.A.",Luís Miguel Cardão Morais,,,"Porto Editora, SA",Porto,Porto,,lmorais@wook.pt,www.wook.pt/wookacontece
127306,30-04-2019,Centro Portugal.pt,Papel/Online,Regional,Informação Geral,Mensal,Registo Definitivo,"R.  da Quinta do Brejo, 3",3000-082,Coimbra,Coimbra,Coimbra,Jorge Manuel de Abreu Castilho,Jorge Manuel de Abreu Castilho,,,Jorge Manuel de Abreu Castilho,Coimbra,Coimbra,,centroportugal.news@gmail.com,centroportugal.news.pt
127308,07-05-2019,Novum Canal,Online,Regional,Informação Geral,Diária,Registo Definitivo,"Av. Bombeiros Voluntários, Edif. Nova Parede, lj. 36",4580-052,Paredes,Paredes,Porto,Sara Filipa Mendes Jesus,Sara Filipa Mendes Jesus,,,"Vozes da Ribalta, Unipessoal Lda.",Paredes,Porto,,jorgeribeirodasilva@novumcanal.pt,www.novumcanal.pt
127309,14-05-2019,Porta Dos Sustos,Online,Nacional,Informação Especializada,Mensal,Registo Definitivo,"R. Frei Fernão Rodrigues Monteiro, 32, 2º esq.",2655-354,Ericeira,Mafra,Lisboa,Maria João Prazeres das Neves Mil-Homens,Maria João Prazeres das Neves Mil-Homens,,,Maria João Prazeres das Neves Mil-Homens,Mafra,Lisboa,,geral@portadossustos.com,www.portadossustos.com
127310,17-05-2019,Andar de Moto,Online,Nacional,Informação Especializada,Diária,Registo Definitivo,"Av. Duque de Loulé, 38, C/v Esq.",2795-118,Linda a Velha,Oeiras,Lisboa,"Sobrenet - Pesquisa e Tratamento de Informação, Lda.",Rogério Carlos Antunes Carmo,,,"Sobrenet - Pesquisa e Tratamento de Informação, Lda.",Oeiras,Lisboa,,contacto@andardemoto.pt,https://www.andardemoto.pt
127312,17-05-2019,Olhares de Carnaxide e Queijas,Papel,Regional,Informação Geral,Trimestral,Registo Definitivo,"Av. Eng. Arantes e Oliveira, 3 - R/c",1900-221,Lisboa,Lisboa,Lisboa,"Avalanche de Sonhos, Unipessoal, Lda.",Mário José Gonçalves Rodrigues,,,"Avalanche de Sonhos, Unipessoal, Lda.",Lisboa,Lisboa,,ocq@olharesdelisboa.pt,
127314,21-05-2019,RTVON,Online,Regional,Informação Geral,Diária,Registo Definitivo,"Rua Dr. José de Bastos,  2B",2560-332,Torres Vedras,Torres Vedras,Lisboa,Paginas Radiantes Unipessoal Lda,Sérgio Hugo Menezes dos Santos,,,Sérgio Hugo Menezes dos Santos,Torres Vedras,Lisboa,,redacao@rtvon.com,https://www.rtvon.pt
127315,22-05-2019,TDS Rádio e Televisão do Sul,Online,Regional,Informação Geral,Diária,Registo Definitivo,"Travessa João Rosa, 5A",7005-665,Évora,Évora,Évora,Amílcar Nuno Caraça de Matos,Amílcar Nuno Caraça de Matos,,,"DiálogoHabil, Unipessoal, Lda.",Évora,Évora,,dialogohabil@gmail.com,www.televisaodosul.pt
127317,24-05-2019,AmorMais,Papel/Online,Regional,Informação Geral,Mensal,Registo Definitivo,"Lg. Padre Margalhau, 3",2400-788,Amor,Leiria,Leiria,Amor Mais - Associação de Solidariedade e Desenvolvimento de Amor,Levi Redondo Bolacha,,,Amor Mais - Associação de Solidariedade e Desenvolvimento de Amor,Leiria,Leiria,,jornal@amormais.pt,http://jornal.amormais.pt
127319,31-05-2019,Observador - Especial Aniversário,Papel,Nacional,Informação Especializada,Anual,Registo Definitivo,"R. João Saraiva, 7",1700-248,Lisboa,Lisboa,Lisboa,"Observador on Time, S.A.",Miguel Pinheiro,Filomena Martins; Pedro Jorge Castro,Ricardo Conceição; Sara Antunes de Oliveira,"Observador on Time, S.A.",Lisboa,Lisboa,,duarte.schmidtlino@plmj.pt,
127320,05-06-2019,Jornal O Ponney,Online,Nacional,Informação Especializada,Semanal,Registo Definitivo,"R. João de Deus Ramos, 130, 1º Dto.",3030-328,Coimbra,Coimbra,Coimbra,José Augusto Fernandes Gomes,José Augusto Fernandes Gomes,Mara Elga Medeiros Braga,Nuno Fernando Marques M. Mendes,José Augusto Fernandes Gomes,Coimbra,Coimbra,,gomes.artes.graficas@gmail.com,https://oponney.pt
127322,06-06-2019,SCMedia News,Papel/Online,Nacional,Informação Especializada,Mensal,Registo Definitivo,"Rua do Vilarinho, n.º 5, 1.º",2890-122,Alcochete,Alcochete,Setúbal,Susana Medina Silva,Dora Sofia Ribeiro Assis Pinto,,,"SC Media, Unipessoal, Lda.",Alcochete,Setúbal,,susana@supplychainmagazine.pt,www.supplychainmagazine.pt
127324,11-06-2019,Notícias de Oeiras,Papel/Online,Regional,Informação Geral,Mensal,Registo Definitivo,"R. Dr. Sousa Martins, 19 A",2725-461,Mem Martins,Sintra,Lisboa,"Mérito da Palavra, Unipessoal, Lda.",Graça Tracana,,,"Mérito da Palavra, Unipessoal, Lda.",Sintra,Lisboa,,direcao.gracatracana@gmail.com,https://www.noticias-oeiras.pt/
127327,28-06-2019,Ekonomista - conteúdo que descomplica,Online,Nacional,Informação Especializada,Diária,Registo Definitivo,"R. Alfredo Allen, 455 e 461",4200-135,Porto,Porto,Porto,Viviane Soares,Cláudia Raquel Rodrigues Pereira,Aline Soares Lima,,Jupiterdiversity - Lda.,Vila Nova de Gaia,Porto,,marketing@e-konomista.pt,www.e-konomista.pt
127328,28-06-2019,Mais Ribatejo,Online,Regional,Informação Geral,Diária,Registo Definitivo,Startup Santarém Largo Infante Santo,2005-456,Santarém,Santarém,Santarém,João José Martins Baptista,João José Martins Baptista,,,"Mais Ribatejo - Comunicação, Unipessoal, Lda.",Santarém,Santarém,,joao.baptista@maisribatejo.pt,https://maisribatejo.pt/
127332,04-07-2019,Vida Ativa,Online,Nacional,Informação Especializada,Mensal,Registo Definitivo,"R. Alfredo Allen, 455 e 461",4200-135,Porto,Porto,Porto,Luana Freire,Bruno Salomão Reis de Pinho,,,"Wacemarketing Studio, Lda.",Porto,Porto,,touch@wacestudio.com,www.vidaativa.pt
127333,05-07-2019,Holofote,Online,Nacional,Informação Especializada,Diária,Registo Definitivo,"Avenida Jacques Delors, Edifício Inovação 3.1 Espaço nº 511/512",2740-122,Porto Salvo,Oeiras,Lisboa,Sofia Martinho,Sandra Cristina Fornelos Cerqueira,Rita Lino,,"Trust In News, Unipessoal, Lda.",Oeiras,Lisboa,,lalves@trustinnews.pt,www.holofote.pt
127334,05-07-2019,BI Turbo Açores Magazine,Papel,Regional,Informação Especializada,Mensal,Registo Definitivo,"R. Ilha de São Miguel, 12 A",9500-070,Ponta Delgada,Ponta Delgada,Ilha de São Miguel,João Carlos Almeida Encarnação,João Carlos Almeida Encarnação,,,"Just4Solutions - Comunicação e Imagem, Lda.",Ponta Delgada,Ilha de São Miguel,Região Autónoma dos Açores,4elementos.azores@gmail.com,
127335,08-07-2019,Razão Automóvel,Online,Nacional,Informação Especializada,Diária,Registo Definitivo,"R. Joaquim de Carvalho, 4",2840-191,Arrentela,Seixal,Setúbal,"Blogenjoy - Media e Publicidade, Lda.",Miguel Lopes Dias,,,"Blogenjoy - Media e Publicidade, Lda.",Seixal,Setúbal,,info@blogenjoy.pt,https://www.razaoautomovel.com
127336,09-07-2019,Agora! O Combate do Futuro,Papel,Nacional,Informação Especializada,Trimestral,Registo Suspenso,"Rua Dr. Egas Moniz, 22 - Loja C",2605-084,Belas,Sintra,Lisboa,Alternativa Portugal,Paulo Fernando Gonçalves Rodrigues,,,Paulo Fernando Gonçalves Rodrigues,Loures,Lisboa,,luishenriques@jornalagora.pt,
127337,09-07-2019,Artecapital,Online,Nacional,Informação Especializada,Diária,Registo Definitivo,"R. da Boavista, 84 - 3º - sala 5",1200-068,Lisboa,Lisboa,Lisboa,Liz Vahia,Victor Pinto da Fonseca,,,Victor Manuel de Carvalho Pinto da Fonseca,Lisboa,Lisboa,,info@artecapital.art,www.artecapital.art
127340,25-07-2019,Folha de Portugal,Papel/Online,Nacional,Doutrinária,Mensal,Registo Definitivo,"R. Dr. José Espírito Santo, 34 E",1950-096,Lisboa,Lisboa,Lisboa,Nilza Barros,Maria de Jesus Dias Ribeiro Correia,,,Igreja Universal do Reino de Deus,Lisboa,Lisboa,,geral@folhadeportugal.pt,www.igrejauniversal.pt
127342,30-07-2019,Conservar Património,Online,Nacional,Informação Especializada,Quadrimestral,Registo Definitivo,"R. Fialho de Almeida, 14 - 2.º Esq. ESC. BR 3",1070-129,Lisboa,Lisboa,Lisboa,Associação Profissional de Conservadores-Restauradores de Portugal,Elin Maria Soares de Figueiredo,Ana Claro; Sílvia Sequeira,,Associação Profissional de Conservadores-Restauradores de Portugal,Lisboa,Lisboa,,mail@arp.org.pt,http://revista.arp.org.pt
127343,01-08-2019,IntelCities,Papel/Online,Nacional,Informação Especializada,Quadrimestral,Registo Definitivo,"Av. da República, 120 A",2780-158,Oeiras,Oeiras,Lisboa,António Lopes Ribeiro Pedroso de Lima,António Lopes Ribeiro Pedroso de Lima,,,"IntelCities, Lda.",Oeiras,Lisboa,,antoniolima@intelcities.pt,http://intelcities.pt
127345,12-08-2019,Estádio 11,Online,Nacional,Informação Especializada,Semanal,Registo Definitivo,"Alameda Guerra Junqueiro, 30, 4º Frente",2810-071,Almada,Almada,Setúbal,Luís Miguel Bento Pontes,Luís Miguel Bento Pontes,,,Luís Miguel Bento Pontes,Almada,Setúbal,,lpontes1982@gmail.com,http://estadio11.pt
127346,12-08-2019,Felgueiras Magazine,Papel/Online,Regional,Informação Geral,Bianual,Registo Definitivo,"R. Nicolau Coelho, Edf. Cidade Eufrásia, lj. 7",4610-300,Friande,Felgueiras,Porto,"Login Alpha, Unipessoal, Lda.",Pedro Miguel Gonçalves da Fonseca,,,"Login Alpha, Unipessoal, Lda.",Felgueiras,Porto,,geral@login-alpha.pt,www.felgueirasmagazine.pt
127347,13-08-2019,H - Revista da Associação Portuguesa de Hospitalização Privada,Papel,Nacional,Informação Especializada,Trimestral,Registo Definitivo,"Av. Luís Bívar, 36, 1º Esq.",1050-145,Lisboa,Lisboa,Lisboa,Nélson Soares,Óscar Manuel de Oliveira Gaspar,,,Associação Portuguesa de Hospitalização Privada,Lisboa,Lisboa,,comunicacao@aphp-pt.org,
127349,19-08-2019,Para Eles,Online,Nacional,Informação Especializada,Diária,Registo Definitivo,"R. Retiro dos Pacatos, 50 - Edifício Startup Sala 1 e 2",2635-224,Covas,Sintra,Lisboa,"Worldimpala.Net, Lda.",Bruno Seruca,,,"Worldimpala.Net, Lda.",Sintra,Lisboa,,m.joao@impala.pt,www.paraeles.pt
127350,19-08-2019,Mafra TV,Online,Regional,Informação Geral,Diária,Registo Definitivo,Casal do Camarnal n.º 9,2560-403,Silveira,Torres Vedras,Lisboa,Luis Miguel Pereira Veloso Campos,Luis Miguel Pereira Veloso Campos,,,Luis Miguel Pereira Veloso Campos,Torres Vedras,Lisboa,,geral.mafratv@gmail.com,https://www.mafra.tv
127351,21-08-2019,NE - Negócios & Empresas,Online,Nacional,Informação Especializada,Semestral,Registo Definitivo,Praça das Indústrias,1300-307,Lisboa,Lisboa,Lisboa,Manuela Freitas,Marta Barbosa Cabral,,,Associação Industrial Portuguesa - Câmara de Comércio e Indústria,Lisboa,Lisboa,,manuela.freitas@aip.pt,www.aip.pt
127354,27-08-2019,Canal Alentejo,Online,Regional,Informação Geral,Diária,Registo Definitivo,"Campus do Politécnico de Portalegre, 10 - BioBip Sala 1.1",7300-555,Portalegre,Portalegre,Portalegre,Carlos Alberto Camejo Papafina,Carlos Alberto Camejo Papafina,,,"Talentos Delicados - Produção e Realização de Programas de Televisão Unipessoal, Lda.",Angra do Heroísmo,Ilha Terceira,Região Autónoma dos Açores,redacao@alentejotv.pt,https://canalalentejo.sapo.pt/
127355,28-08-2019,IN Corporate Magazine,Papel/Online,Nacional,Informação Especializada,Mensal,Registo Definitivo,"R. Professora Angélica Rodrigues, 17, sala 7",4405-269,Vila Nova de Gaia,Vila Nova de Gaia,Porto,João Manuel Mesquita Pires Malainho,João Manuel Mesquita Pires Malainho,,,"Litografis - Artes Gráficas, Lda.",Albufeira,Faro,,geral@incorporateagency.pt,www.incorporatemagazine.pt
127356,03-09-2019,Valor Magazine,Papel/Online,Nacional,Informação Especializada,Bimestral,Registo Definitivo,"Av. da República, 1622, 7º  frente, sala 19",4430-193,Vila Nova de Gaia,Vila Nova de Gaia,Porto,Sara Freixo,José Carlos de Sousa Moreira,,,"Sinónimos Breves, Unipessoal, Lda.",Vila Nova de Gaia,Porto,,josemoreira.jornal@gmail.com,www.valormagazine.pt
127363,29-09-2019,Cadernos Técnicos da Santa Casa da Misericórdia de Lisboa,Papel/Online,Nacional,Informação Especializada,Quadrimestral,Registo Definitivo,"Convento de S. Pedro de Alcantara, R. Luisa Todi, 1",1200-245,Lisboa,Lisboa,Lisboa,Santa Casa da Misericórdia de Lisboa,Paulo Alexandre Sousa,,,Santa Casa da Misericórdia de Lisboa,Lisboa,Lisboa,,centro.editorial@scml.pt,https://lojadacultura.scml.pt/
127365,08-10-2019,ANECRA Revista,Papel,Nacional,Informação Especializada,Bimestral,Registo Definitivo,Av. Almirante Gago Coutinho 100,1749-124,Lisboa,Lisboa,Lisboa,ANECRA-Associação Nacional das Empresas do Comércio e da Reparação Automóvel,Joaquim Alves Pereira,,,ANECRA - Associação Nacional das Empresas do Comércio e da Reparação Automóvel,Lisboa,Lisboa,,nuno.martins@anecrarevista.pt,www.anecrarevista.pt
127366,14-10-2019,Rua Direita,Online,Nacional,Informação Geral,Diária,Registo Definitivo,"Quinta do Bosque, 87A",3510-010,Viseu,Viseu,Viseu,Pedro Duarte Morgado,Paulo José Neto Pereira,,,Paulo José Neto Pereira,Viseu,Viseu,,redaccao@ruadireita.pt,www.ruadireita.pt
127367,16-10-2019,Beira Baixa TV,Online,Regional,Informação Geral,Diária,Registo Definitivo,"Qt. da Parrela, 371, 4º Dto.",6000-134,Castelo Branco,Castelo Branco,Castelo Branco,Jorge Alexandre Ribeiro Pinto Lobo,Jorge Alexandre Ribeiro Pinto Lobo,,,"Pinto Lobo Comunicação e Imagem, Lda.",Castelo Branco,Castelo Branco,,jorgepress@hotmail.com,http://beirabaixatv.pt
127372,23-10-2019,Lisboète,Papel/Online,Regional,Informação Especializada,Trimestral,Registo Definitivo,"R. da Glória, 59, R/C",1250-115,Lisboa,Lisboa,Lisboa,Pitadacrobática - Editions Lda.,Marc Philippe Alexandre Laufer,,,Pitadacrobática - Editions Lda.,Lisboa,Lisboa,,redaction@lisboetemag.com,www.lisboetemagazine.com
127373,23-10-2019,Flagra,Online,Nacional,Informação Especializada,Diária,Registo Definitivo,"R. António Alves da Silva, 100, 1º Dto.",4480-086,Árvore,Vila do Conde,Porto,Luís Miguel Guerra Figueira Peralta,Ana Sofia Ribeiro de Castro,,,Ana Sofia Ribeiro de Castro,Vila do Conde,Porto,,geral@flagra.pt,http://flagra.pt
127374,24-10-2019,Tecnohotel,Online,Nacional,Informação Especializada,Bimestral,Registo Definitivo,"Lg. da Lagoa 7 C, Sala 206",2795-116,Linda a Velha,Oeiras,Lisboa,"Medianext Professional Information, Lda.",Pedro Cladimiro Romeiro Botelho de Lemos,,,"Medianext Professional Information, Lda.",Oeiras,Lisboa,,pedro.botelho@medianext.pt,"www,tecnohotelnews.pt"
127378,07-11-2019,E24,Online,Regional,Informação Geral,Diária,Registo Definitivo,"R. Duques de Bragança, 140",4750-272,Barcelos,Barcelos,Braga,"Mediaprime - Publishing, Lda",Nuno Miguel Fernandes Cerqueira,,,"Mediaprime - Publishing, Lda",Barcelos,Braga,,geral@e24.pt,https://www.e24.pt
127380,13-11-2019,Bancada,Online,Nacional,Informação Especializada,Diária,Registo Definitivo,"Travessa do Amparo, Edifício Sales Faria & Andrade",9000-647,Funchal,Funchal,Ilha da Madeira,"Clever Advertising, Lda. (Zona Franca da Madeira)",Pedro Miguel da Silva Alves Gonçalves,,,"Clever Advertising, Lda. (Zona Franca da Madeira)",Funchal,Ilha da Madeira,Região Autónoma da Madeira,legal@cleveradvertising.com,www.bancada.pt
127383,19-11-2019,T&G,Papel,Nacional,Informação Especializada,Quadrimestral,Registo Definitivo,"Lg. do Casal Vistoso, 2-D, Esc. D",1900-142,Lisboa,Lisboa,Lisboa,"Associação Portuguesa das Indústrias Gráficas, de Embalagem e de Comunicação Digital - APIGRAF",Paulo Rui Teixeira Dourado,,,"Associação Portuguesa das Indústrias Gráficas, de Embalagem e de Comunicação Digital - APIGRAF",Lisboa,Lisboa,,paulo.dourado@apigraf.pt,www.apigraf.pt
127385,03-12-2019,Aveiro TV,Online,Regional,Informação Geral,Diária,Registo Definitivo,"R. do Paraíso, 2",3770-355,Palhaça,Oliveira do Bairro,Aveiro,José Manuel Valente Vieira,José Manuel Valente Vieira,,,"Sucesso Vigente -Serviços Globais, Lda.",Oliveira do Bairro,Aveiro,,redacao@globais.pt,http://www.aveirotv.tv
127389,10-12-2019,Leonino,Online,Nacional,Informação Especializada,Diária,Registo Definitivo,"R. Embaixada Martins Janeira, 17A",1750-170,Lisboa,Lisboa,Lisboa,Maria Pinto Jorge,Maria Pinto Jorge,,,"Sílaba Notável, Lda.",Óbidos,Leiria,,geral@leonino.pt,https://leonino.pt/
127391,11-12-2019,Almadense,Online,Regional,Informação Geral,Diária,Registo Definitivo,"R. Conde de Ferreira, 3",2804-521,Almada,Almada,Setúbal,Maria João Morais,Maria João Morais,,,Insólita Palavra - Unipessoal Lda,Almada,Setúbal,,mjmorais@almadense.sapo.pt,https://almadense.sapo.pt
127392,13-12-2019,Agricultura & Mar,Online,Nacional,Informação Especializada,Diária,Registo Definitivo,"Tapada de São Pedro, Rua da Liberdade, 42",7440-225,Seda,Alter do Chão,Portalegre,Carlos José Coelho Caldeira,Carlos José Coelho Caldeira,,,Carlos José Coelho Caldeira,Alter do Chão,Portalegre,,ccaldeira@agriculturaemar.com,www.agriculturaemar.com
127396,06-01-2020,Expresso de Amarante,Online,Regional,Informação Geral,3 em 3 dias,Registo Definitivo,"R. da Plaina, 144",4615-414,Macieira da Lixa,Felgueiras,Porto,"Digitâmega, Unipessoal, Lda.",Armindo Fernando da Cunha Pereira Mendes,,,"Digitâmega, Unipessoal, Lda.",Felgueiras,Porto,,digitamega@outlook.pt,www.expressodeamarante.pt
127398,10-01-2020,Grémio Lusitano,Papel/Online,Nacional,Informação Especializada,Bianual,Registo Definitivo,"R. do Grémio Lusitano, 25",1200-211,Lisboa,Lisboa,Lisboa,Grémio Lusitano,Pedro Jorge Rebelo Luíz de Castro,Henrique Monteiro,,Grémio Lusitano,Lisboa,Lisboa,,geral@gremiolusitano.pt,
127399,13-01-2020,TTV,Online,Regional,Informação Geral,Diária,Registo Definitivo,"R. de Leiria, 12A - 2.º DT",2300-562,Tomar,Tomar,Santarém,Tomás Xavier Duran Jau de Alcobia Neves,Manuel Mota Lino Dias,,,"Duran, Unipessoal, Lda.",Tomar,Santarém,,tomasalcobia@gmail.com,https://tomartv.pt/
127401,20-01-2020,Praia Expresso - Jornal Digital Diário,Online,Regional,Informação Geral,Diária,Registo Definitivo,"Av. do Paço do Milhafre, Canada de Servidão, 5",9760-423,Praia da Vitória,Praia da Vitória,Ilha Terceira,Francisco José Fernandes Soares,Francisco José Fernandes Soares,,,Francisco José Fernandes Soares,Praia da Vitória,Ilha Terceira,Região Autónoma dos Açores,fj.soares@sapo.pt,praiaexpresso.wordpress.com
127406,31-01-2020,Jornal de Anadia,Papel/Online,Regional,Informação Geral,Mensal,Registo Definitivo,"Parque Curia Tecnoparque, s/n, Curia",3780-544,Tamengos,Anadia,Aveiro,Salomé Dias,Ângela Salomé Cordeiro Dias,,,"Página Participativa, Unipessoal, Lda.",Anadia,Aveiro,,geral@jornaldeanadia.pt,www.jornaldeanadia.pt
127415,13-02-2020,Jornal de Santo Thyrso,Papel,Regional,Informação Geral,Quinzenal,Registo Definitivo,"R. Dr. Carneiro Pacheco, 75 C",4780-446,Santo Tirso,Santo Tirso,Porto,"Letras Evolutivas - Comunicações, Unipessoal, Lda.",Francisco José Gonçalves Dias Carneiro,,,Francisco José Gonçalves Dias Carneiro,Santo Tirso,Porto,,franciscojgdcarneiro@sapo.pt,www.noticiasdesantotirso.pt
127416,28-02-2020,Motor Clássico,Papel,Nacional,Informação Especializada,Bimestral,Registo Definitivo,"Rua D. Dinis, 112, loja 2",2785-723,Talaíde,Cascais,Lisboa,"Ideadotcom, Unipessoal, lda.",Sandro Alexandre Moutinho Meda,,,Ricardo Manuel Carvalho da Silva Nabais,Vila Franca de Xira,Lisboa,,motorclassicopt@gmail.com,
127417,12-03-2020,filmSPOT.pt - Cartaz de Cinema e Televisão,Online,Nacional,Informação Especializada,Semanal,Registo Definitivo,"R. da Paz, 25",2840-316,Pinhal de Frades,Seixal,Setúbal,António Manuel Ferreira Quintas,António Manuel Ferreira Quintas,,,Webdados - Tecnologia de Informação Unip. Lda.,Seixal,Setúbal,,info@webdados.pt,https://filmspot.pt
127418,12-03-2020,Notícias do Sorraia.pt,Online,Regional,Informação Geral,Diária,Registo Definitivo,"Praceta Padre José Alves, Lt. 7, 2º Dto.",2100-122,Coruche,Coruche,Santarém,João Dinis Nunes Leal,João Dinis Nunes Leal,,,João Dinis Nunes Leal,Coruche,Santarém,,joao.dinis@noticiasdosorraia.pt,www.noticiasdosorraia.pt
127419,13-03-2020,FOCUSMSN,Online,Nacional,Informação Especializada,Diária,Registo Definitivo,"Lg. de Santa Marinha, 24, R/c",1100-489,Lisboa,Lisboa,Lisboa,Joaquim Pinheiro Sanches Galante,Joaquim Pinheiro Sanches Galante,,Andrea de Luca Sabbag Galante,Joaquim Pinheiro Sanches Galante,Lisboa,Lisboa,,joaquim.galante@hotmail.com,www.focusmsn.pt
127420,18-03-2020,"Técnica - Tecnologia, Inovação e Sustentabilidade para a Fileira do Habitat",Papel/Online,Nacional,Informação Especializada,Bimestral,Registo Definitivo,"R. Coronel Veiga Simão, Edifício CTCV",3025-307,Coimbra,Coimbra,Coimbra,Centro Tecnológico da Cerâmica e do Vidro,Jorge Marques dos Santos,,,Centro Tecnológico da Cerâmica e do Vidro,Coimbra,Coimbra,,centro@ctcv.pt,www.ctcv.pt
127421,23-03-2020,Quinto Canal,Online,Nacional,Informação Especializada,Diária,Registo Definitivo,"Rua Central, 13, Urgeiriça",3525-304,Canas de Senhorim,Nelas,Viseu,André Emanuel Nunes Ribeiro (utiliza o pseudónimo: André Kanas),André Emanuel Nunes Ribeiro (utiliza o pseudónimo: André Kanas),Anselmo Oliveira,,André Emanuel Nunes Ribeiro,Nelas,Viseu,,geral@quinto-canal.com,http://quinto-canal.com
127424,31-03-2020,NovoPerfil,Papel/Online,Nacional,Informação Especializada,6 x ano,Registo Definitivo,"Avenida Defensores de Chaves, 15, 3.º F",1000-109,Lisboa,Lisboa,Lisboa,"Induglobal, Unipessoal, Lda.",Gabriela Azevedo Ferreira da Costa,,,"Induglobal, Unipessoal, Lda.",Lisboa,Lisboa,,induglobal@interempresas.net,https://www.novoperfil.pt
127425,07-04-2020,9 Séculos - Revista de Lusofonia,Papel,Nacional,Informação Especializada,Semestral,Registo Suspenso,"Av. S. Gonçalo, 1180, 5º Esq.",4810-523,Guimarães,Guimarães,Braga,João Barroso da Fonte,João Barroso da Fonte,,João Pedro Miranda Barroso da Fonte,Mário André Pereira Veríssimo,Porto,Porto,,andre.verissimo@aol.com,
127433,22-05-2020,Portimão Jornal,Papel/Online,Regional,Informação Geral,Quinzenal,Registo Definitivo,"R. Dr. João António Silva Vieira, Urb. Vales Lote 3, 3º Dtº",8400-417,Lagoa,Lagoa (Algarve),Faro,"Pressroma - Edição de Publicações Periódicas, Unipessoal, Lda",Rui Inácio Pires dos Santos,,,"Pressroma - Edição de Publicações Periódicas, Unipessoal, Lda",Lagoa (Algarve),Faro,,pressroma.publicacoes@gmail.com,http://portimaojornal.pt
127434,22-05-2020,OvarNews,Online,Regional,Informação Geral,Diária,Registo Definitivo,"Rua Dom Baptista Ramos, 136 R/C Dto",3880-190,Ovar,Ovar,Aveiro,João António Veiga da Cruz,João António Veiga da Cruz,,,Suzy Paula Mendonça Ventura,Ovar,Aveiro,,geral@ovarnews.pt,www.ovarnews.pt
127435,22-05-2020,Finisterra,Papel,Nacional,Informação Especializada,Anual,Registo Definitivo,"Av. da República, 34, 8º",1050-193,Lisboa,Lisboa,Lisboa,Fundação Res Publica,Fernando Alberto Pereira Marques,António Reis,,Fundação Res Publica,Lisboa,Lisboa,,geral@fundacaorespublica.pt,www.respublica.pt
127436,28-05-2020,Correio da Beira Serra,Papel/Online,Regional,Informação Geral,Mensal,Registo Definitivo,"Lg. Ribeiro do Amaral, 5B",3400-070,Oliveira do Hospital,Oliveira do Hospital,Coimbra,Manuel Fernando Jerónimo Mendes,Manuel Fernando Jerónimo Mendes,,,"Temactual, Lda.",Covilhã,Castelo Branco,,geral@correiodabeiraserra.com,www.correiodabeiraserra.com
127437,01-06-2020,Cávado Jornal,Papel/Online,Regional,Informação Geral,Bimensal,Registo Definitivo,"R. D. Afonso, 198",4750-222,Barcelos,Barcelos,Braga,"COM+Comunicação, Lda.",Eduardo de Oliveira Costa,,,Embraceprofit - Lda.,Viseu,Viseu,,gestao@embraceprofit.com,www.cavadojornal.pt
127438,02-06-2020,Famalicão Canal TV,Online,Regional,Informação Geral,Diária,Registo Definitivo,"R. António Santos Oliveira, 160",4760-297,Vila Nova de Famalicão,Vila Nova de Famalicão,Braga,Paulo Jorge Amaro Soares Correia da Silva,Paulo Jorge Amaro Soares Correia da Silva,,,"Sweetness Coordinates, Lda.",Vila Nova de Famalicão,Braga,,famalicaocanal@gmail.com,www.famalicaocanal.pt
127440,08-06-2020,4gnews,Online,Nacional,Informação Especializada,Diária,Registo Definitivo,"R. da Lionesa, 446, Edif. G20",4465-671,Leça do Balio,Matosinhos,Porto,"7 Graus, Lda.",Luís Felipe Vieira Cabral,,,"7 Graus, Lda.",Funchal,Ilha da Madeira,Região Autónoma da Madeira,geral@4gnews.pt,www.4gnews.pt
127444,29-06-2020,Green Savers,Papel/Online,Nacional,Informação Especializada,Trimestral,Registo Definitivo,"R. Cidade de Rabat, 41B",1500-159,Lisboa,Lisboa,Lisboa,"Green News Editora, Lda.",Ana Filipa Rego,,,"Green News Editora, Lda.",Lisboa,Lisboa,,rogerio.junior@greensavers.pt,https://greensavers.pt
127446,30-06-2020,Futebol Português Online,Online,Nacional,Informação Especializada,Diária,Registo Definitivo,"R. do Bonfim, 305",4300-070,Porto,Porto,Porto,Rui Manuel da Silva Cardoso,Rui Manuel da Silva Cardoso,,,Rui Manuel da Silva Cardoso,Porto,Porto,,ruimsilvacardoso@hotmail.com,www.futebolportuguesonline.com
127449,07-07-2020,Polis,Online,Nacional,Informação Especializada,Semestral,Registo Definitivo,"R. da Junqueira, 188-198",1349-001,Lisboa,Lisboa,Lisboa,Universidade Lusíada Editora,Ricardo Luís Leite Pinto,José Manuel de Matos Correia,,"Fundação Minerva - Cultura, Ensino e Investigação Científica",Lisboa,Lisboa,,editora@lis.ulusiada.pt,http://revistas.lis.ulusiada.pt/index.php/polis/pt
127450,09-07-2020,Pro Runners Magazine,Papel/Online,Nacional,Informação Especializada,Bimestral,Registo Definitivo,"R. António Albino Machado, 35 G",1600-259,Lisboa,Lisboa,Lisboa,Eduardo Sérgio de Oliveira Carvalho,Márcia Filipa Gonçalves das Dores,,,Eduardo Sérgio de Oliveira Carvalho,Lisboa,Lisboa,,eduardocarvalho@invesporte.pt,www.prorunners.pt
127451,09-07-2020,Agriterra,Papel/Online,Nacional,Informação Especializada,5 x ano,Registo Definitivo,"Avenida Defensores de Chaves, 15, 3.º F",1000-109,Lisboa,Lisboa,Lisboa,"Induglobal, Unipessoal, Lda.",Gabriela Azevedo Ferreira da Costa,,,"Induglobal, Unipessoal, Lda.",Lisboa,Lisboa,,induglobal@interempresas.net,https://www.agriterra.pt/
127452,10-07-2020,HealthNews - Jornalismo de Saúde,Online,Nacional,Informação Especializada,Diária,Registo Definitivo,"Av. Professor Gama Pinto, 2, 25B",1649-003,Lisboa,Lisboa,Lisboa,"Healthnews, Comunicação, VMAL, LDA.",Miguel Maria Múrias Bessone Mauritti,,,"Healthnews, Comunicação, VMAL, Limitada",Lisboa,Lisboa,,geral@healthnews.pt,"www.healthnews,pt"
127453,13-07-2020,Reflexo Digital,Online,Regional,Informação Geral,Diária,Registo Definitivo,"Av. da República, 21, 1º Dto.",4805-155,Caldas das Taipas,Guimarães,Braga,"RFX, Lda.",Manuel António Martinho da Silva,,,"RFX, Lda.",Guimarães,Braga,,info@rfx.pt,www.reflexodigital.com
127454,13-07-2020,ECOseguros,Online,Nacional,Informação Especializada,Diária,Registo Definitivo,"Rua Joshua Benoliel, nº 6 - 3º B e C",1250-133,Lisboa,Lisboa,Lisboa,Francisco Botelho,Francisco Botelho,,,"Swipe News, S.A.",Lisboa,Lisboa,,administrativo@eco.pt,http://ecoseguros.pt/
127461,11-08-2020,Capital Verde,Online,Nacional,Informação Especializada,Diária,Registo Definitivo,"Rua Joshua Benoliel, nº 6 - 3º B e C",1250-133,Lisboa,Lisboa,Lisboa,Ana Batalha Oliveira,António Costa,,,"Swipe News, S.A.",Lisboa,Lisboa,,administrativo@eco.pt,capitalverde.pt
127462,11-08-2020,Algarve 7,Online,Regional,Informação Geral,Diária,Registo Definitivo,"R. Afonso de Albuquerque, lt. 1, 1º Dto.",8100-532,Loulé,Loulé,Faro,Jorge da Silva Gomes,Jorge da Silva Gomes,,,"Style Anywhere, Unipessoal, Lda.",Loulé,Faro,,styleanywhere.lda@gmail.com,www.algarve7.pt
127463,13-08-2020,Notícias de Famalicão,Online,Regional,Informação Geral,Diária,Registo Definitivo,"Avenida Carlos Bacelar, 1044 sala 11B",4760-103,Vila Nova de Famalicão,Vila Nova de Famalicão,Braga,Priscilla Rebelo,Priscilla Rebelo Valério Rodrigues,,,"Argumento Especial, Unipessoal, Lda.",Vila Nova de Famalicão,Braga,,geral@noticiasdefamalicao.pt,www.noticiasdefamalicao.pt
127467,19-08-2020,Montijo On City,Online,Regional,Informação Especializada,Diária,Registo Definitivo,"Rua Fialho de Almeida, 14, 2.º Esquerdo, Escritório DH6",1070-129,Lisboa,Lisboa,Lisboa,PENA MÁGICA - Comunicação & Informação Unipessoal Lda,Miguel Garcia Pelixo Narciso,Júlio Duarte,,"Centralnews - Comunicação & Informação, Unipessoal, Lda.",Lisboa,Lisboa,,geral@diariodistrito.pt,www.montijo.oncity.pt
127468,20-08-2020,MHD - Magazine.HD,Online,Nacional,Informação Especializada,Diária,Registo Definitivo,"R. Luís de Pina, 76",2740-090,Porto Salvo,Oeiras,Lisboa,Angela Costa,Rui Manuel Pimpão Ribeiro,Angela Costa,Catarina Oliveira,"ATMHD - Media Contents, Lda.",Oeiras,Lisboa,,rmpribeiro@netcabo.pt,www.magazine-hd.com
127470,24-08-2020,Terra de Miranda Notícias,Online,Regional,Informação Geral,Diária,Registo Definitivo,"Estrada Nacional nº 219, 14",5230-010,Algoso,Vimioso,Bragança,Hugo Filipe Geraldes Anes,Hugo Filipe Geraldes Anes,,,Hugo Filipe Geraldes Anes,Vimioso,Bragança,,hugoanes@terrademirandanoticias.pt,https://terrademirandanoticias.pt
127471,25-08-2020,Beachcam,Online,Nacional,Informação Especializada,Diária,Registo Definitivo,"Rua do Guarda Joias, 44",1300-294,Lisboa,Lisboa,Lisboa,Alexandre Melo,Vasco Ismael Rodrigues Da Silva Lourenço,,,Wavenation - Conteúdos e Media Lda,Lisboa,Lisboa,,geral@beachcam.pt,beachcam.meo.pt
127472,02-09-2020,Revista Portuguesa de Investigação Comportamental e Social,Online,Nacional,Informação Especializada,Semestral,Registo Definitivo,"R. Augusta, 46",3000-061,Coimbra,Coimbra,Coimbra,Instituto Superior Miguel Torga,Helena Maria Amaral do Espírito Santo,,,Instituto Superior Miguel Torga,Coimbra,Coimbra,,rpics@ismt.pt,http://rpics.ismt.pt/index.php/ISMT/index
127473,03-09-2020,HóqueiPT,Online,Nacional,Informação Especializada,3 em 3 dias,Registo Definitivo,"Avenida dos Moinhos, 10, 3º Esq.",2610-119,Amadora,Amadora,Lisboa,Elisabete Marina Leitão Alves dos Santos,Pedro Alexandre Caria Alves dos Santos,,,Pedro Alexandre Caria Alves dos Santos,Amadora,Lisboa,,pedro.santos@hoqueipt.com,https://www.hoqueipt.com/
127475,11-09-2020,Ardina do Alentejo,Online,Regional,Informação Geral,Diária,Registo Definitivo,"R. Prof. António Telmo, lote 75 - 2º Esq.",7100-151,Estremoz,Estremoz,Évora,Pedro Miguel Banha Soeiro,Maria Alexandra Pinheiro Rosado Soeiro,,,Maria Alexandra Pinheiro Rosado Soeiro,Estremoz,Évora,,soeiro.pedro@gmail.com,www.ardinadoalentejo.pt
127477,15-09-2020,Jornal Online,Online,Nacional,Informação Geral,Diária,Registo Definitivo,"Rua França Júnior, 615",4450-137,Matosinhos,Matosinhos,Porto,"RCChaves Rádio Clube de Chaves FM, Unipessoal, Lda.",Vítor José Gonçalves Fernandes,,,"RCChaves Rádio Clube de Chaves FM, Unipessoal, Lda.",Vinhais,Bragança,,geral@jornalonline.pt,https://jornalonline.pt
127479,18-09-2020,Diário de Santo Tirso,Online,Regional,Informação Geral,Diária,Registo Definitivo,"Avenida Sousa Cruz, Centro Comercial Galáxia, Loja 20",4780-365,Santo Tirso,Santo Tirso,Porto,Sílvia Patrícia Coelho Aves,João Pedro Rosas Fernandes,,,João Pedro Rosas Fernandes,Santo Tirso,Porto,,geral@diariodesantotirso.pt,www.diariodesantotirso.pt
127482,21-09-2020,Bom Jesus do Monte,Papel/Online,Nacional,Informação Especializada,Trimestral,Registo Definitivo,"Bom Jesus, Tenões",4715-261,Braga,Braga,Braga,Confraria Bom Jesus do Monte,João Paulo Coelho,,,Confraria Bom Jesus do Monte,Braga,Braga,,geral@bomjesus.pt,www.bomjesus.pt
127483,23-09-2020,Máquinas Agro,Online,Nacional,Informação Especializada,Mensal,Registo Definitivo,"R. Dr. Manuel Lopes Correia, 1/2, Loja D",2560-374,Torres Vedras,Torres Vedras,Lisboa,"Presstrans - Editora de Publicações, Unipessoal, Lda.",Ana Paula Rodrigues Freitas (pseudónimo: Ana Paula Oliveira),,,"Presstrans - Editora de Publicações, Unipessoal, Lda.",Torres Vedras,Lisboa,,anapaulaoliveira@pesadosemercadorias.com,https://www.maquinasagro.com
127488,22-10-2020,Azeméis.Net,Online,Regional,Informação Geral,Diária,Registo Definitivo,"Travessa Presa Cachana, 25, Sala 1",3720-265,Oliveira de Azeméis,Oliveira de Azeméis,Aveiro,"EDV Comunicação, Lda.",Emanuel Costa Rodrigues,,,Emanuel Costa Rodrigues,Oliveira de Azeméis,Aveiro,,geral@azemeis.net,https://www.azemeis.net
127489,22-10-2020,Sustentável,Papel/Online,Nacional,Informação Especializada,Bimestral,Registo Definitivo,"Av. da Liberdade, 144, 3º Dto.",1250-146,Lisboa,Lisboa,Lisboa,"Abilways Portugal, S.A.",Isabel Maria Duarte Martins,,,"Abilways Portugal, S.A.",Lisboa,Lisboa,,assinaturas@abilways.com,https://www.revistasustentável.pt
127490,28-10-2020,Notícias do Arrabal,Papel/Online,Regional,Informação Geral,Mensal,Registo Definitivo,"R. da Ratôa, 9",2420-023,Freixial,Leiria,Leiria,Rancho Folclórico do Freixial,Américo Ferreira de Oliveira,,,Rancho Folclórico do Freixial,Leiria,Leiria,,jornaldoarrabal@gmail.com,
127492,04-11-2020,Revista Comunidades Portuguesas,Papel/Online,Comunidades Portuguesas no Estrangeiro,Informação Especializada,Bimestral,Registo Suspenso,"R. João de Ruão, 12, Esc. 121",3000-229,Coimbra,Coimbra,Coimbra,"CEVID - Cedilha Evidente, Lda.",Abílio José Baptista Bebiano,,,"CEVID - Cedilha Evidente, Lda.",Coimbra,Coimbra,,abilio.bebiano@cevid.pt,https://www.revistacomunidades.pt
127493,05-11-2020,FOZ - Guadiana Digital,Online,Regional,Informação Geral,Diária,Registo Definitivo,"R. do Jornal do Algarve, 4, Bl. 4, 2º Esq.",8900-315,Vila Real de Santo António,Vila Real de Santo António,Faro,José Estêvão Cruz,José Estêvão Cruz,,,José Estêvão Cruz,Vila Real de Santo António,Faro,,josestevaocruz@sapo.pt,https://guadianadigital.pt
127497,16-11-2020,Interações  Sociedade e as Novas Modernidades,Online,Nacional,Informação Especializada,Semestral,Registo Definitivo,"Lg. da Cruz de Celas, 1",3000-132,Coimbra,Coimbra,Coimbra,Instituto Superior Miguel Torga,Vasco Alves de Sousa Almeida,,,Instituto Superior Miguel Torga,Coimbra,Coimbra,,vascoalmeida@ismt.pt,http://interacoes-ismt.com
127499,16-11-2020,CanalCentral,Online,Regional,Informação Geral,Diária,Registo Definitivo,R. Francisco Ferreira das Neves,3800-510,Aveiro,Aveiro,Aveiro,Marco Curião Neves,Pedro Miguel da Costa Ferreira,,,Associação para a Educação e Valorização da Região de Aveiro,Aveiro,Aveiro,,secretariado@aeva.eu,https://www.canalcentral.pt
127503,23-11-2020,USIAReview,Online,Nacional,Informação Especializada,Anual,Registo Definitivo,"R. Carlos José Barreiros, 25, 4E",1000-088,Lisboa,Lisboa,Lisboa,Ana Laura,Francisco Miguel Lacerda da Silva Pereira,Alan Brewer,,Francisco Miguel Lacerda da Silva Pereira,Lisboa,Lisboa,,lacerdamiguel0@gmail.com,https://usiareview.club
127504,25-11-2020,SBA Revista de Cultura,Papel,Regional,Informação Especializada,Semestral,Registo Definitivo,"Sítio do Farrobo, 956 A",8150-032,Farrobo,São Brás de Alportel,Faro,José do Carmo Correia Martins,José Manuel Dos Santos Encarnação,,,José do Carmo Correia Martins,São Brás de Alportel,Faro,,as1646267@sapo.pt,
127506,25-11-2020,Bom Dia,Online,Comunidades Portuguesas no Estrangeiro,Informação Especializada,Diária,Registo Definitivo,"Edificio Analysis, R. Rebelo de Carvalho, 202",4610-212,Felgueiras,Felgueiras,Porto,António Raúl Vaz Pinto da Cunha Reis,António Raúl Vaz Pinto da Cunha Reis,Ricardo Silva,,"Port - Portugueses Online Meios de Comunicação, Lda.",Felgueiras,Porto,,geral@portugueses.online,https://www.bomdia.eu
127511,15-12-2020,Lusitania Sacra,Papel/Online,Nacional,Informação Especializada,Semestral,Registo Definitivo,Palma de Cima,1649-023,Lisboa,Lisboa,Lisboa,Centro de Estudos de História Religiosa (UCP - CEHR),Paulo Fernando de Oliveira Fontes,Maria Filomena Andrade; Adélio Fernando Abreu,,Universidade Católica Portuguesa,Lisboa,Lisboa,,secretariado.cehr@ft.lisboa.ucp.pt,http://portal.cehr.ft.lisboa.ucp.pt/LusitaniaSacra/index.php/journal/index
127512,16-12-2020,Pataias à Letra,Papel,Regional,Informação Geral,Mensal,Registo Definitivo,"Rua dos Currais Velhos, 44",2445-341,Pataias,Alcobaça,Leiria,Ana Ferraz Pereira,Ana Ferraz Pereira,,,Ana Luísa Borges Ferraz Gonçalves Pereira,Alcobaça,Leiria,,ferrazpereiraana@gmail.com,
127514,21-12-2020,Mensagem de Lisboa,Online,Regional,Informação Geral,Diária,Registo Definitivo,"R. Garrett, 120",1200-205,Lisboa,Lisboa,Lisboa,Catarina Reis,Catarina Carvalho,,,"A Mensagem D'A Brasileira, Lda.",Lisboa,Lisboa,,catarina.carvalho@amensagem.pt,https://www.amensagem.pt
127515,11-01-2021,The Blind Spot,Online,Nacional,Informação Especializada,Bissemanal,Registo Definitivo,"Rua Tomás da Fonseca, 36, 5º C",1600-275,Lisboa,Lisboa,Lisboa,"In SiteOut, Unipessoal, Lda.",Nuno Sacoto Pereira Machado,,,"In SiteOut, Unipessoal, Lda.",Lisboa,Lisboa,,nuno.machado@theblindspot.pt,https://theblindspot.pt
127516,11-01-2021,Revista PsiRelacional - Perspectivas Relacionais em Psicanálise,Papel/Online,Nacional,Informação Especializada,Anual,Registo Definitivo,"Av. Guerra Junqueiro, 4, 2º Dto.",1000-167,Lisboa,Lisboa,Lisboa,PsiRelacional - Associação de Psicanálise Relacional,Hélder José Ferreira Chambel,,,PsiRelacional - Associação de Psicanálise Relacional,Lisboa,Lisboa,,psirelacional@gmail.com,https://revistapsirelacional.pt
127521,11-01-2021,Objectivo,Online,Nacional,Informação Geral,Semanal,Registo Definitivo,"R. Professor João Barreira, 10, 4º F",1600-615,Lisboa,Lisboa,Lisboa,Paulo Jorge Bravo Gaião,Paulo Jorge Bravo Gaião,,,Paulo Jorge Bravo Gaião,Lisboa,Lisboa,,info@objectivo.pt,https://www.objectivo.pt
127522,11-01-2021,Descendências Magazine,Online,Comunidades Portuguesas no Estrangeiro,Informação Especializada,Mensal,Registo Definitivo,"Rua dos Almocreves, 44",4455-029,Lavra,Matosinhos,Porto,Amostra de Letras - Unipessoal Lda.,Maria de Fátima Ferreira de Magalhães Pinheiro,Gilda de Jesus Freitas Pereira,,Amostra de Letras - Unipessoal Lda.,Matosinhos,Porto,,descendencias@descendencias.pt,https://descendencias.pt
127525,11-01-2021,Draft World Magazine,Online,Nacional,Informação Geral,Semanal,Registo Definitivo,"R. do Estorninho, 112 - Quinta da Bicuda, Torre",2750-686,Torre,Cascais,Lisboa,Elisabete Cristina dos Reis Eugénio,Elisabete Cristina dos Reis Eugénio,,,Elisabete Cristina dos Reis Eugénio,Cascais,Lisboa,,ecreugenio@draft-worldmagazine.com,https://www.draft-worldmagazine.com
127526,11-01-2021,A Criança e os seus Direitos,Papel/Online,Nacional,Informação Especializada,Semestral,Registo Definitivo,"Av. da República, 21",1050-185,Lisboa,Lisboa,Lisboa,Instituto de Apoio à Criança - IAC,Maria Clara Cabral Castilho,,,Instituto de Apoio à Criança - IAC,Lisboa,Lisboa,,iac-sede@iacrianca.pt,https://iacrianca.pt
127527,11-01-2021,O IAC em Notícia,Online,Nacional,Informação Especializada,Mensal,Registo Definitivo,"Av. da República, 21",1050-185,Lisboa,Lisboa,Lisboa,Instituto de Apoio à Criança - IAC,Anabela Dias Fonseca Reis,,,Instituto de Apoio à Criança - IAC,Lisboa,Lisboa,,iac-sede@iacrianca.pt,https://iacrianca.pt
127528,13-01-2021,GoRide,Online,Nacional,Informação Especializada,Diária,Registo Definitivo,"Largo 25 de Abril, 11",2565-735,Runa,Torres Vedras,Lisboa,Nuno Margaça,Jorge Daniel Campos Lopes,,,"GoRide - Edições, Lda.",Torres Vedras,Lisboa,,jorge.lopes@goride.pt,https://www.goride.pt/
127529,15-01-2021,Revista Internacional de Direito do Trabalho,Online,Nacional,Informação Especializada,Semestral,Registo Definitivo,"Faculdade de Direito da Universidade de Lisboa, Alameda da Universidade, Cidade Universitária",1649-014,Lisboa,Lisboa,Lisboa,IDT - Instituto de Direito do Trabalho,Luís Gonçalves da Silva,,Cláudia Madaleno,IDT - Instituto de Direito do Trabalho,Lisboa,Lisboa,,idt@fd.ulisboa.pt,www.ridt.pt
127531,21-01-2021,LPP Lisboa Para Pessoas,Papel/Online,Regional,Informação Especializada,3 x ano,Registo Definitivo,"Rua São Nicolau 73, 2º andar, sala 22",1100-548,Lisboa,Lisboa,Lisboa,Mário Rui Branco Correia Martins André,Mário Rui Branco Correia Martins André,,,"Shifter Generation, Unipessoal, Lda.",Lisboa,Lisboa,,mario@lisboaparapessoas.pt,https://lisboaparapessoas.pt
127534,26-01-2021,Evoquemag,Online,Nacional,Informação Especializada,Bimestral,Registo Definitivo,"Estrada das Várzeas, 17, 2º D",2790-444,Queijas,Oeiras,Lisboa,Edgar Correia,Carla Branco Alexandre,,,Carla Branco Alexandre,Oeiras,Lisboa,,c.g.branco@gmail.com,https://www.evoquemagazine.pt
127541,11-02-2021,Revista de Fisioterapia Desportiva In Forma,Papel/Online,Nacional,Informação Especializada,Bimestral,Registo Suspenso,"Centro Empresarial Fil Park, R. Santos Dias, 1121 - M13 (Ed. Fil Park)",4465-255,São Mamede de Infesta,Matosinhos,Porto,Nuno Miguel Mendonça Frazão Arnaut Pombeiro,Nuno Miguel Mendonça Frazão Arnaut Pombeiro,,Pedro Teixeira Leal,"Linha única - Edição e Comunicação em Saúde e Desporto, Lda.",Matosinhos,Porto,,linhaunica.rmd@gmail.com,https://www.revfisiodesp.pt
127542,11-02-2021,CódigoPro,Papel/Online,Nacional,Informação Geral,Trimestral,Registo Definitivo,"Praça Mouzinho de Albuquerque, 113 - 6.º",4100-359,Porto,Porto,Porto,Maria de Fátima Gomes Amaral Ferreira,Ricardo André Pinto Flaminio,,,"Editora Codigopro - Edição de Publicações Periódicas Unipessoal, Lda",Porto,Porto,,ricardoflaminio@codigopro.pt,https://www.codigopro.pt
127543,15-02-2021,Notícias Diáspora,Online,Comunidades Portuguesas no Estrangeiro,Informação Geral,Semanal,Registo Definitivo,"Av. Arriaga, 33-47, Sala G",9000-061,Funchal,Funchal,Ilha da Madeira,Sérgio Ferreira Soares,Sérgio Ferreira Soares,José Aleixo Vieira Mendonça,Agostinho Silva,"Notícias da Diáspora - Serviços Globais, Unipessoal, Lda.",Funchal,Ilha da Madeira,Região Autónoma da Madeira,gina.noticiasdadiaspora@gmail.com,https://www.noticiasdiaspora.pt
127544,15-02-2021,Alentejo Atual,Online,Regional,Informação Geral,Diária,Registo Definitivo,"Av. Comandante Ramiro Correia, 53, 2º T Esq.",7800-261,Beja,Beja,Beja,"Harmony Rhythms, Unipessoal, Lda.",Justino de Matos Engana,,,"Harmony Rhythms, Unipessoal, Lda.",Cuba,Beja,,geral@oatual.pt,https://www.oatual.pt
127545,16-02-2021,A Televisão,Online,Nacional,Informação Especializada,Diária,Registo Definitivo,"R. dos Pescadores, 16",8400-512,Carvoeiro,Lagoa (Algarve),Faro,Pedro Filipe Andrade Vendeira,Dânia Vanessa da Silva de Jesus,,,Pedro Filipe Andrade Vendeira,Lagoa (Algarve),Faro,,geral@atelevisao.com,https://www.atelevisao.com
127548,22-02-2021,Região de Rio Maior,Online,Regional,Informação Geral,Diária,Registo Definitivo,"Av. Paulo VI, 29, 3º andar",2040-325,Rio Maior,Rio Maior,Santarém,Miguel Félix Paulo,Rui Manuel Fernandes de Andrade,,,Miguel Félix Paulo,Rio Maior,Santarém,,miguelfelixpaulo@gmail.com,https://regiaoriomaior.pt/
127550,23-02-2021,Olhar Loures,Papel/Online,Regional,Informação Geral,Diária,Registo Definitivo,"Av. Eng. Arantes e Oliveira, 3 R/c",1900-221,Lisboa,Lisboa,Lisboa,"Avalanche de Sonhos, Unipessoal, Lda.",Mário José Gonçalves Rodrigues,,,"Avalanche de Sonhos, Unipessoal, Lda.",Lisboa,Lisboa,,avalanchedesonhos@sapo.pt,https://olharesdelisboa.pt/loures
127551,25-02-2021,Jornal de Guimarães,Online,Regional,Informação Geral,Diária,Registo Definitivo,"Av. da República, 21, 1º Dto.",4805-155,Caldas das Taipas,Guimarães,Braga,"RFX, Lda.",Alfredo Jorge Salazar Rodrigues Oliveira,,,"RFX, Lda.",Guimarães,Braga,,info@rfx.pt,https://www.jornaldeguimaraes.pt
127552,25-02-2021,JdG - Jornal de Guimarães em Revista,Papel,Regional,Informação Geral,Semestral,Registo Definitivo,"Av. da República, 21, 1º Dto",4805-155,Caldas das Taipas,Guimarães,Braga,"RFX, Lda.",Alfredo Jorge Salazar Rodrigues Oliveira,José Henrique Fernandes da Cunha,,"RFX, Lda.",Guimarães,Braga,,info@rfx.pt,https://www.jornaldeguimaraes.pt
127553,02-03-2021,Mais Beiras Informação,Papel/Online,Regional,Informação Geral,Diária,Registo Definitivo,R. das Courelas,6370-103,Fornos de Algodres,Fornos de Algodres,Guarda,Francisco Paulo Moreira Menano,Francisco Paulo Moreira Menano,,,Parágrafo Boémio Turismo e Comunicação Unipessoal Lda,Fornos de Algodres,Guarda,,maisbeiras.com@gmail.com,https://www.maisbeiras.com
127554,04-03-2021,Líder Ideias que Fazem Futuro,Papel/Online,Nacional,Informação Especializada,Trimestral,Registo Definitivo,"Av. Dr. Mário Soares, 35, Tagus Park",2740-119,Porto Salvo,Oeiras,Lisboa,Titiana Amorim Barroso,Miguel Pina e Cunha,,,"Tema Central, Lda.",Marinha Grande,Leiria,,c.barosa@temacentral.pt,https://lidermagazine.sapo.pt
127558,12-03-2021,iALIMENTAR,Papel/Online,Nacional,Informação Especializada,Trimestral,Registo Definitivo,"Avenida Defensores de Chaves, 15, 3.º F",1000-109,Lisboa,Lisboa,Lisboa,"Induglobal, Unipessoal, Lda.",Joana Gonçalves da Fonseca Peres,,,"Induglobal, Unipessoal, Lda.",Lisboa,Lisboa,,induglobal@interempresas.net,https://www.ialimentar.pt/
127559,18-03-2021,Rialidade,Online,Regional,Informação Geral,Semanal,Registo Definitivo,"Travessa do Governo Civil, 4, 2º - Sala 6",3810-118,Aveiro,Aveiro,Aveiro,Joana da Fonseca Valente,Manuel Oliveira de Sousa,,,"959 - Associação Para a Investigação, Consultoria e Edição em Comunicação",Aveiro,Aveiro,,959aicec@gmail.com,https://rialidade.webnode.pt/
127563,25-03-2021,EPHATA - Revista Portuguesa de Teologia,Papel/Online,Nacional,Informação Especializada,Semestral,Registo Definitivo,Universidade Católica Portuguesa - Palma de Cima,1649-023,Lisboa,Lisboa,Lisboa,"Universidade Católica Editora, Sociedade Unipessoal, Lda.",João Manuel Correia Rodrigues Duque,,,Universidade Católica Portuguesa,Lisboa,Lisboa,,info@reitoria.ucp.pt,https://revistas.ucp.pt/index.php/ephata/
127567,22-04-2021,OdivelasHoje,Online,Regional,Informação Geral,Diária,Registo Definitivo,"R. António Silva, 12 R/C Dto",2750-101,Cascais,Cascais,Lisboa,Paulo Alexandre Lopes Ferreira,Paulo Alexandre Lopes Ferreira,,,Paulo Alexandre Lopes Ferreira,Cascais,Lisboa,,pauloalferreira73@gmail.com,https://www.odivelashoje.pt
127569,26-04-2021,Vou Sair,Online,Nacional,Informação Especializada,Diária,Registo Definitivo,"R. Mário Castelhano, 42, Armazém 6",2730-120,Queluz de Baixo,Oeiras,Lisboa,"Cenário Triangular, Lda.",Ana Carina Martins Monteiro,,,"Cenário Triangular, Lda.",Sintra,Lisboa,,redacao@vousair.pt,https://vousair.pt/
127573,03-05-2021,PALAVRAR - Ler e escrever é resistir,Online,Nacional,Informação Especializada,Semestral,Registo Definitivo,"R. dos Missionários, Lote 11, L",8500-309,Portimão,Portimão,Faro,Paula Campos ,Analita Alves dos Santos,,,Analita Alves dos Santos,Portimão,Faro,,analita.santos@oprazerdaescrita.com,https://palavrar.oprazerdaescrita.com
127574,03-05-2021,Passos Litterae Communionis,Papel,Nacional,Doutrinária,Trimestral,Registo Definitivo,"R. Mouzinho da Silveira, 27, 5º D",1250-166,Lisboa,Lisboa,Lisboa,"Taprobana, Associação Cultural",Susana Maria Ribeiro Moreira,,,"Taprobana, Associação Cultural",Lisboa,Lisboa,,cl@taprobana.pt,
127575,05-05-2021,Sul Informação Alentejo,Online,Regional,Informação Geral,Diária,Registo Definitivo,"Centro Empresarial da Universidade do Algarve Campus de Gambelas, Pavilhão A5",8005-139,Faro,Faro,Faro,Página em Branco - Associação de Comunicadores e Jornalistas Independentes,Elisabete Rodrigues,,,Página em Branco - Associação de Comunicadores e Jornalistas Independentes,Faro,Faro,,sulinformacao@gmail.com,https://alentejo.sulinformacao.pt/
127576,06-05-2021,Ciclismo+TV,Online,Nacional,Informação Especializada,Diária,Registo Definitivo,"R. Nossa Senhora de Fátima, 100",4775-066,São Miguel da Carreira,Barcelos,Braga,Júlia Marta Silva Cunha Rodrigues,José Carlos da Silva Rodrigues,Adélio Vilaça da Cunha,,Margarida Pereira da Silva Cunha,Barcelos,Braga,,ciclismomaistv2020@gmail.com,https://www.ciclismomaistv.com
127577,07-05-2021,Time Out,Papel/Online,Nacional,Informação Especializada,8 x ano,Registo Definitivo,"Av. 24 de julho, 3 - 1.º Esq.",1200-480,Lisboa,Lisboa,Lisboa,"Time Out Portugal, Unipessoal, Lda.",Vera Constante Rodrigues de Moura Santos,Mariana Morais Pinheiro; Hugo Torres,,"Time Out Portugal, Unipessoal, Lda.",Lisboa,Lisboa,,duarte.vicente@timeout.com,https://www.timeout.pt
127579,11-05-2021,Travel News Pro,Online,Nacional,Informação Especializada,Diária,Registo Definitivo,"Rua Mário Castelhano, 42, Armazém 6",2730-120,Queluz de Baixo,Oeiras,Lisboa,"Cenário Triangular, Lda.",Ana Carina Martins Monteiro,,,"Cenário Triangular, Lda.",Sintra,Lisboa,,redacao@tnews.pt,https://tnews.pt/
127595,20-05-2021,A Voz do Nabão,Papel/Online,Regional,Informação Especializada,Semestral,Registo Definitivo,"R. Infantaria Quinze, 9 E",2300-585,Tomar,Tomar,Santarém,Santa Casa da Misericórdia de Tomar,António Manuel Freitas Alexandre,,,Santa Casa da Misericórdia de Tomar,Tomar,Santarém,,geral@scmt.pt,https://www.scmt.pt
127599,21-05-2021,Futuro da Guarda,Online,Regional,Informação Geral,Mensal,Registo Definitivo,"Av. Alexandre Herculano, s/n",6300-659,Guarda,Guarda,Guarda,Rui Isidro,Rui Manuel Bento Isidro,,,Fundação João Bento Raimundo,Guarda,Guarda,,geral@futurodaguarda.pt,https://www.futurodaguarda.pt
127600,24-05-2021,Privacy and Data Protection Magazine,Online,Nacional,Informação Especializada,Anual,Registo Definitivo,"Quinta do Bom Nome, Estrada da Correia, 53",1500-210,Lisboa,Lisboa,Lisboa,Universidade Europeia,Cristina Maria de Gouveia Caldeira,,,"Ensilis - Educação e Formação, Unipessoal, Lda.",Lisboa,Lisboa,,marlene-isabel.nunes@universidadeeuropeia.pt,https://www.europeia.pt/investigacao/privacy-and-data-protection-center/publicacoes
127602,28-05-2021,IT Insight Security,Online,Nacional,Informação Especializada,Bimestral,Registo Definitivo,"Largo da Lagoa, 7 C, Sala 104",2795-116,Linda a Velha,Oeiras,Lisboa,"Medianext Professional Information, Lda.",Rui Miguel Surrador Damião,,,"Medianext Professional Information, Lda.",Oeiras,Lisboa,,daf@medianext.pt,https://www.itsecurity.pt
127603,28-05-2021,Região de Lisboa,Papel/Online,Regional,Informação Geral,Mensal,Registo Definitivo,"Avª Engº Arantes e Oliveira, nr.º 3 R/c",1900-221,Lisboa,Lisboa,Lisboa,"Words Wizard, Lda",Anjos Costa,,,"Words Wizard, Lda.",Évora,Évora,,gestao@words-wizard.pt,https://regiaodelisboa.sapo.pt/
127604,28-05-2021,Tal&Qual,Papel,Nacional,Informação Geral,Semanal,Registo Definitivo,"Rua do Paraíso, n.º 217, 2.º andar, sala 13",4000-377,Porto,Porto,Porto,"Parem as Máquinas, Edições e Jornalismo Lda.",Liliana Adosinda Cardoso Macedo Rodrigues,,,"Parem As Máquinas, Edições e Jornalismo, Lda.",Porto,Porto,,administracao@talequal.pt,
127606,09-06-2021,Feiranet,Online,Regional,Informação Geral,Diária (dias úteis),Registo Definitivo,"Largo Luis de Camões, Edifício Rainha, 4.º Piso",3720-232,Oliveira de Azeméis,Oliveira de Azeméis,Aveiro,"Ágilpassear, Lda.",Eduardo de Oliveira Costa,,,"Ágilpassear, Lda.",Vila Real,Vila Real,,gestao@agilpassear.com,https://feiranet.pt
127607,14-06-2021,Montepio,Online,Nacional,Informação Especializada,Trimestral,Registo Definitivo,"Av. Conselheiro Fernando de Sousa, 19 - 6.º",1070-072,Lisboa,Lisboa,Lisboa,Plot - Content Agency,Virgílio Boavista Lima,,,Montepio Geral - Associação Mutualista,Lisboa,Lisboa,,dcmd@montepio.pt,https://www.montepio.org/vantagens-montepio/publicacoes/revista-montepio/
127611,18-06-2021,Miscellanea APAV,Papel/Online,Nacional,Informação Especializada,Semestral,Registo Definitivo,"R. José Estêvão, 135 A",1150-201,Lisboa,Lisboa,Lisboa,Rosa Saavedra,Rosa Maria Melim Saavedra,,,Associação Portuguesa de Apoio à Vítima - APAV,Lisboa,Lisboa,,apav.sede@apav.pt,https://www.apav.pt
127612,21-06-2021,Olhar Oeiras,Papel/Online,Regional,Informação Geral,Diária,Registo Definitivo,"Av. Eng. Arantes e Oliveira, 3 R/C",1900-221,Lisboa,Lisboa,Lisboa,"Avalanche de Sonhos, Unipessoal, Lda.",Mário José Gonçalves Rodrigues,,,"Avalanche de Sonhos, Unipessoal, Lda.",Lisboa,Lisboa,,olharoeiras@olharesdelisboa.pt,https://olharesdelisboa.pt/estatuto-editorial-olhar-oeiras/
127614,24-06-2021,Douro Interior Jornal,Papel/Online,Regional,Informação Geral,Mensal,Registo Definitivo,Regia Douro Park - Andrães,5000-033,Andrães,Vila Real,Vila Real,Embraceprofit - Lda.,Anjos Costa,,,Embraceprofit - Lda.,Viseu,Viseu,,gestao@embraceprofit.com,https://www.dourointeriorjornal.pt
127617,29-06-2021,Press Magazine,Online,Nacional,Informação Especializada,Mensal,Registo Definitivo,"Travessa João Pinto Ribeiro, 76",4435-042,Rio Tinto,Gondomar,Porto,Carlos Manuel Oliveira Valença,Carlos Manuel Oliveira Valença,,,Carlos Manuel Oliveira Valença,Gondomar,Porto,,carlosvalenca@sapo.pt,https://www.pressmagazine.pt
127619,30-06-2021,Identidade 4540,Online,Regional,Informação Especializada,Anual,Registo Definitivo,Lugar de Canelas de Cima,4540-252,Canelas de Cima,Arouca,Aveiro,Associação 4540 Jovem,André Azevedo Vilar,João Gabriel Duarte Barbosa,,Associação 4540 Jovem,Arouca,Aveiro,,4540jovem@gmail.com,https://fliphtml5.com/eemcz/nuxo/identidade_4540_n%C2%BA3
127620,01-07-2021,O Metropolitano,Online,Nacional,Informação Geral,Quinzenal,Registo Definitivo,"R. Dr. Carlos Pires Felgueiras, 98 - 4.ºF",4470-157,Maia,Maia,Porto,Aldo Cristiano Correia Maia,Aldo Cristiano Correia Maia,,,"Espadas & Dragões, Lda.",Maia,Porto,,info@espadasedragoes.pt,https://www.ometropolitano.pt
127621,05-07-2021,Fundos Europeus,Online,Nacional,Informação Especializada,Semanal,Registo Definitivo,"Rua Joshua Benoliel, nº 6 - 3º B e C",1250-133,Lisboa,Lisboa,Lisboa,Mónica Silvares,António Costa,,,"Swipe News, S.A.",Lisboa,Lisboa,,administrativo@eco.pt,https://eco.sapo.pt/fundos-europeus/
127622,07-07-2021,Forbes África Lusófona,Papel/Online,Nacional,Informação Especializada,Bimestral,Registo Definitivo,"Tagus Park, Edifício Tecnologia, 4.1, 71 a 74",2740-122,Porto Salvo,Oeiras,Lisboa,"Media9Par, S.A.",Nilza Rodrigues,,,"Media9Par, S.A.",Oeiras,Lisboa,,financas@medianove.com,https://www.forbesafricalusofona.com
127623,07-07-2021,Agroportal,Online,Nacional,Informação Especializada,Diária,Registo Definitivo,"Av. do Faial 218, + 2 A",2765-411,Monte Estoril,Cascais,Lisboa,"Agroportal, Unipessoal Lda.",Sara Isabel Branquinho Pelicano,,,"Agroportal, Unipessoal Lda.",Cascais,Lisboa,,geral@agroportal.pt,https://www.agroportal.pt
127624,16-07-2021,BioHazMag,Online,Nacional,Informação Especializada,Bienal,Registo Definitivo,"Av. Mestre Lima de Freitas, , lote 90 - G5",2910-867,Setúbal,Setúbal,Setúbal,Pedro Miguel Figueira de Viterbo Badoni,Pedro Miguel Figueira de Viterbo Badoni,,,"Deathclean, Unipessoal Lda.",Setúbal,Setúbal,,geral@deathclean.com,https://biohazmag.pt
127626,23-07-2021,Voz da Fátima,Papel/Online,Nacional,Doutrinária,Mensal,Registo Definitivo,"Rua de Santa Isabel, 360",2495-424,Cova da Iria,Ourém,Santarém,Fábrica do Santuário de Nossa Senhora do Rosário de Fátima,Carlos Manuel Pedrosa Cabecinhas,,,Fábrica do Santuário de Nossa Senhora do Rosário de Fátima,Ourém,Santarém,,assinaturas@fatima.pt,https://www.fatima.pt
127633,09-08-2021,Viral Check,Online,Nacional,Informação Especializada,Diária,Registo Definitivo,"Edifício Gonçalves Zarco, Rua da Cintura do Porto de Lisboa",1350-352,Lisboa,Lisboa,Lisboa,Fernando Esteves,Sara Beatriz Monteiro,,,"Inevitável e Fundamental, Lda.",Lisboa,Lisboa,,fernandomacedoesteves@gmail.com,https://viral.sapo.pt/
127634,16-08-2021,Notícias de Resende,Papel,Regional,Informação Geral,Mensal,Registo Definitivo,"Urbanização Encosta do Sol, Bloco 3, 1º Dto.",5100-188,Lamego,Lamego,Viseu,Cármina Manuela Vieira Fonseca,Cármina Manuela Vieira Fonseca,,,Cármina Manuela Vieira Fonseca,Lamego,Viseu,,carminamanuela@gmail.com,
127635,19-08-2021,21 TV-Canal de Informação e Entretenimento Regional,Online,Regional,Informação Geral,Diária,Registo Definitivo,"Casal do Camarnal, 9",2560-403,Silveira,Torres Vedras,Lisboa,Luis Miguel Pereira Veloso Campos,Luís Miguel Pereira Veloso Campos,,,Luis Miguel Pereira Veloso Campos,Torres Vedras,Lisboa,,geral.mafratv@gmail.com,https://21tv.sapo.pt/homepage/
127638,26-08-2021,A Nação - Jornal Online,Online,Nacional,Informação Geral,Semestral,Registo Definitivo,"R. Quinta da Moura, Lt. E, 2",2730-205,Quinta da Moura,Oeiras,Lisboa,Pedro Filipe Soares de Sousa,João Pedro Rangel Costa Martins,,,Forum Cívico Lusitano,Oeiras,Lisboa,,forumcivicolusitano@gmail.com,https://anacao.sapo.pt/
127642,07-09-2021,NDC - Notícias do Centro,Online,Regional,Informação Geral,Diária,Registo Definitivo,"R. do Carmo, 75, 4º, BM",3000-098,Coimbra,Coimbra,Coimbra,"Publipolis, Unipessoal, Lda.",Catarina Alexandra Rodrigues Simões,,,"Publipolis, Unipessoal, Lda.",Coimbra,Coimbra,,fernandomoura@noticiasdocentro.pt,https://www.noticiasdocentro.pt
127644,10-09-2021,IMGM Quarterly,Online,Nacional,Informação Especializada,Anual,Registo Suspenso,"Av. da Liberdade, 110",1269-046,Lisboa,Lisboa,Lisboa,Miguel Trindade da Costa Rocha,Miguel Trindade da Costa Rocha,Lia Millecamps,,"Polyhedron SGPS, Limitada",Lisboa,Lisboa,,info@imgmquarterly.com,https://quarterly.pt
127645,10-09-2021,Comunidade Cultura e Arte,Online,Nacional,Informação Especializada,Diária,Registo Definitivo,"Rua Dismadeus, 43",3750-791,Trofa,Águeda,Aveiro,Rui André Alves Soares,Rui André Alves Soares,,,"CCA - Comunidade Cultura e Arte, Lda.",Águeda,Aveiro,,ruialvessoares@gmail.com,https://www.comunidadeculturaearte.com
127651,01-10-2021,Away Magazine,Online,Nacional,Informação Especializada,Diária,Registo Definitivo,"R. Mário Castelhano, 40",2734-502,Queluz de Baixo,Oeiras,Lisboa,Pedro Santos Guerreiro,Pedro Santos Guerreiro,,,"Média Capital - Digital, S.A.",Oeiras,Lisboa,,away@mediacapital.pt,https://away.iol.pt/
127652,11-10-2021,Em Luta,Papel/Online,Nacional,Doutrinária,Bimestral,Registo Definitivo,"R. Carlos Mardel, 5, Cave",1900-117,Lisboa,Lisboa,Lisboa,Maria Cristina Portella Ribeiro,Ana Flor Pereira Neves,,,Maria Cristina Portella Ribeiro,Lisboa,Lisboa,,portella53@gmail.com,https://emluta.net
127654,18-10-2021,Absolute Escape Edition,Online,Nacional,Informação Especializada,Mensal,Registo Definitivo,"Rua Tenente Ferreira Durão, 5, 5º Andar",1350-309,Lisboa,Lisboa,Lisboa,António Manuel da Silveira Vidigal,António Manuel da Silveira Vidigal,,,António Manuel da Silveira Vidigal,Lisboa,Lisboa,,hello@absoluteescape.pt,https://www.travelosophy.uno
127655,22-10-2021,Supercasa Notícias do Mercado Imobiliário,Online,Nacional,Informação Especializada,Diária,Registo Definitivo,"Parque Tecnológico de Óbidos, R. da Criatividade, Lote 6",2510-216,Casal do Zambujeiro,Óbidos,Leiria,João Ricardo Sousa Costa Capucho,Sandra Marina Carvalho Dias,,,"Janela Digital - Informática e Telecomunicações, S.A.",Óbidos,Leiria,,adm.gestao@janeladigital.com,https://www.supercasa.pt
127656,26-10-2021,Revista Portuguesa de Direito Constitucional,Online,Nacional,Informação Especializada,Anual,Registo Definitivo,"Rua de ""O Século"", 111",1200-434,Lisboa,Lisboa,Lisboa,AATRIC - Associação dos Assessores do Tribunal Constitucional,Miguel João de Almeida Costa,Catarina de Almeida Gouveia Oliveira Alves,,AATRIC - Associação dos Assessores do Tribunal Constitucional,Lisboa,Lisboa,,aatric@gmail.com,https://www.rpdc.pt
127660,11-11-2021,H2 Magazine,Papel,Nacional,Informação Especializada,Bimestral,Registo Definitivo,"Av. das Forças Armadas, 4, 8º B",1600-082,Lisboa,Lisboa,Lisboa,"Bleed - Sociedade Editorial e Organização de Eventos, Unipessoal, Lda.",Judite das Mercês Vieira Campos Rodrigues,Miguel Boavida,,"Bleed - Sociedade Editorial e Organização de Eventos, Unipessoal, Lda.",Lisboa,Lisboa,,miguel.boavida@bleed.pt,https://www.bleed.pt
127661,11-11-2021,Página Um,Online,Nacional,Informação Geral,Diária,Registo Definitivo,"Rua Padre Luís Aparício, 11 - 4º D",1150-248,Lisboa,Lisboa,Lisboa,Pedro Alexandre de Almeida Vieira,Pedro Alexandre de Almeida Vieira,,,"Página Um, Lda.",Lisboa,Lisboa,,pavieira@paginaum.pt,https://www.paginaum.pt
127663,16-11-2021,SegueNews,Online,Nacional,Informação Geral,Diária,Registo Definitivo,"R. Fernanda de Castro, 64, 3º Dto.",2785-092,Cabeço de Mouro,Cascais,Lisboa,Anabela Fernandes,Alexandra Paula de Lemos Ferreira,,,Alexandra Paula de Lemos Ferreira,Cascais,Lisboa,,alexandra.de.lemos@gmail.com,https://www.seguenews.com
127664,18-11-2021,Jornal de Chaves,Papel/Online,Regional,Informação Geral,Quadrimensal,Registo Definitivo,"Zona Industrial da Cocanha, R. da Indústria",5400-694,Cocanha,Chaves,Vila Real,"Enredos & Episódios - Televisão e Multimédia, Lda.",Sara Isabel Esteves Martins,,,"Enredos & Episódios - Televisão e Multimédia, Lda.",Chaves,Vila Real,,jornaldechaves@gmail.com,https://jornaldechaves.pt/
127668,24-11-2021,A Magazine PT,Papel/Online,Regional,Informação Especializada,Trimestral,Registo Definitivo,"R. Fialho de Almeida, 32 - 3 DT",1070-129,Lisboa,Lisboa,Lisboa,Cristina Abranches,Susana Jacobetty Gamito Gomes de Bettencourt Bacelar,João Carlos de Bettencourt Bacelar,,João Carlos de Bettencourt Bacelar,Lisboa,Lisboa,,joaobbacelar@gmail.com,http://www.amagazinept.org
127670,25-11-2021,Lidador Notícias,Online,Regional,Informação Geral,Diária,Registo Definitivo,"Av. Comandante Ramiro Correia, 68, r/c esq.",7800-261,Beja,Beja,Beja,António Teixeira Correia,António Teixeira Correia,,,António Teixeira Correia,Beja,Beja,,teixeirajn06@gmail.com,https://www.lidadornoticias.pt
127671,29-11-2021,Liga-te Em Números,Papel/Online,Nacional,Informação Especializada,Bimestral,Registo Definitivo,"Edifício Arena Liga Portugal - Rua John Whitehead, 69",4250-540,Porto,Porto,Porto,Orlando Fernandes,Paulo Pedrosa,,,Liga Portuguesa de Futebol Profissional,Porto,Porto,,comunicacao@ligaportugal.pt,https://www.lpfp.pt
127674,09-12-2021,VIP Interiores - ideias e tendências,Papel,Nacional,Informação Especializada,Trimestral,Registo Definitivo,"Rua Retiro dos Pacatos, 50, Edifício Startup, Sala 1 e 2",2635-224,Covas,Sintra,Lisboa,Jacques da Conceição Rodrigues,Virgínia Maria Seixas Esteves Março,,,Jacques da Conceição Rodrigues,Cascais,Lisboa,,geral@impala.pt,
127677,13-12-2021,O Tomarense,Online,Regional,Informação Especializada,Quadrimestral,Registo Definitivo,"R. Flores do Lima, 8",1700-196,Lisboa,Lisboa,Lisboa,Casa do Concelho de Tomar,Carlos Manuel Tavares Ferreira Galinha,,,Casa do Concelho de Tomar,Lisboa,Lisboa,,geral@cctomar.pt,https://www.cctomar.pt
127678,15-12-2021,VIP Anuário de Decoração,Papel,Nacional,Informação Especializada,Anual,Registo Definitivo,"R. Retiro dos Pacatos, 50 - Edifício Startup - sala 1 e 2",2635-224,Covas,Sintra,Lisboa,Jacques da Conceição Rodrigues,Virgínia Esteves,,,Jacques da Conceição Rodrigues,Cascais,Lisboa,,paularodrigues@impala.pt,
127679,15-12-2021,Jornal do Imobiliário,Online,Nacional,Informação Especializada,Mensal,Registo Definitivo,"R. Prof. João Cândido Oliveira, 11, 4 B",1750-230,Lisboa,Lisboa,Lisboa,António José Ribeiro,António José Ribeiro,,,António José Ribeiro,Lisboa,Lisboa,,tozeribeiro@icloud.com,https://www.jornaldoimobiliario.com
127683,29-12-2021,The Portuguese Jewish News,Online,Nacional,Informação Especializada,Trissemanal,Registo Definitivo,"R. de Guerra Junqueiro, 325",4150-386,Porto,Porto,Porto,Gabriela Cantergi,Gabriela Cantergi,Miriam Assor,,Comunidade Israelita do Porto/Comunidade Judaica do Porto,Porto,Porto,,info@comunidade-israelita-porto.org,https://www.portuguesejewishnews.com
127685,04-01-2022,Eu Era Assim,Papel/Online,Nacional,Doutrinária,Mensal,Registo Definitivo,"R. Dr. José Espírito Santo, 34 E",1950-096,Lisboa,Lisboa,Lisboa,Nilza P. Xavier Barros,Maria de Jesus Dias Ribeiro Correia,,,Igreja Universal do Reino de Deus,Lisboa,Lisboa,,info@iurd.pt,https://www.igrejauniversal.pt
127686,05-01-2022,O Centro Digital - Notícias Online,Online,Regional,Informação Geral,Semanal,Registo Definitivo,"Estrada da Paredinha, 3",2300-245,Paredinha,Tomar,Santarém,Pedro Miguel Caetano Silva,Pedro Miguel Caetano Silva,Rafaela Jesus dos Santos,,"Desenhos Criativos, Unipessoal Lda.",Tomar,Santarém,,geral@desenhoscriativos.pt,http://www.ocentrodigital.pt
127687,07-01-2022,Jornal Os Mogadourenses,Papel,Regional,Informação Geral,Mensal,Registo Definitivo,"R. das Eiras, 56",5200-080,Lamoso,Mogadouro,Bragança,Pedro José Guerra Alonso,Pedro Alonso,,,Pedro José Guerra Alonso,Mirandela,Bragança,,jornalosmogadourenses@gmail.com,
127688,21-01-2022,BombeirosTV,Online,Nacional,Informação Especializada,Diária,Registo Definitivo,"R. Capitão Oliveira Matta, 1, 1º Dto.",2670-510,Loures,Loures,Lisboa,Nuno Cerqueira,Filipe Ricardo Gonçalves Oitavem,Gonçalo Marques,Ricardo Pastor,Filipe Ricardo Gonçalves Oitavem,Loures,Lisboa,,geral@bombeirostv.pt,https://www.bombeirostv.pt
127692,18-05-2006,JPN,Online,Nacional,Informação Geral,Diária (dias úteis),Registo Definitivo,"Via Panorâmica Edgar Cardoso, s/n",4150-564,Porto,Porto,Porto,Universidade do Porto,Paulo Frias da Costa,,,Universidade do Porto,Porto,Porto,,jpn@jpn.up.pt,jpn.up.pt
127693,03-02-2022,Notícias de Beja,Online,Regional,Doutrinária,Semanal,Registo Definitivo,"R. D. Manuel I, 1",7800-306,Beja,Beja,Beja,Diocese de Beja,António Novais Pereira,,,Diocese de Beja,Beja,Beja,,noticiasdebeja1928@gmail.com,https://noticiasdebeja.com
127695,18-01-2011,Amadora Cidade,Papel/Online,Regional,Informação Geral,Bimestral,Registo Suspenso,Av. Movimento das Forças Armadas,2700-595,Amadora,Amadora,Lisboa,Silvia Rodrigues,Carla Maria Nunes Tavares,,,Município da Amadora,Amadora,Lisboa,,gab.presidencia@cm-amadora.pt,https://issuu.com/municipioamadora
127697,26-06-2009,Medi@ções: Revista Online da Escola Superior de Educação do Inst. Politécnico de Setúbal,Online,Nacional,Informação Especializada,Semestral,Registo Definitivo,Campus do IPS,2914-504,Setúbal,Setúbal,Setúbal,Escola Superior de Educação de Setúbal,Ana Luísa Rebelo de Oliveira Pires,Elisabete Xavier Gomes e João Torres,,Escola Superior de Educação - Instituto Politécnico de Setúbal,Setúbal,Setúbal,,susana.marques@ese.ips.pt,http://mediacoes.ese.ips.pt/index.php/mediacoesonline
127699,27-05-2014,Jornal Municipal,Papel,Regional,Informação Geral,Trimestral,Registo Definitivo,Praça Pedro Nunes,7580-125,Alcácer do Sal,Alcácer do Sal,Setúbal,Câmara Municipal de Alcácer do Sal,Vitor Manuel Chaves de Caro Proença,,,Município de Alcácer do Sal,Alcácer do Sal,Setúbal,,imprensa@m-alcacerdosal.pt,
127701,07-08-2018,Lagos - Revista Municipal,Papel/Online,Regional,Informação Especializada,Quadrimestral,Registo Definitivo,"Edifício Paços do Concelho Séc. XXI, Praça do Município",8600-293,Lagos,Lagos,Faro,Câmara Municipal de Lagos,Hugo Miguel Marreiros Henrique Pereira,Sara Maria Horta Nogueira Coelho,,Município de Lagos,Lagos,Faro,,lagos.revistamunicipal@cm-lagos.pt,www.cm-lagos.pt
127703,,Póvoa de Varzim - Boletim Cultural,Papel,Regional,Informação Especializada,Anual,Registo Definitivo,"Biblioteca Municipal Rocha Peixoto, R. Manuel Lopes, s/n",4490-438,Póvoa de Varzim,Póvoa de Varzim,Porto,Município da Póvoa de Varzim,Maria da Conceição Nogueira,,,Município da Póvoa de Varzim,Póvoa de Varzim,Porto,,biblioteca@cm-pvarzim.pt,"www,cm-pvarzim.pt"
127705,02-01-1987,Aprender,Online,Nacional,Informação Especializada,2 x ano,Registo Definitivo,"Pç. da República, 23-25",7300-109,Portalegre,Portalegre,Portalegre,Escola Superior de Educação e Ciências Sociais do Instituto Politécnico de Portalegre,Amélia de Jesus Gandum Marchão,Maria José D. Martins,,Escola Superior de Educação e Ciências Sociais do Instituto Politécnico de Portalegre,Portalegre,Portalegre,,aprender.esecs@ipportalegre.pt,https://aprender.ipportalegre.pt/
127711,,Tellus,Papel,Regional,Informação Especializada,Bianual,Registo Definitivo,"Grémio Literário Vila-Realense, R. Madame Brouillard",5000-573,Vila Real,Vila Real,Vila Real,Municipio de Vila Real,António Manuel Pires Cabral,,,Município de Vila Real,Vila Real,Vila Real,,gremio@cm-vilareal.pt,
127713,20-09-1983,Análise Social,Online,Nacional,Informação Especializada,Trimestral,Registo Definitivo,"Av. Professor Aníbal Bettencourt, 9",1600-189,Lisboa,Lisboa,Lisboa,Instituto de Ciências Sociais da Universidade de Lisboa,Sofia Isabel da Costa d'Aboim Inglez,Cícero Pereira; Filipe Silva; Joana Fraga; José Pereira; Patrícia Matos; Simone Tulumello; Suely Deslandes; Victor Pereira.,,Universidade de Lisboa - Instituto de Ciências Sociais,Lisboa,Lisboa,,marta.castelobranco@ics.ulisboa.pt,https://revistas.rcaap.pt/analisesocial
127715,21-01-1992,Vida de Paranhos,Papel/Online,Regional,Informação Geral,Trimestral,Registo Definitivo,"R. Álvaro Castelões, 811",4200-047,Porto,Porto,Porto,Freguesia de Paranhos,Luís Miguel Seabra de Freitas,,,Freguesia de Paranhos,Porto,Porto,,geral@jfparanhos.pt,www.jfparanhos-porto.pt
127717,07-05-1990,Odemira em Notícia,Papel,Regional,Informação Geral,Trimestral,Registo Definitivo,Praça da República,7630-139,Odemira,Odemira,Beja,Município de Odemira,Hélder Guerreiro,,,Município de Odemira,Odemira,Beja,,geral@cm-odemira.pt,
127719,06-05-1973,Revista da Armada,Papel,Nacional,Informação Especializada,Mensal,Registo Definitivo,R. do Arsenal,1149-001,Lisboa,Lisboa,Lisboa,Ministério da Defesa Nacional-Marinha,Nelson Alves Domingos,,Ana Alexandra Gago de Brito,Ministério da Defesa Nacional - Marinha,Lisboa,Lisboa,,ra.secretaria@marinha.pt,www.marinha.pt
127721,16-10-2000,Millenium,Online,Regional,Informação Especializada,Quadrimestral,Registo Definitivo,Av. Coronel José Maria Vale de Andrade,3504-510,Viseu,Viseu,Viseu,Instituto Politécnico de Viseu,Maria Madalena Jesus Cunha Nunes,,,Instituto Politécnico de Viseu,Viseu,Viseu,,millenium@sc.ipv.pt,http://revistas.rcaap.pt/
127722,06-08-1974,Ecos de Cacia,Papel,Regional,Informação Geral,Mensal,Registo Definitivo,Rua Conselheiro Nunes da Silva n.º 55,3800-538,Cacia,Aveiro,Aveiro,Junta de Freguesia de Cacia,"António Dinis Macedo, também usa Macedo Pita",,,Junta de Freguesia de Cacia,Aveiro,Aveiro,,geral.ecos@cacia.pt,www.ecos.cacia.pt
127726,10-10-2007,Saúde & Tecnologia,Online,Nacional,Informação Especializada,Anual,Registo Definitivo,"Av. D. João II, Lote 4.69.01",1990-096,Lisboa,Lisboa,Lisboa,Escola Superior de Tecnologia da Saúde de Lisboa - Instituto Politécnico de Lisboa,Maria Beatriz Dias Fernandes,,,Instituto Politécnico de Lisboa,Lisboa,Lisboa,,revistacientifica@estesl.ipl.pt,http://journals.ipl.pt/stecnologia/index
127729,28-02-2011,A Voz do Espinheiro,Papel,Regional,Informação Geral,Mensal,Registo Definitivo,"Rua Principal, n.º 312",2380-325,Espinheiro,Alcanena,Santarém,"União das Freguesias de Malhou,Louriceira e Espinheiro",Lina Maria Davide Silva Louro,,,"União das Freguesias de Malhou, Louriceira e Espinheiro",Alcanena,Santarém,,geral@jf-malhou-louriceira-espinheiro.pt,
127731,11-04-2002,Daxiyangguo - Revista Portuguesa de Estudos Asiáticos,Papel/Online,Nacional,Informação Especializada,Semestral,Registo Definitivo,Campus Universitário do Alto da Ajuda - R. Almerindo Lessa,1300-663,Lisboa,Lisboa,Lisboa,Instituto do Oriente,Nuno Canas Mendes,,Andrea Valente,ISCSP - ULisboa,Lisboa,Lisboa,,ioriente@iscsp.ulisboa.pt,https://ioriente.iscsp.ulisboa.pt/index.php/pt/
127733,19-08-2021,O Ideário Patrimonial,Online,Nacional,Informação Especializada,Semestral,Registo Definitivo,"Centro das Arqueologias, Instituto Politécnico de Tomar",2300-313,Tomar,Tomar,Santarém,Fernando Augusto Rodrigues Coimbra,Fernando Augusto Rodrigues Coimbra,Teresa Desterro; Fernando Sanchez Salvador; José d’Encarnação,,Instituto Politécnico de Tomar,Tomar,Santarém,,f-coimbra@ipt.pt,https://www.cta.ipt.pt
127735,23-08-2021,Antrope Anopore,Online,Nacional,Informação Especializada,Semestral,Registo Definitivo,"Centro das Arqueologias, Instituto Politécnico de Tomar",2300-313,Tomar,Tomar,Santarém,Sara Liliana Magalhães Barbosa Garcês,Sara Liliana Magalhães Barbosa Garcês,,,Instituto Politécnico de Tomar,Tomar,Santarém,,saragarces@ipt.pt,https://www.cta.ipt.pt
127738,12-05-1995,Viver Serpa,Papel,Regional,Informação Geral,Mensal,Registo Definitivo,Praça da República,7830-389,Serpa,Serpa,Beja,Município de Serpa,Francisco José Palma Picareta,,,Município de Serpa,Serpa,Beja,,sici@cm-serpa.pt,
127739,23-02-2022,Ecossocialismo,Papel/Online,Nacional,Doutrinária,Quadrimestral,Registo Definitivo,"R. Manuel Rodrigues Gameiro, 5, 4º Esq.",2330-178,Entroncamento,Entroncamento,Santarém,Higino Manuel Gaocho Maroto,Rui Manuel Vítor Cortes,Pedro Manuel Bastos Rodrigues Soares,,Carlos Manuel Godinho Matias,Entroncamento,Santarém,,godinhomatias1951@gmail.com,
127741,02-03-2022,O Atleta,Online,Nacional,Informação Especializada,Diária,Registo Definitivo,"Rua da Taxa, 33 Lj.",4710-448,Braga,Braga,Braga,Raúl Manuel Vaz do Nascimento Carvalhais,Raúl Manuel Vaz do Nascimento Carvalhais,,,"Gôndola D'Ideias, Lda.",Braga,Braga,,geral@oatleta.pt,https://www.oatleta.pt
127742,14-02-2001,Cidades. Comunidades e Territórios,Online,Nacional,Informação Especializada,Quadrimestral,Registo Definitivo,"Av. das Forças Armadas, Edifício ISCTE",1649-026,Lisboa,Lisboa,Lisboa,DINÂMIA-CET - Centro de Estudos Sobre a Mudança Socioeconómica e o Território,Maria Assunção Baião Gato,,,ISCTE-IUL - Instituto Universitário de Lisboa,Lisboa,Lisboa,,dinamia@iscte-iul.pt,http://revistas.rcaap.pt/cct
127744,03-03-2022,Press ou Post,Online,Nacional,Informação Especializada,Diária,Registo Definitivo,"R. Professor Adelino da Palma Carlos, 39",4410-432,Arcozelo,Vila Nova de Gaia,Porto,António José Moreira Ferreira Lopes,António José Moreira Ferreira Lopes,,,António José Moreira Ferreira Lopes,Vila Nova de Gaia,Porto,,ajmflopes@gmail.com,http://www.pressoupost.pt
127748,28-07-1987,Islenha,Papel,Nacional,Informação Especializada,Semestral,Registo Definitivo,"R. dos Ferreiros, 165",9004-520,Funchal,Funchal,Ilha da Madeira,Serviço de Publicações - Direção Regional da Cultura,Cláudia Maria Ferreira Faria,,,"Secretaria Regional da Economia, Turismo e Cultura - Direção Regional da Cultura",Funchal,Ilha da Madeira,Região Autónoma da Madeira,islenha.revista@madeira.gov.pt,
127750,30-03-2001,Negócios Estrangeiros,Online,Nacional,Informação Especializada,Semestral,Registo Definitivo,"R. das Necessidades, 19",1350-218,Lisboa,Lisboa,Lisboa,Ministério dos Negócios Estrangeiros - Instituto Diplomático,José de Freitas Ferraz,,,Ministério dos Negócios Estrangeiros - Instituto Diplomático,Lisboa,Lisboa,,idi@mne.pt,http://idi.mne.pt/pt/revistne.html
127752,04-11-2020,O Lordelense,Papel,Regional,Informação Especializada,Quadrimestral,Registo Definitivo,"Praça Francisco Sá Carneiro, 2",4580-424,Lordelo,Paredes,Porto,Ana Margarete Gonçalves,Filipe Silvestre Ferreira Carneiro,,,Junta de Freguesia de Lordelo,Paredes,Porto,,geral@cidadelordelo.pt,https://www.cidadelordelo.pt
127754,16-10-2013,Nós - Jornal Online da UMinho,Online,Nacional,Informação Geral,9 x ano,Registo Definitivo,GCII - Largo do Paço,4704-553,Braga,Braga,Braga,Nuno Fernando Araújo de Passos,Júlia Manuela Silva da Costa,,,Universidade do Minho,Braga,Braga,,gcii@reitoria.uminho.pt,http://www.nos.uminho.pt/
127756,19-01-1993,Resende Informação,Papel,Regional,Informação Geral,Anual,Registo Suspenso,Av. Rebelo Moniz,4660-212,Resende,Resende,Viseu,Municipio de Resende,Manuel Garcez Trindade,,,Município de Resende,Resende,Viseu,,geral@cm-resende.pt,
127758,19-08-2006,Intercâmbio,Online,Nacional,Informação Especializada,Anual,Registo Definitivo,"Via Panorâmica, s/n",4150-564 Porto,Porto,Porto,Porto,Instituto de Estudos Franceses da Universidade do Porto,José Domingues de Almeida,,,Universidade do Porto,Porto,Porto,,intercambio@letras.up.pt,https://ojs.letras.up.pt/index.php/int
127760,25-05-1993,Revista Filosófica de Coimbra,Papel/Online,Regional,Informação Especializada,Semestral,Registo Definitivo,Faculdade de Letras da Universidade de Coimbra,3004-530,Coimbra,Coimbra,Coimbra,Luís António Umbelino,Luís António Umbelino,,,Universidade de Coimbra - Faculdade de Letras,Coimbra,Coimbra,,revistafilcoimbra@gmail.com,https://impactum-journals.uc.pt/rfc/issue/view/988
127762,20-03-1975,Scientia Ivridica,Papel/Online,Regional,Informação Especializada,Quadrimestral,Registo Definitivo,Campus de Gualter - Universidade do Minho,4710-057,Braga,Braga,Braga,Universidade do Minho,Marco Filipe Carvalho Gonçalves,,,Universidade do Minho,Braga,Braga,,si@direito.uminho.pt,https://scientiaivridica.weebly.com/
127764,20-07-2020,InfoIASFA,Online,Nacional,Informação Especializada,Trimestral,Registo Definitivo,"R. Pedro Nunes, 8",1069-023,Lisboa,Lisboa,Lisboa,Ana Paula Nunes Barata Costa,Luiz António Morgado Batista,,,"Instituto de Ação Social das Forças Armadas, IP.",Lisboa,Lisboa,,infoiasfa@iasfa.pt,www.iasfa.pt
127766,22-06-2006,Laboreal,Online,Nacional,Informação Especializada,Bianual,Registo Definitivo,R. Alfredo Allen,4200-135,Porto,Porto,Porto,Universidade do Porto,Marianne Hélène Lacomblez,,,Universidade do Porto,Porto,Porto,,laboreal@fpce.up.pt,https://journals.openedition.org/laboreal/
127769,25-05-2016,Lex Familiae - Revista Portuguesa de Direito da Familía,Online,Nacional,Informação Especializada,Semestral,Registo Definitivo,Faculdade de Direito da Universidade de Coimbra,3004-528,Coimbra,Coimbra,Coimbra,Instituto Jurídico da Faculdade de Direito da Universidade de Coimbra,Prof. Dr. Guilherme de Oliveira,,,Centro de Direito da Familía,Coimbra,Coimbra,,cdf@fd.uc.pt,https://www.centrodedireitodafamilia.org/
127770,04-08-2005,Lex Medicinae - Revista Portuguesa de Direito da Saúde,Online,Nacional,Informação Especializada,Semestral,Registo Definitivo,Centro de Direito Biomédico - Faculdade de Direito da Universidade de Coimbra,3000-295,Coimbra,Coimbra,Coimbra,Instituto Jurídico da Faculdade de Direito da Universidade de Coimbra,João Carlos Simões Gonçalves Loureiro,,,Centro de Direito Biomédico,Coimbra,Coimbra,,cbarbosa@fd.uc.pt,http://www.centrodedireitobiomedico.org/publicações/publicações-online/revista-portuguesa-de-direito-da-saúde-lex-medicinae
127772,,Mais Alto,Papel,Nacional,Informação Especializada,Bimestral,Registo Definitivo,Av. Força Aérea Portuguesa,2614-506,Amadora,Amadora,Lisboa,Força Aérea Portuguesa,Francisco José de Carvalho Cosme ,,,Força Aérea Portuguesa,Amadora,Lisboa,,rlmarques@emfa.gov.pt,www.emfa.pt
127778,22-11-1993,Finisterra - Revista Portuguesa de Geografia,Papel/Online,Nacional,Informação Especializada,Anual,Registo Definitivo,"R. Branca Edmée Marques - Centro de Estudos Geográficos, Edif.IGOT",1600-276,Lisboa,Lisboa,Lisboa,CEG - Instituto de Geografia e Ordenamento do Território da Universidade de Lisboa,Eduardo Manuel Dias de Brito-Henriques,Ana Isabel Matias Louro,,CEG - Instituto de Geografia e Ordenamento do Território da Universidade de Lisboa,Lisboa,Lisboa,,rev.finisterra@edu.ulisboa.pt,http://revistas.rcaap.pt/finisterra
127780,12-12-2014,Scripta-Ingenia,Online,Nacional,Informação Especializada,Anual,Registo Definitivo,R. General Norton de Matos - Edifício Sede do Instituto Português de Leiria,2410-191,Leiria,Leiria,Leiria,Nelson Martins Ferreira,Nelson Martins Ferreira,,,Instituto Politécnico de Leiria,Leiria,Leiria,,martins.ferreira@ipleiria.pt,https://cdrsp.ipleiria.pt/scriptaingenia/
127782,15-12-2000,Nação e Defesa,Papel,Nacional,Informação Especializada,Quadrimestral,Registo Definitivo,"Cç. das Necessidades, 5",1399-017,Lisboa,Lisboa,Lisboa,Luís Cunha,Isabel Ferreira Nunes Van Nieuwburg,,,Instituto da Defesa Nacional,Lisboa,Lisboa,,idn.publicacoes@defesa.pt,
127786,30-08-1994,Jornal de Ferreira,Papel/Online,Regional,Informação Geral,Trimestral,Registo Definitivo,"Praça Comendador Infante Passanha, 5",7900-571,Ferreira do Alentejo,Ferreira do Alentejo,Beja,Município de Ferreira do Alentejo,Luís António Pita Ameixa,,,Município de Ferreira do Alentejo,Ferreira do Alentejo,Beja,,geral@cm-ferreira-alentejo.pt,https://ferreiradoalentejo.pt
127788,18-04-2007,Cuid'Arte. Revista de Enfermagem,Online,Nacional,Informação Especializada,Anual,Registo Definitivo,"R. Camilo Castelo Branco, Hospital de São Bernardo (Formação)",2910-446,Setúbal,Setúbal,Setúbal,"Unidade Local de Saúde da Arrábida, E.P.E.",Maria Violante Canhão Pereira Nunes,,,"Unidade Local de Saúde da Arrábida, E.P.E.",Setúbal,Setúbal,,cuidarte.enfermagem@ulsa.min-saude.pt,https://cuidartesetubal.wixsite.com/chscuidarte
127790,10-03-1989,Pela Lei e Pela Grei,Papel,Nacional,Informação Especializada,Trimestral,Registo Definitivo,Largo do Carmo,1200-092,Lisboa,Lisboa,Lisboa,Guarda Nacional Republicana,Carlos Manuel Pona Pinto Carreira,,,Guarda Nacional Republicana,Lisboa,Lisboa,,revista@gnr.pt,www.gnr.pt
127796,28-03-1984,Brigantia,Papel,Regional,Informação Especializada,Bienal,Registo Definitivo,R. Visconde da Bouça,5300-318,Bragança,Bragança,Bragança,Comunidade Intermunicipal das Terras de Trás-os-Montes,Ana Maria Afonso,,,Comunidade Intermunicipal das Terras de Trás-os-Montes,Bragança,Bragança,,geral@cim-ttm.pt,www.cim-ttm.pt
127798,05-05-2005,Diversidades,Online,Nacional,Informação Especializada,Semestral,Registo Definitivo,"Avenida Calouste Gulbenkian, Edifício 2000, n.º 3, 4.º andar",9004-503,Funchal,Funchal,Ilha da Madeira,Direção Regional de Educação,João Manuel Ribeiro da Costa e Silva,,,"Secretaria Regional de Educação, Ciência e Tecnologia - Direção Regional de Educação",Funchal,Ilha da Madeira,Região Autónoma da Madeira,revistadiversidades@madeira.gov.pt,www.madeira.gov.pt/dre
127801,07-03-2022,Derby,Online,Regional,Informação Especializada,Diária,Registo Definitivo,"R. Dr. Francisco Sá Carneiro, Centro de Empresas de Ourém, Piso 0, Loja 15",2490-548,Ourém,Ourém,Santarém,António Adão Farias,António Adão Farias,,,"Medula - Jornalismo e Comunicação, Unipessoal Lda.",Ourém,Santarém,,medula.jc@gmail.com,https://www.derbydeourem.pt
127802,08-03-2022,RIAGE - Revista Ibero-Americana de Gerontologia,Online,Nacional,Informação Especializada,Semestral,Registo Definitivo,"R. Manuel da Mota, IPL - Núcleo de Formação de Pombal",3100-516,Pombal,Pombal,Leiria,Juan José Fernández Muñoz,Ricardo Filipe da Silva Pocinho,Hugo Miguel de Almeida Pais de Carvalho,Sílvia Clara Laurido da Silva,ANGES - Associação Nacional de Gerontologia Social,Pombal,Leiria,,pocinho@hotmail.com,https://www.anges.pt/riage
127804,11-03-2022,AVAC Magazine,Papel/Online,Nacional,Informação Especializada,Trimestral,Registo Definitivo,"Avenida da República, 2475, Sala 64",4430-208,Vila Nova de Gaia,Vila Nova de Gaia,Porto,"Engenho e Média, Lda.",Onésimo Figueira Benito da Silva,,,"Engenho e Média, Lda.",Vila Nova de Gaia,Porto,,carla.silva@engenhoemedia.pt,www.avacmagazine.pt
127807,21-03-2022,Revista Notícias do Jet7,Online,Nacional,Informação Especializada,Diária,Registo Definitivo,"Largo Eng.º António Almeida, 30, Sala Di",4100-065,Porto,Porto,Porto,"Prime Press, Unipessoal, Lda.",Daniel Filipe Gonçalves Martins,,,"Prime Press, Unipessoal, Lda.",Porto,Porto,,danielmartins250@gmail.com,https://www.jet7.pt
127808,30-03-2022,Properties in Portugal,Papel/Online,Nacional,Informação Especializada,Trianual,Registo Definitivo,"R. do Município de São Domingos, Urbanização Lagoa Sol, Lote 3 - R/C",8400-357,Lagoa,Lagoa (Algarve),Faro,"Anglopress Edições e Publicidade, Lda.",Bruno G. Santos,,,"Anglopress - Edições e Publicidade, Lda.",Lagoa (Algarve),Faro,,accounts@theportugalnews.com,https://www.propertiesinportugal.com
127810,05-04-2022,EngeObras,Papel/Online,Nacional,Informação Especializada,4 x ano,Registo Definitivo,"Avenida Defensores de Chaves, 15, 3.º F",1000-109,Lisboa,Lisboa,Lisboa,"Induglobal, Unipessoal, Lda.",Luísa Alexandra Teixeira dos Santos,,,"Induglobal, Unipessoal, Lda.",Lisboa,Lisboa,,induglobal@interempresas.net,https://www.engeobras.pt
127811,29-08-1972,Diário do Alentejo,Papel/Online,Regional,Informação Geral,Semanal,Registo Definitivo,"Praceta Rainha D. Leonor, 1",7800-431,Beja,Beja,Beja,Comunidade Intermunicipal do Baixo Alentejo - CIMBAL,Marco Filipe Monteiro Cândido,,,Comunidade Intermunicipal do Baixo Alentejo - CIMBAL,Beja,Beja,,marco.candido@diariodoalentejo.pt,https://www.diariodoalentejo.pt
127813,22-04-2022,Dobem,Online,Nacional,Informação Especializada,Bimestral,Registo Definitivo,"R. Joaquim Rocha Cabral, 14, 9 D",1600-086,Lisboa,Lisboa,Lisboa,Isabel Coelho Dias da Silva,Isabel Coelho Dias da Silva,,,"ICDS - Comunicar para Inspirar, Lda",Lisboa,Lisboa,,geral@dobem.pt,https://www.dobem.pt
127814,26-04-2022,Porto TV,Online,Regional,Informação Geral,Diária,Registo Definitivo,"R. de Corgos, 664",4620-269,Lustosa,Lousada,Porto,"Imagocima, Lda.",José Manuel de Pinho Ferreira,Cidália de Lurdes Pereira Neto,,"Imagocima, Lda.",Lousada,Porto,,imagocima@gmail.com,https://www.portotv.pt
127815,26-04-2022,N16 - Nacional16,Online,Regional,Informação Geral,Quinzenal,Registo Definitivo,"R. Lage do Monte, 56",3500-891,Lourosa de Cima,Viseu,Viseu,"Classe Média - Comunicação e Serviços, Unipessoal, Lda.",José Luís Araújo,,,"Classe Média - Comunicação e Serviços, Unipessoal, Lda.",Viseu,Viseu,,jla.viseu@gmail.com,https://www.nacional16.pt
127816,28-04-2022,Noticias de Tábua,Papel/Online,Regional,Informação Geral,Mensal,Registo Definitivo,"Urbanização Vila Laura, 16",3400-057,Oliveira do Hospital,Oliveira do Hospital,Coimbra,Margarida Prata,Ana Margarida Narciso Prata,,,"Olitexto - Sociedade Editora e Audiovisuais, Lda.",Oliveira do Hospital,Coimbra,,noticiasdetabua22@gmail.com,https://noticiasdetabua.sapo.pt
127817,02-05-2022,CAPEIAARRAIANA.PT,Online,Regional,Informação Especializada,Diária,Registo Definitivo,"Rua dos Malmequeres, 8 - Casal do Privilégio",2620-406,Póvoa de Santo Adrião,Odivelas,Lisboa,José Carlos Gonçalves Lages,José Carlos Gonçalves Lages,Tiago André Guimarães Lages,,"JCLAGES - Viagens e Transfers, Unipessoal, Lda.",Odivelas,Lisboa,,capeiaarraiana@gmail.com,https://capeiaarraiana.pt/
127818,04-05-2022,Seletiva Portugal,Papel/Online,Nacional,Informação Especializada,Trimestral,Registo Definitivo,"Rua Pinto Bessa, 522, RC, Centro, Esquerdo",4300-428,Porto,Porto,Porto,António Manuel Amaral Andrade Rocha Antunes,António Manuel Amaral Andrade Rocha Antunes,,,António Manuel Amaral Andrade Rocha Antunes,Valongo,Porto,,info@seletiva.eu,https://www.seletiva.eu
127819,09-05-2022,Backstage,Online,Nacional,Informação Especializada,Diária,Registo Definitivo,"R. de Dona Maria Ventura da Costa, 39, 3 Drt",4470-289,Maia,Maia,Porto,Catarina Freitas,Paulo Manuel Ferreira de Pinho,Ana Quintanilha,Catarina Freitas,Paulo Manuel Ferreira de Pinho,Maia,Porto,,info@backstage.pt,https://www.backstage.pt
127822,18-05-2022,Revista APEMIP,Papel/Online,Nacional,Informação Especializada,Trimestral,Registo Definitivo,"R. Gonçalo Cristóvão, 185, 6º",4000-269,Porto,Porto,Porto,"Imoedições-Edições Periódicas e Multimédia, Lda.",Ana Avelar,,,Associação dos Profissionais e Empresas de Mediação Imobiliária de Portugal - APEMIP,Lisboa,Lisboa,,geral@apemip.pt,https://apemip.pt/
127824,25-05-2022,Local Online,Online,Nacional,Informação Especializada,Diária,Registo Definitivo,"Rua Joshua Benoliel, nº 6 - 3º B e C",1250-133,Lisboa,Lisboa,Lisboa,Susana Pinheiro,António Augusto Ramos Oliveira Costa,,,"Swipe News, S.A.",Lisboa,Lisboa,,administrativo@eco.pt,https://www.localonline.pt
127826,27-05-2022,New In Seixal,Online,Regional,Informação Especializada,Diária,Registo Definitivo,"R. António Albino Machado, 13 B",1600-831,Lisboa,Lisboa,Lisboa,Ricardo Farinha,Jaime Henrique Martins Alberto,,,"Madmen, Lda.",Lisboa,Lisboa,,jaimealberto@nit.pt,https://newinseixal.nit.pt/
127827,27-05-2022,New In Porto,Online,Regional,Informação Especializada,Diária,Registo Definitivo,"R. António Albino Machado, 13-B",1600-831,Lisboa,Lisboa,Lisboa,Daniel Vidal,Jaime Henrique Martins Alberto,,,"Madmen, Lda.",Lisboa,Lisboa,,jaimealberto@nit.pt,https://newinporto.nit.pt/
127829,31-05-2022,Folha Nacional,Papel/Online,Nacional,Doutrinária,Semanal,Registo Definitivo,"Rua Miguel Lupi, 12 - 1D",1200-725,Lisboa,Lisboa,Lisboa,Bernardo Cappelle Homem Caldeira Pessanha,Nuno Filipe Folgado Valente,Patrícia Alexandra Martins de Carvalho,Ricardo Dias Pinto Blaufuks,Partido Chega,Lisboa,Lisboa,,geral@folhanacional.pt,https://www.folhanacional.pt
127830,01-06-2022,O Escalhonense,Papel,Regional,Informação Especializada,Mensal,Registo Definitivo,"R. Ribeiro da Vila, 7",6440-072,Escalhão,Figueira de Castelo Rodrigo,Guarda,Rui Filipe Perpétuo Sousa,Artur Correia Gonçalves,Maria Rita Granado de Almeida,,Artur Correia Gonçalves,Figueira de Castelo Rodrigo,Guarda,,arturcorreiagoncalves@hotmail.com,https://o-escalhonense.webflow.io/
127831,02-06-2022,V Versa Por Outro Lado,Online,Nacional,Informação Especializada,Diária,Registo Definitivo,"R. Mário Castelhano, 40",2734-502,Queluz de Baixo,Oeiras,Lisboa,Vanda Sofia Cardoso Jorge,Vanda Sofia Cardoso Jorge,,,"Média Capital - Digital, S.A.",Oeiras,Lisboa,,versa@mediacapital.pt,https://www.versa.iol.pt
127832,03-06-2022,Tomar na Rede,Online,Regional,Informação Geral,Diária,Registo Definitivo,"Rua Principal, 65, Venda da Gaita",2305-204,Carregueiros,Tomar,Santarém,José Gaio Martins Dias,José Gaio Martins Dias,,,José Gaio Martins Dias,Tomar,Santarém,,tomarnarede@gmail.com,https://www.tomarnarede.pt
127834,20-06-2022,Felgueiras Diário,Online,Regional,Informação Geral,Diária,Registo Definitivo,"R. de Agueiros, 158",4610-430,Lagares,Felgueiras,Porto,"FLG Comunicação, Lda.",Pedro Manuel da Cunha Alves,,,"FLG Comunicação, Lda.",Felgueiras,Porto,,geral@felgueirasdiario.pt,https://www.felgueirasdiario.pt
127836,22-06-2022,Central Magazine,Papel/Online,Regional,Informação Especializada,Trimestral,Registo Definitivo,"R. Município de São Domingos, Lote 3, R/c",8400-357,Lagoa,Lagoa (Algarve),Faro,"Anglopress - Edições e Publicidade, Lda.",Bruno G. Santos,,,"Anglopress - Edições e Publicidade, Lda.",Lagoa (Algarve),Faro,,accounts@theportugalnews.com,https://www.central-algarve.com
127837,27-06-2022,A Revista,Papel/Online,Nacional,Informação Especializada,Semestral,Registo Definitivo,Supremo Tribunal de Justiça - Praça do Comércio,1149-012,Lisboa,Lisboa,Lisboa,Supremo Tribunal de Justiça,João Eduardo Cura Mariano Esteves,Gabriela Cunha Rodrigues; Sandra dos Reis Luís,,Supremo Tribunal de Justiça,Lisboa,Lisboa,,arevistastj@stj.pt,https://www.stj.pt
127839,05-07-2022,Trendy Report,Online,Nacional,Informação Especializada,Diária,Registo Definitivo,"Azinhaga da Torre do Fato, 7B - Escritório 1",1600-774,Lisboa,Lisboa,Lisboa,Ricardo Durand,Pedro Miguel Tróia Ramos,Ricardo Durand,,"Fidemo - Sociedade de Media, Lda.",Lisboa,Lisboa,,jornalista@trendy.fidemo.pt,https://www.trendy.pt
127840,07-07-2022,Liga-te,Online,Nacional,Informação Especializada,Bimestral,Registo Definitivo,"Edifício Arena Liga Portugal, Rua John Whitehead, n.º 69",4250-540,Porto,Porto,Porto,Orlando Fernandes,Paulo Pedrosa,,,Liga Portuguesa de Futebol Profissional,Porto,Porto,,ott.liga@ligaportugal.pt,https://www.lpfp.pt
127841,08-07-2022,Et Al.,Online,Regional,Informação Especializada,Diária,Registo Definitivo,Campus Universitário da Penteada,9020-105,Funchal,Funchal,Ilha da Madeira,António Luís Ferro Freitas,Carlos Diogo da Silva Martins Pereira,,,Associação Académica da Universidade da Madeira,Funchal,Ilha da Madeira,Região Autónoma da Madeira,etal@amadeira.pt,https://et-al.pt/
127842,21-07-2022,Naturales - Tauromaquia,Online,Nacional,Informação Especializada,Trissemanal,Registo Definitivo,"R. Prof. Simões Raposo, 20, 6º A",1600-662,Lisboa,Lisboa,Lisboa,Patrícia de Fátima Caeiro Sardinha,Pedro Alexandre de Sousa Batalha,,,Patrícia de Fátima Caeiro Sardinha,Lisboa,Lisboa,,naturalescorreiodatauromaquia@gmail.com,https://www.naturales-tauromaquia.com
127845,22-08-2022,Scoring Magazine,Papel/Online,Nacional,Informação Especializada,Quadrimestral,Registo Definitivo,"Av. do Brasil, 1",1700-062,Lisboa,Lisboa,Lisboa,"Scoring - Informação e Sistemas de Gestão, Lda.",Carlos Jorge Agrela Gouveia,,,"Scoring - Informação e Sistemas de Gestão, Lda.",Lisboa,Lisboa,,carlosgouveia@scoring.pt,https://www.scoring.pt
127846,22-08-2022,Maria Helena Previsões,Papel,Nacional,Informação Especializada,Anual,Registo Definitivo,"Av. Praia da Vitória, 43, 1º",1000-246,Lisboa,Lisboa,Lisboa,"MH Portugal, Lda.",Maria Helena Martins Damião Barroqueiro,,,"MH Portugal, Lda.",Lisboa,Lisboa,,marisa.carrilho@mariahelena.pt,
127847,22-08-2022,Almada Online,Online,Regional,Informação Geral,Diária,Registo Definitivo,"R. Hermínio do Nascimento, 12 - 1.º Dto, Vale Fetal",2820-468,Charneca de Caparica,Almada,Setúbal,Carla Sofia Marques Galvão Quintas,Carla Sofia Marques Galvão Quintas,,,Carla Sofia Marques Galvão Quintas,Almada,Setúbal,,sofiaquintas@almadaonline.pt,https://www.almadaonline.pt
127848,29-08-2022,Região de Coimbra,Online,Regional,Informação Geral,Diária (dias úteis),Registo Definitivo,"Av. Alberto Sampaio, 56/58, Edif. Belo Horizonte, R/C, Lj. 18",3510-027,Viseu,Viseu,Viseu,"Notícias Amplas - Unipessoal, Lda.",Anjos Costa,,,"Notícias Amplas - Unipessoal, Lda.",Ovar,Aveiro,,gerenciajmsg@gmail.com,https://www.regiaodecoimbra.pt
127849,29-08-2022,Setúbal Informação,Online,Regional,Informação Geral,Diária (dias úteis),Registo Definitivo,"R. José Adelino dos Santos, 2 B",2900-111,Setúbal,Setúbal,Setúbal,Words Wizard - Lda.,Anjos Costa,,,"Words Wizard, Lda.",Évora,Évora,,gestao@words-wizard.pt,https://setubalinformacao.sapo.pt/
127850,29-08-2022,Terras de Braga,Online,Regional,Informação Geral,Diária (dias úteis),Registo Definitivo,"Avª Barroso e Soares, 423",4715-214,Braga,Braga,Braga,"Ágilpassear, Lda.",Anjos Costa,,,"Ágilpassear, Lda.",Vila Real,Vila Real,,info@terrasdebraga.pt,https://terrasdebraga.sapo.pt/
127851,29-08-2022,Terras da Guarda,Online,Regional,Informação Geral,Diária (dias úteis),Registo Definitivo,"Av. 1º de Maio, 56, 1º Sala A",5000-651,Vila Real,Vila Real,Vila Real,Agilpassear Lda.,Anjos Costa,,,"Ágilpassear, Lda.",Vila Real,Vila Real,,gestao@agilpassear.com,https://terrasdaguarda.sapo.pt/
127852,29-08-2022,A Voz de Bragança,Online,Regional,Informação Geral,Diária (dias úteis),Registo Definitivo,"Av. das Cantarias, 140",5300-107,Bragança,Bragança,Bragança,"Ágilpassear, Lda.",Anjos Costa,,,"Ágilpassear, Lda.",Vila Real,Vila Real,,info@avozdebraganca.pt,https://avozdebraganca.sapo.pt/
127853,29-08-2022,A Voz de Castelo Branco,Online,Regional,Informação Geral,Diária (dias úteis),Registo Definitivo,"Av. do Empresário, 1",6000-767,Castelo Branco,Castelo Branco,Castelo Branco,"Justpoetic, Lda",Anjos Costa,,,"Justpoetic, Lda",Portalegre,Portalegre,,info@avozdecastelobranco.pt,https://www.avozdecastelobranco.pt
127854,29-08-2022,Faro Informação,Online,Regional,Informação Geral,Diária (dias úteis),Registo Definitivo,"Av. República, 6 - 1º Esq.",1050-191,Lisboa,Lisboa,Lisboa,"Justpoetic, Lda",Anjos Costa,,,"Justpoetic, Lda",Portalegre,Portalegre,,justpoetic2024@gmail.com,https://faroinformacao.sapo.pt/
127855,29-08-2022,Leiria Informação,Online,Regional,Informação Geral,Diária (dias úteis),Registo Definitivo,R. Casal do Cego - ZI Casal Cego Covinhas,2415-315,Leiria,Leiria,Leiria,Embraceprofit - Lda.,Anjos Costa,,,Embraceprofit - Lda.,Viseu,Viseu,,info@leiriainformacao.pt,https://www.leiriainformacao.pt
127856,29-08-2022,A Voz de Évora,Online,Regional,Informação Geral,Diária (dias úteis),Registo Definitivo,"Rua Fernanda Seno, 6",7005-485,Évora,Évora,Évora,"Justpoetic, Lda",Anjos Costa,,,"Justpoetic, Lda",Portalegre,Portalegre,,justpoetic2024@gmail.com,https://avozdeevora.sapo.pt/
127857,29-08-2022,Terras de Viana do Castelo,Online,Regional,Informação Geral,Diária (dias úteis),Registo Definitivo,"R. do Poço, 28 - Edifício Link Cowork",4900-519,Viana do Castelo,Viana do Castelo,Viana do Castelo,"Justpoetic, Lda",Anjos Costa,,,"Justpoetic, Lda",Portalegre,Portalegre,,info@terrasdevianadocastelo.pt,https://terrasdevianadocastelo.sapo.pt/
127858,29-08-2022,Jornal de Beja,Online,Regional,Informação Geral,Diária (dias úteis),Registo Definitivo,"R. Fernando Sono, 6",7005-485,Évora,Évora,Évora,"Justpoetic, Lda",Anjos Costa,,,"Justpoetic, Lda",Portalegre,Portalegre,,justpoetic2024@gmail.com,https://www.jornaldebeja.pt
127859,29-08-2022,Jornal de Portalegre,Online,Regional,Informação Geral,Diária (dias úteis),Registo Definitivo,"R. 1º de Maio, 81-1º Loja B",7300-132,Portalegre,Portalegre,Portalegre,"Justpoetic, Lda",Anjos Costa,,,"Justpoetic, Lda",Portalegre,Portalegre,,info@jornaldeportalegre.pt,https://jornaldeportalegre.sapo.pt
127861,29-08-2022,Jornal de Santarém,Online,Regional,Informação Geral,Diária (dias úteis),Registo Definitivo,"Rua Pedro Santarém, 130, 1.ºD",2000-223,Santarém,Santarém,Santarém,"Justpoetic, Lda",Anjos Costa,,,"Justpoetic, Lda",Portalegre,Portalegre,,info@jornaldesantarem.pt,https://jornaldesantarem.sapo.pt/
127863,07-09-2022,Diário de Odivelas,Online,Regional,Informação Geral,Diária,Registo Definitivo,"Centro Comercial da Arroja, Lj. 57 - R. Dr. João Santos, 6",2675-556,Odivelas,Odivelas,Lisboa,Henrique Manuel de Couto Ribeiro,Henrique Manuel de Couto Ribeiro,David Carvalho da Costa Braga,,Henrique Manuel de Couto Ribeiro,Sintra,Lisboa,,henrique_ribeiro@diariodeodivelas.com,https://www.diariodeodivelas.com
127864,12-09-2022,Moda na Medida Certa,Online,Nacional,Informação Especializada,Bissemanal,Registo Definitivo,"Rua do Vale, 3A, 1.º Esq., Rio de Mouro",2635-342,Rinchoa,Sintra,Lisboa,Katia Chirinhan Garrido,Katia Chirinhan Garrido,,,Katia Chirinhan Garrido,Sintra,Lisboa,,kcgarrido@hotmail.com,https://www.modanamedidacerta.com.br
127865,19-09-2022,Terras de Aveiro,Online,Regional,Informação Geral,Diária (dias úteis),Registo Definitivo,"Largo Luís de Camões, Edif. Rainha, 4º Piso",3720-232,Oliveira de Azeméis,Oliveira de Azeméis,Aveiro,"Notícias Amplas - Unipessoal, Lda.",Anjos Costa,,,"Notícias Amplas - Unipessoal, Lda.",Ovar,Aveiro,,gerenciajmsg@gmail.com,https://terrasdeaveiro.sapo.pt/
127866,19-09-2022,Terras de Viseu,Online,Regional,Informação Geral,Diária (dias úteis),Registo Definitivo,"Av. Alberto Sampaio, 56 - R/C Loja 18",3510-027,Viseu,Viseu,Viseu,"Words Wizard, Lda.",Anjos Costa,,,"Words Wizard, Lda.",Évora,Évora,,gestao@words-wizard.pt,https://terrasdeviseu.sapo.pt/
127867,26-09-2022,+M,Online,Nacional,Informação Especializada,Diária (dias úteis),Registo Definitivo,"Rua Joshua Benoliel, nº 6 - 3º B e C",1250-133,Lisboa,Lisboa,Lisboa,"Swipe News, S.A.",António Augusto Ramos Oliveira Costa,,,"Swipe News, S.A.",Lisboa,Lisboa,,administrativo@eco.pt,https://eco.sapo.pt/mais-m/
127868,03-10-2022,Revista Dois,Papel/Online,Regional,Informação Especializada,Anual,Registo Definitivo,"UAlg Tec Start - Campus de Gambelas, Pavilhão G15",8005-139,Faro,Faro,Faro,Página em Branco - Associação de Comunicadores e Jornalistas Independentes,Elisabete Rodrigues,,,Página em Branco - Associação de Comunicadores e Jornalistas Independentes,Faro,Faro,,geral@revistadois.pt,http://www.revistadois.pt
127871,20-10-2022,AFA TV,Online,Regional,Informação Especializada,Diária,Registo Definitivo,"Avenida Europa, 464",3800-230,Aveiro,Aveiro,Aveiro,Associação de Futebol de Aveiro,Orlando do Carmo Alves Macedo,,,Associação de Futebol de Aveiro,Aveiro,Aveiro,,marketing@afaveiro.pt,https://www.afatv.pt
127872,04-11-2022,TVC Televisão,Online,Regional,Informação Geral,Diária,Registo Definitivo,"Rua do Calvário, 19",3750-815,Calvário,Águeda,Aveiro,Nuno Miguel Domingues Soares,Nuno Miguel Domingues Soares,,,"TVC Televisão do Centro, Lda.",Águeda,Aveiro,,nunosoares@tvc.pt,https://tvc.sapo.pt
127873,07-11-2022,Glorioso 1904,Online,Nacional,Informação Especializada,Diária,Registo Definitivo,"R. Joaquim Agostinho, 10 - C",1750-126,Lisboa,Lisboa,Lisboa,João Silva,António Bernardo de Oliveira Serra Alegra,,,"Sílaba Notável, Lda.",Óbidos,Leiria,,bernardoalegra@glorioso1904.pt,https://www.glorioso1904.pt
127874,17-11-2022,PortoBestCity,Online,Regional,Informação Especializada,Semanal,Registo Definitivo,"R. do Pinhal, 59 - 3.º Esq.",4430-173,Vila Nova de Gaia,Vila Nova de Gaia,Porto,Bruno Edgar Oliveira,Bruno Edgar Oliveira,,,Bruno Edgar Oliveira,Vila Nova de Gaia,Porto,,bedgarfotografia@gmail.com,https://www.portobest.city
127875,22-11-2022,Notícias em Direto,Online,Nacional,Informação Geral,Diária,Registo Definitivo,"R. da Rosa, 2, 8º Frt.",2500-168,Caldas da Rainha,Caldas da Rainha,Leiria,João Pedro Machado Polónia da Silva Farinha,João Pedro Machado Polónia da Silva Farinha,,,"Gritar ao Mundo, Lda",Caldas da Rainha,Leiria,,gritaraomundolda@gmail.com,https://www.noticiasemdireto.pt
127876,23-11-2022,Humanista,Online,Nacional,Informação Especializada,Anual,Registo Definitivo,"Rua José Joaquim de Almeida, nº 2, 3º andar, A e B",2780-337,Oeiras,Oeiras,Lisboa,Amnistia Internacional - Portugal,Vítor Hugo Rodrigues do Carmo,,,Amnistia Internacional - Portugal,Oeiras,Lisboa,,aiportugal@amnistia.pt,https://www.amnistia.pt/humanista/
127877,23-11-2022,PiT - Pets In Town,Online,Nacional,Informação Especializada,Diária,Registo Definitivo,"R. António Albino Machado, 13B",1600-831,Lisboa,Lisboa,Lisboa,Ana Luísa Barbas Valente da Silva Marques,Nuno Mega Ferreira Rodrigues Azinheira,,,"Pit - Pets In Town, Lda.",Lisboa,Lisboa,,jaimealberto@nit.pt,https://pit.nit.pt/
127878,24-11-2022,Primeiro Minuto,Online,Regional,Informação Geral,Diária,Registo Definitivo,"R. Nicolau Coelho, Edf. Cidade Eufrásia, lj. 7, r/c",4610-300,Friande,Felgueiras,Porto,"Login Alpha, Unipessoal, Lda.",Pedro Miguel Gonçalves da Fonseca,---,,"Login Alpha, Unipessoal, Lda.",Felgueiras,Porto,,geral@login-alpha.pt,https://primeirominuto.sapo.pt
127880,30-11-2022,Lisbon By Time Out,Papel,Regional,Informação Especializada,Anual,Registo Suspenso,"Av. da Liberdade, 10, 4º",1250-144,Lisboa,Lisboa,Lisboa,"Time Out Portugal, Unipessoal Lda.",Vera Constante de Moura Santos,Hugo Torres,,"Time Out Portugal, Unipessoal, Lda.",Lisboa,Lisboa,,catarina.novais@timeout.com,
127881,02-12-2022,Flor do Tâmega,Online,Regional,Informação Geral,Mensal,Registo Definitivo,"R. Luís Manuel da Silva, 5 - 4ºEsq",4715-247,Braga,Braga,Braga,Sandra Cristina dos Santos Monteiro Marinho,Sandra Cristina dos Santos Monteiro Marinho,,,Sandra Cristina dos Santos Monteiro Marinho,Braga,Braga,,sandra.m.marinho@gmail.com,https://aflordotamega.pt/
127882,14-12-2022,Salus Magazine,Online,Nacional,Informação Especializada,Diária,Registo Definitivo,Avenida António Augusto Aguiar 122C,1050-046,Lisboa,Lisboa,Lisboa,João Cristóvão Baptista,Daniela Filipa Máximo dos Santos,,,"Salus Consulting, Lda.",Lisboa,Lisboa,,info@salusmagazine.pt,https://www.salusmagazine.pt
127886,19-12-2022,A Voz de Matosinhos,Online,Regional,Informação Geral,Diária (dias úteis),Registo Definitivo,"Rua Francisco Carqueja, 179, 3.º Esq",4350-185,Porto,Porto,Porto,"Ágilpassear, Lda.",Anjos Costa,,,"Ágilpassear, Lda.",Vila Real,Vila Real,,gestao@agilpassear.com,https://avozdematosinhos.sapo.pt/
127887,20-12-2022,Onco Glam,Papel,Nacional,Informação Especializada,Trimestral,Registo Definitivo,"R. Leite de Faria, 24",2820-476,Charneca de Caparica,Almada,Setúbal,Beatriz Corrêa de Sousa Viegas,Beatriz Corrêa de Sousa Viegas,Cristina Pereirinha,,"Poesia Permanente, Unipessoal, Lda.",Cascais,Lisboa,,geral@oncoglam.pt,https://www.oncoglam.pt
127889,22-12-2022,Cannareporter,Online,Nacional,Informação Especializada,Quadrissemanal,Registo Definitivo,"Impasse da Quinta de Sant'Ana, 2, Fazenda",9200-075,Machico,Machico,Ilha da Madeira,Laura Ramos,António João Costa,,,Associação Cannareporter,Machico,Ilha da Madeira,Região Autónoma da Madeira,info@cannareporter.eu,https://www.cannareporter.eu
127891,28-12-2022,Folha D'Acer,Papel/Online,Regional,Informação Especializada,Semestral,Registo Definitivo,"Rua Nossa Senhora da Silva, 187",4100-364,Porto,Porto,Porto,Á.C.E.R. - Associação Cultural e de Estudos Regionais,João Paulo de Sousa Cabral,,,Á.C.E.R. - Associação Cultural e de Estudos Regionais,Porto,Porto,,acer.geral@acer-pt.org,https://acer2017.blogspot.com/p/folha-dacer.html
127894,09-01-2023,Anuário da Economia Portuguesa,Papel/Online,Nacional,Informação Especializada,Anual,Registo Definitivo,"R. Francisco Rodrigues Lobo, 2 - R/C Drt.",1070-134,Lisboa,Lisboa,Lisboa,"Polimeios - Produção de Meios, Lda.",António Ramos Gomes,,,"Polimeios - Produção de Meios, Lda.",Lisboa,Lisboa,,geral@cadernoseconomia.pt,https://cadernoseconomia.pt/
127895,09-01-2023,Portal da Liderança,Online,Nacional,Informação Especializada,Semestral,Registo Definitivo,"R. General Firmino Miguel, 3 - Torre 2, 3ºB",1600-100,Lisboa,Lisboa,Lisboa,Maria Armanda Mónica Monteiro Alexandre,Maria Armanda Mónica Monteiro Alexandre,,,"Leadership Business Consulting - Consultoria e Serviços, S.A.",Porto,Porto,,carlos.oliveira@lbc-global.com,https://www.portaldalideranca.pt
127896,09-01-2023,e-Mobilidade +,Online,Nacional,Informação Especializada,Trimestral,Registo Definitivo,"R. António Albino Machado, 35 G",1600-259,Lisboa,Lisboa,Lisboa,Eduardo Sérgio de Oliveira Carvalho,Cátia do Carmo Mogo,,,Eduardo Sérgio de Oliveira Carvalho,Lisboa,Lisboa,,emobilidademais@invesporte.pt,https://www.eurotransporte.pt/noticia/8/5239/leia-aqui-a-emobilidade/
127897,10-01-2023,VIP,Online,Nacional,Informação Especializada,Diária,Registo Definitivo,"Rua Retiro dos Pacatos, 50, Edifício Startup, Sala 1 e 2",2635-224,Covas,Sintra,Lisboa,Jacques da Conceição Rodrigues,Maria Constança Castanheira,,,Jacques da Conceição Rodrigues,Cascais,Lisboa,,m.joao@impala.pt,https://www.vip.pt
127898,16-01-2023,Digital Motores,Online,Nacional,Informação Especializada,Mensal,Registo Definitivo,"R. do Viveiro, 225, R/C Dto.",2765-295,Monte Estoril,Cascais,Lisboa,Luís Daniel Perdigão Cáceres Monteiro,Luís Daniel Perdigão Cáceres Monteiro,,,Luís Daniel Perdigão Cáceres Monteiro,Cascais,Lisboa,,luiscaceresmonteiro@gmail.com,https://www.digitalmotores.pt
127899,18-01-2023,Jornalismo & Jornalistas,Papel/Online,Nacional,Informação Especializada,Quadrimestral,Registo Definitivo,"R. das Trinas, 129",1200-857,Lisboa,Lisboa,Lisboa,Patrícia Fonseca,Maria Flor de Azevedo e Silva Pedroso,Eugénio Alves e Paulo Martins,,C.J. - Clube de Jornalistas,Lisboa,Lisboa,,cj@clubedejornalistas.pt,https://www.clubedejornalistas.pt
127900,20-01-2023,Pod Informar.,Online,Nacional,Informação Especializada,Mensal,Registo Definitivo,"R. dos Anjos, 79",1150-035,Lisboa,Lisboa,Lisboa,Conselho Regional de Lisboa da Ordem dos Advogados,Telmo Guerreiro Semião,,,Ordem dos Advogados,Lisboa,Lisboa,,crlisboa@crl.oa.pt,https://podinformar.pt/
127902,25-01-2023,O Regiões,Papel/Online,Nacional,Informação Geral,Anual,Registo Definitivo,"Av. 1.º de Maio, 42B, Escritório 6",6000-086,Castelo Branco,Castelo Branco,Castelo Branco,"Lápis Épico Jornalismo Comunicação e Imagem, Unipessoal, Lda.",Fernando Joaquim de Jesus Pires,,,Fernando Joaquim de Jesus Pires,Castelo Branco,Castelo Branco,,geral@oregioes.pt,https://www.oregioes.pt
127903,25-01-2023,Revista Canção Nova,Papel/Online,Nacional,Doutrinária,Bimestral,Registo Definitivo,"Estrada da Batalha, 68",2495-405,Fátima,Ourém,Santarém,Comunidade Canção Nova,Carlos Eduardo Andrade da Silva,,,Comunidade Canção Nova,Ourém,Santarém,,contabilidade@cancaonova.pt,https://cancaonova.pt
127904,31-01-2023,Perspectiva Cristã,Online,Nacional,Doutrinária,Mensal,Registo Definitivo,"R. Cláudio Nunes, 116",1500-178,Lisboa,Lisboa,Lisboa,Milícia de São Miguel - União para a Cultura e Civilização Cristãs,João Luís Xavier Louro,,,Milícia de São Miguel - União para a Cultura e Civilização Cristãs,Lisboa,Lisboa,,perspectivacrista.pt@gmail.com,https://msmportugal.wixsite.com/perspectivacrista/assinatura
127908,20-02-2023,Cidade do Porto,Papel/Online,Regional,Informação Geral,Mensal,Registo Definitivo,"Rua Calçada da Póvoa, 25 - hab 18",4000-394,Porto,Porto,Porto,"COM+Comunicação, Lda.",Anjos Costa,,,"COM+Comunicação, Lda.",Lisboa,Lisboa,,info@cidadedoporto.pt,https://cidadedoporto.pt/
127909,20-02-2023,Concelho de Vila Nova de Gaia,Online,Regional,Informação Geral,Diária (dias úteis),Registo Definitivo,"R. Marquês Sá da Bandeira, 323, Loja 37",4400-217,Vila Nova de Gaia,Vila Nova de Gaia,Porto,"Words Wizard, Lda.",Anjos Costa,,,"Words Wizard, Lda.",Évora,Évora,,gestao@words-wizard.pt,https://concelhodevilanovadegaia.sapo.pt/
127912,02-03-2023,Jornal Comunidades Lusófonas,Online,Comunidades Portuguesas no Estrangeiro,Informação Especializada,Diária,Registo Definitivo,"Praça Heróis do Ultramar, 56, r/c",4430-431,Vila Nova de Gaia,Vila Nova de Gaia,Porto,"Cardinal Imparcial, Unipessoal Lda.",Lígia Celina Fernandes Mourão,,,"Cardinal Imparcial, Unipessoal Lda.",Vila Nova de Gaia,Porto,,geral@jornalcomunidades.pt,https://www.jornalcomunidades.pt
127913,02-03-2023,AMINotícias,Papel/Online,Nacional,Informação Especializada,Trimestral,Registo Definitivo,"Rua José do Patrocínio, 49",1959-003,Lisboa,Lisboa,Lisboa,Fundação de Assistência Médica Internacional,Fernando José de La Vieter Ribeiro Nobre,Luisa Nemésio,Ana Luísa Ferreira,Fundação de Assistência Médica Internacional,Lisboa,Lisboa,,aminoticias@ami.org.pt,https://ami.org.pt
127916,03-04-2023,Bons Verdes,Papel/Online,Regional,Informação Especializada,Anual,Registo Definitivo,"R. da Restauração, 318",4050-501,Porto,Porto,Porto,Comissão de Viticultura da Região dos Vinhos Verdes,Carla Sofia Galeão Figueiras,,,Comissão de Viticultura da Região dos Vinhos Verdes,Porto,Porto,,info@vinhoverde.pt,https://www.vinhoverde.pt
127918,03-04-2023,TejoMag,Online,Nacional,Informação Geral,Diária (dias úteis),Registo Definitivo,"R. da Fontainha, 7",2640-019,Ribamar,Mafra,Lisboa,José Ricardo Vicente Cândido,José Ricardo Vicente Cândido,,,José Ricardo Vicente Cândido,Mafra,Lisboa,,josevcandido@gmail.com,https://www.tejomag.com
127919,04-04-2023,BNews,Online,Nacional,Informação Especializada,Diária,Registo Definitivo,Estádio SL Benfica - Av. Eusébio da Silva Ferreira,1500-313,Lisboa,Lisboa,Lisboa,Sport Lisboa e Benfica,Pedro Borges de Sousa da Silva Pinto,,,Sport Lisboa e Benfica,Lisboa,Lisboa,,comunicacao@slbenfica.pt,https://www.slbenfica.pt
127921,12-04-2023,Trabalho by ECO,Online,Nacional,Informação Especializada,Diária (dias úteis),Registo Definitivo,"Rua Joshua Benoliel, nº 6 - 3º B e C",1250-133,Lisboa,Lisboa,Lisboa,"Swipe News, S.A.",António Augusto Ramos Oliveira Costa,,,"Swipe News, S.A.",Lisboa,Lisboa,,administrativo@eco.pt,https://eco.sapo.pt/trabalho/
127922,17-04-2023,Revista Oito,Papel,Regional,Informação Especializada,Anual,Registo Suspenso,"Largo do Rossio, 50",2380-155,Gouxaria,Alcanena,Santarém,Ricardo Jorge Ferreira Rodrigues,Ricardo Jorge Ferreira Rodrigues,,,Ricardo Jorge Ferreira Rodrigues,Alcanena,Santarém,,oitorevista@gmail.com,
127923,20-04-2023,Refugiados,Papel/Online,Nacional,Informação Especializada,Quadrimestral,Registo Definitivo,"Avenida da República 44, 2º Esq",1050-185,Lisboa,Lisboa,Lisboa,Ana Marta da Costa Caria,Soraya Ventura Raimundo Cardoso,,,Portugal com ACNUR - Fundação,Lisboa,Lisboa,,geral@pacnur.org,https://www.pacnur.org
127924,27-04-2023,SPMI Case Reports,Online,Nacional,Informação Especializada,Trimestral,Registo Definitivo,"R. da Tobis Portuguesa, 8, 2º, Sala 7,8 e 9",1750-292,Lisboa,Lisboa,Lisboa,Cristina Rosário,Luís de Sousa Nunes Duarte Costa,,,Sociedade Portuguesa de Medicina Interna,Lisboa,Lisboa,,secretariado@spmi.pt,https://casereports.spmi.pt/index.php/cr
127925,27-04-2023,Medicina Interna - Revista da Sociedade Portuguesa de Medicina Interna,Online,Nacional,Informação Especializada,Trimestral,Registo Definitivo,"R. da Tobis Portuguesa, 8, 2º, Sala 7,8 e 9",1750-292,Lisboa,Lisboa,Lisboa,José António Briote Mariz,Luís de Sousa Nunes Duarte Costa,,,Sociedade Portuguesa de Medicina Interna,Lisboa,Lisboa,,secretariado@spmi.pt,https://revista.spmi.pt/index.php/rpmi
127926,28-04-2023,Correio da História,Online,Nacional,Informação Especializada,Diária,Registo Definitivo,"R. Dr. Miguel Bombarda, 47 a 49",7050-467,Lavre,Montemor-o-Novo,Évora,Paulo Pinto de Carvalho Freitas do Amaral,Paulo Pinto de Carvalho Freitas do Amaral,,,Paulo Pinto de Carvalho Freitas do Amaral,Montemor-o-Novo,Évora,,paulofamaral@hotmail.com,https://www.correiodahistoria.com
127927,02-05-2023,Twenty4news,Online,Nacional,Informação Geral,Diária,Registo Definitivo,"Av. Manuel da Fonseca, 67, 2.º Esq.",2840-470,Seixal,Seixal,Setúbal,José António Santos Teixeira de Carvalho,José António Santos Teixeira de Carvalho,António Silva Campos,,José António Santos Teixeira de Carvalho,Seixal,Setúbal,,jocarv1323@gmail.com,https://www.twenty4news.com/
127928,17-05-2023,Solo Number,Papel/Online,Nacional,Informação Especializada,Semestral,Registo Suspenso,"Rua Rei Ramiro, 274",4400-280,Vila Nova de Gaia,Vila Nova de Gaia,Porto,Frederico Pereira Martins,Frederico Pereira Martins,,,"LaLaLand Studios, Unipessoal Lda.",Vila Nova de Gaia,Porto,,fredericopereiramartins@gmail.com,https://www.solonumber.com
127929,30-05-2023,Cadernos de Saúde,Online,Nacional,Informação Especializada,Semestral,Registo Definitivo,Universidade Católica Portuguesa - Instituto de Ciências da Saúde - Palma de Cima,1649-023,Lisboa,Lisboa,Lisboa,"Universidade Católica Editora, Sociedade Unipessoal, Lda.",Ana Margarida Mineiro Rodrigues Zaky,Manuel Luís Vila Capelas,,Universidade Católica Portuguesa,Lisboa,Lisboa,,cadernosdesaude@ucp.pt,https://revistas.ucp.pt/index.php/cadernosdesaude
127930,31-05-2023,Diffractions,Online,Nacional,Informação Especializada,Bianual,Registo Definitivo,"Universidade Católica Portuguesa, Palma de Cima",1649-023,Lisboa,Lisboa,Lisboa,Universidade Católica Portuguesa,Diana Isabel Adriano Gonçalves,,,Universidade Católica Portuguesa,Lisboa,Lisboa,,info.diffractions@gmail.com,https://revistas.ucp.pt/index.php/diffractions/
127931,02-06-2023,Explanada,Online,Nacional,Informação Geral,Quadrimestral,Registo Definitivo,"NOVA FCSH - Av. de Berna, 26 C",1069-061,Lisboa,Lisboa,Lisboa,Dora dos Santos Silva,António Granado,,,António Maria Salvado Coxito Granado,Lisboa,Lisboa,,agranado@fcsh.unl.pt,http://explanada.pt
127933,15-06-2023,Nazaré Marés de Maio,Papel/Online,Regional,Informação Especializada,Anual,Registo Definitivo,"Praça Fenda na Muralha, 6024",2450-285,Sítio da Nazaré,Nazaré,Leiria,Nazaré Marés de Maio - Associação Para o Desenvolvimento Integrado do Concelho da Nazaré,Rui Manuel Gerardo de Oliveira,,,Nazaré Marés de Maio - Associação Para o Desenvolvimento Integrado do Concelho da Nazaré,Nazaré,Leiria,,nazaremaresdemaio@gmail.com,
127934,21-06-2023,AESINTRA - Revista Empresarial,Papel/Online,Regional,Informação Especializada,Semestral,Registo Definitivo,"Rua Capitão Mário Alberto Soares Pimentel, 17B",2710-589,Sintra,Sintra,Lisboa,Associação Empresarial de Sintra,Olga Maria Carrilho Costa Feliciano Figueiredo,,,Associação Empresarial de Sintra,Sintra,Lisboa,,geral@aesintra.pt,https://aesintra.pt/
127938,27-06-2023,Autónoma,Papel/Online,Nacional,Informação Especializada,Semestral,Registo Definitivo,"R. de Santa Marta, 56",1150-297,Lisboa,Lisboa,Lisboa,Jaime Lourenço,Jaime Manuel Pires Lourenço,,,"CEU - Cooperativa de Ensino Universitario, C.R.L.",Lisboa,Lisboa,,ediual@autonoma.pt,https://revista.grupoautonoma.pt
127941,20-07-2023,Estudo Prévio,Online,Nacional,Informação Especializada,2 x ano,Registo Definitivo,"R. Fernando Assis Pacheco, 207",1350-300,Lisboa,Lisboa,Lisboa,João Quintela,Filipa Ramalhete,,,"CEU - Cooperativa de Ensino Universitario, C.R.L.",Lisboa,Lisboa,,estudoprevio@ual.pt,https://www.estudoprevio.net
127944,20-07-2023,Notícias do Berço,Online,Regional,Informação Especializada,Diária,Registo Definitivo,"R. Calouste Gulbenkian, 238",4810-257,Guimarães,Guimarães,Braga,Vítor Jorge Guimarães de Oliveira,Vítor Jorge Guimarães de Oliveira,,,Vítor Jorge Guimarães de Oliveira,Guimarães,Braga,,victoroliveirajn@gmail.com,https://www.noticiasdoberco.pt
127945,20-07-2023,Seia Digital,Online,Regional,Informação Geral,Diária,Registo Definitivo,"Avenida Luís Vaz de Camões, Edifício Jardim 3 - 3º dto",6270-484,Seia,Seia,Guarda,José Manuel Brito,José Manuel Brito,,,José Manuel Gomes Cardoso de Brito,Seia,Guarda,,brito.jornalista@gmail.com,http://www.seiadigital.pt
127947,26-07-2023,Green eFact,Online,Nacional,Informação Especializada,Semanal,Registo Definitivo,"Rua Hermano Neves, 18, 3 E7",1600-477,Lisboa,Lisboa,Lisboa,"Encosta no Horizonte, Lda.",Miguel Judas,,,"Encosta no Horizonte, Lda.",Lisboa,Lisboa,,jpvieira@greenefact.com,https://www.greenefact.com
127948,01-08-2023,O Cidadão,Online,Nacional,Informação Geral,Diária,Registo Definitivo,"R. Pádua Correia, 379, 4º Esq. Centro Traseiras",4400-238,Vila Nova de Gaia,Vila Nova de Gaia,Porto,Alberto Jorge Santos,Alberto Jorge da Costa Santos,,,"Pluralidades - Edição, Comunicação e Multimédia, CRL",Vila Nova de Gaia,Porto,,jorgesantos@ocidadao.pt,https://www.ocidadao.pt
127949,02-08-2023,SAUTK Sports,Online,Nacional,Informação Especializada,Mensal,Registo Definitivo,"R. Emília das Neves, 41, 3º Esq.",1500-259,Lisboa,Lisboa,Lisboa,Diogo Sautchuk Aramuni,Diogo Sautchuk Aramuni,,,Diogo Sautchuk Aramuni,Lisboa,Lisboa,,diogoaramuni@gmail.com,https://www.sautk.pt
127950,07-08-2023,Komunica Magazine,Online,Regional,Informação Geral,Diária,Registo Definitivo,"Rua Aníbal Sousa Pinto Barros, 71 5ºB",5400-062,Chaves,Chaves,Vila Real,Cátia Juliana Pinto Portela,Cátia Juliana Pinto Portela,,,Cátia Juliana Pinto Portela,Chaves,Vila Real,,catiaportela_44@hotmail.com,https://komunicamagazine.com/
127951,08-08-2023,Market and Competition Law Review,Online,Nacional,Informação Especializada,Bianual,Registo Definitivo,Universidade Católica Portuguesa,1649-023,Lisboa,Lisboa,Lisboa,"Universidade Católica Editora, Sociedade Unipessoal, Lda",Sofia Oliveira Pais,,,Universidade Católica Portuguesa,Lisboa,Lisboa,,assistant.mclr@gmail.com,https://revistas.ucp.pt/index.php/mclawreview/
127952,09-08-2023,Alentejo Ilustrado,Papel/Online,Regional,Informação Geral,Quinzenal,Registo Definitivo,"Largo General Humberto Delgado, nº 13 (Apartado 01)",7920-021,Alvito,Alvito,Beja,Ana Luísa Delgado,Luís Godinho,Alexandre de Barahona,,Ana Luísa Delgado,Alvito,Beja,,geral@alentejoilustrado.pt,https://alentejoilustrado.pt/
127953,09-08-2023,ATEMPHAR Potencial Humano,Online,Nacional,Informação Especializada,Trimestral,Registo Definitivo,"Estádio Municipal Dr. Magalhães Pessoa, Porta 2, Piso 1, Sala 15, Arrabal D'Aquém",2400-137,Leiria,Leiria,Leiria,Associação Potencial Humano - AJPH,Valdemar Guarda Duque,,Rosa Maria Neves Mendes,Associação Potencial Humano - AJPH,Leiria,Leiria,,potencialhumano@atemphar.org,https://www.atemphar.pt
127954,11-08-2023,Mundo Informal TV,Online,Regional,Informação Geral,Diária,Registo Definitivo,Rua Raimundo Carvalho 290,4430-185,Vila Nova de Gaia,Vila Nova de Gaia,Porto,"Mundo Informal, Unipessoal, Lda",Manuel António Moreira Ribeiro,,,"Mundo Informal, Unipessoal, Lda",Vila Nova de Gaia,Porto,,programacao@mitv.pt,https://www.mitv.pt
127955,11-08-2023,Sempre à Mão Notícias,Online,Regional,Informação Geral,Diária,Registo Definitivo,"Zona Industrial de Loulé, Prédio Cace, Escritório 07",8100-272,Loulé,Loulé,Faro,"Rocha & Albergaria, Lda",Fabricio da Rocha de Souza,,,"Rocha & Albergaria, Lda",Loulé,Faro,,rochaealbergaria@gmail.com,https://sempreamaonoticias.pt
127957,17-08-2023,Christian Life Magazine,Online,Nacional,Doutrinária,Semanal,Registo Definitivo,"Avenida de Fitares nº 42, 1ºA",2635-628,Rinchoa,Sintra,Lisboa,Carlos Rafael dos Passos de oliveira,Carlos Rafael dos Passos de Oliveira,,,"Christian Life Audiovisuais, Unipessoal, Lda.",Sintra,Lisboa,,rafaeloliveira@app-christianlife.com,http://www.app-christianlife.com
127958,28-08-2023,Notícias de Águeda,Online,Regional,Informação Geral,Diária,Registo Definitivo,"Rua António Ribeiro Matos, 257",3750-303,Águeda,Águeda,Aveiro,Sara Soares,Nuno Miguel Domingues Soares,,,"TVC Televisão do Centro, Lda.",Águeda,Aveiro,,geral@tvc.pt,http://www.noticiasdeagueda.pt
127961,30-08-2023,Independência,Online,Nacional,Informação Especializada,Semestral,Registo Definitivo,"Largo de São Domingos, 11, Palácio da Independência",1150-320,Lisboa,Lisboa,Lisboa,Sociedade Histórica da Independência de Portugal,José Ribeiro e Castro,,Ana Maria Proserpio,Sociedade Histórica da Independência de Portugal,Lisboa,Lisboa,,shipgeral@ship.pt,https://www.revistaindependencia.pt
127963,04-09-2023,Ruptura,Papel/Online,Nacional,Doutrinária,Bimestral,Registo Definitivo,"Rua de Arroios, 165",1150-053,Lisboa,Lisboa,Lisboa,João Carlos de Gouveia Pascoal,João Carlos de Gouveia Pascoal,,,Gil de Oliveira Garcia,Oeiras,Lisboa,,gil.garcia.g@gmail.com,
127965,07-09-2023,Estórias Magazine,Online,Nacional,Informação Especializada,Semanal,Registo Definitivo,"Estrada das Pedreiras, 73",2970-578,Pedreiras,Sesimbra,Setúbal,Elisabete Catarino Guerreiro,Paula Cristina Alveno dos Santos,,,Elisabete Catarino Guerreiro,Sesimbra,Setúbal,,elisabeteguerreiro@estoriasmagazine.pt,https://www.estoriasmagazine.pt
127969,15-09-2023,Rural Digital Nomads,Online,Nacional,Informação Especializada,Quinzenal,Registo Definitivo,"Av. Marçal Pacheco, 56, 1º Esq.",8100-505,Loulé,Loulé,Faro,Fábio Guilherme Palma Jesuíno,Fábio Guilherme Palma Jesuíno,,,"Virgula, Unipessoal, Lda.",Loulé,Faro,,info@ruraldigitalnomads.com,https://www.ruraldigitalnomads.com/
127970,15-09-2023,Revista Reabilitação e Traumatologia do Desporto,Online,Nacional,Informação Especializada,Semestral,Registo Definitivo,"Rua 25 Abril, Lote 4",3045-501,Coimbra,Coimbra,Coimbra,João Paulo Neves Branco,João Paulo Neves Branco,Pedro Emanuel Batista Melo Simões Figueiredo,,João Paulo Neves Branco,Coimbra,Coimbra,,joaobrancofmuc@hotmail.com,https://jrtd.pt/jornal
127971,22-09-2023,e-catim Boletim Digital,Online,Nacional,Informação Especializada,Trimestral,Registo Definitivo,"R. dos Plátanos, 197",4100-414,Porto,Porto,Porto,Maria Fernandes,Francisco José Neves Alba,,Vânia Pacheco,Centro de Apoio Tecnológico à Indústria Metalomecânica,Porto,Porto,,catim@catim.pt,https://www.projetoscatim.com/e-boletim
127972,22-09-2023,Revista de Maçonaria,Papel,Nacional,Informação Especializada,Semestral,Registo Definitivo,"Av. 5 de Outubro, 31, 6º",1050-047,Lisboa,Lisboa,Lisboa,Manuel Pinto dos Santos,Fernando Manuel Lúcio Marques da Costa,,,"Fine Mirabilis Consulting, Lda.",Lisboa,Lisboa,,geral@fmconsulting.pt,
127973,29-09-2023,+DIGITAL DECO PROTeste,Papel/Online,Nacional,Informação Especializada,Bimestral,Registo Definitivo,"Av. Eng. Arantes e Oliveira, 13",1900-221,Lisboa,Lisboa,Lisboa,"Deco Proteste, Editores, Lda.",Cláudia Marisa Ferreira Maia,,,"Deco Proteste, Editores, Lda.",Lisboa,Lisboa,,claudia.maia@deco.proteste.pt,http://www.deco.proteste.pt
127976,09-11-2023,1000 Maiores Empresas,Papel/Online,Nacional,Informação Especializada,Anual,Registo Definitivo,"R. Pedro Julião, 114 - R/C",4470-349,Maia,Maia,Porto,"Severaldiscoveries Unipessoal, Lda.",Artur Bacelar,,,Artur José Machado Bacelar,Maia,Porto,,artur@maiahoje.pt,http://www.1000maiores.pt
127977,09-11-2023,O Jornal,Online,Regional,Informação Geral,Semanal,Registo Definitivo,"Rua Dr. José de Bastos, 5 - A",2560-332,Torres Vedras,Torres Vedras,Lisboa,"Páginas Radiantes Unipessoal, Lda.",Florival António Candeias Pinto,,,"Presslivre - Imprensa Livre, Lda.",Torres Vedras,Lisboa,,administracao@presslivre.pt,https://www.ojornal.pt
127978,10-11-2023,Sete Jornal,Online,Regional,Informação Geral,Semanal,Registo Definitivo,"Rua de Tregosa, 2178",4905-150,Tregosa,Barcelos,Braga,"SETE - Sociedade Empresarial de Títulos Editoriais, Lda.",Paulo Jorge da Graça Vila,,,"SETE - Sociedade Empresarial de Títulos Editoriais, Lda.",Barcelos,Braga,,setejornal@gmail.com,https://www.setejornal.pt
127980,16-11-2023,Popular TV,Online,Regional,Informação Geral,Diária,Registo Definitivo,"Rua Dr. José de Bastos, 2, B",2560-332,Torres Vedras,Torres Vedras,Lisboa,Páginas Radiantes - Unipessoal Lda.,Ana Rita dos Santos Pedro Lopes ,,,Páginas Radiantes - Unipessoal Lda.,Torres Vedras,Lisboa,,grupooestesolucoes@gmail.com,https://www.populartv.pt
127982,17-11-2023,Zahara,Papel,Regional,Informação Especializada,Semestral,Registo Definitivo,Praça Raimundo José Soares Mendes. 20,2200-366,Abrantes,Abrantes,Santarém,Palha de Abrantes - Associação de Desenvolvimento Cultural,José Martinho Serras Gaspar,José Alves Jana; Maria Teresa Aparício,,Palha de Abrantes - Associação de Desenvolvimento Cultural,Abrantes,Santarém,,zahara.cehla@gmail.com,
127983,27-11-2023,Jornal Concelho de Palmela,Papel/Online,Regional,Informação Geral,Semanal,Registo Definitivo,"R. Fialho de Almeida, 14, 2º Esq., Escritório DH6",1070-129,Lisboa,Lisboa,Lisboa,PENA MÁGICA - Comunicação & Informação Unipessoal Lda,Donatília Braço Forte,,,"Centralnews - Comunicação & Informação, Unipessoal, Lda.",Lisboa,Lisboa,,geral@jornalconcelhodepalmela.pt,https://www.jornalconcelhodepalmela.pt
127984,05-12-2023,Portuguese Kidney Journal,Online,Nacional,Informação Especializada,Trimestral,Registo Definitivo,"Lg. do Campo Pequeno, 2 - 2.ºA",1000-078,Lisboa,Lisboa,Lisboa,José António Lopes,Edgar Avito Fernandes Almeida,,,Sociedade Portuguesa de Nefrologia,Lisboa,Lisboa,,geral@spnefro.pt,https://pkj.spnefro.pt
127985,06-12-2023,"Gaya - Estudos de História, Arqueologia e Património",Papel/Online,Nacional,Informação Especializada,Anual,Registo Definitivo,"Tv. Condes de Resende, 110",4410-264,Canelas,Vila Nova de Gaia,Porto,Amigos do Solar Condes de Resende-Confraria Queirosiana,Joaquim António Gonçalves Guimarães,,,Amigos do Solar Condes de Resende-Confraria Queirosiana,Vila Nova de Gaia,Porto,,queirosiana@gmail.com,https://www.queirosiana.pt
127986,06-12-2023,Central Press,Online,Regional,Informação Geral,Diária,Registo Definitivo,"R. Pedro Nunes, Edifício C,  Sala 0.22",3030-199,Coimbra,Coimbra,Coimbra,"CentralTV - Central Press Network, S.A.",Hotchay Nahary Agostinho Gonçalves Pereira Guimarães,,,"CentralTV - Central Press Network, S.A.",Coimbra,Coimbra,,admin@centralpressnetwork.com,https://www.centralpress.pt
127992,17-01-2024,Digital Inside,Online,Nacional,Informação Especializada,Diária,Registo Definitivo,"R. João Saraiva, 38",1700-250,Lisboa,Lisboa,Lisboa,João Miguel Narciso Candeias Mesquita Gonçalves,João Miguel Narciso Candeias Mesquita Gonçalves,,,João Miguel Narciso Candeias Mesquita Gonçalves,Lisboa,Lisboa,,jmesquita@digitalinside.pt,https://www.digitalinside.pt
127993,23-01-2024,Igreja Militante,Online,Nacional,Doutrinária,Mensal,Registo Definitivo,"R. Cláudio Nunes, 116",1500-178,Lisboa,Lisboa,Lisboa,Milícia de São Miguel - União para a Cultura e Civilização Cristãs,César Augusto Vaz Canedo,,,Milícia de São Miguel - União para a Cultura e Civilização Cristãs,Lisboa,Lisboa,,igrejamilitante.msm@gmail.com,https://--
127994,24-01-2024,New In Cascais,Online,Regional,Informação Especializada,Diária,Registo Definitivo,"R. António Albino Machado, 13 B",1600-831,Lisboa,Lisboa,Lisboa,Jaime Martins Alberto,Jaime Martins Alberto,,,"Madmen, Lda.",Lisboa,Lisboa,,sandra.piedade@grupowat.com,https://newincascais.nit.pt/
127996,29-01-2024,Viana TV,Online,Regional,Informação Geral,Diária,Registo Definitivo,Praça 1º de Maio nº 115,4900-534,Viana do Castelo,Viana do Castelo,Viana do Castelo,Eduarda Patrícia da Costa Alves,Pedro Sérgio Lima Xavier,,,Conversas e Ângulos - Produções Audiovisuais Lda.,Viana do Castelo,Viana do Castelo,,geral@vianatv.pt,https://www.vianatv.pt
127998,06-02-2024,Rent Magazine,Online,Nacional,Informação Especializada,Trimestral,Registo Definitivo,"Av. 5 de Outubro, 70 - 9.º",1050-059,Lisboa,Lisboa,Lisboa,Associação Nacional dos Locadores de Veículos - ARAC,Joaquim Manuel Robalo de Almeida,,,Associação Nacional dos Locadores de Veículos - ARAC,Lisboa,Lisboa,,arac@arac.pt,https://www.arac.pt
127999,06-02-2024,Notícias Terras de Sol,Papel,Regional,Informação Geral,Trimestral,Registo Definitivo,"R. do Coro, 37",7885-054,Amareleja,Moura,Beja,João Alberto Catalão Garrido Ferreira,João Alberto Catalão Garrido Ferreira,,,João Alberto Catalão Garrido Ferreira,Moura,Beja,,jcatalao@activeup.pt,http://www.terrasdesol.pt
128001,15-02-2024,O Norte Desportivo,Online,Nacional,Informação Especializada,Mensal,Registo Suspenso,"Rua Cidade Vila do Conde, 16 B",7300-132,Portalegre,Portalegre,Portalegre,"Justpoetic, Lda",António de Jesus Leite,,,"Justpoetic, Lda",Portalegre,Portalegre,,justpoetic2024@gmail.com,http://www.onortedesportivo.pt
128003,26-02-2024,Arcos em Destaque,Online,Regional,Informação Geral,Semanal,Registo Definitivo,"Praça Dom Manuel I, Edif. Ponte Nova, Bl. 4, R/C, Lj. 60",4970-595,Arcos de Valdevez,Arcos de Valdevez,Viana do Castelo,Vanessa Taleia Reitor Almeida,Vanessa Taleia Reitor Almeida,,,Vanessa Taleia Reitor Almeida,Ponte da Barca,Viana do Castelo,,geral@arcosemdestaque.pt,https://www.arcosemdestaque.pt
128007,05-03-2024,"E-Auto, O Automóvel no Presente e no Futuro",Papel/Online,Nacional,Informação Especializada,Mensal,Registo Definitivo,"R. do Alfaiate, 19",2890-347,São Francisco,Alcochete,Setúbal,"JC Edições e Publicações, Unipessoal Lda.",José Manuel Pança Caetano,,,"JC Edições e Publicações, Unipessoal Lda.",Alcochete,Setúbal,,jcaetano@e-auto.pt,https://www.e-auto.pt
128008,12-03-2024,Setúbal Notícias,Online,Regional,Informação Geral,Mensal,Registo Definitivo,"R. Henrique Costa Neves, 5 - R/C Esq.",2910-533,Setúbal,Setúbal,Setúbal,Igor Pereira,Igor Pereira,,,Igor Pereira,Setúbal,Setúbal,,contacto@setubalnoticias.pt,https://www.setubalnoticias.pt
128009,13-03-2024,Printz Media,Online,Nacional,Informação Especializada,Bissemanal,Registo Definitivo,"R. Arquitecto Miguel Nogueira, Lt. 8, 2º Trás",4900-300,Viana do Castelo,Viana do Castelo,Viana do Castelo,Ana Isabel Oliveira Ribeiro,Ana Isabel Oliveira Ribeiro,,,Ana Isabel Oliveira Ribeiro,Viana do Castelo,Viana do Castelo,,anaoliveiraribeiro8@gmail.com,http://www.printz-media.pt
128010,18-03-2024,"Muros - Imaginamos a Eurorregião Alentejo, Algarve e Andaluzia",Online,Regional,Informação Especializada,Anual,Registo Definitivo,"Sítio do Malhão, Casa Boa Vista, Caixa Postal 272",8950-191,Malhão,Castro Marim,Faro,Susana Helena de Sousa Laurent,Susana Helena de Sousa Laurent,,,"Delaurent  - Turismo, Comunicação e Consultoria, Lda.",Castro Marim,Faro,,geral@muros.online,https://www.muros.online
128011,18-03-2024,Jornal do Sindicato dos Trabalhadores em Funções Públicas e Sociais do Sul e Regiões Autónomas,Papel,Regional,Informação Especializada,Anual,Registo Definitivo,"Av. Luís Bívar, 12",1069-140,Lisboa,Lisboa,Lisboa,Alcides Manuel Pacheco da Rocha Teles,Alcides Manuel Pacheco da Rocha Teles,,,Sindicato dos Trabalhadores em Funções Públicas e Sociais do Sul e Regiões Autónomas,Lisboa,Lisboa,,geral@stfpssra.pt,
128012,21-03-2024,Notícias de Anadia,Online,Regional,Informação Geral,Diária,Registo Definitivo,"R. do Calvário, 19",3750-836,Valongo do Vouga,Águeda,Aveiro,Nuno Miguel Domingues Soares,Nuno Miguel Domingues Soares,,,"TVC Televisão do Centro, Lda.",Águeda,Aveiro,,nunodesoares@gmail.com,http://www.noticiasdeanadia.pt
128013,26-03-2024,Crítica XXI,Papel,Nacional,Informação Especializada,Trimestral,Registo Definitivo,"Av. Fontes Pereira de Melo, 29, 3.º",1050-117,Lisboa,Lisboa,Lisboa,Carlos Maria Bobone,Jaime Nogueira Pinto,,,Associação Recreativa Crítica XXI,Lisboa,Lisboa,,geral@criticaxxi.pt,
128014,26-03-2024,Notícias de Albufeira Jornal Regional do Algarve,Papel/Online,Regional,Informação Geral,Mensal,Registo Definitivo,"Rua Bartolomeu Dias, 1 r/c",8200-096,Albufeira,Albufeira,Faro,Nuno Filipe Bento Lóres Gomes Machado,Nuno Filipe Bento Lóres Gomes Machado,,,"Albufeira Magazine - Imagem e Empreendimentos Turísticos, Lda.",Albufeira,Faro,,nuno_007_albufeira@hotmail.com,https://www.noticiasalbufeira.com
128016,09-04-2024,Jornal Cordovense,Online,Regional,Informação Geral,Diária,Registo Definitivo,"R. do Cruzeiro, 146",4825-288,Monte Córdova,Santo Tirso,Porto,Luís Filipe Ferreira Maia,Luís Filipe Ferreira Maia,,,Luís Filipe Ferreira Maia,Guimarães,Braga,,luis.maia78@gmail.com,https://www.jornalcordovense.com
128017,11-04-2024,Música & Som,Online,Nacional,Informação Especializada,Semanal,Registo Definitivo,"Rua Eng. Castanheira das Neves, Lote 3, Loja Esquerda",2660-016,Frielas,Loures,Lisboa,AEMpress LDA,Fernando Marques,,,"AEMpress, Lda.",Loures,Lisboa,,podcast@musicaesom.com,https://www.musicaesom.pt
128019,23-04-2024,Espiral do Tempo,Online,Nacional,Informação Especializada,Semanal,Registo Definitivo,"Av. Almirante Reis, 39",1169-039,Lisboa,Lisboa,Lisboa,Cesarina Amaral Frade Bruno de Sousa,Cesarina Amaral Frade Bruno de Sousa,,,"Company One - Publicações Unipessoal, Lda.",Lisboa,Lisboa,,geral@companyone.pt,https://www.espiraldotempo.com
128021,24-04-2024,Guia do Automóvel,Papel/Online,Nacional,Informação Especializada,Anual,Registo Definitivo,"R. das Motas, 27, 2º",4150-521,Porto,Porto,Porto,"I-Sigma - Sociedade Gestora de Portais, Unipessoal Lda.",Nuno António Russo Dias dos Santos Poço,,,Nuno António Russo Dias dos Santos Poço,Matosinhos,Porto,,nuno.poco@netcar.pt,
128023,02-05-2024,Motor24,Online,Nacional,Informação Especializada,Semanal,Registo Definitivo,"R. Tomás da Fonseca, Torre E, 3º",1600-209,Lisboa,Lisboa,Lisboa,"Global Notícias-Media Group, S.A.",Filipe dos Santos Alves,Ricardo Simões Ferreira,,"Global Notícias - Media Group, S.A.",Lisboa,Lisboa,,ricardo.ferro@globalmediagroup.pt,http://motor24.pt
128025,13-05-2024,Tauromaquia.com.pt,Online,Nacional,Informação Especializada,Diária,Registo Definitivo,"Lg. do Tabelião, 8 - 1.º Dto",1150-344,Lisboa,Lisboa,Lisboa,Rui Miguel Lavrador da Conceição,Rui Miguel Lavrador da Conceição,,,Rui Miguel Lavrador da Conceição,Lisboa,Lisboa,,geral.infocul@gmail.com,https://www.tauromaquia.com.pt
128027,22-05-2024,Confraria,Papel/Online,Nacional,Informação Especializada,Trimestral,Registo Definitivo,"Rua Lage do Monte, 56",3500-891,Lourosa de Cima,Viseu,Viseu,Federação Portuguesa das Confrarias Gastronómicas,José Luis Araújo,,,Federação Portuguesa das Confrarias Gastronómicas,Santarém,Santarém,,fpcg.geral@gmail.com,https://www.fpcg.pt
128028,03-06-2024,Diário da Bairrada,Online,Regional,Informação Geral,Diária,Registo Definitivo,"R. do Calvário, 19",3750-836,Valongo do Vouga,Águeda,Aveiro,Nuno Soares,Sara Raquel Ferreira Salgado Soares,,,"TVC Televisão do Centro, Lda.",Águeda,Aveiro,,nunodesoares@gmail.com,http://www.diariodabairrada.pt
128029,05-06-2024,Terras de Basto,Papel/Online,Regional,Informação Geral,Quinzenal,Registo Definitivo,"R. Francisco Botelho, 363",4860-501,Refojos de Basto,Cabeceiras de Basto,Braga,Letrasestratégicas - Lda.,João Paulo Machado Mesquita,,,Letrasestratégicas - Lda.,Celorico de Basto,Braga,,geral@terrasdebasto.pt,https://www.jornaldebasto.pt
128031,11-06-2024,O Templário,Papel/Online,Regional,Informação Geral,Semanal,Registo Definitivo,"R. da Saudade, 17",2305-101,Asseiceira,Tomar,Santarém,"Traços & Sílabas, Unipessoal Lda.",Isabel Maria da Silva Miliciano,,,"Traços & Sílabas, Unipessoal Lda.",Tomar,Santarém,,isabelmiliciano@gmail.com,https://www.otemplario.pt
128034,24-06-2024,Momento do Porto,Online,Regional,Informação Geral,Mensal,Registo Definitivo,"Av. de França, 256, 5º Esc 5.2",4050-276,Porto,Porto,Porto,Sérgio Dias dos Santos,Sérgio Dias dos Santos,,,Sérgio Dias dos Santos,Porto,Porto,,200sergiosantos@gmail.com,https://www.momentodoporto.pt
128035,27-06-2024,Gente de Basto,Papel,Regional,Informação Geral,Mensal,Registo Definitivo,"Rua do Pomar, 250",4890-282,Celorico de Basto,Celorico de Basto,Braga,"Jornal de Basto, Unipessoal Lda.",António Maria da Silva Teixeira,,,"Jornal de Basto, Unipessoal Lda.",Celorico de Basto,Braga,,jornaldebasto@gmail.com,
128036,27-06-2024,AlbiNotícias,Online,Regional,Informação Geral,Diária,Registo Definitivo,"Centro Comercial S. Tiago, L27",6000-076,Castelo Branco,Castelo Branco,Castelo Branco,João Nuno Rita Sousa Briosa,João Nuno Rita Sousa Briosa,,,"Tertúlias & Vielas, Unipessoal, Lda.",Castelo Branco,Castelo Branco,,geral.albinoticias@gmail.com,http://www.albinoticias.pt
128039,11-07-2024,Travel Magg,Online,Nacional,Informação Especializada,Semanal,Registo Definitivo,"Av. Dom Rodrigo da Cunha, 20 - 2.º B Direito Norte",1700-141,Lisboa,Lisboa,Lisboa,"Creative Ninjas, Unipessoal Lda.",Maria Raquel Marques da Costa,,,"Creative Ninjas, Unipessoal Lda.",Lisboa,Lisboa,,ricardopereira@travelmagg.pt,https://www.sapo.pt/parceiro/travel-magg
128040,17-07-2024,Nossoterritório.pt,Online,Regional,Informação Geral,Diária,Registo Definitivo,"Rua Abel Ribeiro, 15 r/c Dto",4640-100,Baião,Baião,Porto,Sandra Luísa Pinto Teixeira,Sandra Luísa Pinto Teixeira,,,Sandra Luísa Pinto Teixeira,Baião,Porto,,info@nossoterritorio.pt,https://www.nossoterritorio.pt
128041,23-07-2024,Notícias dos Homens,Papel,Nacional,Informação Especializada,Anual,Registo Definitivo,"Rua Penalves, 324",4490-542,Póvoa de Varzim,Póvoa de Varzim,Porto,Fernando Tavares de Oliveira,Fernando Tavares de Oliveira,,,Fernando Tavares de Oliveira,Póvoa de Varzim,Porto,,tavares.oliveira@tavaresoliveira.com,
128042,29-07-2024,Factual_digital.,Online,Nacional,Informação Geral,Mensal,Registo Suspenso,"Av. das Forças Armadas, 40",1649-026,Lisboa,Lisboa,Lisboa,IPPS - IUL Instituto para as Políticas Públicas e Sociais,Gustavo Alberto Seabra Leitão Cardoso,,,IPPS - IUL Instituto para as Políticas Públicas e Sociais,Lisboa,Lisboa,,geral.ipps@iscte-iul.pt,https://www.factual.digital/
128043,01-08-2024,Notícias TV,Online,Nacional,Informação Especializada,Semanal,Registo Definitivo,"Rua Monte dos Burgos, 470-1º",4250-311,Porto,Porto,Porto,"Notícias Ilimitadas, S.A.",Maria Inês Cardoso,,,"Notícias Ilimitadas, S.A.",Maia,Porto,,carla.ferreirinha@noticiasilimitadas.pt,https://www.n-tv.pt/
128044,01-08-2024,Pets and Company,Online,Nacional,Informação Especializada,Diária,Registo Definitivo,"Rua Luciana Stegagno Picchio, 3",1549-023,Lisboa,Lisboa,Lisboa,"Medialivre, S.A.",Luísa Cândida Tavares Jeremias,,,"Medialivre, S.A.",Lisboa,Lisboa,,plataforma@medialivre.pt,https://www.petsandcompany.pt/
128045,05-08-2024,My Star Luxury,Papel/Online,Nacional,Informação Especializada,Trimestral,Registo Definitivo,"Prç. Mouzinho de Albuquerque, 113, 5º",4100-359,Porto,Porto,Porto,Maria de Fátima Gomes Amaral Ferreira,Ricardo André Pinto Flaminio,,,"Editora Codigopro - Edição de Publicações Periódicas Unipessoal, Lda",Porto,Porto,,ricardoflaminio@codigopro.pt,https://www.mystarluxury.pt
128046,06-08-2024,Gray-film,Online,Nacional,Informação Especializada,Quadrimestral,Registo Definitivo,"Av. de Casal Ribeiro, 17 - 3.º Esq. Frente",1000-090,Lisboa,Lisboa,Lisboa,José António Chagas Machado,José António Chagas Machado,,,José António Chagas Machado,Lisboa,Lisboa,,registos.erc@gray-film.eu,http://gray-film.eu
128048,22-08-2024,O Praticante.pt,Online,Nacional,Informação Especializada,Semanal,Registo Definitivo,"R. da Telheira, 128",2425-098,Granja,Leiria,Leiria,David Henrique Dias da Silva,David Henrique Dias da Silva,,,David Henrique Dias da Silva,Leiria,Leiria,,opraticante@gmail.com,https://www.opraticante.pt
128052,28-08-2024,O Economista,Papel/Online,Nacional,Informação Especializada,Anual,Registo Definitivo,"R. Francisco Rodrigues Lobo, 2 - R/C Dto.",1070-134,Lisboa,Lisboa,Lisboa,"Polimeios - Produção de Meios, Lda.",António Ramos Gomes,,,"Polimeios - Produção de Meios, Lda.",Lisboa,Lisboa,,geral@cadernoseconomia.pt,https://www.cadernoseconomia.pt
128053,29-08-2024,Mangualde Novo Rumo,Papel,Regional,Informação Geral,Trimestral,Registo Definitivo,"Largo Dr. Couto, 47, 1º",3530-134,Mangualde,Mangualde,Viseu,António José Fortes Marques Correia,António José Fortes Marques Correia,,,José Francisco Sobral Abrantes,Mangualde,Viseu,,sobralabrantes47@gmail.com,
128054,30-08-2024,Beira Digital TV,Online,Regional,Informação Geral,Diária,Registo Definitivo,"Estrada da Beira, 216 C",3350-087,Entroncamento,Vila Nova de Poiares,Coimbra,Marta Sofia Dias de Sousa,Marta Sofia Dias de Sousa,,,Dicionário Épico - Unipessoal Lda,Vila Nova de Poiares,Coimbra,,geral@beiradigitaltv.pt,http://www.beiradigitaltv.pt
128055,02-09-2024,Brincar a Escrever,Papel/Online,Nacional,Informação Especializada,Anual,Registo Definitivo,"Praça do Ferrador, lote 140 - loja B",3500-391,Viseu,Viseu,Viseu,Raquel M. Lopes,Raquel M. Lopes,,,Cátia Raquel Martinho Lopes,Viseu,Viseu,,raquelmlopes.1984@gmail.com,https://brincaraescreverviseu.wordpress.com/
128056,04-09-2024,Liderança & Negócio,Online,Nacional,Informação Especializada,Trimestral,Registo Definitivo,"Rua Nova da Junqueira, 145",4405-768,Vila Nova de Gaia,Vila Nova de Gaia,Porto,André Teixeira,Sandra Arouca,,,Sandra Carla Pereira Arouca,Vila Nova de Gaia,Porto,,sandra.p.arouca@gmail.com,https://liderancaenegocio.pt/
128059,09-09-2024,Diário Criminal,Online,Nacional,Informação Especializada,Diária,Registo Definitivo,"Rua António Ribeiro Matos, 257",3750-303,Águeda,Águeda,Aveiro,Nuno Miguel Domingues Soares,Nuno Miguel Domingues Soares,,,"TVC Televisão do Centro, Lda.",Águeda,Aveiro,,nunodesoares@gmail.com,http://www.diariocriminal.pt
128060,09-09-2024,Diário Automóvel,Online,Nacional,Informação Especializada,Diária,Registo Definitivo,"Praça Duque de Saldanha, 1, piso 6, Edifício Atrium Saldanha",1050-094,Lisboa,Lisboa,Lisboa,"OLX Portugal, S.A.",Marvin Tortas,,,"OLX Portugal, S.A.",Lisboa,Lisboa,,diarioautomovel@standvirtual.com,https://www.standvirtual.com/diarioautomovel
128062,18-09-2024,PetMagazine,Online,Nacional,Informação Especializada,Trimestral,Registo Suspenso,"R. Nova da Junqueira, 145",4405-768,Vila Nova de Gaia,Vila Nova de Gaia,Porto,André Teixeira,Sandra Arouca,,,"Narrativalíder, Unipessoal, Lda.",Vila Nova de Gaia,Porto,,narrativalider@gmail.com,https://petloversportugal.pt/
128063,23-09-2024,Lifestyle Portugal,Papel/Online,Nacional,Informação Especializada,Bimestral,Registo Definitivo,"Regus, Buganvilia Plaza, Estr. da Quinta do Lago 1",8135-024,Quinta do Lago,Loulé,Faro,Simon Paul Moulson,Simon Paul Moulson,,,"Moulson & Howes, Lda",Silves,Faro,,moulsonsp@hotmail.com,https://lifestylemag.pt/magazine
128065,25-09-2024,Ria,Online,Regional,Informação Geral,Semanal,Registo Definitivo,"Campus Universitário de Santiago, Agra do Crasto",3810-193,Aveiro,Aveiro,Aveiro,Associação Académica da Universidade de Aveiro,Maria Teixeira Rego,,,Associação Académica da Universidade de Aveiro,Aveiro,Aveiro,,info@radioria.pt,https://radioria.pt
128068,15-10-2024,Jornal PT50,Online,Nacional,Informação Especializada,Diária (dias úteis),Registo Definitivo,"Rua Fialho de Almeida, 9, 3º Esq.",1070-128,Lisboa,Lisboa,Lisboa,Cristina Bárbara Viegas Louro Dias Neves da Mota Pinto,Miguel Alexandre Espinho Veiga Ganhão,,,Cristina Bárbara Viegas Louro Dias Neves da Mota Pinto,Lisboa,Lisboa,,cristinad.neves@targetmedia.pt,https://www.jornalpt50.pt
128070,24-10-2024,Terras do Minho,Online,Regional,Informação Geral,Diária (dias úteis),Registo Definitivo,"R. do Campo Alegre, 1517, Loja 24",4000-452,Porto,Porto,Porto,Agilpassear Lda.,Anjos Costa,,,"Ágilpassear, Lda.",Vila Real,Vila Real,,gestao@agilpassear.com,https://terrasdominho.sapo.pt
128074,11-11-2024,Estado com Arte Magazine,Online,Nacional,Informação Especializada,Semanal,Registo Definitivo,"R. Filinto Elísio, Piso 4, Gab. B - Edifício Ceres",2500-202,Caldas da Rainha,Caldas da Rainha,Leiria,Marta Teresa de Faria Roque Chorão Bilo,Bernardo Zea Bermudez Simões de Almeida,,,Marta Teresa de Faria Roque Chorão Bilo,Óbidos,Leiria,,marta.roque@estadocomarte.pt,https://estadocomarte.pt
128076,13-11-2024,Mafra Digital Guia Local,Online,Regional,Informação Especializada,Semanal,Registo Definitivo,"Rua dos Pomares, 16",2655-128,Baleia - Carvoeira,Mafra,Lisboa,José Carlos de Oliveira Batista Calapez,José Carlos de Oliveira Batista Calapez,,,José Carlos de Oliveira Batista Calapez,Mafra,Lisboa,,jose@calapez.pt,https://mafra.digital
128077,18-11-2024,Fórum Hospital do Futuro,Online,Nacional,Informação Especializada,Mensal,Registo Definitivo,"Viela da Fonte 2, Lote A1 R/C Esq",2710-694,Linhó,Sintra,Lisboa,Paulo Manuel Coimbra Nunes de Abreu,Paulo Manuel Coimbra Nunes de Abreu,,,Paulo Manuel Coimbra Nunes de Abreu,Sintra,Lisboa,,p.nunesdeabreu@gmail.com,https://www.hospitaldofuturo.pt
128078,18-11-2024,Pacoslook - O Poder dos Factos,Online,Regional,Informação Geral,Semanal,Registo Definitivo,"Av. Nicolau Carneiro, 31, 1º Trás",4590-511,Paços de Ferreira,Paços de Ferreira,Porto,Arnaldo Ferreira Baptista de Meireles,Arnaldo Ferreira Baptista de Meireles,,,Arnaldo Ferreira Baptista de Meireles,Paços de Ferreira,Porto,,meireles5157@gmail.com,https://www.pacoslook.pt
128079,19-11-2024,Selfie,Online,Nacional,Informação Especializada,Diária,Registo Definitivo,"R. Mário Castelhano, 40",2734-502,Queluz de Baixo,Oeiras,Lisboa,Cátia Sofia Rodrigues Soares,Cátia Sofia Rodrigues Soares,,,"Média Capital - Digital, S.A.",Oeiras,Lisboa,,selfie@mediacapital.pt,https://selfie.iol.pt
128080,19-11-2024,Odesporto.pt,Online,Nacional,Informação Especializada,Semanal,Registo Definitivo,"R. 25 de Abril, n.º6",4550-107,Castelo de Paiva,Castelo de Paiva,Aveiro,José Augusto da Silva Santos Moreira,José Augusto da Silva Santos Moreira,,,José Augusto da Silva Santos Moreira,Castelo de Paiva,Aveiro,,jassantosster@gmail.com,https://www.odesporto.pt
128083,13-12-2024,Cruzada,Papel/Online,Nacional,Doutrinária,Mensal,Registo Definitivo,"R. de São Barnabé, 32",4710-309,Braga,Braga,Braga,Secretariado Nacional do Apostolado da Oração,António Pimentel Ferreira de Magalhães Sant'Ana,,,Secretariado Nacional do Apostolado da Oração,Braga,Braga,,diretor.nacional@rmop.pt,https://redemundialdeoracaodopapa.pt/
128084,13-12-2024,Mensageiro do Coração de Jesus,Papel/Online,Nacional,Doutrinária,Mensal,Registo Definitivo,"R. de São Barnabé, 32",4710-309,Braga,Braga,Braga,Secretariado Nacional do Apostolado da Oração,António Pimentel Ferreira de Magalhães Sant'Ana,,,Secretariado Nacional do Apostolado da Oração,Braga,Braga,,diretor.nacional@rmop.pt,https://redemundialdeoracaodopapa.pt/
128085,18-12-2024,Alentrium,Online,Regional,Informação Especializada,Diária,Registo Definitivo,"UNITATE - Campus Estrada Nacional, 4, Km 158",7150-234,Borba,Borba,Évora,Maria Augusta Laranjeira Marianito,Maria Augusta Laranjeira Marianito (Nome profissional: Augusta Serrano),,,Maria Augusta Laranjeira Marianito,Vila Viçosa,Évora,,augustaserrano@icloud.com,https://www.alentrium.pt
128087,02-01-2025,Santomensidade - Visão Global,Online,Nacional,Informação Especializada,Semanal,Registo Definitivo,"R. Raúl de Carvalho, lote 5 e 6 loja 1 e 2",1750-157,Lisboa,Lisboa,Lisboa,Celso Soares,Paulo António Leitão Monteiro,,,Culturface - Associação Cultural para o Desenvolvimento,Odivelas,Lisboa,,culturfaceis.acpd@gmail.com,https://www.magazinesantomensidade.com
128088,03-01-2025,"CH Magazine de Cultura, Lazer & Viagens",Online,Nacional,Informação Especializada,Diária,Registo Definitivo,"R. João de Castilho, 28 R/C",1300-322,Lisboa,Lisboa,Lisboa,Elsa Maria Teixeira Furtado,Elsa Maria Teixeira Furtado,,,Elsa Maria Teixeira Furtado,Lisboa,Lisboa,,elsafurtado@gmail.com,http://www.chmagazine.pt
128089,14-01-2025,Rádio Ribatejo,Online,Regional,Informação Geral,Semestral,Registo Definitivo,"Largo do Esteiro, 6",2050-261,Azambuja,Azambuja,Lisboa,Vitor Paulo Leitão Ferreira de Melo,Vitor Paulo Leitão Ferreira de Melo,,,Vitor Paulo Leitão Ferreira de Melo,Azambuja,Lisboa,,pauloferreirademelo@sapo.pt,http://www.radioribatejo.pt
128090,14-01-2025,Indústria Portuguesa - Motor da Economia,Papel,Nacional,Informação Especializada,Trimestral,Registo Definitivo,"Av. das Forças Armadas, 4, 8º B",1600-082,Lisboa,Lisboa,Lisboa,"Bleed - Sociedade Editorial e Organização de Eventos, Unipessoal, Lda.",Miguel Alberto Cardoso da Cruz Boavida,,,"Bleed - Sociedade Editorial e Organização de Eventos, Unipessoal, Lda.",Lisboa,Lisboa,,miguel.boavida@bleed.pt,https://www.bleed.pt
128091,16-01-2025,Correio Insular,Papel/Online,Regional,Informação Geral,Quinzenal,Registo Definitivo,"R. do Cruzeiro, 10 A",9760-446,Praia da Vitória,Praia da Vitória,Ilha Terceira,José da Silva Garcia Oliveira,José da Silva Garcia Oliveira,,,José da Silva Garcia Oliveira,Praia da Vitória,Ilha Terceira,Região Autónoma dos Açores,ci.geral.2023@gmail.com,https://www.correioinsular.wordpress.com
128092,23-01-2025,Sport2.me,Online,Nacional,Informação Especializada,12x ano,Registo Definitivo,"R. Soeiro Mendes, 168",4100-469,Porto,Porto,Porto,Pedro Rodrigo Melo Coelho,Pedro Rodrigo Melo Coelho,,,Pedro Rodrigo Melo Coelho,Porto,Porto,,prcoelho@outlook.pt,http://www.sport2.me
128093,23-01-2025,Prana Magazine,Online,Nacional,Informação Especializada,Mensal,Registo Definitivo,"R. Sacadura Cabral, 109, CV esq.",1495-704,Cruz Quebrada,Oeiras,Lisboa,Ana João da Silva Fernandes,Ana João da Silva Fernandes,,,Ana João da Silva Fernandes,Oeiras,Lisboa,,fernandes.anaj@gmail.com,http://www.pranamagazine.net
128094,23-01-2025,Blue Travel,Papel/Online,Nacional,Informação Especializada,Bimestral,Registo Definitivo,Av. Dr. Antunes Guimarães 788,4100-075,Porto,Porto,Porto,"Essência Eventos e Comunicação Unipessoal, Lda",José João dos Santos Pereira,,,"Essência Eventos e Comunicação Unipessoal, Lda",Porto,Porto,,josepinto@essenciacompany.com,http://www.revistabluetravel.com
128095,28-01-2025,Ludis Images,Online,Nacional,Informação Especializada,Mensal,Registo Definitivo,"Rua do Rego, n.º2",4750-428,Creixomil,Barcelos,Braga,Luis Filipe Ribeiro Eiras,Luis Filipe Ribeiro Eiras,,,Luis Filipe Ribeiro Eiras,Barcelos,Braga,,ludisimages@gmail.com,https://ludisimages.com/
128096,10-02-2025,Strada.pt,Online,Nacional,Informação Especializada,Trimestral,Registo Definitivo,"Rua da Cabreira, 83 R/C Dto",3810-071,Aveiro,Aveiro,Aveiro,Ana Bela Correia Nogueira,Ana Bela Correia Nogueira,,,Ana Bela Correia Nogueira,Aveiro,Aveiro,,editor@jornalstrada.com,http://www.jornalstrada.com
128097,17-02-2025,TB - Todas As Beiras,Online,Regional,Informação Geral,Diária,Registo Definitivo,"R. Vasco da Gama, 14, 2º Dt.",6300-772,Guarda,Guarda,Guarda,Gustavo Brás,Gustavo Brás,,,António Gustavo Gomes Brás,Guarda,Guarda,,antbras@gmail.com,http://www.todasasbeiras.pt
128098,17-02-2025,SóClássicas,Papel/Online,Nacional,Informação Especializada,Bimestral,Registo Definitivo,"R. Vasco da Gama, 40",7520-243,Sines,Sines,Setúbal,Claudete Filomena Richieri,José Pedro Mota Soares de Oliveira,,,Claudete Filomena Richieri,Sines,Setúbal,,clauricchieri@gmail.com,
128099,17-02-2025,Time Out Cascais,Papel/Online,Regional,Informação Especializada,Anual,Registo Definitivo,"Av. da Liberdade, 10 - 4.º",1250-144,Lisboa,Lisboa,Lisboa,"Time Out Portugal, Unipessoal, Lda.",Vera Constante Rodrigues de Moura Santos,,,"Time Out Portugal, Unipessoal, Lda.",Lisboa,Lisboa,,catarina.novais@timeout.com,https://www.timeout.pt/cascais/pt
128100,18-02-2025,Guia Fiscal,Online,Nacional,Informação Especializada,Anual,Registo Definitivo,"Av. Eng. Arantes e Oliveira, 13",1900-221,Lisboa,Lisboa,Lisboa,"Deco Proteste, Editores, Lda.",Cláudia Marisa Ferreira Maia,,,"Deco Proteste, Editores, Lda.",Lisboa,Lisboa,,claudia.maia@deco.proteste.pt,https://decoproteste.streamofbooks.com/guiafiscal2025/
128102,20-02-2025,Evmag,Online,Nacional,Informação Especializada,Semanal,Registo Definitivo,"Rua Padre Himalaia, 382 3.º esq.",4900-926,Viana do Castelo,Viana do Castelo,Viana do Castelo,Jorge Vila Maior Montez de Sousa,Jorge Vila Maior Montez de Sousa,,,Jorge Vila Maior Montez de Sousa,Viana do Castelo,Viana do Castelo,,jormontez@gmail.com,https://evmag.pt/
128103,27-02-2025,Penacova Actual,Online,Regional,Informação Geral,Diária,Registo Definitivo,"EN 110, n.º 4, 1.º Dto.",3360-190,Várzea,Penacova,Coimbra,"Penacova Actual, Unipessoal, Lda.",Pedro Manuel Fernandes Viseu,,,"Penacova Actual, Unipessoal, Lda.",Penacova,Coimbra,,penacovactual@gmail.com,https://penacovactual.eu/
128104,05-03-2025,Bantumen,Online,Nacional,Informação Especializada,Semanal,Registo Definitivo,"R. Vale Formoso de Cima, 156 - 3 D",1950-273,Lisboa,Lisboa,Lisboa,"Bantu Media, CRL",Marisa Mendes Rodrigues,,,"Bantu Media, CRL",Lisboa,Lisboa,,geral@bantumen.com,https://www.bantumen.com
128106,05-03-2025,Business Voice,Online,Nacional,Informação Especializada,Mensal,Registo Definitivo,"Tv. António Feliciano Castilho, 21 A - 1.º",4435-106,Rio Tinto,Gondomar,Porto,Manuel José Nogueira de Andrade,Manuel José Nogueira de Andrade,,,Manuel José Nogueira de Andrade,Gondomar,Porto,,rivisian@gmail.com,https://www.businessvoice.pt
128107,06-03-2025,O Cascalense Noticias do Concelho de Cascais,Online,Regional,Informação Geral,Semanal,Registo Definitivo,"Av. da República, 1511-1º A (Sul)",2775-275,Parede,Cascais,Lisboa,Guilherme Alves Martins Fafaiol,Guilherme Alves Martins Fafaiol ,,,Guilherme Alves Martins Fafaiol,Cascais,Lisboa,,guilherme.fafaiol@gmail.com,http://www.cascalense.pt
128109,06-03-2025,KJ – Knowledge Journal ,Online,Nacional,Informação Especializada,Semestral,Registo Definitivo,"Tv. Padre Vitorino de Sousa Alves, 2",4715-399,Braga,Braga,Braga,Juan José Fernández Muñoz,Ricardo Filipe da Silva Pocinho,Sílvia Clara Laurido da Silva,María Fernanda González Londra,Ricardo Filipe da Silva Pocinho,Coimbra,Coimbra,,info@academy-km.com,https://kmjournal.com/
128110,06-03-2025,Infobien,Online,Nacional,Informação Especializada,Semanal,Registo Definitivo,"Rua do Telheiro, n.º 13",7440-018,Alter do Chão,Alter do Chão,Portalegre,António Xavier Vaz Rato Meira Paulo,Rita Pestana Casquilho Alagoínha Ramalho,,,Rita Pestana Casquilho Alagoínha Ramalho,Alter do Chão,Portalegre,,ritapcramalho@gmail.com,https://bien.pt/
128111,07-03-2025,Comunicações,Online,Nacional,Informação Especializada,Trimestral,Registo Definitivo,"Av. João XXI, 78, R/C Esq.",1000-304,Lisboa,Lisboa,Lisboa,Isabel Travessa,Sandra Fazenda Almeida,,,APDC - Associação Portuguesa para o Desenvolvimento das Comunicações,Lisboa,Lisboa,,geral@apdc.pt,https://comunicacoes.apdc.pt
128112,10-03-2025,New In Braga,Online,Regional,Informação Especializada,Diária,Registo Definitivo,"Rua António Albino Machado, nº 13 B",1600-831,Lisboa,Lisboa,Lisboa,Jaime Henrique Martins Alberto,Jaime Henrique Martins Alberto,,,"Madmen, Lda.",Lisboa,Lisboa,,sandra.piedade@grupowat.com,https://newinbraga.nit.pt/
128113,10-03-2025,New In Barreiro,Online,Regional,Informação Especializada,Diária,Registo Definitivo,"Rua António Albino Machado, nº 13 B",1600-831,Lisboa,Lisboa,Lisboa,Jaime Henrique Martins Alberto,Jaime Henrique Martins Alberto,,,"Madmen, Lda.",Lisboa,Lisboa,,sandra.piedade@grupowat.com,https://newinbarreiro.nit.pt/
128114,10-03-2025,New In Amadora,Online,Regional,Informação Especializada,Diária,Registo Definitivo,"Rua António Albino Machado, 13 B",1600-831,Lisboa,Lisboa,Lisboa,Jaime Henrique Martins Alberto,Jaime Henrique Martins Alberto,,,"Madmen, Lda.",Lisboa,Lisboa,,sandra.piedade@grupowat.com,https://newinamadora.nit.pt/
128115,13-03-2025,Cardus,Online,Nacional,Informação Especializada,Mensal,Registo Definitivo,"R. das Oficinas a Vapor, 14",2730-284,Barcarena,Oeiras,Lisboa,Edmundo Baptista Cardeira,Edmundo Baptista Cardeira,,,Edmundo Baptista Cardeira,Oeiras,Lisboa,,edmundo@cardeira.net,http://www.cardus.online
128117,17-03-2025,24Horas,Online,Nacional,Informação Geral,Diária,Registo Definitivo,"R. General Ferreira Martins, 6-D",1495-137,Miraflores,Oeiras,Lisboa,"Pressco, Lda.",Mário Manuel Sena Brogueira Monterroso Carneiro,,,"Pressco, Lda.",Oeiras,Lisboa,,zpf@zpf.pt,http://www.24horas.pt
128119,18-03-2025,Alcobacadigital.com,Papel/Online,Regional,Informação Especializada,Trimestral,Registo Definitivo,"Rua de São Domingos, 2",3530-076,Tibalde,Mangualde,Viseu,Miguel José Santos Gabriel,Miguel José Santos Gabriel,,,Miguel José Santos Gabriel,Mangualde,Viseu,,miguelsantos.gabriel@hotmail.com,https://www.alcobacadigital.com
128120,19-03-2025,Cake Art Magazine by Sophia Fox,Online,Nacional,Informação Especializada,Trimestral,Registo Definitivo,Avenida dos Redondos nº 175 2º Esq. ,2865-496,Fernão Ferro,Seixal,Setúbal,Sofia Almeida Raposo,Sofia Almeida Raposo ,,,Sofia Almeida Raposo,Seixal,Setúbal,,sofia.almeida.raposo.pt@gmail.com,https://www.cakeartmagazine.com/
128122,20-03-2025,Musica.com.pt,Online,Nacional,Informação Especializada,Diária,Registo Definitivo,"Avenida 25 de Abril, 1, 5 Esq.",3510-118,Viseu,Viseu,Viseu,Rui Pedro Viana e Carmo Pereira Ribeiro,Rui Pedro Viana e Carmo Pereira Ribeiro,,,Rui Pedro Viana e Carmo Pereira Ribeiro,Viseu,Viseu,,info@musica.com.pt,https://musica.com.pt/
128123,25-03-2025,Como Assim?,Papel/Online,Regional,Informação Especializada,Semestral,Registo Definitivo,"EB1 do Louredo 2, Sr. Jesus dos Aflitos",7005-874,Évora,Évora,Évora,Associação Aldeia das Ciências,Diana Filipa Nobre Valadas,,,Associação Aldeia das Ciências,Évora,Évora,,ines.ferreira@aldeiadasciencias.org,
128125,31-03-2025,AbrilAbril,Online,Nacional,Informação Geral,Diária,Registo Definitivo,"Av. Engº Arantes e Oliveira, 5, S/Loja D",1900-221,Lisboa,Lisboa,Lisboa,A.B.B. - Associação Abril Abril,Maria da Graça Martins Gonçalves,,,A.B.B. - Associação Abril Abril,Lisboa,Lisboa,,geral@abrilabril.pt,https://www.abrilabril.pt
128126,02-04-2025,Conectv,Online,Regional,Informação Geral,Diária,Registo Definitivo,"R. Filipe Ferrer, 33 AM",8005-334,Faro,Faro,Faro,Euds Ricardo Consoli Polito,Euds Ricardo Consoli Polito,,,Euds Ricardo Consoli Polito,Faro,Faro,,eudsricardo@conectv.tv,http://www.conectv.tv
128128,14-04-2025,Em Causa,Online,Nacional,Doutrinária,Mensal,Registo Definitivo,"R. Febo Moniz, 13, R/C,",1150-152,Lisboa,Lisboa,Lisboa,Associação Causa Pública,José Vítor Pereira Garutti Malheiros,,,Associação Causa Pública,Lisboa,Lisboa,,direcao@causapublica.org,https://www.emcausa.org
128129,14-04-2025,Notícias de Albergaria,Online,Regional,Informação Geral,Diária,Registo Definitivo,"Rua António Ribeiro de Matos, 257",3750-303,Águeda,Águeda,Aveiro,Nuno Miguel Domingues Soares,Nuno Miguel Domingues Soares,,,"TVC Televisão do Centro, Lda.",Águeda,Aveiro,,geral@tvc.pt,https://noticiasdealbergaria.pt/
128130,17-04-2025,Notários Portugueses,Online,Nacional,Informação Especializada,Trimestral,Registo Definitivo,"Av. Visconde de Valmor, 19A",1000-290,Lisboa,Lisboa,Lisboa,António Jorge dos Santos Batista da Silva,António Jorge dos Santos Batista da Silva,,,Ordem dos Notários,Lisboa,Lisboa,,geral@notarios.pt,https://ordem.notarios.pt/revista-np
128131,17-04-2025,Portal Margem Sul,Online,Regional,Informação Geral,Diária,Registo Definitivo,"R. Cidade de Rabat, 41 B",1500-159,Lisboa,Lisboa,Lisboa,"Neurónio Criativo, Unipessoal, LDA",Rogério Manuel de Sousa Mendes Junior,,,"Neurónio Criativo, Unipessoal Lda.",Sintra,Lisboa,,rogerio.junior@neuroniocriativo.pt,https://margemsul.sapo.pt/
128132,22-04-2025,Entrerios,Papel/Online,Nacional,Informação Especializada,Mensal,Registo Definitivo,"R. Marcos de Assunção, Almada Business Center, Edif.4, 1º andar, Escr. 1.07",2805-290,Almada,Almada,Setúbal,"Tarefaprazível, Lda.",Susana Gaião Baptista Mota,,,"Tarefaprazível, Lda.",Almada,Setúbal,,tarefaprazivel2023@gmail.com,https://revistaentrerios.pt/
128133,24-04-2025,TV Mangualde,Online,Regional,Informação Geral,Diária,Registo Definitivo,"R. Capitão Oliveira Matta, 1, 1º Dto.",2670-510,Loures,Loures,Lisboa,Nuno Cerqueira,Filipe Ricardo Gonçalves Oitavem,,,Filipe Ricardo Gonçalves Oitavem,Loures,Lisboa,,filipeoitavem@gmail.com,https://www.tvmangualde.pt
128134,24-04-2025,Revela Arrábida,Online,Regional,Informação Geral,Diária (dias úteis),Registo Definitivo,"R. Luta do Povo, 18",2910-119,Setúbal,Setúbal,Setúbal,Tiago Alexandre Gabriel de Almeida,Filipa Isabel Pedro Pereira,,,Vírgulas Curiosas Lda.,Setúbal,Setúbal,,geral@revelaarrabida.pt,https://www.revelaarrabida.pt
128135,30-04-2025,Novum Jornal,Papel/Online,Regional,Informação Geral,Quinzenal,Registo Definitivo,"Av. dos Bombeiros Voluntários, Edifício Nova Paredes, Lj. 36",4580-053,Paredes,Paredes,Porto,Sara Filipa Mendes Jesus,Sara Filipa Mendes Jesus,,,"Crepúsculobservador, Lda.",Paredes,Porto,,jorgeribeirodasilva@novumcanal.pt,http://www.novumcanal.pt
128136,05-05-2025,Betano Mag,Papel/Online,Nacional,Informação Especializada,4 x ano,Registo Definitivo,"R. da Artilharia Um, 79, 6º",1269-160,Lisboa,Lisboa,Lisboa,Kaizen Gaming International Limited - Sucursal Portugal,João Carlos Rodrigues Neves Cidra,,,Kaizen Gaming International Limited - Sucursal Portugal,Lisboa,Lisboa,,j.cidra@kaizengaming.com,https://blog.betano.pt/betano-mag
128137,07-05-2025,Jurisdição Administrativa e Fiscal em Revista,Papel/Online,Nacional,Informação Especializada,Semestral,Registo Definitivo,"R. João da Silva, 38, 2º Dto.",2775-586,Carcavelos,Cascais,Lisboa,"Letras e Conceitos - Unipessoal, Lda.",Eliana de Almeida Pinto,,,"Letras e Conceitos - Unipessoal, Lda.",Cascais,Lisboa,,info@revistajaf.pt,https://www.revistajaf.pt
128138,09-05-2025,Informação Hospital da Luz - Edição Especial,Papel/Online,Nacional,Informação Especializada,Semestral,Registo Definitivo,"Rua Carlos Alberto da Mota Pinto, 17 - 9.º (Edifício Amoreiras Square)",1070-313,Lisboa,Lisboa,Lisboa,"Luz Saúde, SA",João Paulo Gama,,,"Luz Saúde, SA",Lisboa,Lisboa,,geral@luzsaude.pt,https://www.hospitaldaluz.pt
128139,12-05-2025,Lance D'elas,Online,Nacional,Informação Especializada,Diária,Registo Definitivo,"Loteamento da Cocheira, 50 -1 Esq.",5370-182,Mirandela,Mirandela,Bragança,Lidiane Moraes Da Cunha,Catarina Silva Pinto,,,Lidiane Moraes Da Cunha,Mirandela,Bragança,,lidianemoraes_hp@hotmail.com,https://lancedelas.pt/
128140,12-05-2025,Education in Portugal Magazine,Papel/Online,Nacional,Informação Especializada,Anual,Registo Definitivo,"Urbanização Lagoa Sol, R. do Município de São Domingos, Lote 3 RC",8400-357,Lagoa,Lagoa (Algarve),Faro,"Anglopress - Edições e Publicidade, Lda.",Bruno G. Santos,,,"Anglopress - Edições e Publicidade, Lda.",Lagoa (Algarve),Faro,,sam@theportugalnews.com,http://educationinportugal.com
128141,14-05-2025,OffRoad Moto,Online,Nacional,Informação Especializada,Diária,Registo Definitivo,"Edif. StartUp, Sintra, R. Retiro dos Pacatos, 50 - sala 10",2635-224,Covas,Sintra,Lisboa,"Editorial Grupo V - Portugal, Lda",Domingos Duarte dos Santos Janeiro,,,"Editorial Grupo V - Portugal, Lda",Sintra,Lisboa,,a.lobo@grupov.com,https://offroadmoto.motosport.com.pt
128142,15-05-2025,ECOAvenida,Online,Nacional,Informação Especializada,Semanal,Registo Definitivo,"Rua Joshua Benoliel, nº 6 - 3º B e C",1250-133,Lisboa,Lisboa,Lisboa,"Swipe News, S.A.",António Augusto Ramos Oliveira Costa,,,"Swipe News, S.A.",Lisboa,Lisboa,,administrativo@eco.pt,https://eco.sapo.pt/eco-avenida/
128143,22-05-2025,Pensar,Online,Nacional,Informação Especializada,Semanal,Registo Definitivo,"Bloco 1, Caixa 12",7330-151,Vale de Rodão,Marvão,Portalegre,Jorge Van Krieken Mota,Jorge Van Krieken Mota,,,Jorge Van Krieken Mota,Marvão,Portalegre,,vankrieken@gmail.com,http://www.pensar.pt
128144,26-05-2025,Rimas e Batidas,Online,Nacional,Informação Especializada,Diária,Registo Definitivo,"Rua da Estrada, 129",6355-020,Amoreira,Almeida,Guarda,Rui Miguel Santos Ribeiro Neves de Abreu,Rui Miguel Santos Ribeiro Neves de Abreu,,,"Rui Miguel Abreu - Produções Musicais, Unipessoal Lda",Almeida,Guarda,,fatimamineiro@gmail.com,https://www.rimasebatidas.pt
128145,05-06-2025,Região de Terras de Santa Maria,Online,Regional,Informação Geral,Diária (dias úteis),Registo Definitivo,"Rua Stª Isabel, 14 - Sala DD",3700-555,Arrifana,Santa Maria da Feira,Aveiro,EDV Comunicação Lda,Emanuel Costa Rodrigues,,,EDV Comunicação Lda,Santa Maria da Feira,Aveiro,,gerencia@edvcomunicacao.pt,https://regiaodeterrasdesantamaria
128147,16-06-2025,Hcdesporto.pt,Online,Nacional,Informação Especializada,Diária,Registo Definitivo,"Rua dos Canastreiros, 29",4400-404,Vila Nova de Gaia,Vila Nova de Gaia,Porto,"História Carmim, Unipessoal Lda",Pedro Jorge Richheimer Marta de Sequeira,,,"História Carmim, Unipessoal Lda",Vila Nova de Gaia,Porto,,geral.hc.com.pt@gmail.com,https://hcdesporto.pt/
128149,18-06-2025,Building Creative Machines,Online,Nacional,Informação Especializada,Semanal,Registo Definitivo,"Jardins do Dragoeiro | Rua Maria Brown, 4 -  1°A",1500-433,Lisboa,Lisboa,Lisboa,Gonçalo Nuno Fernandes Perdigão,Gonçalo Nuno Fernandes Perdigão,,,Gonçalo Nuno Fernandes Perdigão,Lisboa,Lisboa,,goncalo.f.perdigao@gmail.com,http://www.buildingcreativemachines.com
128150,20-06-2025,Quick Track Agency,Online,Nacional,Informação Especializada,Semanal,Registo Definitivo,"R. Gil Vicente, 15, 2 E",1300-297,Lisboa,Lisboa,Lisboa,Igor Rybalcheko,Nadezhda Manannikova,,,Nadezhda Manannikova,Lisboa,Lisboa,,nadya@quick-track.agency,https://quick-track.agency
128152,23-06-2025,Coffeepaste,Online,Nacional,Informação Especializada,Semanal,Registo Definitivo,"R. Gomes Freire, 161",1150-085,Lisboa,Lisboa,Lisboa,Linguagem Próxima - Associação Cultural,Pedro José Basto Mendes,,,Linguagem Próxima - Associação Cultural,Lisboa,Lisboa,,info@coffeepaste.com,http://www.coffeepaste.com
128153,01-07-2025,O Simonense,Papel,Regional,Doutrinária,Mensal,Registo Definitivo,Residência Paroquial de São Simão de Litém,3100-724,São Simão de Litém,Pombal,Leiria,João Carlos Roma Leite Rodrigues,João Carlos Roma Leite Rodrigues,,,Fábrica da Igreja Paroquial de São Simão de Litém,Pombal,Leiria,,simonense@gmail.com,
128154,02-07-2025,Hctreinodesportivo.pt,Papel/Online,Nacional,Informação Especializada,Trimestral,Registo Definitivo,"Rua dos Canastreiros, 29",4400-404,Vila Nova de Gaia,Vila Nova de Gaia,Porto,"História Carmim, Unipessoal Lda",Pedro Jorge Richheimer Marta de Sequeira,,,"História Carmim, Unipessoal Lda",Vila Nova de Gaia,Porto,,geral.hc.com.pt@gmail.com,https://hcdesporto.pt/treino-desportivo/
128157,16-07-2025,Hcesports.pt,Online,Nacional,Informação Especializada,Diária,Registo Definitivo,"Rua dos Canastreiros, 29",4400-404,Vila Nova de Gaia,Vila Nova de Gaia,Porto,"História Carmim, Unipessoal Lda",Pedro Jorge Richheimer Marta de Sequeira,,,"História Carmim, Unipessoal Lda",Vila Nova de Gaia,Porto,,geral.hc.com.pt@gmail.com,https://www.hcesports.pt
128158,18-07-2025,A Voz de Azeméis,Online,Regional,Informação Geral,Mensal,Registo Definitivo,"Lg. Luís de Camões - Edº Rainha, 4º",3720-232,Oliveira de Azeméis,Oliveira de Azeméis,Aveiro,"Justpoetic, Lda.",Maria dos Anjos de Oliveira Costa,,,"Justpoetic, Lda",Portalegre,Portalegre,,justpoetic2024@gmail.com,https://avozdeazemeis.net/
128159,23-07-2025,Jornal PTGreen ,Online,Nacional,Informação Especializada,Diária (dias úteis),Registo Definitivo,"R. Fialho de Almeida, 9 - 3.º Esq.",1070-128,Lisboa,Lisboa,Lisboa,Cristina Bárbara Viegas Louro Dias Neves da Mota Pinto,Sónia Santos Dias ,,,Cristina Bárbara Viegas Louro Dias Neves da Mota Pinto,Lisboa,Lisboa,,cristinad.neves@targetmedia.pt,http://www.jornalptgreen.pt
128160,24-07-2025,Revista Publiracing,Online,Nacional,Informação Especializada,Diária,Registo Definitivo,"Prç. João Paulo II, 3º Lote, 2º Dto.",7300-111,Portalegre,Portalegre,Portalegre,Artur Jorge Lista Semedo,Artur Jorge Lista Semedo,,,Artur Jorge Lista Semedo,Portalegre,Portalegre,,artur.semedo@publiracing.pt,http://www.publiracing.pt
128161,28-07-2025,Ball Raw Images PT,Online,Nacional,Informação Especializada,Semanal,Registo Definitivo,R. Prof. Doutor Manuel Viegas Guerreiro 6/3B,1600-809,Lisboa,Lisboa,Lisboa,Maciej Rogowski,Maciej Rogowski,,,Maciej Rogowski,Lisboa,Lisboa,,rogowskiphoto@gmail.com,https://ballrawimages.net
128162,30-07-2025,Viana ao Minuto,Online,Regional,Informação Geral,Diária,Registo Definitivo,"R. General Luís do Rego, 158",4900-344,Viana do Castelo,Viana do Castelo,Viana do Castelo,Duarte da Costa Lago,Duarte da Costa Lago,,,Duarte da Costa Lago,Viana do Castelo,Viana do Castelo,,duartecostalago@hotmail.com,https://vianaaominuto.pt/
128163,01-08-2025,Creative News,Online,Nacional,Informação Especializada,Diária,Registo Definitivo,"Rua D. Dinis, lote 427",2865-636,Fernão Ferro,Seixal,Setúbal,Nuno Miguel Simões Ferreira da Silva,Nuno Miguel Simões Ferreira da Silva,,,Nuno Miguel Simões Ferreira da Silva,Seixal,Setúbal,,revgrafica@gmail.com,https://creativenews.pt/
128164,01-08-2025,São Miguel News,Online,Regional,Informação Geral,Mensal,Registo Definitivo,"Av. D. João III, 33, Sala 1",9500-789,Ponta Delgada,Ponta Delgada,Ilha de São Miguel,"Burgopirâmide  -Unipessoal, Lda.",António Leite,,,"Burgopirâmide - Unipessoal, Lda.",Ponta Delgada,Ilha de São Miguel,Região Autónoma dos Açores,gerenciaajl@yahoo.com,https://saomiguelnews.net/
128165,01-08-2025,Jornal Vilas do Tua,Papel/Online,Regional,Informação Geral,Mensal,Registo Definitivo,"R. das Maceirinhas, 16",5090-123,Murça,Murça,Vila Real,Pedro José Guerra Alonso,Anabela Maria Esteves Guerra,,,Pedro José Guerra Alonso,Mirandela,Bragança,,miguelguerraalonso06@gmail.com,https://jornalvilasdotua.wordpress.com
128166,08-08-2025,Xá das 5,Online,Nacional,Informação Especializada,Diária,Registo Definitivo,"Av. Dom Rodrigo da Cunha, 18 R/C B Dto Norte",1700-141,Lisboa,Lisboa,Lisboa,António João Madeira Esperança Gata,António João Madeira Esperança Gata,,,António João Madeira Esperança Gata,Lisboa,Lisboa,,webcat2@gmail.com,https://xadas5.pt
128167,08-08-2025,351 Sports,Online,Nacional,Informação Especializada,Semanal,Registo Definitivo,"Bairro Caixa de  Previdência, BLOCO J - 2C",3030-044,Coimbra,Coimbra,Coimbra,Alberto Henrique Da Silva Seabra,Alberto Henrique Da Silva Seabra,,,Alberto Henrique Da Silva Seabra,Coimbra,Coimbra,,alberto.seabra@gmail.com,https://351sports.pt
128168,22-08-2025,TEK Notícias,Online,Nacional,Informação Especializada,Diária,Registo Definitivo,"Av. Afonso Costa, 4",1900-221,Lisboa,Lisboa,Lisboa,Casa dos Bits - Edições Lda.,Maria de Fátima Silva das Neves Caçador,,,Casa dos Bits - Edições Lda.,Sintra,Lisboa,,geral@teknoticias.pt,https://teknoticias.pt
128169,22-08-2025,Vila TV - A realidade começa aqui,Online,Regional,Informação Geral,Diária,Registo Definitivo,"Rua do Costa, nº5",5000-105,Vila Nova de Cima,Vila Real,Vila Real,Carlos Manuel Lopes Marques,Carlos Manuel Lopes Marques,,,"Imodilomi, Lda.",Vila Real,Vila Real,,carlos@vilatv.pt,https://vilatv.pt
128173,09-09-2025,Rumores,Online,Nacional,Informação Especializada,Diária,Registo Definitivo,"Rua José Cardoso Pires, Nº 2 2º D",2660-286,Santo António dos Cavaleiros,Loures,Lisboa,Sinopse Confiante Lda,Philippe A. Xavier Paulo,,,Sinopse Confiante Lda,Loures,Lisboa,,philippe@up2digital.com,https://rumores.pt
128174,09-09-2025,Leak,Online,Nacional,Informação Especializada,Diária,Registo Definitivo,"Av. Engenheiro Arantes e Oliveira, 3",1900-221,Lisboa,Lisboa,Lisboa,Nuno Miguel Pires Ferreira Duarte de Oliveira,Bruno Miguel Fernandes Peixoto Fonseca,,,Bruno Miguel Fernandes Peixoto Fonseca,Oeiras,Lisboa,,bruno.fonseca@leak.pt,http://www.leak.pt
128175,15-09-2025,RSM Press Images,Online,Nacional,Informação Especializada,Semanal,Registo Definitivo,Rua do Rato - OAZ,3720-051,Alumieira,Oliveira de Azeméis,Aveiro,Leonardo Marcelino Barros da Silva,Leonardo Marcelino Barros da Silva,,,Leonardo Marcelino Barros da Silva,Oliveira de Azeméis,Aveiro,,geral@rsmpress.pt,https://rsmpressimages.net/
128176,15-09-2025,Primitiva,Papel/Online,Nacional,Informação Especializada,Bianual,Registo Definitivo,"Prç. Deu-la-Deu, 248",4950-452,Monção,Monção,Viana do Castelo,Luisa Pinto,Luís Octávio Costa,,,Luís Octávio Costa,Esposende,Braga,,p3kitato@gmail.com,https://primitivamag.com
128177,24-09-2025,24 Notícias,Online,Nacional,Informação Geral,Diária,Registo Definitivo,"R. António Pedro, 46, 3º Esq.",1000-039,Lisboa,Lisboa,Lisboa,"MadreMedia, Lda.",Rute Sousa Vasco,,,"MadreMedia, Lda.",Lisboa,Lisboa,,rute.vasco@madremedia.pt,https://24noticias.sapo.pt/
128180,01-10-2025,Trend Imobiliário,Papel/Online,Nacional,Informação Especializada,Quadrimestral,Registo Definitivo,"R. Luísa Neto Jorge, 211, lj. 15",4450-570,Matosinhos,Matosinhos,Porto,"Stalker Real Estate, Lda.",Susana Maria Pinto de Azevedo Quintas da Silva,,,"Stalker Real Estate, Lda.",Matosinhos,Porto,,re@stalker.pt,https://www.trendimobiliario.pt
128181,08-10-2025,Magriça,Papel/Online,Nacional,Informação Especializada,Bimestral,Registo Definitivo,"R. Professor Egas Moniz, 12, R/C Esq.",4520-244,Santa Maria da Feira,Santa Maria da Feira,Aveiro,"Smooth Click, Lda.",Vítor Hugo Rodrigues do Carmo,,,"Smooth Click, Lda.",Santa Maria da Feira,Aveiro,,magrica@magrica.pt,https://www.magrica.pt
128183,22-10-2025,eRadar,Online,Nacional,Informação Especializada,Semanal,Registo Definitivo,"Rua Joshua Benoliel, nº 6 - 3º B e C",1250-133,Lisboa,Lisboa,Lisboa,"Swipe News, S.A.",António Augusto Ramos Oliveira Costa,,,"Swipe News, S.A.",Lisboa,Lisboa,,administrativo@eco.pt,https://www.eradar.pt
128184,24-10-2025,Local Notícias,Papel/Online,Regional,Informação Geral,Mensal,Registo Definitivo,"Av. Capitães de Abril, 38 E Loja",2725-039,Algueirão,Sintra,Lisboa,"Folhimpressionante, Lda",Nuno Carvalho Rilhas,,,"Folhimpressionante, Lda",Sintra,Lisboa,,olocalnoticias@gmail.com,https://www.localnoticias.pt
128185,27-10-2025,Sen7ir - O Triunfo da Natureza,Online,Regional,Informação Geral,Semanal,Registo Definitivo,"R. Cidade de Poligny, 12 - r/c",4540-202,Alto da Estrada,Arouca,Aveiro,Fernando Manuel de Oliveira Vieira,Fernando Manuel de Oliveira Vieira,,,"Sen7ir, Lda",Arouca,Aveiro,,geral@sen7ir.pt,https://www.sen7ir.pt
128186,28-10-2025,Noise Culture Music Magazine,Online,Nacional,Informação Especializada,Mensal,Registo Definitivo,"R. Armando Sampaio Sena, 5, 2º Esq.",2520-200,Peniche,Peniche,Leiria,João Manuel Ribeiro Rosado,João Carlos da Silva Rico,,,João Carlos da Silva Rico,Peniche,Leiria,,joaoricophoto@gmail.com,http://www.noiseculture.pt
128187,04-11-2025,Top!Novelas,Papel,Nacional,Informação Especializada,Semanal,Registo Definitivo,"R. do Moinho Vermelho, 638 Edif. Cascais Office 2º C",2645-449,Alcabideche,Cascais,Lisboa,"Presspeople - Edição de Publicações, Unipessoal Lda.",Rita Montenegro Carvalho Serra Lopes Antunes de Azevedo,,,"Presspeople - Edição de Publicações, Unipessoal Lda",Cascais,Lisboa,,geral@presspeople.pt,
128190,11-11-2025,Morse Images,Online,Nacional,Informação Especializada,Mensal,Registo Definitivo,Rua Doutor Guerreiro Ascensão N2 3E,8005-175,Montenegro,Faro,Faro,Nuno Miguel Pires Veloso,Nuno Miguel Pires Veloso,,,Nuno Miguel Pires Veloso,Faro,Faro,,npv@morsegroup.ch,https://images.morseplus.eu
128191,11-11-2025,A Magazine - Invest. Live. Belong.,Papel/Online,Regional,Informação Especializada,Semestral,Registo Definitivo,"Adega do Cantor, Quinta do Miradouro, Alamos, Apartado 5008",8200-443,Guia,Albufeira,Faro,"Paraísos Heróicos, Lda",Joaquim Afonso Gonçalves Pires,,,"Paraísos Heróicos, Lda",Albufeira,Faro,,geral@amagazine.pt,http://amagazine.pt
128193,20-11-2025,Temple Revista Taurina,Papel,Nacional,Informação Especializada,Trimestral,Registo Definitivo,"Rua 5 de Outubro de 1910, 66",2600-425,Alhandra,Vila Franca de Xira,Lisboa,Miguel Calçada de Sousa,Miguel Calçada de Sousa,,,Miguel Calçada de Sousa,Vila Franca de Xira,Lisboa,,temple.revistataurina@gmail.com,
128194,21-11-2025,Revista Network Empresários e Negócios,Online,Regional,Informação Especializada,Trimestral,Registo Definitivo,"Rua São Salvador da Baia, Edifício AERLIS",2780-017,Oeiras,Oeiras,Lisboa,"I-GRIN- Desgin Marketing e New Media, Unipessoal, Lda.",Joaquim Filipe Ramalho de Sousa Esménio,,,AERLIS - Associação Empresarial da Região de Lisboa,Oeiras,Lisboa,,aerlisoeiras@aerlis.pt,https://www.aerlis.pt
128195,24-11-2025,O Jornal da Lixa,Papel/Online,Regional,Informação Geral,Mensal,Registo Definitivo,"R. da Boavista, 93, Escolas da Boavista",4615-593,Lixa,Felgueiras,Porto,Cooplixa - Cooperativa do Bordado da Lixa de Responsabilidade Limitada,Pedro Manuel da Cunha Alves,,,Cooplixa - Cooperativa do Bordado da Lixa de Responsabilidade Limitada,Felgueiras,Porto,,geral@ojornaldalixa.pt,https://www.ojornaldalixa.pt
128196,26-11-2025,A Forte Arronches,Papel/Online,Regional,Informação Especializada,Bimestral,Registo Definitivo,Bairro João Chagas - Rua 2 n.º 22,7340-028,Arronches,Arronches,Portalegre,César Manuel Semedo Galão,César Manuel Semedo Galão,,,Mariana Borges Dias Moreira Galão,Arronches,Portalegre,,afortearronches@gmail.com,https://www.afortearronches.pt
128197,27-11-2025,Bombeiros.pt - O Portal dos Bombeiros Portugueses,Online,Nacional,Informação Especializada,Semanal,Registo Definitivo,"Rua 5 de outubro, 58 R/C - Posterior",6290-525,Gouveia,Gouveia,Guarda,Paulo Reis,Sérgio Miguel Almeida Dias Cipriano,,,Sérgio Miguel Almeida Dias Cipriano,Gouveia,Guarda,,scipriano@bombeiros.pt,http://www.bombeiros.pt
128198,09-12-2025,O ALentejo,Online,Regional,Informação Geral,Diária,Registo Definitivo,"Rua das Casas Novas, nº 26",7490-431,Pavia,Mora,Évora,Pedro Miguel Borreicho Andrade,Pedro Miguel Borreicho Andrade,,,Pedro Miguel Borreicho Andrade,Seixal,Setúbal,,pedro.m.b.andrade@gmail.com,https://oalentejo.pt/
128199,16-12-2025,Maçonaria XXI,Papel,Nacional,Informação Especializada,Bianual,Registo Definitivo,"Estrada de Telheiras - Quinta de Sant'Ana, 102",1600-771,Lisboa,Lisboa,Lisboa,Tiago Ghira Campos,Paulo José Fonseca Rola,,,GLLP/GLRP - Grande Loja Legal de Portugal/Grande Loja Regular de Portugal - Associação,Lisboa,Lisboa,,gab.comunicacao@gllp.pt,
128200,23-12-2025,Fundação AIS - ACN Portugal,Papel/Online,Nacional,Doutrinária,8 x ano,Registo Definitivo,"R. Professor Orlando Ribeiro, 5D",1600-796,Lisboa,Lisboa,Lisboa,Fundação Ajuda à Igreja que Sofre,Ana Catarina do Rosário Martins de Bettencourt,,,Fundação Ajuda à Igreja que Sofre,Lisboa,Lisboa,,apoio@fundacao-ais.pt,https://www.fundacao-ais.pt
128203,12-01-2026,Econtas,Online,Nacional,Informação Especializada,Semanal,Registo Definitivo,"Rua Joshua Benoliel, 6, 3.º B/C",1250-133,Lisboa,Lisboa,Lisboa,"Swipe News, SA",António Costa,,,"Swipe News, S.A.",Lisboa,Lisboa,,administrativo@eco.pt,https://eco.sapo.pt/econtas/
128204,12-01-2026,Crescente Fértil – Uma Escalada Literária,Online,Nacional,Informação Especializada,Semestral,Registo Definitivo,"Rua Fundo do Lugar, n.º 13",5070-201,Carlão,Alijó,Vila Real,Agostinha Pópulo,Agostinha Pópulo,Natércia Dias,,Agostinha Maria Teixeira Pópulo,Alijó,Vila Real,,revista.crescente.fertil@gmail.com,https://linktr.ee/revista.crescente.fertil
128205,16-01-2026,Valpaços Online,Papel/Online,Regional,Informação Geral,Quinzenal,Registo Definitivo,"Rua Horta da Fonte, 13",5430-452,Valpaços,Valpaços,Vila Real,Ana Alexandra Lopes Gomes,António Rodrigues,,,António Manuel Gonçalves Rodrigues,Valpaços,Vila Real,,valpacosonline@gmail.com,https://valpacosonline.pt/
128206,21-01-2026,ContraProva,Online,Nacional,Informação Geral,Diária,Registo Definitivo,"R. Padre Luís Aparício, 11, 4º D",1150-248,Lisboa,Lisboa,Lisboa,Página Temerária - Lda.,Frederico Duarte Cavacas Teixeira de Carvalho,,,Página Temerária - Lda.,Lisboa,Lisboa,,geral@contraprova.pt,https://contraprova.pt
128207,21-01-2026,Aveiro Mag - Especial Aniversário,Papel,Nacional,Informação Especializada,Anual,Registo Definitivo,"Av. Lourenço Peixinho, 49, 1º Dto, Fração J",3800-164,Aveiro,Aveiro,Aveiro,Leme Comunicação Unipessoal Lda,Maria José Teixeira Santana,,,"Leme Comunicação, Unipessoal Lda.",Aveiro,Aveiro,,mariajose.santana@gmail.com,http://www.aveiromag.pt
128208,26-01-2026,Juristech,Online,Nacional,Informação Especializada,Semanal,Registo Definitivo,"R. 12 de Julho de 1997, 1, 9.º Fte.",2745-841,Queluz,Sintra,Lisboa,Luís Nuno Seixal Perdigão,Luís Nuno Seixal Perdigão,,,Luís Nuno Seixal Perdigão,Sintra,Lisboa,,luis.nuno.perdigao@gmail.com,https://juristech.pt
128209,02-02-2026,Martial Honor Magazine,Online,Nacional,Informação Especializada,Semestral,Registo Definitivo,"Rua João de Deus, 42, 2º, Dto",8000-368,Faro,Faro,Faro,Ilídio José Vieira Anastácio,Ilídio José Vieira Anastácio,,,Ilídio José Vieira Anastácio,Faro,Faro,,ilidioa@gmail.com,https://
128210,03-02-2026,Road Panda 92,Online,Nacional,Informação Especializada,Semanal,Registo Definitivo,"R. Jorge Bento, 34",4450-732,Matosinhos,Matosinhos,Porto,António Rui de Santa Rita Madeira Teixeira,António Rui de Santa Rita Madeira Teixeira,,,António Rui de Santa Rita Madeira Teixeira,Matosinhos,Porto,,ruisantarita@gmail.com,https://www.roadpanda92.com
128213,05-02-2026,BPD Visual Press,Online,Nacional,Informação Especializada,Semanal,Registo Definitivo,"Rua Principal, 5",4520-618,São João,Santa Maria da Feira,Aveiro,Bernardo Benjamim Costa Silva,Bernardo Benjamim Costa Silva,,,Bernardo Benjamim Costa Silva,Santa Maria da Feira,Aveiro,,bernardobenjamim2004@gmail.com,https://bpdvisualpress.com
128214,19-02-2026,Escolusas,Online,Nacional,Informação Especializada,Semanal,Registo Definitivo,"Rua Afonso de Albuquerque, 15 - 1DT",2950-286,Palmela,Palmela,Setúbal,António Jorge Pereira Faria Lopes,António Jorge Pereira Faria Lopes,,,António Jorge Pereira Faria Lopes,Palmela,Setúbal,,antlopes@gmail.com,http://www.escolusas.com
128216,23-02-2026,Bis3 Press,Online,Nacional,Informação Especializada,Mensal,Registo Definitivo,"Av. Engº Duarte Pacheco, 2500, Loja H",4445-416,Ermesinde,Valongo,Porto,Jorge Fernando Rocha Garrido,Jorge Fernando Rocha Garrido,,,Jorge Fernando Rocha Garrido,Valongo,Porto,,jorgegarrido@bis3press.com,http://www.bis3press.com
128217,23-02-2026,Jornal360.pt,Online,Nacional,Informação Geral,Bissemanal,Registo Definitivo,"Tv. Sílvia Cardoso, nº6, 2º andar - sala 3",4590-624,Paços de Ferreira,Paços de Ferreira,Porto,José Joaquim Carvalho dos Santos,José Joaquim Carvalho dos Santos,,,"AD Logic.pt, Services, Lda.",Paços de Ferreira,Porto,,info@jornal360.pt,https://www.jornal360.pt
128218,05-03-2026,Boletim do SIM,Papel/Online,Nacional,Informação Especializada,Trimestral,Registo Definitivo,"Av. 5 de outubro, 151 - 9º andar",1050-053,Lisboa,Lisboa,Lisboa,SIM - Sindicato Independente dos Médicos,Mário Orlando Sousa Sardinha,,,SIM - Sindicato Independente dos Médicos,Lisboa,Lisboa,,jornalvirtual@simedicos.pt,https://www.simedicos.pt
128219,11-03-2026,Diário LX,Online,Nacional,Informação Geral,Diária,Registo Definitivo,"Estrada de Benfica, 529",1549-020,Lisboa,Lisboa,Lisboa,Paulo Manuel Pires Machado Moura Antunes,Fátima Lopes Cardoso,,,Instituto Politécnico de Lisboa,Lisboa,Lisboa,,diariolx@escs.ipl.pt,https://diariolx.escs.ipl.pt
128220,12-03-2026,Esquire,Papel/Online,Nacional,Informação Especializada,Bimestral,Registo Definitivo,"R. Rodrigues Sampaio, 18 - 2º andar",1150-280,Lisboa,Lisboa,Lisboa,"Light House - Editora, Lda.",José Manuel Gomes Santana,,,"Light House - Editora, Lda.",Lisboa,Lisboa,,paula.bento@light-house.pt,https://www.esquire.pt
128221,12-03-2026,Saúde TV - A Informação que salva vidas,Online,Nacional,Informação Especializada,Diária,Registo Definitivo,"R. do Paraíso, 2",3770-355,Palhaça,Oliveira do Bairro,Aveiro,José Manuel Valente Vieira,José Manuel Valente Vieira,,,José Manuel Valente Vieira,Oliveira do Bairro,Aveiro,,redacao@saudetv.pt,https://www.saudetv.pt
128222,12-03-2026,Hipersuper Export,Papel,Nacional,Informação Especializada,4 x ano,Registo Definitivo,"Av. Alvares Cabral, 61, 6º",1250-017,Lisboa,Lisboa,Lisboa,"Workmedia - Comunicação, S.A.",Ana Rita Almeida,,,"Work Media - Comunicação, SA",Lisboa,Lisboa,,hcfino@workmedia.pt,
128223,20-03-2026,Focus Media  Sports,Online,Nacional,Informação Especializada,Mensal,Registo Definitivo,"Rua dos Abraços, 32, 1.º Esquerdo",4000-011,Porto,Porto,Porto,Patricia Cristina Alves Barbosa,Ana Catarina Martins Magalhães,,,Ana Catarina Martins Magalhães,Porto,Porto,,magalhaescatarina02@gmail.com,https://impactomedia2526.wixsite.com/focusmediasports
128224,24-03-2026,Fanico Magazine,Online,Nacional,Informação Especializada,Quadrimestral,Registo Definitivo,"Praceta Da Colina Verde, Lote 54, 4° Dt",3510-141,Viseu,Viseu,Viseu,Vanessa Pessoa Soares,Vanessa Pessoa Soares,,,"Vanessa Pessoa Soares, Francisca Patrícia Osório Rodrigues, Mariana Oliveira Ribeiro",Viseu,Viseu,,fanicomagazine@gmail.com,https://heyzine.com/flip-book/683bb6d84b.html
128225,26-03-2026,World News Portugal,Online,,,Diária,Registo Provisório,"Av. da Republica, 50 A, 3º",1050-196,Lisboa,Lisboa,Lisboa,Nuno Frederico Simões Barata,Nuno Frederico Simões Barata,,,Nuno Frederico Simões Barata,Loures,Lisboa,,redacao@worldnewsportugal.com,https://www.worldnewsportugal.com
128226,07-04-2026,Terras de Viriato,Online,Regional,Informação Geral,Mensal,Registo Definitivo,"Avª Alberto Sampaio, 56/58 - Edfº Belo Horizonte R/c - Loja 18",3510-027,Viseu,Viseu,Viseu,"Embraceprofit, Lda",Anjos Costa,,,"Embraceprofit, Lda",Viseu,Viseu,,gestao@embraceprofit.com,https://www.terrasdeviriato.pt
128227,10-04-2026,Falstaff,Papel/Online,Nacional,Informação Especializada,Trimestral,Registo Definitivo,"Lg. Vitorino Damásio, 8A",1200-872,Lisboa,Lisboa,Lisboa,"AH Synergies Ventures Portugal, Lda.",Paula Isabel dos Santos Cordeiro Mendes,,,"AH Synergies Ventures Portugal, Lda.",Porto,Porto,,alexa.desch@falstaff.com,https://falstaff.com/pt
128228,13-04-2026,Os Monhacas,Online,Nacional,Informação Especializada,Diária,Registo Definitivo,"R. Dr. Fernando Sequeira Aguiar, 11, 5º Dto.",2040-130,Rio Maior,Rio Maior,Santarém,Dino César Martins Frazão,Dino César Martins Frazão ,,,Dino César Martins Frazão,Rio Maior,Santarém,,osmonhacas@gmail.com,http://osmonhacas.com
128229,14-04-2026,Brotéria,Papel/Online,Nacional,Informação Especializada,10 x ano,Registo Definitivo,"R. de S. Pedro de Alcântara, 3",1250-237,Lisboa,Lisboa,Lisboa,José Manuel Frazão de Jesus Correia,José Manuel Frazão de Jesus Correia,Paulo Cunha Matos,,Brotéria - Associação Cultural e Científica,Lisboa,Lisboa,,revista@broteria.org,https://www.broteria.org
128230,20-04-2026,Região de Águeda,Online,Regional,Informação Geral,Mensal,Registo Definitivo,"Avª Alberto Sampaio, 56/58 - Edfº Belo Horizonte R/c - Loja 18",3510-027,Viseu,Viseu,Viseu,"Embraceprofit, Lda",Eduardo Costa,,,"Embraceprofit, Lda",Viseu,Viseu,,gestao@embraceprofit.com,https://regiaodeagueda.net/
128232,24-04-2026,O Influente,Online,,,Diária,Registo Provisório,Centro Empresarial de Braga  - Lote E1,4705-319,Braga,Braga,Braga,Ricardo Daniel Martins Costa,Rui Nuno Feio Soares de Azevedo,,,Ricardo Daniel Martins Costa,Braga,Braga,,ricardo@ibd.pt,http://www.oinfluente.pt
128233,04-05-2026,41N,Online,Regional,Informação Geral,Semanal,Registo Definitivo,"Rua André de Castro, 249 - 3º Dto",4400-021,Vila Nova de Gaia,Vila Nova de Gaia,Porto,Sérgio Rui Alves Caetano,Sérgio Rui Alves Caetano,,,Sérgio Rui Alves Caetano,Vila Nova de Gaia,Porto,,geral41n@gmail.com,http://41N.pt
128234,04-05-2026,New In Guarda,Online,Regional,Informação Especializada,Diária,Registo Definitivo,"R. António Albino Machado, 13-B",1600-831,Lisboa,Lisboa,Lisboa,Jaime Henrique Martins Alberto,Jaime Henrique Martins Alberto,,,"Madmen, Lda.",Lisboa,Lisboa,,sandra.piedade@grupowat.com,https://newinguarda.nit.pt/
128235,04-05-2026,New In Évora,Online,Regional,Informação Especializada,Diária,Registo Definitivo,"Rua António Albino Machado, nº 13-B",1600-831,Lisboa,Lisboa,Lisboa,Jaime Henrique Martins Alberto,Jaime Henrique Martins Alberto,,,"Madmen, Lda.",Lisboa,Lisboa,,sandra.piedade@grupowat.com,https://newinevora.nit.pt/
128236,06-05-2026,"Edro - Jornal de Literacia Política, Económica, Social e Cívica",Online,,,Diária (dias úteis),Registo Provisório,"Rua Joaquim Marques Nobre, 29-A",2430-521,Várzea,Marinha Grande,Leiria,Francisca do Caminho,Cátia Sofia Lopes Barreira,,,Francisca Maria do Caminho,Marinha Grande,Leiria,,francisca.caminho@gmail.com,http://www.edro.pt
128237,19-05-2026,LabMED Magazine,Papel/Online,,,Mensal,Registo Provisório,"R. Presa da Cavada, 209",4510-640,Fânzeres,Gondomar,Porto,"Pargef Gestão e Administração de Bens, S.A.",António Augusto Campos Ferreira da Silva,,,"Pargef Gestão e Administração de Bens, S.A.",Gondomar,Porto,,aas@labmedsaude.pt,
128238,19-05-2026,CiberSegurança.PT,Online,Nacional,Informação Especializada,Semanal,Registo Definitivo,"Rua do Candal, 60",4535-303,Paços de Brandão,Santa Maria da Feira,Aveiro,José Jorge Correia dos Santos,José Jorge Correia dos Santos ,,,José Jorge Correia dos Santos,Santa Maria da Feira,Aveiro,,jose.santos@ciberseguranca.pt,http://www.ciberseguranca.pt
128239,27-05-2026,Partícula,Online,,,Quinzenal,Registo Provisório,Largo Ana de Castro Osório 14 - 5DTO,2650-390,Amadora,Amadora,Lisboa,Francisco Ferrão de Almeida Fernandes,Francisco Ferrão de Almeida Fernandes,,,Francisco Ferrão de Almeida Fernandes,Amadora,Lisboa,,francisco.fernandes@madbrain.pt,http://www.aparticula.pt
128240,28-05-2026,Packaging,Papel/Online,,,3 x ano,Registo Provisório,"Terinov - Parque de Ciência e Tecnologia da Ilha Terceira, s/n",9700-702,Terra Chã,Angra do Heroísmo,Ilha Terceira,"Pixelpower, Lda.",Maria Alice de Lemos Machado,,,"Pixelpower, Lda.",Angra do Heroísmo,Ilha Terceira,Região Autónoma dos Açores,geral@pixelpower.pt,https://www.revistapackaging.pt
128241,28-05-2026,DoPapel,Papel/Online,,,3 x ano,Registo Provisório,"Terinov - Parque de Ciência e Tecnologia da Ilha Terceira, s/n",9700-702,Terra Chã,Angra do Heroísmo,Ilha Terceira,"Pixelpower, Lda.",Maria Alice de Lemos Machado,,,"Pixelpower, Lda.",Angra do Heroísmo,Ilha Terceira,Região Autónoma dos Açores,geral@pixelpower.pt,https://www.dopapel.com
128242,02-06-2026,VO Versão Original,Papel/Online,Regional,Informação Especializada,Mensal,Registo Definitivo,"Rua do Tramagal,114",5430-466,Valpaços,Valpaços,Vila Real,António Ferreira José,António Ferreira José,,,António Ferreira José,Valpaços,Vila Real,,nexo.amg@gmail.com,
128243,02-06-2026,Póvoa de Varzim - Informação,Online,,,Semanal,Registo Provisório,"Rua de Roma, 117",4485-511,Mindelo,Vila do Conde,Porto,António Xavier Almeida Flores,António Xavier Almeida Flores,,,António Xavier Almeida Flores,Vila do Conde,Porto,,povoadevarziminformacao@gmail.com,http://www.povoadevarzim.info
128244,02-06-2026,A Revista Literária de Lisboa - The Lisbon Literary Review,Papel/Online,,,Trimestral,Registo Provisório,R. Padre Américo n.º 10,2715-439,Dona Maria,Sintra,Lisboa,Daniela de Jesus Teixeira Pereira,Glenn Daniel Barnes,,,Fundação Futura Emenda,Lisboa,Lisboa,,daniela.pereira@lisbonliteraryreview.com,https://www.lisbonliteraryreview.com
128245,15-06-2026,TVJÁ!,Papel,,,Semanal,Registo Provisório,"R. do Moinho Vermelho, 638 Edif. Cascais Office 2º C",2645-449,Alcabideche,Cascais,Lisboa,"Presspeople - Edição de Publicações, Unipessoal Lda.",Rita Montenegro Carvalho Serra Lopes Antunes de Azevedo,,,"Presspeople - Edição de Publicações, Unipessoal Lda",Cascais,Lisboa,,geral@presspeople.pt,
128246,17-06-2026,Nexum Press,Online,,,Semanal,Registo Provisório,"Avenida João de Deus, 38, 1º Dto., Serra das Minas",2635-422,Rio de Mouro,Sintra,Lisboa,Daniela Alexandra Ferreira Duarte Folgado,Pedro Miguel Barrelas Gomes ,,,Pedro Miguel Barrelas Gomes ,Sintra,Lisboa,,nexumpress@hotmail.com,https://nexumpress.com
128247,19-06-2026,"De Norte a Sul, Notícias da Galiza e Portugal",Online,,,Diária,Registo Provisório,"R. Silvino Andrade da Silva, 39",2130-335,Benavente,Benavente,Santarém,Eira Associação Espaço de Intervenção e Reflexão Atlântico,Luís Miguel Nunes da Silva Loureiro,,,Eira Associação Espaço de Intervenção e Reflexão Atlântico,Benavente,Santarém,,noticiasdenorteasul@gmail.com,https://www.denorteasul.eu
128248,29-06-2026,Roster Sports,Online,Nacional,Informação Especializada,Mensal,Registo Definitivo,"Rua do Valinho, 177",4990-685,Queijada,Ponte de Lima,Viana do Castelo,Tiago Mílton Vilas Boas Antunes,Tiago Mílton Vilas Boas Antunes,,,Tiago Mílton Vilas Boas Antunes,Ponte de Lima,Viana do Castelo,,tiagomilton14@gmail.com,https://rostersports.pt
128249,30-06-2026,DN Brasil,Papel/Online,,,Semanal,Registo Provisório,R. Mouzinho da Silveira 27 2ºA B C D,1250-166,Lisboa,Lisboa,Lisboa,"Global Notícias-Media Group, S.A.",Filipe dos Santos Alves,,Amanda Lima,"Global Notícias - Media Group, S.A.",Lisboa,Lisboa,,ricardo.ferro@globalmediagroup.pt,https://dnbrasil.dn.pt/
128250,06-07-2026,IPPONZITO - Magazine do Judo do Ribatejo,Online,,,Diária,Registo Provisório,Av. Andrade Corvo - Quinta de Santo António,2350-463,Torres Novas,Torres Novas,Santarém,Associação de Judo do Distrito de Santarém,José Gomes de Sá,,,Associação de Judo do Distrito de Santarém,Torres Novas,Santarém,,geral@judosantarem.com,
128251,10-07-2026,Agenda do Consumidor,Papel/Online,,,Anual,Registo Provisório,"Av. Eng. Arantes e Oliveira, 13",1900-221,Lisboa,Lisboa,Lisboa,"Deco Proteste, Editores, Lda.",Cláudia Marisa Ferreira Maia,,,"Deco Proteste, Editores, Lda.",Lisboa,Lisboa,,claudia.maia@deco.proteste.pt,
128254,13-07-2026,Guia de Vinhos,Papel/Online,,,Anual,Registo Provisório,"Av. Eng. Arantes e Oliveira, 13",1900-221,Lisboa,Lisboa,Lisboa,"DECO PROTESTE, Editores, Lda.",Cláudia Marisa Ferreira Maia,,,"Deco Proteste, Editores, Lda.",Lisboa,Lisboa,,claudia.maia@deco.proteste.pt,
128255,15-07-2026,Nova360,Online,,,Diária,Registo Provisório,"Centro de Escritórios, Vale Caranguejo, EN 125",8800-228,Vale do Carangueijo,Tavira,Faro,Henrique Manuel Dias Freire,Henrique Manuel Dias Freire,,,Henrique Manuel Dias Freire,Tavira,Faro,,diasfreire@gmail.com,http://www.nova360.pt
128256,17-07-2026,Opção,Papel/Online,,,Semanal,Registo Provisório,"Calçada Engenheiro Miguel Pais, 4, 4º",1200-173,Lisboa,Lisboa,Lisboa,"Mil - Mais Visão Pela Imprensa Livre, Lda.",Rui Manuel Tavares Guedes,,,"Mil - Mais Visão Pela Imprensa Livre, Lda.",Lisboa,Lisboa,,movimentoimprensalivre@gmail.com,
128257,27-07-2026,Independência de Águeda,Online,,,Mensal,Registo Provisório,Largo Luis de Camões - Edfº Rainha - 4º Piso,3720-232,Oliveira de Azeméis,Oliveira de Azeméis,Aveiro,"Embraceprofit, Lda",Eduardo Costa,,,"Embraceprofit, Lda",Viseu,Viseu,,gestao@embraceprofit.com,
128258,27-07-2026,Media Culta,Online,,,Diária,Registo Provisório,"R, da Quinta do Brejo, 3",3000-082,Coimbra,Coimbra,Coimbra,Jorge Manuel de Abreu Castilho,Jorge Manuel de Abreu Castilho,,,Jorge Manuel de Abreu Castilho,Coimbra,Coimbra,,jorgecastilho@gmail.com,https://mediaculta.pt
128259,31-07-2026,Revista a+,Papel,,,Trimestral,Registo Provisório,"Rua de São Domingos, 2",3530-076,Tibalde,Mangualde,Viseu,Miguel José Santos Gabriel,Miguel José Santos Gabriel,,,Miguel José Santos Gabriel,Mangualde,Viseu,,miguelsantos.gabriel@hotmail.com,
128260,31-07-2026,Correio das Beiras,Papel/Online,,,Trimestral,Registo Provisório,"R. Dá Mesquita, 5",6320-536,Sortelha,Sabugal,Guarda,Francisco Morais Barros,Francisco Morais Barros,,,Francisco Morais Barros,Sabugal,Guarda,,morais.barros@gmail.com,
128261,03-08-2026,Intergráficas,Papel,,,Trimestral,Registo Provisório,"Rua José Isidro dos Santos, 3, 5º Esq.",2625-086,Póvoa de Santa Iria,Vila Franca de Xira,Lisboa,Ana Paula Cordeiro Cecilia,Ana Paula Cordeiro Cecilia,,,Ultraprint Comunicação e Artes Gráficas Lda,Vila Franca de Xira,Lisboa,,anapcecilia@intergraficas.com.pt,
128262,04-08-2026,Diário do País,Online,,,Diária,Registo Provisório,"R. Fialho de Almeida, 14, 2.º Esq., Escritório EJ4",1070-129,Lisboa,Lisboa,Lisboa,Isabel de Almeida,Donatilia Braço Forte,,,"Centralnews - Comunicação & Informação, Unipessoal, Lda.",Lisboa,Lisboa,,isabelalexandraalmeida@diariopais.pt,https://www.diariopais.pt
128263,10-08-2026,O Concelho de Vila Velha de Rodão,Papel,,,Mensal,Registo Provisório,"Av. Almirante Reis, 256 - 1.º Esq.",1000-058,Lisboa,Lisboa,Lisboa,Casa do Concelho de Vila Velha de Rodão,Ricardo André Antunes da Costa Mendes Morgado,,,Casa do Concelho de Vila Velha de Rodão,Lisboa,Lisboa,,casacvvrodao@sapo.pt,
128264,31-08-2026,Bancada do Minho,Online,,,2x mês,Registo Provisório,"Praça do Bombeiro Voluntário, 82, 5 Esq.",4850-526,Vieira do Minho,Vieira do Minho,Braga,Bruno Ribeiro Vieira,Bruno Ribeiro Vieira,,,Bruno Ribeiro Vieira,Vieira do Minho,Braga,,brunoviera5050@gmail.com,https://bancadadominho.pt
128265,31-08-2026,FS Fora de Série,Papel/Online,,,Trimestral,Registo Provisório,"R. Artur Lamas, 26-D, 3ºD",1300-076,Lisboa,Lisboa,Lisboa,"Unicorn Jungle Unipessoal, Lda.",Rita Osório de Castro Ibérico Nogueira Moser Manique,,,"Unicorn Jungle Unipessoal, Lda.",Lisboa,Lisboa,,geral@foradeserie.pt,https://foradeserie.sapo.pt