Listagem de Operadores Radiofónicos e respetivos Serviços de Programas ativos a 01 de setembro de 2026,,,,,,,,,,,,,,,,,,,,,,,,,
NÚMERO DE REGISTO,DATA DE INSCRIÇÃO,DESIGNAÇÃO SOCIAL OPERADOR,MORADA OPERADOR,CÓDIGO POSTAL ,LOCALIDADE ,CONCELHO ,DISTRITO ,REGIÃO AUTÓNOMA PROP (DESIGNAÇÃO SOCIAL) (LIVROS DE REGISTOS),SERVIÇO DE PROGRAMAS DE RÁDIO,MORADA,CÓDIGO POSTAL,LOCALIDADE,CONCELHO,DISTRITO,REGIÃO AUTÓNOMA ESTUDIO,FREQUÊNCIA,CONTEÚDO (TIPO PROGRAMAÇÃO),ÁREA DE COBERTURA,DISTRITO DE LICENCIAMENTO,CONCELHO DE LICENCIAMENTO,RESPONSÁVEL PROGRAMAÇÃO,RESPONSÁVEL INFORMAÇÃO,NOME CANAL PROGRAMAS (PS),ENDEREÇO DE CORREIO ELETRÓNICO,DATA DE VALIDADE
423000,15-11-1999,"Rádio e Televisão de Portugal, SA","Av. Marechal Gomes da Costa, 37",1849-030,Lisboa,Lisboa,Lisboa,,RTP África,"Av. do Marechal Gomes da Costa, 37",1800-255,Lisboa,Lisboa,Lisboa,,,Generalista,Internacional,,,Nuno Jorge Reis Silva,Mário Rui Grilo Galego,AFRICA,graca.martins@rtp.pt,05-03-2031
423000,15-11-1999,"Rádio e Televisão de Portugal, SA","Av. Marechal Gomes da Costa, 37",1849-030,Lisboa,Lisboa,Lisboa,,RTP Antena 1,"Av. do Marechal Gomes da Costa, 37",1800-255,Lisboa,Lisboa,Lisboa,,,Generalista,Nacional,,,Nuno Jorge Reis Silva,Mário Rui Grilo Galego,Antena 1,graca.martins@rtp.pt,05-03-2031
423000,15-11-1999,"Rádio e Televisão de Portugal, SA","Av. Marechal Gomes da Costa, 37",1849-030,Lisboa,Lisboa,Lisboa,,RTP Antena 1 Açores,R. Castelo Branco,9500-761,Ponta Delgada,Ponta Delgada,Ilha de São Miguel,Região Autónoma dos Açores,,Generalista,Regional,,,Rui Fernando Oliveira Goulart,Rui Fernando Oliveira Goulart,,graca.martins@rtp.pt,05-03-2031
423000,15-11-1999,"Rádio e Televisão de Portugal, SA","Av. Marechal Gomes da Costa, 37",1849-030,Lisboa,Lisboa,Lisboa,,RTP Antena 1 Madeira,"Caminho de Santo António, 145",9024-500,Funchal,Funchal,Ilha da Madeira,Região Autónoma da Madeira,,Generalista,Regional,,,Alberto Gil Caires Baptista Rosa,Alberto Gil Caires Baptista Rosa,,graca.martins@rtp.pt,05-03-2031
423000,15-11-1999,"Rádio e Televisão de Portugal, SA","Av. Marechal Gomes da Costa, 37",1849-030,Lisboa,Lisboa,Lisboa,,RTP Antena 2,"Av. do Marechal Gomes da Costa, 37",1800-255,Lisboa,Lisboa,Lisboa,,,Temático - Cultural,Nacional,,,Nuno Jorge Reis Silva,Mário Rui Grilo Galego,Antena 2,graca.martins@rtp.pt,05-03-2031
423000,15-11-1999,"Rádio e Televisão de Portugal, SA","Av. Marechal Gomes da Costa, 37",1849-030,Lisboa,Lisboa,Lisboa,,RTP Antena 3,"Av. do Marechal Gomes da Costa, 37",1800-255,Lisboa,Lisboa,Lisboa,,,Temático - Segmento de Público,Nacional,,,Nuno Jorge Reis Silva,Mário Rui Grilo Galego,Antena 3,graca.martins@rtp.pt,05-03-2031
423000,15-11-1999,"Rádio e Televisão de Portugal, SA","Av. Marechal Gomes da Costa, 37",1849-030,Lisboa,Lisboa,Lisboa,,RTP Antena 3 Madeira,"Caminho de Santo António, 145",9024-500,Funchal,Funchal,Ilha da Madeira,Região Autónoma da Madeira,,Temático - Segmento de Público,Regional,,,Alberto Gil Caires Baptista Rosa,Alberto Gil Caires Baptista Rosa,,graca.martins@rtp.pt,05-03-2031
423000,15-11-1999,"Rádio e Televisão de Portugal, SA","Av. Marechal Gomes da Costa, 37",1849-030,Lisboa,Lisboa,Lisboa,,RTP Mundo,"Av. do Marechal Gomes da Costa, 37",1800-255,Lisboa,Lisboa,Lisboa,,,Generalista,Internacional,,,Nuno Jorge Reis Silva,Mário Rui Grilo Galego,RDP/Inte,graca.martins@rtp.pt,05-03-2031
423002,15-06-2000,"Rádio Clube da Lourinhã, CRL",Escola Básica de Capelas - Rua Principal S/N,2530-071,Capelas,Lourinhã,Lisboa,,Rádio Clube da Lourinhã,"Escola Básica de Capelas, R. Principal, S/N",2530-071,Capelas,Lourinhã,Lisboa,,99.0,Generalista,Local,Lisboa,Lourinhã,Marisa dos Santos de Carvalho Batista,Paulo Alexandre Ribeiro da Silva,RCL99.FM,rcl99fm@gmail.com,05-03-2039
423003,06-07-2000,"Interlocal - Comunicação, Lda","R. da Bela Vista, Lugar de Mataduços",4800-085,Guimarães,Guimarães,Braga,,Rádio Fundação FM,"R. Arqueólogo Mário Cardoso, Edifício Guimarães Palace, 411 - R/C",4800-134,Guimarães,Guimarães,Braga,,95.8,Generalista,Local,Braga,Guimarães,Nuno Costa,Sónia Monteiro,FUNDACAO,nuno.costa@radiofundacao.net,29-03-2039
423004,02-08-2000,"Radiodifusão Publicidade e Espectáculos, Lda.","R. da Alegria, 582, 8.º",4000-037,Porto,Porto,Porto,,Rádio Amália - Matosinhos,"R. da Alegria, 582 - 8,º",4000-037,Porto,Porto,Porto,,91,Temático - Musical,Local,Porto,Matosinhos,Maria Antonieta Lopes da Costa,Maria Antonieta Lopes da Costa,AMALIA,marta.montez@gmail.com,29-03-2039
423005,02-08-2000,"Rádio Onda Viva, SA","Rua Almirante Reis, 1285",4490-463,Póvoa de Varzim,Póvoa de Varzim,Porto,,Rádio Onda Viva,"Pç. dos Combatentes, 15",4490-439,Póvoa de Varzim,Póvoa de Varzim,Porto,,96.1,Generalista,Local,Porto,Póvoa de Varzim,José Júlio Ribas Gonçalves Gomes Alves,Júlio Alexandre Ferreira Ribas Alves,ONDAVIVA,radioondaviva@sapo.pt,08-05-2039
423006,02-08-2000,"RNL - Rádio Nova Loures, Lda.","R. Viriato, 25 - 3.º Esq.",1050-234,Lisboa,Lisboa,Lisboa,,Rádio Amália FM,"R. Viriato, 25 - 3º Esq.",1050-234,Lisboa,Lisboa,Lisboa,,92.0,Temático - Musical,Local,Lisboa,Loures,António Vieira,Antonieta Lopes da Costa,AMALIA,geral@amalia.fm,29-03-2039
423007,12-10-2000,"RPCS - Soure FM, Radiodifusão e Publicidade, Unipessoal, Lda.","Largo Conde Ferreira, s/n",3130-212,Soure,Soure,Coimbra,,Rádio Popular de Soure,Largo Conde Ferreira,3130-212,Soure,Soure,Coimbra,,104.4,Generalista,Local,Coimbra,Soure,Carolina Sofia Simões Rodrigues,Fernando Santos Dias,RPSOURE,geral@radiosoure.pt,29-03-2039
423010,14-11-2000,"Guadisom - Sociedade de Radiodifusão Guadiana, Lda.","Av. da República, 64 - 1º - Apartado 159",8900-233,Vila Real de Santo António,Vila Real de Santo António,Faro,,Rádio Guadiana,"Av. da República, 64",8900-233,Vila Real de Santo António,Vila Real de Santo António,Faro,,90.5,Generalista,Local,Faro,Vila Real de Santo António,José António Fernandes Mendes,Rúben Silva,GUADIANA,radioguadianavrsa@hotmail.com,11-06-2039
423011,23-11-2000,"Editave Multimédia, Lda","R. 8 de Dezembro, 214",4760-016,Vila Nova de Famalicão,Vila Nova de Famalicão,Braga,,Fama Rádio,"R. 8 de Dezembro, 214",4760-016 Vila Nova de Famalicão,Antas,Vila Nova de Famalicão,Braga,,105,Generalista,Local,Braga,Vila Nova de Famalicão,Arcindo Guimarães,José Ricardo dos Santos Barbosa,FAMA,admin@editave.pt,08-05-2039
423012,23-11-2000,"Rádio Lafões - Clube de Animação e Informação de Lafões, CRL","Largo Feira Nova, 15 - 1º Esq.",3660-437,São Pedro do Sul,São Pedro do Sul,Viseu,,Rádio Lafões,"Largo Feira Nova, 15 - 1º Esq.",3660-437,São Pedro do Sul,São Pedro do Sul,Viseu,,93,Generalista,Local,Viseu,São Pedro do Sul,Paulo Manuel Martins,Paulo Manuel Martins,RLAFOES,lafoesradio@gmail.com,29-03-2039
423013,23-11-2000,"Rádio Barca - Cooperativa de Informação de Ponte da Barca, CRL","R. do Emigrante, 14 Loja N, Edif. Afonso III",4980-648,Ponte da Barca,Ponte da Barca,Viana do Castelo,,Rádio Barca,"R. do Emigrante, 14 Loja N, Edif. Afonso III",4980-648,Ponte da Barca,Ponte da Barca,Viana do Castelo,,99.6,Generalista,Local,Viana do Castelo,Ponte da Barca,Paulo Jorge de Sousa Alves,Nuno Miguel Carreiras Franco Cardoso,,geral@barcafm.pt,29-03-2039
423014,23-11-2000,"Publicelos - Publicidade de Barcelos, Lda.","Centro Comercial Bolívar, Ljs. 45 a 49 (Ap. 129)",4750-180,Barcelos,Barcelos,Braga,,Rádio Local de Barcelos,"Centro Comercial Bolívar, Ljs. 45 a 49",4750-180,Barcelos,Barcelos,Braga,,91.9,Generalista,Local,Braga,Barcelos,Ricardo Luís Fernandes Loureiro,Ricardo Luís Fernandes Loureiro,BARCELOS,geral@radiobarcelos.com,08-05-2039
423015,23-11-2000,"Pajovir - Espectáculos, Marketing e Publicidade, Unipessoal, Lda","Rua da Rádio, Sítio do Troto",8135-030,Troto,Loulé,Faro,,Total FM,Sítio do Troto,8135-030,Troto,Loulé,Faro,,103.1,Generalista,Local,Faro,Loulé,Victor Manuel Pereira Gonçalves,Paula Cristina,TOTAL FM,vitorgoncalves@totalfm.pt,08-05-2039
423015,23-11-2000,"Pajovir - Espectáculos, Marketing e Publicidade, Unipessoal, Lda","Rua da Rádio, Sítio do Troto",8135-030,Troto,Loulé,Faro,,Vicentina FM,Sítio do Troto,8135-030,Troto,Loulé,Faro,,94.6,Generalista,Local,Faro,Vila do Bispo,Victor Manuel Pereira Gonçalves,Paula Cristina,VCENTINA,vitorgoncalves@totalfm.pt,29-03-2039
423016,15-12-2000,"Rádio Clube de Lamego, Lda.","Urbanização da Ortigosa, Bl. 6 - R/C",5100-076,Lamego,Lamego,Viseu,,Rádio Clube de Lamego,"Urbanização da Ortigosa, Bl. 6 - R/C - Ap. 110",5100-076,Lamego,Lamego,Viseu,,97,Generalista,Local,Viseu,Lamego,Júlio Cardoso Coelho,Júlio Cardoso Coelho,R C LAME,rclamego@mail.telepac.pt,21-05-2039
423017,05-01-2001,"RCC - Rádio Clube da Covilhã, CRL","Urb. da Alâmpada, Lt. 27 R/c, lojas A-D",6200-250,Covilhã,Covilhã,Castelo Branco,,RCC - Rádio Clube da Covilhã,"Urb. da Alâmpada, Lt. 27 R/c, lojas A-D",6200-250,Covilhã,Covilhã,Castelo Branco,,95.6,Generalista,Local,Castelo Branco,Covilhã,João Manuel Flores Casteleiro Alves,Maria Virgínia Pina Almeida,RCOVILHA,geral@radio-covilha.pt,05-03-2039
423018,17-01-2001,"RCB - Rádio Cova da Beira, CRL",R. Dr. Alfredo Mendes Gil - Casa Gascão,6230-287,Fundão,Fundão,Castelo Branco,,Radio Cova da Beira,Av. Dr. Alfredo Mendes Gil - Casa Gascão,6230-287,Fundão,Fundão,Castelo Branco,,92.5,Generalista,Local,Castelo Branco,Fundão,Luis Miguel Fonseca do Nascimento,Paulo Manuel Rocha Pinheiro,RCB,presidente@rcb-radiocovadabeira.pt,21-05-2039
423019,17-01-2001,"Cooperativa de Informação e Cultura de Macedo Cavaleiros-Rádio Onda Livre Macedense, CRL",R. Antero Quental,5340-232,Macedo de Cavaleiros,Macedo de Cavaleiros,Bragança,,Rádio Onda Livre Macedense,Rua Antero Quental,5340-232,Macedo de Cavaleiros,Macedo de Cavaleiros,Bragança,,87.7,Generalista,Local,Bragança,Macedo de Cavaleiros,Rui Manuel Magalhães Costa,Cátia Barreira,,direcao@ondalivrefm.net,05-03-2039
423021,05-02-2001,"Rádio Clube de Arganil - Cooperativa de Rádio, CRL",Av. das Forças Armadas - Casa Municipal da  Cultura,3300-011,Arganil,Arganil,Coimbra,,Rádio Clube de Arganil,Av. das Forças Armadas - Casa Municipal da Cultura,3300-011,Arganil,Arganil,Coimbra,,88.5,Generalista,Local,Coimbra,Arganil,Jorge Manuel de Matos Silva,Maria de Lurdes Ferreira Gonçalves,ARGANIL,geral@rcarganil.pt,05-03-2039
423022,28-02-2001,NAIAA - Núcleo Amador de Investigação Arqueológica de Afife,"Caminho do Cruzeiro, 87",4900-012,Afife,Viana do Castelo,Viana do Castelo,,Rádio Popular Afifense,"Caminho do Cruzeiro, 87",4900-012,Afife,Viana do Castelo,Viana do Castelo,,87.6,Generalista,Local,Viana do Castelo,Viana do Castelo,Filipe Costa,José Carlos Silva,AFIFENSE,radio.afifense@sapo.pt,08-05-2039
423023,28-02-2001,"Radio Festival do Norte, SA","Rua Eng.º Ferreira Dias, 181, Fração B",4100-247,Porto,Porto,Porto,,CM Rádio 94.8,"Rua Eng.º Ferreira Dias,181, Fração B",4100-247,Porto,Porto,Porto,,94.8,Temático - Informativo,Local,Porto,Porto,Carlos Filipe Espinho Rodrigues,Carlos Filipe Espinho Rodrigues,CM RADIO,plataforma@medialivre.pt,05-03-2039
423024,28-02-2001,"Rádio Portalegre - Cooperativa de Rádio, Recreio e Animação, CRL","Av. Santo António - Edifício Régio Um, Atelier B",7300-074,Portalegre,Portalegre,Portalegre,,Radio Portalegre,Av.de Santo António -  Edificio Régio 1 - Atelier  B,7300-074,Portalegre,Portalegre,Portalegre,,100.5,Generalista,Local,Portalegre,Portalegre,César Hugo Grilo Azeitona,Carla Alexandra Silva Aguiã,PORTLGRE,comercial@radioportalegre.pt,21-05-2039
423025,28-02-2001,"RFA - Rádio Foz do Ave, Lda","Av. Visconde de Barreiros, 89 - 5º.",4470-151,Maia,Maia,Porto,,Observador 98.4,"Av. Visconde de Barreiros, 89 - 5º.",4470-151,Maia,Maia,Porto,,98.4,Temático - Informativo,Local,Porto,Vila do Conde,Angélica Maria Corgo dos Santos da Nova,Angélica Maria Corgo dos Santos da Nova,OBSRVDOR,administrativos@canal5.pt,08-05-2039
423026,05-03-2001,"Ao Tom Dela (Rádio), Lda","Rua João Saraiva, nº7",1700-051,Lisboa,Lisboa,Lisboa,,Rádio Observador Viseu,"Rua João Saraiva, 7",1700-051,Lisboa,Lisboa,Lisboa,,91.2,Temático - Informativo,Local,Viseu,Tondela,Pedro Jorge Castro,Pedro Jorge Castro,OBSRVDOR,rwgruner@observador.pt,21-05-2039
423027,26-03-2001,GEICE - Grupo de Estudos e Investigação de Ciências Experimentais,"R. José Espregueira, 23 - r/c",4900-459,Viana do Castelo,Viana do Castelo,Viana do Castelo,,Rádio Geice,"R. José Espregueira, 23 r/c",4900-459,Viana do Castelo,Viana do Castelo,Viana do Castelo,,90.8,Generalista,Local,Viana do Castelo,Viana do Castelo,Rui Gonçalves,Rui Pinheiro Mesquita,GEICE FM,geral@radiogeice.com,08-05-2039
423028,29-03-2001,"Antena Minho - Emissora Regional de Braga, Lda","Praceta Escola do Magistério, 36",4700-222,Braga,Braga,Braga,,Radio Antena Minho,"Praceta Escola do Magistério, 36",4700-222 Braga,Braga,Braga,Braga,,106.0,Generalista,Local,Braga,Braga,José Manuel de Azevedo e Costa Portugal,Rui Miguel da Graça Silva,ANTMINHO,administracao@correiodominho.pt,08-05-2039
423029,10-05-2001,"Rádio Foia, C.R.L.","R. de Santo António, 2B",8550-444,Monchique,Monchique,Faro,,Mega Hits Algarve,"R. de Santo António, 2B",8550-444,Monchique,Monchique,Faro,,97.1,Temático - Musical,Local,Faro,Monchique,Nelson Cunha,Pedro Leal,MEGA AL,radiofoia@mail.telepac.pt,29-03-2039
423031,17-05-2001,"Ser - Sociedade Elvense de Radiodifusão, Lda.","R. dos Chilões, 1 - R/C",7350-078,Elvas,Elvas,Portalegre,,Rádio Elvas,"R. dos Chilões, 1 - R/C",7350-078,Elvas,Elvas,Portalegre,,91.5,Generalista,Local,Portalegre,Elvas,Sandra Maria Figueiredo de Almeida Matoso,Jorge Bento Sousa,RADELVAS,radioelvas.geral@gmail.com,06-11-2040
423032,22-05-2001,Associação Humanitária de Bombeiros Voluntários de São Vicente e Porto Moniz,Quartel dos Bombeiros Voluntários de São Vicente,9240-225,Vila de São Vicente,São Vicente,Ilha da Madeira,Região Autónoma da Madeira,Rádio Porto Moniz,"Gabinete de Apoio ao Idoso - Estrada das Ginjas, 1",9240-209,Ginjas,São Vicente,Ilha da Madeira,Região Autónoma da Madeira,102.9,Generalista,Local,Ilha da Madeira,Porto Moniz,Maria Mafalda Abreu,Maria Mafalda Abreu,,radiosvicente@gmail.com,06-11-2040
423032,22-05-2001,Associação Humanitária de Bombeiros Voluntários de São Vicente e Porto Moniz,Quartel dos Bombeiros Voluntários de São Vicente,9240-225,Vila de São Vicente,São Vicente,Ilha da Madeira,Região Autónoma da Madeira,Rádio São Vicente,Quartel dos Bombeiros Voluntários de São Vicente,9240-225,Vila de São Vicente,São Vicente,Ilha da Madeira,Região Autónoma da Madeira,89.2,Generalista,Local,Ilha da Madeira,São Vicente,Luís Carlos Nascimento Gonçalves,Maria Mafalda de Abreu ,R.S.V.,radiosvicente@gmail.com,06-11-2040
423033,19-06-2001,Associação Cultural e Recreativa - Rádio Hertz,"R. Centro Republicano, 135",2300-359,Tomar,Tomar,Santarém,,Rádio Hertz,"R. Centro Republicano, 135",2300-359,Tomar,Tomar,Santarém,,98.0,Generalista,Local,Santarém,Tomar,João Fernando Franco de Jesus,António Miguel Ribeiro Feliciano,HERTZ FM,joaofranco@radiohertz.pt,08-05-2039
423034,20-06-2001,"Rádio Soberania Empresa de Radiodifusão, Lda","R. José Sucena, 120 - 3º",3750-157,Águeda,Águeda,Aveiro,,Rádio Soberania,"R. José Sucena, 120 - 3º",3750-157,Águeda,Águeda,Aveiro,,99.3,Generalista,Local,Aveiro,Águeda,Sónia Baptista Martins ,Sónia Baptista Martins,,radiosoberania99.3aveiro@gmail.com,21-05-2039
423035,20-06-2001,"Rádio Regional do Centro, Lda",Quinta Nova,3150-120,Condeixa-A-Nova,Condeixa-a-Nova,Coimbra,,Rádio Regional do Centro,Quinta Nova,3150-120,Condeixa-A-Nova,Condeixa-a-Nova,Coimbra,,96.2,Generalista,Local,Coimbra,Condeixa-a-Nova,Lino Augusto Vinhal,Joana Alvim,R.CENTRO,radioregionaldocentro@gmail.com,22-12-2039
423036,20-06-2001,"Presépio de Portugal - Comunicação Social, Unipessoal, Lda","R. Renato Leitão Lourenço, 11",2580-335,Alenquer,Alenquer,Lisboa,,Rádio Voz de Alenquer,"R.Renato Leitão Lourenço, 11",2580-335,Alenquer,Alenquer,Lisboa,,93.5,Generalista,Local,Lisboa,Alenquer,Filipe Manuel da Silva Loureiro,João Honrado,ALENQUER,radio@vozdealenquer.pt,05-03-2039
423037,05-07-2001,"Pense Positivo - Radiodifusão, Lda","R. Tomás da Fonseca, Torre E, Piso 3.º",1600-209,Lisboa,Lisboa,Lisboa,,Rádio Caldas,"R. Tomás da Fonseca, Torre E, 3.º",1600-209,Lisboa,Lisboa,Lisboa,,103.1,Temático - Informativo,Local,Leiria,Caldas da Rainha,Nuno Filipe Domingues,Nuno Filipe Domingues,RADIO CA,jorge.c.ribeirinho@globalmediagroup.pt,21-05-2039
423042,19-07-2001,"Rádio Cardal, Lda.","Av. Heróis do Ultramar, 27 - 2º",3100-462,Pombal,Pombal,Leiria,,Rádio Cardal,"Av. Heróis do Ultramar, 27 - 2º",3100-462,Pombal,Pombal,Leiria,,87.6,Generalista,Local,Leiria,Pombal,Rui Miguel Benzinho da Silva Santos,Nuno Gonçalo Domingues dos Santos,CARDALFM,rui_benzinho@hotmail.com,08-05-2039
423045,26-07-2001,"Rádio Corval, CRL","R. de S. Pedro, 25",7200-132,São Pedro do Corval,Reguengos de Monsaraz,Évora,,Rádio Alentejo,"R. de S. Pedro, 25",7200-132,São Pedro do Corval,Reguengos de Monsaraz,Évora,,96.2,Generalista,Local,Évora,Mourão,João Pedro Flores Alfaiate,Maurício Velez Rebocho,ALENTEJO,rcalentejo@gmail.com,13-06-2040
423046,26-07-2001,Clube Cultural Rádio Marinhais,"R. João Pinto Figueiredo, 155",2125-181,Marinhais,Salvaterra de Magos,Santarém,,Radio Marinhais,"R. João Pinto Figueiredo, 155",2125-181,Marinhais,Salvaterra de Magos,Santarém,,102.5,Generalista,Local,Santarém,Salvaterra de Magos,Jorge Humberto Brardo Burgal,José Peixe,MARNHAIS,rm102.5@sapo.pt,29-03-2039
423047,26-07-2001,"Rádio Cister - Cooperativa Regional de Serviços Radiofónicos, CRL","Av.  Prof. Joaquim Vieira Natividade, 39",2460-071,Alcobaça,Alcobaça,Leiria,,Cister FM,"Av.  Prof. Joaquim Vieira Natividade, 39",2460-071,Alcobaça,Alcobaça,Leiria,,95.5,Generalista,Local,Leiria,Alcobaça,Emanuel Inácio de Moura,Paulo Jorge Libório Alexandre,CFM,secretariado@cister.fm,08-05-2039
423048,26-07-2001,"S.R.A - Sociedade de Radiodifusão de Albufeira, Lda.",Av. dos Descobrimentos - Edif. Rádio Solar - Fracção FP - 1º Fase - 4º andar,8200-260,Albufeira,Albufeira,Faro,,RDS Algarve,"Avenida 1º de Maio 35, 3º B, Edifício Leonense ",2845-583,Paivas - Amora,Seixal,Setúbal,,94.0,Generalista,Local,Faro,Albufeira,José Manuel Dias da Silva,Sandra Cristina Sequeira Ferro,RDS 94.0,josemanueldiasdasilva@gmail.com,11-06-2039
423049,27-07-2001,"Cooperativa de Radiodifusão do Pico, CRL","Av. Machado Serpa, 57",9950-321,Madalena,Madalena,Ilha do Pico,Região Autónoma dos Açores,Rádio Pico,"Av. Machado Serpa, 57",9950-305,Cais da Madalena,Madalena,Ilha do Pico,Região Autónoma dos Açores,100.2,Generalista,Local,Ilha do Pico,Madalena,Marta Vicente ,Emanuel Filipe Maciel Pereira,,radiopico@sapo.pt,05-03-2039
423050,28-08-2001,"Janela Indiscreta - Sociedade de Comunicação, Lda.",Carreira de S. Francisco,7050-160,Montemor-O-Novo,Montemor-o-Novo,Évora,,RNA - Montemor,Carreira de S. Francisco,7050-160,Montemor-O-Novo,Montemor-o-Novo,Évora,,101.3,Generalista,Local,Évora,Montemor-o-Novo,Sandra Almeida,Cláudia Clérigo,,radionovaantena@gmail.com,22-12-2039
423052,29-08-2001,"R.V.E.-Sociedade Radiofónica, Unipessoal, Lda.","R. 1º de Maio, 15, Lj. 3",2330-089,Entroncamento,Entroncamento,Santarém,,Rádio Salesiana 105.7,"R. 1.º de Maio, 15, Lj 3",2330-089,Entroncamento,Entroncamento,Santarém,,105.7,Generalista,Local,Santarém,Entroncamento,Luís Miguel Henriques,Álvaro Artur Pinto do Lago,SALSIANA,luis.henriques@salesianos.pt,11-06-2039
423052,29-08-2001,"R.V.E.-Sociedade Radiofónica, Unipessoal, Lda.","R. 1º de Maio, 15, Lj. 3",2330-089,Entroncamento,Entroncamento,Santarém,,Rádio Salesiana 90.1,"R. 1º de Maio, 15, Lj. 3",2330-089,Entroncamento,Entroncamento,Santarém,,90.1,Generalista,Local,Vila Real,Alijó,Luís Miguel Henriques,Álvaro Artur Pinto do Lago,SALSIANA,luis.henriques@salesianos.pt,22-12-2039
423053,29-08-2001,"Antena Miróbriga - Cooperativa de Serviços, CRL","R.Condes de Avillez, 19-21",7540-152,Santiago do Cacém,Santiago do Cacém,Setúbal,,Rádio M24,"R. Condes de Avilez, 19/21",7540-152,Santiago do Cacém,Santiago do Cacém,Setúbal,,102.7,Generalista,Local,Setúbal,Santiago do Cacém,Lino Alexandre Duarte da Cunha Nunes,Helga Sofia Caniço Nobre,RADIOM24,direcao.radio24@gmail.com,21-05-2039
423054,30-08-2001,"Monsantorádio - Rádio Clube de Monsanto, Unipessoal, Lda.","Rua Álvaro Ferreira Alves, 28",2855-591,Santa Marta do Pinhal,Seixal,Setúbal,,RDS Monsanto,"Av. 1.º de Maio, 35 - 3.º B",2845-583,Paivas,Seixal,Setúbal,,98.7,Generalista,Local,Castelo Branco,Idanha-a-Nova,Lister Silva,Pedro Miguel Carvalho dos Santos,RDS 98.7,radiomonsanto@listermais.pt,11-06-2039
423055,12-09-2001,"SEB - Sociedade Editorial Bética, Lda.","R. Santana e Costa, 18 - R/C Esq.",7860-184,Moura,Moura,Beja,,Rádio Planície,"R. Santana e Costa, 18 - R/C Esq.",7860-184,Moura,Moura,Beja,,92.8,Generalista,Local,Beja,Moura,José Manuel Ventinhas Albardeiro,Patrícia Alexandra Garrido Pato,RP-MOURA,rplanicie@radioplanicie.com,29-03-2039
423056,13-09-2001,"Rádio Maior - Publicidade e Comunicação, Lda.","Praça da República, n.º 4 - 13.º",2040-320,Rio Maior,Rio Maior,Santarém,,Observador 92.6,"Praça da República, 4, 13º",2040-320,Rio Maior,Rio Maior,Santarém,,92.6,Temático - Informativo,Local,Santarém,Rio Maior,Inês Ferreira dos Santos,Inês Ferreira dos Santos,OBSRVDOR,geral@radiomaior.pt,11-06-2039
423058,13-09-2001,"Rádio Baía - Sociedade de Radiodifusão, Lda.","R. João Saraiva, 7",1700-248,Lisboa,Lisboa,Lisboa,,Rádio Observador,"R. João Saraiva, 7",1700-248,Lisboa,Lisboa,Lisboa,,98.7,Temático - Informativo,Local,Setúbal,Seixal,Pedro Jorge Castro,Pedro Jorge Castro,OBSRVDOR,geral.radiobaia@gmail.com,08-05-2039
423059,13-09-2001,Forum Boticas - Associação Recreativa e Cultural,Travessa do Município - Edifício da Camionagem - 1.º Andar,5460-307,Boticas,Boticas,Vila Real,,Alto Tâmega FM,Edificio da Camionagem - 1.º Andar,5460-307,Boticas,Boticas,Vila Real,,103.9,Generalista,Local,Vila Real,Boticas,Manuel Ferreira,Sara Esteves,ALTÂMEGA,forumboticas@gmail.com,22-12-2039
423060,13-09-2001,"Rádio Clube da Pampilhosa - Cooperativa de Radiodifusão, Cultura e Recreio da Pampilhosa","R. de Santo António, 24",3050-456,Pampilhosa,Mealhada,Aveiro,,RDS 92.6,"R. de Santo António, 24",3050-456,Pampilhosa,Mealhada,Aveiro,,92.6,Generalista,Local,Aveiro,Mealhada,João Paulo Mateus Tomé,Sandra Ferro,RDS 92.6,direcaorcp@gmail.com,11-06-2039
423062,13-09-2001,"Rádio Vizela - Cooperativa de Radiodifusão, CRL",Casal de Vila Pouca - Santa Eulália,4620-580,Santa Eulália,Vizela,Braga,,Rádio Vizela,"R. José Ribeiro Ferreira,  Lote 5 - 2.º Esq.",4815-504,Vizela,Vizela,Braga,,97.2,Generalista,Local,Porto,Lousada,Armindo Martinho Lopes Moreira ,Arminda Zélia Ribeiro Pedrosa Fernandes,,administracao@radiovizela.pt,22-12-2039
423063,13-09-2001,"RSF - Radiodifusão, Lda.","Av. Visconde Barreiros, 89 - 5.º",4470-151,Maia,Maia,Porto,,Rádio Fronteira,Alto dos Ataques,6355-259,Vilar Formoso,Almeida,Guarda,,106.9,Generalista,Local,Guarda,Almeida,António Manuel Lourenço Reinas,António Manuel Lourenço Reinas,,geral@radiofronteira.com,13-06-2040
423064,13-09-2001,"Nodigráfica - Informação e Artes Gráficas, Lda","Av. do Convento, 1 - Complexo Conventurispress",3510-674,Viseu,Viseu,Viseu,,Cidade FM Viseu,"Av. do Convento, 1 - Complexo Conventurispress",3510-674,Viseu,Viseu,Viseu,,102.8,Temático - Musical,Local,Viseu,Viseu,Manuel Cabral,Teresa Mota,,publicidade@noticiasdeviseu.com,08-05-2039
423065,13-09-2001,"Rádio Voz da Ria - Emissora Concelhia de Estarreja, CRL","Pç Francisco Barbosa, 21-2.º",3860-356,Estarreja,Estarreja,Aveiro,,Rádio Voz da Ria,"Pç Francisco Barbosa, 21-2.º  - Apartado 69",3860-356,Estarreja,Estarreja,Aveiro,,90.2,Generalista,Local,Aveiro,Estarreja,Mário Rui da Silva Oliveira,Mário Rui da Silva Oliveira,Vozdaria,redaccao@rvria.pt,29-03-2039
423066,13-09-2001,"EJM - Empresa Jornalística da Madeira, Lda.","R. 31 de Janeiro, 73 e 74",9050-401,Funchal,Funchal,Ilha da Madeira,Região Autónoma da Madeira,JM - FM,"R. 31 de Janeiro, 73 e 74",9050-401,Funchal,Funchal,Ilha da Madeira,Região Autónoma da Madeira,88.8,Generalista,Local,Ilha da Madeira,Funchal,Miguel Amaro Melim Guarda,Miguel Amaro Melim Guarda,88.8FM,antonio.abreu@jm-madeira.pt,05-03-2039
423067,13-09-2001,"Granada FM - Rádio e Jornalismo, Unipessoal, Lda.","R. Estevão de Almeida, 4-2.º",7080-079,Vendas Novas,Vendas Novas,Évora,,Granada FM,"R. Estevão de Almeida, 4 - 2º",7080-079,Vendas Novas,Vendas Novas,Évora,,100.1,Generalista,Local,Évora,Vendas Novas,Carlos Manuel Rosado Branco,Fernando Jorge Travessa Chaveiro,RGRANADA,granadafm@sapo.pt,29-03-2039
423070,17-09-2001,"Rádio Alvor, CRL","Urb. Monte da Bemposta, lt. 1 cave A",8500-833,Portimão,Portimão,Faro,,Rádio Alvor,"Urb. Monte da Bemposta, lt. 01, cv A",8500-833,Portimão,Portimão,Faro,,90.1,Generalista,Local,Faro,Portimão,José Ricardo Cartaxo Coelho,José Ricardo Cartaxo Coelho,ALVOR FM,alvorfm@gmail.com,21-05-2039
423072,17-09-2001,"RD Rádio Despertar - Voz de Estremoz, CRL",R. Bento Jesus Caraça Bloco C - 1º,7100-104,Estremoz,Estremoz,Évora,,RD Rádio Despertar - Voz de Estremoz,"R. Bento Jesus Caraça, Bloco C - 1º",7100-452,Estremoz,Estremoz,Évora,,94.5,Generalista,Local,Évora,Estremoz,Sandra Maria Lopes Nunes,José Roberto Sardo Lameiras,,geral@radiodespertar.net,05-03-2039
423073,21-09-2001,"R.T.A. - Sociedade de Radiodifusão e Telecomunicações de Albufeira, Unipessoal, Lda.","R. do Pacífico, Lotes 25, 26 e 27",8200-166,Albufeira,Albufeira,Faro,,Kiss FM,"R. do Pacífico, Lts. 25, 26 e 27",8200-166,Albufeira,Albufeira,Faro,,95.8,Temático - Musical,Local,Faro,Albufeira,José Paulo do Carmo Peres,José Manuel Duarte de Matos,KISS FM,geral@recordfm.pt,11-06-2039
423073,21-09-2001,"R.T.A. - Sociedade de Radiodifusão e Telecomunicações de Albufeira, Unipessoal, Lda.","R. do Pacífico, Lotes 25, 26 e 27",8200-166,Albufeira,Albufeira,Faro,,Record Algarve,"R. Dr. Coutinho Pais, 25-A",2770-180,Terrugem,Oeiras,Lisboa,,91.8,Generalista,Local,Faro,Silves,José Paulo do Carmo Peres,José Manuel Duarte de Matos,RECORD A,geral@recordfm.pt,29-03-2039
423074,02-10-2001,"Rádio Pernes, Lda.","Praceta Pedro Escuro, 10 - 3º Dto.",2000-183,Santarém,Santarém,Santarém,,Record Santarém,"Urb. Quinta do Amparo, Lt.4, R/c Esq. - Quinta da Matinha",2415-583,Leiria,Leiria,Leiria,,101.7,Generalista,Local,Santarém,Santarém,José Paulo do Carmo Peres,José Manuel Duarte de Matos,RECORD S,geral@recordfm.pt,08-05-2039
423075,08-10-2001,"Rádio Mais, CRL","R. Adelino Amaro da Costa, 17 - C/V",2720-002,Amadora,Amadora,Lisboa,,Central FM,"R. Adelino Amaro da Costa, 17 - C/V - Quinta do Borel",2720-002,Amadora,Amadora,Lisboa,,93.7,Generalista,Local,Lisboa,Amadora,Cecília F. F. Freire,José Gonçalo Mendes da Rocha,CENTRAL,jorge.sousa.correia@hotmail.com,29-03-2039
423076,08-10-2001,"Coral - Cooperativa de Emissões Radiofónicas do Alto Ave, CRL","Av. Prof. Carlos Teixeira, 44 - 1.º",4850-524,Vieira do Minho,Vieira do Minho,Braga,,Rádio Alto Ave,"Av. Prof. Carlos Teixeira, 44 - 1.º",4850-524,Vieira do Minho,Vieira do Minho,Braga,,91.6,Generalista,Local,Braga,Vieira do Minho,José Luís da Silva Martins Machado,José Luís da Silva Martins Machado,ALTO AVE,geral@radioaltoave.pt,29-03-2039
423077,12-10-2001,"Rádio Jornal Caminhense, Lda.","R. da Corredoura, 117",4910-133,Caminha,Caminha,Viana do Castelo,,Rádio Jornal Caminhense,"R. da Corredoura, 117",4910-133,Caminha,Caminha,Viana do Castelo,,106.2,Generalista,Local,Viana do Castelo,Caminha,Rui Filipe de Matos Lopes,Elsa Maria Gomes Guerreiro Cepa,CAMINHA,geral@radiocaminha.pt,11-06-2039
423078,12-10-2001,Rádio Valdevez - Associação Cultural de Radiodifusão,Av. Dr. Mário Soares,4970-152,Arcos de Valdevez,Arcos de Valdevez,Viana do Castelo,,Rádio Valdevez,Av. Dr. Mário Soares,4970-152,Arcos de Valdevez,Arcos de Valdevez,Viana do Castelo,,96.4,Generalista,Local,Viana do Castelo,Arcos de Valdevez,Maria do Carmo Brito Dantas,Jorge Quintas,,zerocha6@gmail.com,21-05-2039
423079,19-10-2001,"Rádio Voz de Setúbal, Lda","Rua Nossa Senhora do Amparo, 15, 3º A",2900-144,Setúbal,Setúbal,Setúbal,,Rádio Amália de Setúbal,"R. do Viriato, 25, 3º Esq.",1050-234,Lisboa,Lisboa,Lisboa,,100.6,Temático - Musical,Local,Setúbal,Setúbal,António Vieira,Antonieta Lopes da Costa,AMALIA,marta.montez@gmail.com,08-05-2039
423080,19-10-2001,"Novos Mares - Radiodifusão, Lda.","R. Gil Eanes, 31",3830-670,Gafanha da Nazaré,Ílhavo,Aveiro,,Terra Nova,R. Padre Guerra,3830-711,Gafanha da Nazaré,Ílhavo,Aveiro,,105.0,Generalista,Local,Aveiro,Ílhavo,Vasco Lagarto,Carlos Manuel Teixeira,TERANOVA,terranova@terranova.pt,05-03-2039
423081,19-10-2001,"OCIM - Organização Cooperativa Informativa do Marco, C.R.L.","R.Visconde do Marco, 217 - Apartado 26",4630-273,Marco de Canaveses,Marco de Canaveses,Porto,,Rádio Marcoense,"R. Visconde do Marco, 217 - Apartado 26",4630-273,Marco de Canaveses,Marco de Canaveses,Porto,,93.3,Generalista,Local,Porto,Marco de Canaveses,Raul Filipe Espincho Teixeira,Maria José de Sousa Ferreira da Silva,Marco FM,geral@marcoensefm.com,29-03-2039
423082,19-10-2001,"Rádio Jornal de Setúbal - Sociedade de Comunicação, Lda.","Av. António Rodrigues Manito, n.º 58 R/c A",2900-528,Setúbal,Setúbal,Setúbal,,Rádio Jornal de Setúbal,"Av. Dr. António Rodrigues Manito, 58, R/c A",2900-528,Setúbal,Setúbal,Setúbal,,88.6,Generalista,Local,Setúbal,Setúbal,Luís Gabriel Santos,Ana Paula Antunes,RJS,gabinete.advogados326@gmail.com,08-05-2039
423083,19-10-2001,"Centro de Formação, Assistência e Desenvolvimento","R. Soeiro Viegas, 2-B",6300-758,Guarda,Guarda,Guarda,,Rádio Alive FM,"R. Dr. Hilário de Almeida Pereira, 220 - 1º Dto.",3560-172,Sátão,Sátão,Viseu,,89.9,Generalista,Local,Viseu,Sátão,Sandrina de Jesus Alves,Pedro Norberto Monteiro Paula,ALIVE FM,cfad.geral@cfad.pt,29-03-2039
423085,19-10-2001,"Rádio Clube de Sintra, Lda.","R. Dr. Félix Alves Pereira, 12-B",2710-716,Sintra,Sintra,Lisboa,,Rádio Clube de Sintra,"Rua da Serra, nº 1 Sabugo",2715-398,Almargem do Bispo,Sintra,Lisboa,,91.2,Generalista,Local,Lisboa,Sintra,Pedro Miguel de Veiga Varandas Esteves,Ezequiel Brasilino Almeida Duarte,RCS,administracao@radiorcs.pt,29-03-2039
423086,22-10-2001,Fundação Frei Pedro,"R. Soeiro Viegas, 2-B",6300-758,Guarda,Guarda,Guarda,,Rádio F,"R. Soeiro Viegas, 2-B",6300-758,Guarda,Guarda,Guarda,,105.8,Generalista,Local,Guarda,Guarda,Pedro Norberto Monteiro Paula,Pedro Norberto Monteiro Paula,Rádio F,info@gmpress.pt,22-12-2039
423087,23-10-2001,"Antena Livre de Gouveia - Cooperativa de Radiodifusão, CRL",Av. dos Bombeiros Voluntários,6290-520,Gouveia,Gouveia,Guarda,,Rádio Antena Livre de Gouveia,"Escola Apostólica de Cristo Rei - Seminário, R. do Seminário",6290-658,Gouveia,Gouveia,Guarda,,89.6,Generalista,Local,Guarda,Gouveia,António Filipe dos Santos Borges,Salomé Silva,R._LIVRE,antenalivredegouveia@sapo.pt,11-06-2039
423088,05-11-2001,"Iris - Serviço de Informação Regional Independente, Lda.","R. dos Operários Agrícolas, 5 B",2135-322,Samora Correia,Benavente,Santarém,,Iris FM,"R. dos Operários Agrícolas, 5 B",2135-322,Samora Correia,Benavente,Santarém,,91.4,Generalista,Local,Santarém,Benavente,Luís Miguel Bernardo,Maria da Graça Ferreira da Silva,IRIS FM,director@irisfm.pt,11-06-2039
423090,05-11-2001,"Rádio Província, Lda.","R. do Cabecinho, 45",3780-203,Anadia,Anadia,Aveiro,,Rádio Província,"R. do Cabecinho, 45",3780-203,Anadia,Anadia,Aveiro,,100.8,Generalista,Local,Aveiro,Anadia,António Augusto de Oliveira Rodrigues,Eduardo Pina,PROVNCIA,radio@radioprovincia.pt,05-03-2039
423091,05-11-2001,"PFM - Radiodifusão, Lda","Rua Álvaro Ferreira Alves, nº 28",2855-591,Santa Marta do Pinhal,Seixal,Setúbal,,RDS 92.2,"Av. 1º de Maio 35, 3B",2845-583,Amora,Seixal,Setúbal,,92.2,Generalista,Local,Lisboa,Azambuja,Ricardo Fernando Loureiro Pereira,Pedro Carvalho,RDS 92.2,rpnanet@gmail.com,21-05-2039
423092,05-11-2001,"Rádio Alto Minho - Sociedade de Informação Regional, Ldª","R. José Espregueira, 23 R/C",4900-459,Viana do Castelo,Viana do Castelo,Viana do Castelo,,Rádio Alto Minho,"R. José Espregueira, 23 R/C",4900-459,Viana do Castelo,Viana do Castelo,Viana do Castelo,,97.0,Generalista,Local,Viana do Castelo,Viana do Castelo,Celso Carvalhosa,Fernando Pacheco Serrão,ALTMINHO,geral@radioaltominho.pt,08-05-2039
423093,05-11-2001,"Sintonizenos - Comunicação Social, Lda.","Av. Visconde de Barreiros, 89- 5º",4470-151,Maia,Maia,Porto,,Metropolitana FM 89.0,"Av. Visconde de Barreiros, 89 - 5º",4470-151,Maia,Maia,Porto,,89.0,Temático - Musical,Local,Porto,Póvoa de Varzim,Angélica Maria Corgo dos Santos da Nova,Angélica Maria Corgo dos Santos da Nova,RADIOMFM,administrativos@canal5.pt,08-05-2039
423094,05-11-2001,"Radio Clube de Alvaiázere, Lda","R. Dr. Manuel Ribeiro Ferreira, 6 - Ap. 17",3250-113,Alvaiázere,Alvaiázere,Leiria,,ABC Portugal,"Estádio Municipal de Alvaiázere, Rua da Saudade",3250-107,Alvaiázere,Alvaiázere,Leiria,,92.3,Generalista,Local,Leiria,Alvaiázere,Paula Cristina Marques da Silva Rodrigues de Melo,Paula Cristina Marques da Silva Rodrigues de Melo,,geral@abcportugal.pt,22-12-2039
423096,09-11-2001,"Piçarra & CA, Lda.","Tv. de Santo André, 6 e 8, R/c",7000-567,Évora,Évora,Évora,,Rádio Telefonia do Alentejo,"Est. de Arraiolos, Edificio Piçarra Cª",7000-567,Évora,Évora,Évora,,103.2,Generalista,Local,Évora,Évora,Manuel Francisco dos Santos Aranha,Marina Alexandra Piteira Marques Pardal,RTA,administracao@diariodosul.com.pt,08-05-2039
423097,14-11-2001,"SIT - Sociedade de Informação de Trás-os-Montes, Lda.","Av. dos Bombeiros Voluntários, 47 - S/L",5370-206,Mirandela,Mirandela,Bragança,,Rádio Terra Quente,"Av. dos Bombeiros Voluntários, 47 - S/L",5370-206,Mirandela,Mirandela,Bragança,,105.2,Generalista,Local,Bragança,Mirandela,Fernando Sérgio Esteves da Silva,Fernando Jorge Pires,T.Quente,radio@terraquentefm.net,22-12-2039
423098,14-11-2001,"Cooperativa Rádio Boa Nova de Oliveira do Hospital, C.R.L.",Av. Calouste Gulbenkian,3400-060,Oliveira do Hospital,Oliveira do Hospital,Coimbra,,Rádio Boa Nova,Av. Calouste Gulbenkian,3400-060,Oliveira do Hospital,Oliveira do Hospital,Coimbra,,100.2,Generalista,Local,Coimbra,Oliveira do Hospital,Albino José Neves Rodrigues,Liliana Ferreira Lopes Varão,,radioboanova1002@gmail.com,29-03-2039
423099,09-11-2001,"RA - Produções Radiofónicas, Lda.","Av. Dr. António Rodrigues Manito, 58 - r/c B",2900-061,Setúbal,Setúbal,Setúbal,,Rádio Azul,"R. Dr. António Rodrigues Manito, 58 - r/c B",2900-528,Setúbal,Setúbal,Setúbal,,98.9,Generalista,Local,Setúbal,Setúbal,Alberto Bulguim Antunes,Alberto Bulguim Antunes,RDS - Az,radioazul98.9@gmail.com,08-05-2039
423100,19-11-2001,"Rádio Regional de Arouca, Lda.",R. António Almeida Brandão,4540-119,Arouca,Arouca,Aveiro,,Rádio Regional de Arouca,R. António Almeida Brandão,4540-119,Arouca,Arouca,Aveiro,,103.2,Generalista,Local,Aveiro,Arouca,Adelino Pinho,Victor Mendes,R-AROUCA,geral@radioregionaldearouca.com,22-12-2039
423101,19-11-2001,"Rádio Nova Era - Sociedade de Comunicação, SA","R. das Camélias, 134-B",4430-038,Vila Nova de Gaia,Vila Nova de Gaia,Porto,,Rádio Nova Era (Paredes),"R. das Camélias, 134-B",4430-038,Vila Nova de Gaia,Vila Nova de Gaia,Porto,,100.1,Temático - Musical,Local,Porto,Paredes,Sílvia Braga,Luís Miguel Gonçalves Rodrigues,NOVA ERA,geral@radionovaera.pt,08-05-2039
423101,19-11-2001,"Rádio Nova Era - Sociedade de Comunicação, SA","R. das Camélias, 134-B",4430-038,Vila Nova de Gaia,Vila Nova de Gaia,Porto,,Rádio Nova Era (Vila Nova de Gaia),"R. das Camélias, 134-B",4430-038,Vila Nova de Gaia,Vila Nova de Gaia,Porto,,101.3,Temático - Musical,Local,Porto,Vila Nova de Gaia,Sílvia Braga,Luís Miguel Gonçalves Rodrigues,NOVA ERA,geral@radionovaera.pt,29-03-2039
423102,21-11-2001,"Rádio Clube de Penafiel Cooperativa Radiofónica, CRL","R. Alfredo Pereira, 14 - 2º - Apartado 14",4560-502,Penafiel,Penafiel,Porto,,Rádio Clube de Penafiel,"R. Alfredo Pereira, 14 - 2.º",4560-502,Penafiel,Penafiel,Porto,,91.8,Generalista,Local,Porto,Penafiel,José António da Silva Ferreira,Anabela Jesus Machado Vieira,RCP,info.mail@radioclube-penafiel.pt,29-03-2039
423103,21-11-2001,"Rádio Nova Contrasta -  Comunicação, Lda","Empreendimento Cidade Nova, Lote 7 - Cave C",4930-713,Valença,Valença,Viana do Castelo,,Rádio Vale do Minho,"Quinta da Oliveira, Ent.2 - R/C Dto",4950-425,Mazedo,Monção,Viana do Castelo,,91.7,Generalista,Local,Viana do Castelo,Valença,Miguel António Gomes Guerreiro Cepa,Miguel P. Braga Teixeira da Rocha,Contrast,cepamiguel@gmail.com,11-06-2039
423104,21-11-2001,"Rádio Felgueiras - Cooperativa de Meios Audiovisuais de Comunicação Social, CRL","R. Dr. Basílio R.Leite de Vasconcelos, Lote 76 - Fracção B- R/C",4610-170,Felgueiras,Felgueiras,Porto,,Rádio Felgueiras,"R. Dr. Basílio R.Leite Vasconcelos, Urb. do Outeiro",4610-170,Felgueiras,Felgueiras,Porto,,92.2,Generalista,Local,Porto,Felgueiras,Maria Luisa Monteiro Faria,Jorge Dias da Cunha,,radiofelgueiras922@gmail.com,05-03-2039
423105,21-05-2003,"Sociedade Franco Portuguesa de Comunicação, SA","Rua Luciana Stegagno Picchio, 3",1549-023,Lisboa,Lisboa,Lisboa,,CM Rádio 90.4,"R. Luciana Stegagno Picchio, n.º 3",1549-023,Lisboa,Lisboa,Lisboa,,90.4,Temático - Informativo,Local,Lisboa,Lisboa,Carlos Filipe Espinho Rodrigues,Carlos Filipe Espinho Rodrigues,CM RADIO,plataforma@medialivre.pt,05-03-2039
423108,07-12-2001,"Radiotorres, Lda",Edifício Santa Isabel,2350-686,Torres Novas,Torres Novas,Santarém,,Torres Novas FM,Traseiras da R. Luís de Camões,2350-409,Torres Novas,Torres Novas,Santarém,,100.8,Generalista,Local,Santarém,Torres Novas,Jorge Manuel Monteiro Paulino Branco,João da Guia,,geral@torresnovasfm.com,29-03-2039
423110,12-12-2001,Associação Cultural e Recreativa Rádio Condestável,"Av. Dr. Abilio Marçal, nº8",6100-267,Cernache do Bonjardim,Sertã,Castelo Branco,,Rádio Condestável,"Av. Dr. Abilio Marçal, nº8",6100-267,Cernache do Bonjardim,Sertã,Castelo Branco,,91.3,Generalista,Local,Castelo Branco,Sertã,Luis Manuel Corrêa Biscaia,Maria Dulce Martins Cardoso,CONDSTVL,direcao@radiocondestavel.pt,21-05-2039
423111,17-12-2001,Associação Humanitária de Bombeiros Voluntários de Sines,"Av. General Humberto Delgado, 1",7520-106,Sines,Sines,Setúbal,,Rádio Sines,"Av. General Humberto Delgado, 1",7520-106,Sines,Sines,Setúbal,,95.9,Generalista,Local,Setúbal,Sines,Filipe Alexandre Anacleto Raposo,Joaquim Vitor Palminha Bernardo,R-SINES,geral@radiosines.com,11-06-2039
423112,18-12-2001,"Som do Pinhal II - Multimédia, Lda.","Urbaniz. Quinta do Pinheiro, Rua Salgueiro Maia, Lote 29, r/c Esqº.",2955-028,Pinhal Novo,Palmela,Setúbal,,Popular FM,"Urbaniz. Quinta do Pinheiro, Rua Salgueiro Maia, Lote 29, r/c Esqº.",2955-028,Pinhal Novo,Palmela,Setúbal,,90.9,Generalista,Local,Setúbal,Montijo,Susana Roldão,Mário Rui Sobral,POPULAR,geral@popularfm.com,21-05-2039
423113,21-12-2001,"Rádio Vida Nova, CRL","R. da Casa Paroquial, 122",3240-690,Santiago da Guarda,Ansião,Leiria,,Rádio Vida Nova,"R. da Casa Paroquial, 122",3240-690,Santiago da Guarda,Ansião,Leiria,,105.5,Generalista,Local,Leiria,Ansião,Artur Ramalho,Marta Alexandra Carvalho Santos,VIDA NOV,vidanovaansiao@gmail.com,11-06-2039
423116,16-01-2002,"Lagoanima - Empresa Radiofónica e de Comunicação da Lagoa, Lda.","Bairro Municipal dos Vales, Bloco B - Esq. Cave",8400-430,Lagoa,Lagoa (Algarve),Faro,,Rádio Lagoa,"Bairro Municipal dos Vales, Bloco B - Esq. Cave",8400-430,Lagoa,Lagoa (Algarve),Faro,,99.4,Generalista,Local,Faro,Lagoa (Algarve),António João Rosado Galhardas,Jorge Eusébio,LAGOAFM,geral@radiolagoa.pt,05-03-2039
423117,01-02-2002,"Cooperativa Rádio Emissora Santo António de Vagos, C.R.L.",Corgo de Seixo de Baixo,3840-502,Corgo do Seixo de Baixo,Vagos,Aveiro,,Rádio Voz de Vagos,"R. Padre Creolo, Corgo de Seixo de Baixo",3840-502,Corgo do Seixo de Baixo,Vagos,Aveiro,,88.8,Generalista,Local,Aveiro,Vagos,Manuel da Rocha Pereira,Sara Raquel Sampaio Alves,,radiovagosfm@gmail.com,11-06-2039
423118,06-02-2002,"Rádio Universidade do Marão - Cooperativa de Radiodifusão, CRL","R. Actor Ruy de Carvalho, Bloco A, R/C",5000-542,Vila Real,Vila Real,Vila Real,,Universidade FM,"R. Actor Ruy de Carvalho, Bloco A - R/C",5000-542,Vila Real,Vila Real,Vila Real,,104.3,Generalista,Local,Vila Real,Vila Real,Maria de Lurdes Cardoso,Mila Brigas ,UFM,geral@universidade.fm,11-06-2039
423119,15-02-2002,"A Voz do Sorraia - Emissor Regional do Concelho de Coruche, CRL","R. do Couço, 29 - R/c Fte.",2100-169,Coruche,Coruche,Santarém,,Rádio Voz do Sorraia,"Rua dos Bombeiros Municipais, Antigo Edifício EB1 - Bairro Novo",2100-011,Coruche,Coruche,Santarém,,94.7,Generalista,Local,Santarém,Coruche,Carlos Manuel Alves Anacleto,Flávio Miguel Silva,,radiovozsorraia@sapo.pt,05-03-2039
423120,18-02-2002,"Rádio Clube de Gaia - Serviço Local de Radiodifusão Sonora, SA","R. Raimundo de Carvalho, 242 - r/c Escr. 1",4430-185,Vila Nova de Gaia,Vila Nova de Gaia,Porto,,Record Porto,"R. Raimundo de Carvalho, 242 - R/C Escritório 1",4430-185,Vila Nova de Gaia,Vila Nova de Gaia,Porto,,95.5,Generalista,Local,Porto,Vila Nova de Gaia,José Paulo do Carmo Peres,José Manuel Duarte de Matos,RECORD P,geral@recordfm.pt,29-03-2039
423121,21-02-2002,"Sobral FM - Sociedade de Comunicação, Unipessoal, Lda.","R.da Vitória, 10",2590-047,Sobral de Monte Agraço,Sobral de Monte Agraço,Lisboa,,CAPSAO,"R. da Vitória, 10",2590-047,Sobral de Monte Agraço,Sobral de Monte Agraço,Lisboa,,106.4,Temático - Musical,Local,Lisboa,Sobral de Monte Agraço,Alfredo Manuel Cardoso da Silva,--,CAPSAO,alfredo.dasilva@capsao.com,29-03-2039
423122,22-02-2002,"Rádio Objectiva, Lda.","R. da Banja, 13",4585-116,Gandra,Paredes,Porto,,Jornal FM,"R. da Silvosa, 16, 5.º, Atelier 2",4585-215,Gandra,Paredes,Porto,,103.6,Generalista,Local,Porto,Paredes,Célia Maria Ferreira da Silva,Elisabete Leal,JORNALFM,geral@radiojornalfm.pt,08-05-2039
423124,14-05-2002,"Rádio Pal, Lda.","Estrada da Portela, 73 -1º Escr. 9/10",2790-124,Carnaxide,Oeiras,Lisboa,,Rádio Maria,"Estrada da Portela, 73 -1º Escr. 9/10",2790-124,Carnaxide,Oeiras,Lisboa,,102.2,Generalista,Local,Setúbal,Palmela,Marco Fernando da Silva Luis,Cláudia Margarida Assunção Leite Santos Mirra,SIM PAL,joao.castro@radiomaria.pt,21-05-2039
423126,07-06-2002,"Rádio Santiago - Cooperativa de Comunicação e Cultura de Sesimbra, CRL","Empreendimento Pôr do Sol, R. Varandas para o Mar - Lote 5, Fracção A",2970-707,Sesimbra,Sesimbra,Setúbal,,Sesimbra FM,"Empreendimento Pôr do Sol, R. Varandas para o Mar - Lote 5, Fracção A",2970-707,Sesimbra,Sesimbra,Setúbal,,103.9,Generalista,Local,Setúbal,Sesimbra,Eduardo Paulo Sousa da Cunha Cruz,Vanessa Pinto Pereira,SESIMBRA,sesimbrafm@gmail.com,21-05-2039
423129,21-08-2002,"Radibeli - Produções Radiofónicas, Lda.","R. 25 de Abril, Edif. Casa do Povo (Ap. 1)",3140-022,Arazede,Montemor-o-Velho,Coimbra,,Rádio Beira Litoral,"R. 25 de Abril, Edif. Casa do Povo",3140-022,Arazede,Montemor-o-Velho,Coimbra,,101.7,Generalista,Local,Coimbra,Montemor-o-Velho,Fernando Manuel Brito Moura da Silva,Pedro Carvalho,,radio.beiralitoral@gmail.com,21-05-2039
423130,22-08-2002,"Radialtitude - Sociedade de Comunicação da Guarda, Lda.",R. Batalha Reis - Edifício Rádio Altitude - Parque da Saúde,6300-668,Guarda,Guarda,Guarda,,Rádio Altitude,"R. Batalha Reis, S/N",6300-668,Guarda,Guarda,Guarda,,90.9,Generalista,Local,Guarda,Guarda,Luís Baptista-Martins,Luís Baptista-Martins,ALTITUDE,luisbaptistamartins@altitude.fm,21-05-2039
423131,28-08-2002,"Rádio Campanário - Voz de Vila Viçosa, CRL",Largo D. João IV,7160-254,Vila Viçosa,Vila Viçosa,Évora,,Rádio Campanário,Largo D. João IV,7160-254,Vila Viçosa,Vila Viçosa,Évora,,90.6,Generalista,Local,Évora,Vila Viçosa,Ana Cristina Rocha,Ana Cristina Rocha,CAMPANAR,geral@radiocampanario.com,29-03-2039
423134,18-09-2002,"Marginaudio - Actividades Radiofónicas, Lda.","R. do Viriato, 25 - 6º",1050-234,Lisboa,Lisboa,Lisboa,,Rádio Marginal,"R. do Viriato, 25 - 6º",1050-234,Lisboa,Lisboa,Lisboa,,98.1,Temático - Musical,Local,Lisboa,Cascais,Paulo Jorge Rolo,Antonieta Lopes da Costa,MARGINAL,marta.montez@gmail.com,29-03-2039
423135,18-09-2002,"Associação de Promoção Social, Cultural e Desportiva de Fornos de Algodres",Av. 25 de Abril,6370-174,Fornos de Algodres,Fornos de Algodres,Guarda,,Rádio Imagem,"Largo da Feira Nova, 15, 1º Esq.",3660-437,São Pedro do Sul,São Pedro do Sul,Viseu,,87.6,Generalista,Local,Guarda,Fornos de Algodres,Paulo Martins,Paulo Martins,,geralradioimagem@gmail.com,22-12-2039
423136,18-09-2002,Círculo de Cultura Famalicense,"R. 5 de Outubro, Ed. Vilarminda, Lj. 204",4760-289,Vila Nova de Famalicão,Vila Nova de Famalicão,Braga,,Rádio Cidade Hoje,"R. 5 de Outubro, Ed. Vilarminda 204 - Apartado 218",4760-289,Vila Nova de Famalicão,Vila Nova de Famalicão,Braga,,94.0,Generalista,Local,Braga,Vila Nova de Famalicão,Rafael Fernandes Vieira,Rui Manuel da Silva Lima,CID.HOJE,geral@cidadehoje.pt,08-05-2039
423137,24-09-2002,"Rádio Paços - Comunicação Regional, Lda.","R. Dr. Queirós Ribeiro, 137 - 3º",4590-590,Paços de Ferreira,Paços de Ferreira,Porto,,Rádio Clube Paços Ferreira,"R. Dr. Queirós Ribeiro, 137 - 3º",4590-590,Paços de Ferreira,Paços de Ferreira,Porto,,101.8,Generalista,Local,Porto,Paços de Ferreira,Filipe Juventino Veloso Bessa,José Firmino Machado Corte Real Meireles,R.C.P.F.,geral@radiopacos.pt,29-03-2039
423139,27-09-2002,"Rádio Clube de Grândola, CRL","Largo Zeca Afonso, Lt. 17",7570-133,Grândola,Grândola,Setúbal,,Rádio Clube de Grândola,"Largo Zeca Afonso, Lt. 17",7570-133,Grândola,Grândola,Setúbal,,91.3,Generalista,Local,Setúbal,Grândola,Carlos Manuel Rita Campos,Carlos Manuel Rita Campos,,geral@rcg.pt,05-03-2039
423140,08-10-2002,Meia Maratona Internacional da Nazaré - Associação de Cultura e Desporto,"R. Dr. António Duarte Pimpão, Lt. 37/38 (Apartado 33)",2450-170,Nazaré,Nazaré,Leiria,,Rádio Nazaré,"R. Dr. António Duarte Pimpão, Lt. 37/38 Loja J",2450-170,Nazaré,Nazaré,Leiria,,100.6,Generalista,Local,Leiria,Nazaré,Maria de Fátima Vidinha Melo,Rodrigo Miguel Mendes Fialho,NAZAREFM,nazareradio@gmail.com,11-06-2039
423141,22-10-2002,"Empresa Editora Cidade de Tomar, Lda.","Praça da República, 2",2300-550,Tomar,Tomar,Santarém,,Rádio Cidade de Tomar,"Travessa da Cascalheira, 27",2300-522,Tomar,Tomar,Santarém,,90.5,Generalista,Local,Santarém,Tomar,Manuel Silvério Garcia Esparteiro,Elsa Maria Rosa Lourenço,,radio@cidadetomar.pt,08-05-2039
423141,22-10-2002,"Empresa Editora Cidade de Tomar, Lda.","Praça da República, 2",2300-550,Tomar,Tomar,Santarém,,Vila de Rei - FM,"Travessa da Cascalheira, 27",2300-522,Tomar,Tomar,Santarém,,103.2,Generalista,Local,Castelo Branco,Vila de Rei,Manuel Silvério Garcia Esparteiro,Elsa Maria Rosa Lourenço,,radio@cidadetomar.pt,13-06-2040
423143,30-10-2002,"Rádio Ourique, Lda.","R. de Armação de Pêra, 25",7670-259,Ourique,Ourique,Beja,,Rádio Ourique,"Av. D. João VI, 105, R/C Dto.",8700-145,Olhão,Olhão,Faro,,94.2,Generalista,Local,Beja,Ourique,Dário Simão,José Martins,OURIQUE,radioourique94.2fm@gmail.com,13-06-2040
423145,15-11-2002,"CR - Comunicação Regional, Lda.","Travessa da Cascalheira, 27, R/C",2300-522,Tomar,Tomar,Santarém,,Rádio RCE - Golegã,"Travessa da Cascalheira, 27",2300-522,Tomar,Tomar,Santarém,,88.4,Generalista,Local,Santarém,Golegã,José António Fernandes,Elsa Lourenço,,manuelesparteiro@gmail.com,22-12-2039
423146,18-11-2002,"Basminho - Publicidade, Lda.","R. Venâncio Gonçalves Pereira, 23",4860-416,Refojos de Basto,Cabeceiras de Basto,Braga,,Rádio Voz de Basto,"R. Venâncio Gonçalves Pereira, 23",4860-416,Refojos de Basto,Cabeceiras de Basto,Braga,,100.6,Generalista,Local,Braga,Cabeceiras de Basto,Manuel da Costa Ribeiro,Paulo Vilela Azevedo,VOZBASTO,geral@rvbasto.com,05-03-2039
423146,18-11-2002,"Basminho - Publicidade, Lda.","R. Venâncio Gonçalves Pereira, 23",4860-416,Refojos de Basto,Cabeceiras de Basto,Braga,,Rádio Voz do Marão,"Largo de São Pedro, 3",5000-605,Vila Real,Vila Real,Vila Real,,96.3,Generalista,Local,Vila Real,Vila Real,Manuel José Teixeira Leite Veiga,Paulo Vilela Azevedo,VOZMARAO,geral@rvbasto.com,08-05-2039
423147,21-11-2002,"Rádio Renascença, Lda.","Quinta do Bom Pastor, Estrada da Buraca, 8-12",1549-025,Lisboa,Lisboa,Lisboa,,Mega Hits,"Quinta do Bom Pastor, Estrada da Buraca, 8-12",1549-025,Lisboa,Lisboa,Lisboa,,92.4,Temático - Musical,Local,Lisboa,Lisboa,Nelson de Carvalho Cunha,José Pedro Leal Gonçalves,MEGAHITS,paula.matos@rmultimedia.pt,05-03-2039
423147,21-11-2002,"Rádio Renascença, Lda.","Quinta do Bom Pastor, Estrada da Buraca, 8-12",1549-025,Lisboa,Lisboa,Lisboa,,Mega Hits Viseu,"Quinta do Bom Pastor, Estrada da Buraca, 8-12",1549-025,Lisboa,Lisboa,Lisboa,,106.4,Temático - Musical,Local,Viseu,Viseu,Nelson de Carvalho Cunha,José Pedro Leal Gonçalves,MEGA VIS,paula.matos@rmultimedia.pt,08-05-2039
423147,21-11-2002,"Rádio Renascença, Lda.","Quinta do Bom Pastor, Estrada da Buraca, 8-12",1549-025,Lisboa,Lisboa,Lisboa,,Renascença,"Quinta do Bom Pastor, Estrada da Buraca, 8-12",1549-025,Lisboa,Lisboa,Lisboa,,92.1MHz,Generalista,Nacional,,,José Pedro Leal Gonçalves,José Pedro Leal Gonçalves,RR,paula.matos@rmultimedia.pt,28-12-2040
423147,21-11-2002,"Rádio Renascença, Lda.","Quinta do Bom Pastor, Estrada da Buraca, 8-12",1549-025,Lisboa,Lisboa,Lisboa,,RFM,"Quinta do Bom Pastor, Estrada da Buraca, 8-12",1549-025,Lisboa,Lisboa,Lisboa,,93.2MHz,Generalista,Nacional,,,António Manuel Campos Mendes,José Pedro Leal Gonçalves,RFM,paula.matos@rmultimedia.pt,28-12-2040
423148,02-12-2002,"Cooperativa de Informação e Cultura Rádio Vinhais, CRL"," Rua dos Frades, nº 12 A - Edificio Antiga Escola Primária",5320-331,Vinhais,Vinhais,Bragança,,Rádio Vinhais," Rua dos Frades, nº 12 A - Edificio Antiga Escola Primária",5320-331,Vinhais,Vinhais,Bragança,,100.5,Generalista,Local,Bragança,Vinhais,Amândio José Rodrigues,Fernando Jorge Pires,R.VINHAI,radiovinhais@gmail.com,29-03-2039
423149,16-12-2002,"Atlantirádio, Sociedade de Radiodifusão, Lda.","R. Bento José Morais, 23 - 5º Sul",9500-772,Ponta Delgada,Ponta Delgada,Ilha de São Miguel,Região Autónoma dos Açores,Rádio Atlântida,"Rua Bento José Morais, 23 - 5.º Sul",9500-772,Ponta Delgada,Ponta Delgada,Ilha de São Miguel,Região Autónoma dos Açores,88.5,Generalista,Local,Ilha de São Miguel,Ponta Delgada,Carlos Alberto Pires Antunes,Cristina Cabral Silva,ATLANTDA,ruibotelho@radioatlantida.net,05-03-2039
423150,26-12-2002,"Rádio Hiper FM, Lda.","Praça da República, 4 - 13º",2040-320,Rio Maior,Rio Maior,Santarém,,Rádio Hiper FM,"Praça. da República, 4 - 13º",2040-320,Rio Maior,Rio Maior,Santarém,,104.6,Generalista,Local,Santarém,Rio Maior,Casimiro Ferreira Lopes,Miguel Catarino,HIPER FM,geral@hiper.fm,11-06-2039
423151,28-01-2003,"RTM - Rádio e Televisão do Minho, Lda.","Av. Robert Smith, Centro de Serviços Domus Qualitas, 31",4715-249,Braga,Braga,Braga,,Mega Hits Braga,"Av. Robert Smith, Centro de Serviços Domus Qualitas, 31",4715-249,Braga,Braga,Braga,,92.9,Temático - Musical,Local,Braga,Braga,Ernesto Nelson de Carvalho Cunha,Pedro Leal,RC-MINHO,ncalado@hydra.pt,08-05-2039
423152,28-02-2003,"Benedita FM - Produções Radiofónicas, Lda.",R. Alto da Vila,2475-107,Benedita,Alcobaça,Leiria,,Benedita FM,"R. da Rádio, 4 - Apartado 118",2475-999,Benedita,Alcobaça,Leiria,,88.1,Generalista,Local,Leiria,Alcobaça,Elvis Raimundo,Elvis Raimundo,BENEDITA,geral@beneditafm.pt,08-05-2039
423154,27-03-2003,"Rádio Regional de Aveiro - Empresa de Radiodifusão, Lda.","R. António Luís Gomes, 138-C",4400-125,Vila Nova de Gaia,Vila Nova de Gaia,Porto,,Mega Hits Aveiro,"R. António Luís Gomes, 138-C",4400-125,Vila Nova de Gaia,Vila Nova de Gaia,Porto,,96.5,Temático - Musical,Local,Aveiro,Aveiro,Nelson de Carvalho Cunha,José Pedro Leal Gonçalves,AVEIRO F,paula.matos@rcom.pt,08-05-2039
423155,27-03-2003,"Guimapress, S.A.","R. Dr. José Sampaio, 264",4810-275,Guimarães,Guimarães,Braga,,Rádio Santiago,"R. Dr. José Sampaio, 264",4810-275,Guimarães,Guimarães,Braga,,98.0,Generalista,Local,Braga,Guimarães,Américo Rui Faria Simões,Joaquim António Pereira Fernandes,SANTIAGO,,29-03-2039
423156,27-03-2003,"Infor Barroso - Informação, Lda","Travessa do Pólo Norte, 6 - 1.º Esq.",5470-251,Montalegre,Montalegre,Vila Real,,Rádio Montalegre,"Travessa do Pólo Norte, 6 - 1º Esq",5470-251,Montalegre,Montalegre,Vila Real,,97.5,Generalista,Local,Vila Real,Montalegre,Maria José Afonso da Silva Costa Tinoco,Maria de Fátima dos Santos Teixeira Monteiro,MONTELGR,director@radiomontalegre.net,29-03-2039
423157,16-04-2003,"Tavirádio - Cooperativa de Radiodifusão, C.R.L.",R. dos Pelames - Terminal Rodoviário - 1º,8800-411,Tavira,Tavira,Faro,,Rádio Horizonte Algarve,R. dos Pelames - Terminal Rodoviário - 1º,8800-411,Tavira,Tavira,Faro,,96.9,Generalista,Local,Faro,Tavira,Deonilde Martins,Ademar Dias,HORIZONT,deonilde.p.martins@gmail.com,21-05-2039
423158,16-04-2003,"Paivimo, Unipessoal, Lda.","R. Fausto Nunes Dias, 5",2600-145,Vila Franca de Xira,Vila Franca de Xira,Lisboa,,Ultra FM,"R. Fausto Nunes Dias, 5",2600-145,Vila Franca de Xira,Vila Franca de Xira,Lisboa,,88.2,Generalista,Local,Lisboa,Vila Franca de Xira,Luís Miguel Jacinto dos Santos,David Paulo Gouveia Martins,ULTRAFM,geral@ultrafm.pt,08-05-2039
423160,05-05-2003,"Sons da Botaréu - Actividades de Rádio, Unipessoal, Lda.","Rua José Sucena, 120 - 3.º E	",3750-157,Águeda,Águeda,Aveiro,,Rádio Botareu,"Rua José Sucena, 120 - 3.º E",3750-157,Águeda,Águeda,Aveiro,,100,Generalista,Local,Aveiro,Águeda,Ricardo Manuel Dias Abrantes,Ricardo Manuel Dias Abrantes,BOTAREU,radiobotareu@gmail.com,21-05-2039
423161,16-05-2003,"Record FM - Sociedade de Meios Audiovisuais de Sintra, Unipessoal Lda.","R. Dr. Coutinho Pais, 25 A/25B",2770-180,Terrugem,Oeiras,Lisboa,,Maiorca FM,"R. Dr. Coutinho Pais, 25 A",2770-180,Terrugem,Oeiras,Lisboa,,92.1,Generalista,Local,Coimbra,Figueira da Foz,José Paulo do Carmo O. A. Peres,José Manuel Duarte de Matos,MAIORCA,geral@recordfm.pt,08-05-2039
423161,16-05-2003,"Record FM - Sociedade de Meios Audiovisuais de Sintra, Unipessoal Lda.","R. Dr. Coutinho Pais, 25 A/25B",2770-180,Terrugem,Oeiras,Lisboa,,Record FM,"R. Coutinho Pais, 25-A/B",2770-180,Terrugem,Oeiras,Lisboa,,107.7,Generalista,Local,Lisboa,Sintra,José Paulo do Carmo Peres,José Manuel Duarte de Matos,RECORD,geral@recordfm.pt,29-03-2039
423161,16-05-2003,"Record FM - Sociedade de Meios Audiovisuais de Sintra, Unipessoal Lda.","R. Dr. Coutinho Pais, 25 A/25B",2770-180,Terrugem,Oeiras,Lisboa,,Record Leiria,"Quinta do Amparo, Lt. 4 - R/C Esq.",2415-396,Leiria,Leiria,Leiria,,101.4,Generalista,Local,Leiria,Leiria,José Paulo do Carmo Peres,José Manuel Duarte de Matos,RECORD L,geral@recordfm.pt,08-05-2039
423162,16-05-2003,"Mediaborba - Sociedade de Comunicação Social, Unipessoal, Lda.","R. Fernão Penteado, 20",7150-128,Borba,Borba,Évora,,Rádio Borba,"R. Fernão Penteado, 20",7150-128,Borba,Borba,Évora,,93.8,Generalista,Local,Évora,Borba,Ângelo João Guarda Verdades de Sá,Pedro Duarte Abelho Grego Esteves,,mediaborba@gmail.com,05-03-2039
423163,16-05-2003,"Rádio Voz da Raia, Sociedade Unipessoal, Lda.",Convento de Stº António,6090-547,Penamacor,Penamacor,Castelo Branco,,Rádio Voz da Raia,Convento de Santo António,6090-547,Penamacor,Penamacor,Castelo Branco,,87.7,Temático - Musical,Local,Castelo Branco,Penamacor,Luís Teixeira,--,RADIO VO,radiovozdaraia@gmail.com,29-03-2039
423164,19-05-2003,Associação Cultural Regional do Zêzere,"R. Manuel Dias Ferreira, 44 - Edificio Casa do Povo",2240-357,Ferreira do Zêzere,Ferreira do Zêzere,Santarém,,Emissor Regional do Zêzere,"R. Manuel Dias Ferreira, 44 - Edificio Casa do Povo",2240-357,Ferreira do Zêzere,Ferreira do Zêzere,Santarém,,102.7,Generalista,Local,Santarém,Ferreira do Zêzere,Rui Antunes,António Augusto Godinho e Freitas,ERZ--FZZ,emissorregionalzezere@gmail.com,10-06-2039
423165,27-05-2003,"Bastomédia - Produções de Rádio e Espectáculos, Lda.",Crespos,4890-264,Celorico de Basto,Celorico de Basto,Braga,,Rádio Região de Basto,Crespos - Britelo,4890-264,Celorico de Basto,Celorico de Basto,Braga,,105.6,Generalista,Local,Braga,Celorico de Basto,Fernando Teixeira Machado,Ana Bárbara Ferreira Mesquita Rola Pereira,RRBASTO,rrb@radioregiaodebasto.com,05-03-2039
423167,05-06-2003,"Socirol - Sociedade de Radiodifusão Limiana, Lda.","R. General Norton de Matos, 647",4990-118,Ponte de Lima,Ponte de Lima,Viana do Castelo,,Rádio Ondas do Lima,"R. General Norton de Matos, 38",4990-118,Ponte de Lima,Ponte de Lima,Viana do Castelo,,95.0,Generalista,Local,Viana do Castelo,Ponte de Lima,António Abílio Barros Sá Lima,António Alberto Tovela Frias Tavares,R O L,radio@ondasdolima.pt,21-05-2039
423168,05-06-2003,"Rádio Pax - Cooperativa de Serviços, CRL","R. de Angola, T. C - 11º",7800-468,Beja,Beja,Beja,,Rádio Pax,"R. de Angola, Torre C - 11º",7800-468,Beja,Beja,Beja,,101.4,Generalista,Local,Beja,Beja,António Lúcio Fraústo,António Lúcio Fraústo,PAX BEJA,claudiahilario7@gmail.com,21-05-2039
423171,23-06-2003,"Cooperativa Rádio Ansiães, CRL","R. Tenente Aviador Melo Rodrigues, 324",5140-100,Carrazeda de Ansiães,Carrazeda de Ansiães,Bragança,,Rádio Ansiães,"R. Tenente Aviador Melo Rodrigues, 324",5140-100,Carrazeda de Ansiães,Carrazeda de Ansiães,Bragança,,98.1,Generalista,Local,Bragança,Carrazeda de Ansiães,Filipe Ricardo Magalhães de Carvalho,Eduardo António Pinto,ANSIAES,almanuelpinto@radioansiaes.pt,22-12-2039
423172,27-06-2003,"Rádio 100 - Sociedade de Produções Audiovisuais, Lda.","Praceta Salgueiro Maia, 9/10",2080-049,Almeirim,Almeirim,Santarém,,RES FM,"Pcta Salgueiro Maia, 9/10",2080-049,Almeirim,Almeirim,Santarém,,107.9,Temático - Musical,Local,Santarém,Alpiarça,Filipe Gonçalo Fernandes Charama,Sérgio António Baptista Teodósio,,res.radio.fm@gmail.com,22-12-2039
423173,27-06-2003,"Rádio Bonfim - Produções Audiovisuais, Lda","Pcta. Salgueiro Maia, 9 e 10",2080-049,Almeirim,Almeirim,Santarém,,Rádio Bonfim,"Pcta. Salgueiro Maia, 9 e 10",2080-049,Almeirim,Almeirim,Santarém,,104.9,Generalista,Local,Santarém,Chamusca,Maria de Fátima Charana,Sérgio António Teodósio,,admin@radiobonfim.com,05-03-2039
423174,27-06-2003,"Pacheco & Freitas, Lda.","R. Nova dos Prestes, 17 - 2º Dto",9500-716,São Roque,Ponta Delgada,Ilha de São Miguel,Região Autónoma dos Açores,Rádio Vila Franca,"R. de Lisboa, 12 H, 3º Dto",9500-216,Ponta Delgada,Ponta Delgada,Ilha de São Miguel,Região Autónoma dos Açores,105,Generalista,Local,Ilha de São Miguel,Vila Franca do Campo,Tânia Claudia Freitas Medeiros Lourenço,Filipe Miguel Machado Malta,,radio105fmacores@gmail.com,22-05-2026
423175,27-06-2003,"Costa & Osório, Unipessoal, Lda.","R. Manuel José Medeiros, 5",9650-425,Povoação,Povoação,Ilha de São Miguel,Região Autónoma dos Açores,Canal FM,"R. Manuel Augusto Amaral, 1-D - 2.º Dto.",9500-222,Ponta Delgada,Ponta Delgada,Ilha de São Miguel,Região Autónoma dos Açores,91,Generalista,Local,Ilha de São Miguel,Povoação,Mário Travanca,Mário Travanca,CANAL FM,mariotravanca@canal.fm,12-02-2041
423175,27-06-2003,"Costa & Osório, Unipessoal, Lda.","R. Manuel José Medeiros, 5",9650-425,Povoação,Povoação,Ilha de São Miguel,Região Autónoma dos Açores,Canal FM Centro,"R. Manuel Augusto Amaral, 1-D - 2º Dto.",9500-222,Ponta Delgada,Ponta Delgada,Ilha de São Miguel,Região Autónoma dos Açores,100.5,Generalista,Local,Ilha de São Jorge,Calheta (São Jorge),Mário Travanca,Mário Travanca,,mariotravanca@canal.fm,27-03-2041
423177,04-07-2003,"Rádio Clube da Feira, Emissor das Terras de Sta. Maria, CRL","Av. 5 de Outubro, 12",4520-162,Santa Maria da Feira,Santa Maria da Feira,Aveiro,,Rádio Clube da Feira,"Av. 5 de Outubro, 12",4520-162,Santa Maria da Feira,Santa Maria da Feira,Aveiro,,104.7,Generalista,Local,Aveiro,Santa Maria da Feira,Rufino Ribeiro,Paulo Sérgio Gonçalves,,radioclubedafeira@gmail.com,08-05-2039
423178,11-07-2003,"Cincup - Cooperativa de Informação e Cultura de Porto de Mós, C.R.L.","R. Mestre de Aviz, 1, R/C D",2480-339,Porto de Mós,Porto de Mós,Leiria,,Rádio D. Fuas,"R. Mestre de Aviz, 1, R/C D",2480-339,Porto de Mós,Porto de Mós,Leiria,,100.1,Generalista,Local,Leiria,Porto de Mós,Luís Carvalho,Jéssica Moás de Sá,DOM FUAS,oportomosense@gmail.com,29-03-2039
423179,11-07-2003,"Mafra FM - Cooperativa de Radiodifusão, CRL","Av. 25 de Abril, Edif. Municipal de Serviços - Loja do Cidadão, Piso 3",2640-456,Mafra,Mafra,Lisboa,,RCM-Rádio do Concelho de Mafra,"Av. 25 de Abril, Edf. Municipal de Serviços - Loja do Cidadão, Piso 3",2640-456,Mafra,Mafra,Lisboa,,105.6,Generalista,Local,Lisboa,Mafra,Jorge Humberto Santos Carnaxide,Evaristo António Gonçalves Nunes Forte,RCMAFRA,mafrafm@rcmafra.pt,05-03-2039
423180,11-07-2003,"Verbum Media - Comunicação, Lda.","PQ. Industrial da Zona Oeste, lote 11, Ribeira dos Socorridos",9304-005,Câmara de Lobos,Câmara de Lobos,Ilha da Madeira,Região Autónoma da Madeira,Santana FM,"PQ. Industrial da Zona Oeste, lote 11, Ribeira dos Socorridos",9304-005,Câmara de Lobos,Câmara de Lobos,Ilha da Madeira,Região Autónoma da Madeira,92.5,Generalista,Local,Ilha da Madeira,Santana,Miguel Amaro Melim Guarda,Miguel Amaro Melim Guarda,SANTANA,santanafm@gmail.com,22-05-2041
423181,17-07-2003,Associação Rádio Universitária do Algarve,Horta do Ferragial Lt.16 - A,8000-544,Faro,Faro,Faro,,Rua FM,Horta do Ferragial Lt. 16 - A,8000-544,Faro,Faro,Faro,,102.7,Universitário,Local,Faro,Faro,Pedro Miguel Custódio Duarte,Pedro Miguel Custódio Duarte,RUA FM,ruafm@rua.pt,27-11-2027
423182,17-07-2003,"Rádio Sem Fronteiras - Sociedade de Radiodifusão, S.A.","R. Dr. Coutinho Pais, 25 - A",2770-180,Terrugem,Oeiras,Lisboa,,Rádio Linear,"R. Raimundo de Carvalho, 242 R/C, escrit.1",4430-185,Vila Nova de Gaia,Vila Nova de Gaia,Porto,,88.6,Generalista,Local,Porto,Vila do Conde,José Paulo do Carmo O. A. Peres,José Matos,LINEAR,geral@recordfm.pt,08-05-2039
423182,17-07-2003,"Rádio Sem Fronteiras - Sociedade de Radiodifusão, S.A.","R. Dr. Coutinho Pais, 25 - A",2770-180,Terrugem,Oeiras,Lisboa,,Rádio Positiva,"R. Doutor José Espírito Santo, 36",1950-097 Lisboa,Marvila,Lisboa,Lisboa,,95.0,Temático - Musical,Local,Lisboa,Oeiras,José Paulo do Carmo Peres,José Manuel Duarte de Matos,POSITIVA,geral@recordfm.pt,29-03-2039
423184,12-08-2003,"Rádio Clube (Madeira), Lda.","R. dos Estados Unidos da América, 146-150",9000-090,Funchal,Funchal,Ilha da Madeira,Região Autónoma da Madeira,Rádio Clube,"R. dos Estados Unidos da América, 146-150",9000-090,Funchal,Funchal,Ilha da Madeira,Região Autónoma da Madeira,106.8,Generalista,Local,Ilha da Madeira,Funchal,Nuno Agostinho,José Ferdinando Alves,R-CLUBE,recepcao@somagesconta.pt,29-03-2039
423185,12-08-2003,"Cooperativa Rádio Vouzela, CRL","Zona Indústrial Monte Cavalo, Lote 1",3670-272,Monte Cavalo,Vouzela,Viseu,,Rádio Vouzela,"Zona Industrial Monte Cavalo, Lt. 1",3670-272,Monte Cavalo,Vouzela,Viseu,,94.6,Generalista,Local,Viseu,Vouzela,Arsénio Saraiva Martins,Sandra Rodrigues,VFM,direccao.vfm@gmail.com,29-03-2039
423186,12-08-2003,"Ramos, Marques e Vasconcelos, Lda",Sítio da Bemposta - Complexo Habit. Ap. A1 e A2,9200-012,Bemposta,Machico,Ilha da Madeira,Região Autónoma da Madeira,Rádio Festival Madeira,"R. dos Estados Unidos da América, 146 - 150",9004-504,Funchal,Funchal,Ilha da Madeira,Região Autónoma da Madeira,98.4,Generalista,Local,Ilha da Madeira,Ribeira Brava,Rogério Xavier Capelo,José Ferdinando Vieira Rodrigues Alves,,recepcao@somagesconta.pt,05-03-2039
423186,12-08-2003,"Ramos, Marques e Vasconcelos, Lda",Sítio da Bemposta - Complexo Habit. Ap. A1 e A2,9200-012,Bemposta,Machico,Ilha da Madeira,Região Autónoma da Madeira,Rádio Palmeira,"Sítio da Bemposta, Complexo Habit., Ap. A1 e A2",9200-012,Bemposta,Machico,Ilha da Madeira,Região Autónoma da Madeira,96.1,Generalista,Local,Ilha da Madeira,Santa Cruz,Rogério Xavier Capelo,José Ferdinando Vieira Rodrigues Alves,,recepcao@somagesconta.pt,05-03-2039
423186,12-08-2003,"Ramos, Marques e Vasconcelos, Lda",Sítio da Bemposta - Complexo Habit. Ap. A1 e A2,9200-012,Bemposta,Machico,Ilha da Madeira,Região Autónoma da Madeira,Rádio Sol,Sítio das Murteiras - Canha,9360-354,Canhas,Ponta do Sol,Ilha da Madeira,Região Autónoma da Madeira,103.7,Generalista,Local,Ilha da Madeira,Ponta do Sol,Rogério Xavier Capelo,José Ferdinando Vieira Rodrigues Alves,,recepcao@somagesconta.pt,05-03-2039
423186,12-08-2003,"Ramos, Marques e Vasconcelos, Lda",Sítio da Bemposta - Complexo Habit. Ap. A1 e A2,9200-012,Bemposta,Machico,Ilha da Madeira,Região Autónoma da Madeira,Rádio Zarco,"Sítio da Bem Posta, Complexo Habit., Ap. A1 e A2",9200-012,Bemposta,Machico,Ilha da Madeira,Região Autónoma da Madeira,89.6,Generalista,Local,Ilha da Madeira,Machico,Rogério Xavier Capelo,José Ferdinando Vieira Rodrigues Alves,,recepcao@somagesconta.pt,05-03-2039
423187,12-08-2003,Rádio Universidade de Coimbra - Associação Académica de Coimbra,"R. Pe. António Vieira, 1, 3º andar, Edf. AAC",3000-315,Coimbra,Coimbra,Coimbra,,Rádio Universidade de Coimbra,"R. Pe. António Vieira, Edf. AAC",3000-315 Coimbra,Coimbra,Coimbra,Coimbra,,107.9,Generalista,Local,Coimbra,Coimbra,Poe Oleksandr Narovatkin,Helena Catarina Fernandes Pais,RUC,admin@ruc.pt,29-03-2039
423188,12-08-2003,"Antena Nove, CRL","R. de S. João, 38-B",9900-129,Horta,Horta,Ilha do Faial,Região Autónoma dos Açores,Antena Nove,"R. de S. João, 38-B",9900-129,Horta,Horta,Ilha do Faial,Região Autónoma dos Açores,91.3,Generalista,Local,Ilha do Faial,Horta,José Manuel Silveira Lemos,Ulisses Rosa,ANTENA 9,radioantenanove@sapo.pt,05-03-2039
423189,12-08-2003,"Publidifusão, Sociedade de Radiodifusão e Publicidade, Lda.","Travessa do Olival, 6",2685-086,Sacavém,Loures,Lisboa,,Rádio Orbital,"Travessa do Olival, 6",2685-086,Sacavém,Loures,Lisboa,,101.9,Temático - Musical,Local,Lisboa,Loures,Álvaro José Rodrigues de Sousa,-,ORBITAL,orbital@orbital.pt,29-03-2039
423190,14-08-2003,Cooperativa Santo André Rádio e Cultura CRL,"Bairro da Ferreira, 36",3350-074,Bairro da Ferreira,Vila Nova de Poiares,Coimbra,,Antena Mundial,"Bairro da Ferreira, 36",3350-074,Bairro da Ferreira,Vila Nova de Poiares,Coimbra,,100.5,Generalista,Local,Coimbra,Vila Nova de Poiares,Nuno Miguel Domingues Soares,Sara Raquel Ferreira Salgado Soares,MUNDIAL,geral@mundialfm.pt,11-06-2039
423191,14-08-2003,"Rádio Clube de Alcoutim, Lda",Serro - Balurcos,8970-017,Cerro dos Balurcos,Alcoutim,Faro,,Rádio Clube de Alcoutim,Cerro - Balurcos,8970-017,Cerro dos Balurcos,Alcoutim,Faro,,94.4,Generalista,Local,Faro,Alcoutim,João Carlos da Silva Simões,Rúben Filipe Corvo Silva,RCA-SUL,rcasul94.3@gmail.com,16-09-2026
423192,14-08-2003,"EDR - Empresa de Difusão de Rádio, S.A.",Av. Combatentes da Grande Guerra - Edificio Lis - 10º Piso,2400-122,Leiria,Leiria,Leiria,,Rádio Observador Leiria,"Av. Combatentes da Grande Guerra, Edificio Lis 10 Piso",2400-122,Leiria,Leiria,Leiria,,94,Temático - Informativo,Local,Leiria,Leiria,Luís Miguel Chagas Vieira Martins,Luís Miguel Chagas Vieira Martins,OBSRVDOR,geral@radio94fm.pt,08-05-2039
423193,14-08-2003,"97.5 FM - Rádio Portel, Unipessoal, Lda.","R. da Misericórdia, 9",7000-651,Évora,Évora,Évora,,Rádio Maria Alentejo,"Estrada da Portela, 73, Piso 1, Esc. 9/10",2790-124,Carnaxide,Oeiras,Lisboa,,97.5,Generalista,Local,Évora,Portel,Marco Fernando da Silva Luís,Cláudia Margarida A. L. Santos Mirra,RMaria A,administracao@adefesa.org,06-11-2040
423195,16-09-2003,"RCCI - Radio Comunicação Criatividade e Imagem, Lda.","R. Abel Teixeira Pinto nº 7, salas 02/03 - Torres da Bela Vista",2660-206,Santo António dos Cavaleiros,Loures,Lisboa,,Tropical FM,"R. dos Lusíadas, 152",1300-369,Lisboa,Lisboa,Lisboa,,95.3,Generalista,Local,Setúbal,Moita,José Eduardo Barbetti,Andrea de Oliveira Duarte,TROPICAL,barbetti@tropicalfm.pt,08-05-2039
423196,19-09-2003,"Inforádio - Comunicação Social, S.A.","Praça Luís Ribeiro, 23 - C. Comercial América, Lj. 514",3700-172,São João da Madeira,São João da Madeira,Aveiro,,Informédia Rádio,"Praça Luis Ribeiro - Edº Parque América, 514",3700-172,São João da Madeira,São João da Madeira,Aveiro,,106.3,Generalista,Local,Aveiro,São João da Madeira,Joaquim Jardim,Ferreira Neto,IN4MEDIA,geral.informedia@gmail.com,11-06-2039
423197,22-09-2003,"ERO - Empresa de Radiodifusão do Oeste, Lda.","R. de Huila, 7 A",2500-275,Caldas da Rainha,Caldas da Rainha,Leiria,,91 FM Rádio,"R. de Huila, 7 A",2500-275,Caldas da Rainha,Óbidos,Leiria,,91.0,Generalista,Local,Leiria,Óbidos,João Costa,Pedro Miguel Caetano Silva,91 FM,localstarsa@gmail.com,29-03-2039
423198,06-10-2003,"Diana FM - Radiodifusão Unipessoal, Lda.","Mercado Abastecedor da Região de Évora, Escritório EE 08",7005-873,Évora,Évora,Évora,,Rádio Diana,"Mercado Abastecedor da Região de Évora, Escritório EE 08",7005-873,Évora,Évora,Évora,,94.1,Generalista,Local,Évora,Évora,Luís Filipe Vieira Matias,Ana Teresa de Oliveira Machado,DIANA-EV,geral@dianafm.com,08-05-2039
423199,29-10-2003,"Douro FM, CRL","Av. Sacadura Cabral, Edif. Sialto 1º. Ent. 1",5050-071,Godim,Peso da Régua,Vila Real,,Rádio Douro FM,"Av. Sacadura Cabral, Edif. Sialto, 1º andar, Ent. 1",5050-071,Godim,Peso da Régua,Vila Real,,91.4,Generalista,Local,Viseu,Tabuaço,Monteiro Maria,Marla Pereira,,radio.dourofm@gmail.com,29-03-2039
423200,10-11-2003,"Rádio Dueça Informiranda, CRL","Edifício Cantina Escolar D. Maria da Assunção Antunes, R. Dr. Rosa Falcão, 113",3220-246,Miranda do Corvo,Miranda do Corvo,Coimbra,,Rádio Dueça,"Edifício Cantina Escolar D. Maria da Assunção Antunes, R. Dr. Rosa Falcão, 113",3220-246,Miranda do Corvo,Miranda do Corvo,Coimbra,,94.5,Generalista,Local,Coimbra,Miranda do Corvo,António Joaquim Costa da Cruz,João Paulo dos Santos Lucas,,radio94.5@sapo.pt,29-03-2039
423201,10-11-2003,Rádio Clube de Angra,Av. Ten. Cor. José Agostinho S/N,9700-108,Angra do Heroísmo,Angra do Heroísmo,Ilha Terceira,Região Autónoma dos Açores,Rádio Clube de Angra,"Av. Ten. Cor. José Agostinho, S/N",9700-108,Angra do Heroísmo,Angra do Heroísmo,Ilha Terceira,Região Autónoma dos Açores,101.1,Generalista,Local,Ilha Terceira,Angra do Heroísmo,Pedro M. B. Ferreira,João Aranda e Silva,RC ANGRA,direccao@rcangra.pt,05-03-2039
423202,23-02-2004,"Super Onda, Unipessoal, Lda.","R. Bento José Morais, 23 - 5º Sul",9500-772,Ponta Delgada,Ponta Delgada,Ilha de São Miguel,Região Autónoma dos Açores,R80 Super Onda,"R. Bento José Morais, 23 - 5º Esq.",9500-772,Ponta Delgada,Ponta Delgada,Ilha de São Miguel,Região Autónoma dos Açores,90.2,Generalista,Local,Ilha de São Miguel,Nordeste,Carlos Alberto Pires Antunes,Cristina Cabral Silva,R80,r80.superonda@gmail.com,06-02-2041
423203,23-02-2004,Associação Humanitária Bombeiros Voluntários da Vidigueira,Quartel dos Bombeiros Voluntários da Vidigueira - Estrada da Circunvalação,7960-212,Vidigueira,Vidigueira,Beja,,Rádio Vidigueira,Estrada da Circunvalação,7960-212,Vidigueira,Vidigueira,Beja,,90.0,Generalista,Local,Beja,Vidigueira,Joaquim José Louro Oliveira,Marco Abundância,,geral@radiovidigueira.pt,22-12-2039
423204,23-02-2004,"Rede A - Emissora Regional do Sul, Lda","R. Viriato, 25 - 4.º",1050-234,Lisboa,Lisboa,Lisboa,,SW,"Rua Viriato, 25 - 6º",1050-234,Lisboa,Lisboa,Lisboa,,100.8,Temático - Musical,Local,Setúbal,Almada,Paulo Jorge da Silva Rolo,Antonieta Lopes da Costa,SW,paulo.jorge@radiomeosudoeste.pt,29-03-2039
423205,23-02-2004,"Voz da Planície - Cooperativa Cultural de Animação Radiofónica, CRL","R. da Misericórdia, 4",7800-285,Beja,Beja,Beja,,Rádio Voz da Planície,"R. da Misericórdia, 4",7800-285,Beja,Beja,Beja,,104.5,Generalista,Local,Beja,Beja,Rui Manuel de Sousa Eugénio,Carlos Alberto Lopes Pereira,RVP-BEJA,escritorio@vozdaplanicie.pt,21-05-2039
423206,23-02-2004,"Frequência Máxima - Gestão de Rádio, Lda.","R. Alfredo Cunha, 478, R/C, Loja 2",4450-022,Matosinhos,Matosinhos,Porto,,Rádio Festival,"Rua Alfredo Cunha, 478, r/c loja 2",4450-021,MATOSINHOS,Matosinhos,Porto,,107.4,Generalista,Local,Porto,Santo Tirso,Marlene Filipa Santos,Marlene Filipa Santos,FESTIVAL,contabilidade@radiofestival.com.pt,08-05-2039
423207,01-03-2004,"Castelo de Lanhoso 2, Comunicação Social,  Lda","R. Eng. Albino Pinto da Silva, 10",4830-565,Póvoa de Lanhoso,Póvoa de Lanhoso,Braga,,Nove3cinco,"R. Eng. Albino Pinto da Silva, 10",4830-565,Póvoa de Lanhoso,Póvoa de Lanhoso,Braga,,93.5,Temático - Musical,Local,Braga,Póvoa de Lanhoso,Marcel Alex Carilli,__,NOV3CINC,radio@nove3cinco.com,21-05-2039
423208,01-03-2004,"Betamar - Rádio Ilha Dourada, Lda","R. Goulart Medeiros, 1",9400-164,Porto Santo,Porto Santo,Ilha de Porto Santo,Região Autónoma da Madeira,Rádio Praia,R. Estevão Alencastre,9400-161,Porto Santo,Porto Santo,Ilha de Porto Santo,Região Autónoma da Madeira,91.6,Generalista,Local,Ilha de Porto Santo,Porto Santo,Ladislau Sousa,Ladislau Sousa,R.PRAIA,radiopraia@opermad.pt,14-03-2026
423209,12-03-2004,"Media On - Comunicação Social, Lda.","R. Gen. Humberto Delgado, Edifício Mira Rio - C/V",2200-122,Abrantes,Abrantes,Santarém,,Rádio Antena Livre,"R. General Humberto Delgado, Edifício Mira Rio - Cave",2200-117,Abrantes,Abrantes,Santarém,,96.7,Generalista,Local,Santarém,Abrantes,Paulo Jorge do Rosário Marques Delgado,Patrícia Susana Lucas Seixas Carlos,ANTLIVRE,geral@antenalivre.pt,08-05-2039
423210,12-03-2004,Clube Asas do Atlântico,"Avenida do Faial, s/n, Aeroporto de Santa Maria",9580-501,Vila do Porto,Vila do Porto,Ilha de Santa Maria,Região Autónoma dos Açores,Asas do Atlântico A Rádio Comercial dos Açores,"Avenida do Faial, s/n",9580-501,Aeroporto,Vila do Porto,Ilha de Santa Maria,Região Autónoma dos Açores,103.2,Generalista,Local,Ilha de Santa Maria,Vila do Porto,Helena Barros,António Monteiro,ASAS FM,geral@asasdoatlantico.pt,30-06-2040
423211,19-03-2004,Associação Cultural de Torre de Moncorvo,"Pátio das Associações, Largo da Corredoura",5160-235,Torre de Moncorvo,Torre de Moncorvo,Bragança,,Rádio Torre de Moncorvo,"Pátio das Associações, Largo da Corredoura",5160-222,Torre de Moncorvo,Torre de Moncorvo,Bragança,,95.9,Generalista,Local,Bragança,Torre de Moncorvo,Porfírio André Nunes Evangelista,Maria João Cardoso Canadas,MONCORVO,radiomoncorvo@sapo.pt,29-03-2039
423212,22-03-2004,"Difusão de Ideias - Sociedade de Radiodifusão, Lda.","R. Tomás da Fonseca, Torre E, 3.º",1600-209,Lisboa,Lisboa,Lisboa,,Rádio Jovem,"R. Tomás da Fonseca, Torre E, 3.º",1600-209,Lisboa,Lisboa,Lisboa,,105.4,Temático - Informativo,Local,Évora,Évora,Nuno Filipe Domingues,Nuno Filipe Domingues,,jorge.c.ribeirinho@globalmediagroup.pt,08-05-2039
423214,14-04-2004,"R.J.TV. -Rádio, Jornais e Televisão, Meios, Comunicação e Audiovisuais, Lda","Edíf. Mical, Loja 1 - Piso Superior - Estrada de Manique",2649-502,Manique,Cascais,Lisboa,,105.4 FM,DNA Cascais - Rua Cruz de Popa - Piso 03 - Sala 36,2645-449,Alcabideche,Cascais,Lisboa,,105.4,Generalista,Local,Lisboa,Cascais,Rui Pedro Santos,Rui Pedro Santos,1054ROCK,rui.marques@1054cascais.com,29-03-2039
423215,14-04-2004,"Ciclone - Publicações e Difusões, Lda","Canada da Francesa, 29",9700-590,São Mateus,Angra do Heroísmo,Ilha Terceira,Região Autónoma dos Açores,Rádio Horizonte,"Rua da Guarita, 72",9700-096,Angra do Heroísmo,Angra do Heroísmo,Ilha Terceira,Região Autónoma dos Açores,104.4,Generalista,Local,Ilha Terceira,Angra do Heroísmo,Jorge Manuel Pereira Brum Pacheco,Jorge Manuel Pereira Brum Pacheco,HORIZONT,radio@horizonteacores.com,05-03-2039
423216,14-04-2004,"Bmhaudio Portugal Holdings, Unipessoal, Lda. & Comandita","R. Sampaio e Pina, 24 - 26",1099-044,Lisboa,Lisboa,Lisboa,,Batida FM,"R. Sampaio e Pina, 24-26",1099-044,Lisboa,Lisboa,Lisboa,,107.2,Temático - Musical,Local,Lisboa,Amadora,Manuel Cabral,---,BATIDAFM,salvador.ribeiro@bauermedia.pt,29-03-2039
423216,14-04-2004,"Bmhaudio Portugal Holdings, Unipessoal, Lda. & Comandita","R. Sampaio e Pina, 24 - 26",1099-044,Lisboa,Lisboa,Lisboa,,Batida FM Cantanhede,"R. Sampaio e Pina, 24-26",1099-044,Lisboa,Lisboa,Lisboa,,103.00,Temático - Musical,Local,Coimbra,Cantanhede,Manuel Cabral,---,,salvador.ribeiro@bauermedia.pt,05-03-2039
423216,14-04-2004,"Bmhaudio Portugal Holdings, Unipessoal, Lda. & Comandita","R. Sampaio e Pina, 24 - 26",1099-044,Lisboa,Lisboa,Lisboa,,Batida FM Maia,"R. Sampaio e Pina, 24/26",1099-044,Lisboa,Lisboa,Lisboa,,94.3,Temático - Musical,Local,Porto,Maia,Manuel Cabral,--,,salvador.ribeiro@bauermedia.pt,08-05-2039
423216,14-04-2004,"Bmhaudio Portugal Holdings, Unipessoal, Lda. & Comandita","R. Sampaio e Pina, 24 - 26",1099-044,Lisboa,Lisboa,Lisboa,,Batida FM Moita,"R. Sampaio e Pina, 24/26",1099-044,Lisboa,Lisboa,Lisboa,,101.1,Temático - Musical,Local,Setúbal,Moita,Manuel Cabral,----,,salvador.ribeiro@bauermedia.pt,08-05-2039
423216,14-04-2004,"Bmhaudio Portugal Holdings, Unipessoal, Lda. & Comandita","R. Sampaio e Pina, 24 - 26",1099-044,Lisboa,Lisboa,Lisboa,,Cidade FM -  Vale de Cambra,"R. Sampaio e Pina, 24",1099-044,Lisboa,Lisboa,Lisboa,,101.0,Temático - Musical,Local,Aveiro,Vale de Cambra,Manuel Cabral,Teresa Mota,RCLUB VC,salvador.ribeiro@bauermedia.pt,29-03-2039
423216,14-04-2004,"Bmhaudio Portugal Holdings, Unipessoal, Lda. & Comandita","R. Sampaio e Pina, 24 - 26",1099-044,Lisboa,Lisboa,Lisboa,,Cidade FM Centro,"R. Sampaio e Pina, 24-26",1099-044,Lisboa,Lisboa,Lisboa,,99.7,Temático - Musical,Local,Coimbra,Penacova,Manuel Cabral,Teresa Mota,CIDADEFM,salvador.ribeiro@bauermedia.pt,29-03-2039
423216,14-04-2004,"Bmhaudio Portugal Holdings, Unipessoal, Lda. & Comandita","R. Sampaio e Pina, 24 - 26",1099-044,Lisboa,Lisboa,Lisboa,,Cidade FM Lisboa,"R. Padre António Vieira, 5 - 2º",1070-194,Lisboa,Lisboa,Lisboa,,91.6,Temático - Musical,Local,Lisboa,Lisboa,Manuel Cabral,Teresa Mota,CIDADEFM,salvador.ribeiro@bauermedia.pt,05-03-2039
423216,14-04-2004,"Bmhaudio Portugal Holdings, Unipessoal, Lda. & Comandita","R. Sampaio e Pina, 24 - 26",1099-044,Lisboa,Lisboa,Lisboa,,Cidade FM Minho,"R. Sampaio e Pina, 24-26",1099-044,Lisboa,Lisboa,Lisboa,,104.4,Temático - Musical,Local,Braga,Amares,Manuel Cabral,Teresa Mota,CIDADE M,salvador.ribeiro@bauermedia.pt,05-03-2039
423216,14-04-2004,"Bmhaudio Portugal Holdings, Unipessoal, Lda. & Comandita","R. Sampaio e Pina, 24 - 26",1099-044,Lisboa,Lisboa,Lisboa,,Cidade FM Ribatejo,"R. Sampaio e Pina, 24-26",1099-044,Lisboa,Lisboa,Lisboa,,99.3,Temático - Musical,Local,Santarém,Alcanena,Manuel Cabral,Teresa Mota,CIDAD-RI,salvador.ribeiro@bauermedia.pt,05-03-2039
423216,14-04-2004,"Bmhaudio Portugal Holdings, Unipessoal, Lda. & Comandita","R. Sampaio e Pina, 24 - 26",1099-044,Lisboa,Lisboa,Lisboa,,Cidade FM Tejo,"R. Padre António Vieira, 5 - 2º",1070-194,Lisboa,Lisboa,Lisboa,,106.2,Temático - Musical,Local,Setúbal,Montijo,Manuel Cabral,Teresa Mota,CIDADE T,salvador.ribeiro@bauermedia.pt,21-05-2039
423216,14-04-2004,"Bmhaudio Portugal Holdings, Unipessoal, Lda. & Comandita","R. Sampaio e Pina, 24 - 26",1099-044,Lisboa,Lisboa,Lisboa,,M80 Aveiro,"R. Sampaio e Pina, 24-26",1099-044,Lisboa,Lisboa,Lisboa,,94.4,Temático - Musical,Local,Aveiro,Aveiro,Miguel Cruz,Teresa Mota,M80AVEIR,salvador.ribeiro@bauermedia.pt,08-05-2039
423216,14-04-2004,"Bmhaudio Portugal Holdings, Unipessoal, Lda. & Comandita","R. Sampaio e Pina, 24 - 26",1099-044,Lisboa,Lisboa,Lisboa,,M80 Coimbra,"R. Sampaio e Pina, 24-26",1099-044,Lisboa,Lisboa,Lisboa,,98.4,Temático - Musical,Local,Coimbra,Coimbra,Miguel Cruz,Teresa Mota,M80COIMB,salvador.ribeiro@bauermedia.pt,29-03-2039
423216,14-04-2004,"Bmhaudio Portugal Holdings, Unipessoal, Lda. & Comandita","R. Sampaio e Pina, 24 - 26",1099-044,Lisboa,Lisboa,Lisboa,,M80 Leiria,"R. Sampaio e Pina, 24-26",1099-044,Lisboa,Lisboa,Lisboa,,93.0,Temático - Musical,Local,Leiria,Leiria,Miguel Cruz,Teresa Mota,M80LEIRI,salvador.ribeiro@bauermedia.pt,08-05-2039
423216,14-04-2004,"Bmhaudio Portugal Holdings, Unipessoal, Lda. & Comandita","R. Sampaio e Pina, 24 - 26",1099-044,Lisboa,Lisboa,Lisboa,,M80 Manteigas,"R. Sampaio e Pina, 24-26",1099-044,Lisboa,Lisboa,Lisboa,,104.4,Temático - Musical,Local,Guarda,Manteigas,Miguel Cruz,Teresa Mota,,salvador.ribeiro@bauermedia.pt,06-02-2041
423216,14-04-2004,"Bmhaudio Portugal Holdings, Unipessoal, Lda. & Comandita","R. Sampaio e Pina, 24 - 26",1099-044,Lisboa,Lisboa,Lisboa,,M80 Penalva do Castelo,"R. Sampaio e Pina, 24-26",1099-044,Lisboa,Lisboa,Lisboa,,95.6,Temático - Musical,Local,Viseu,Penalva do Castelo,Miguel Cruz,Teresa Mota,M80PCAST,salvador.ribeiro@bauermedia.pt,06-11-2040
423216,14-04-2004,"Bmhaudio Portugal Holdings, Unipessoal, Lda. & Comandita","R. Sampaio e Pina, 24 - 26",1099-044,Lisboa,Lisboa,Lisboa,,M80 Porto,"R. Sampaio e Pina, 24/26",1099-044,Lisboa,Lisboa,Lisboa,,90,Temático - Musical,Local,Porto,Porto,Miguel Cruz,Teresa Mota,M80PORTO,salvador.ribeiro@bauermedia.pt,05-03-2039
423216,14-04-2004,"Bmhaudio Portugal Holdings, Unipessoal, Lda. & Comandita","R. Sampaio e Pina, 24 - 26",1099-044,Lisboa,Lisboa,Lisboa,,M80 Rádio,"R. Sampaio e Pina, 24-26",1099-044,Lisboa,Lisboa,Lisboa,,,Temático - Musical,Regional,,Sul,Miguel Cruz,Teresa Mota,M80,salvador.ribeiro@bauermedia.pt,22-06-2027
423216,14-04-2004,"Bmhaudio Portugal Holdings, Unipessoal, Lda. & Comandita","R. Sampaio e Pina, 24 - 26",1099-044,Lisboa,Lisboa,Lisboa,,M80 Sabugal,"R. Sampaio e Pina, 24-26",1099-044,Lisboa,Lisboa,Lisboa,,96.8,Temático - Musical,Local,Guarda,Sabugal,Miguel Cruz,Teresa Mota,,salvador.ribeiro@bauermedia.pt,05-02-2041
423216,14-04-2004,"Bmhaudio Portugal Holdings, Unipessoal, Lda. & Comandita","R. Sampaio e Pina, 24 - 26",1099-044,Lisboa,Lisboa,Lisboa,,M80 Valongo,"R. Sampaio e Pina, 24-26",1099-044,Lisboa,Lisboa,Lisboa,,105.8,Temático - Musical,Local,Porto,Valongo,Miguel Cruz,Teresa Mota,M80VALNG,salvador.ribeiro@bauermedia.pt,08-05-2039
423216,14-04-2004,"Bmhaudio Portugal Holdings, Unipessoal, Lda. & Comandita","R. Sampaio e Pina, 24 - 26",1099-044,Lisboa,Lisboa,Lisboa,,M80 Vila Real,"R. Sampaio e Pina, 24-26",1099-044,Lisboa,Lisboa,Lisboa,,97.4,Temático - Musical,Local,Vila Real,Vila Real,Miguel Cruz,Teresa Mota,M80VREAL,salvador.ribeiro@bauermedia.pt,22-12-2039
423216,14-04-2004,"Bmhaudio Portugal Holdings, Unipessoal, Lda. & Comandita","R. Sampaio e Pina, 24 - 26",1099-044,Lisboa,Lisboa,Lisboa,,Rádio Comercial,"R. Sampaio e Pina, 24 - 26",1099-044,Lisboa,Lisboa,Lisboa,,,Generalista,Nacional,,,Diogo Beja,Teresa Mota,COMRCIAL,salvador.ribeiro@bauermedia.pt,28-12-2040
423216,14-04-2004,"Bmhaudio Portugal Holdings, Unipessoal, Lda. & Comandita","R. Sampaio e Pina, 24 - 26",1099-044,Lisboa,Lisboa,Lisboa,,Rádio Satélite,"R. Sampaio e Pina, 24-26",1099-044,Lisboa,Lisboa,Lisboa,,107.2,Temático - Musical,Local,Porto,Vila Nova de Gaia,Manuel Cabral,Teresa Mota,CIDADE,salvador.ribeiro@bauermedia.pt,29-03-2039
423216,14-04-2004,"Bmhaudio Portugal Holdings, Unipessoal, Lda. & Comandita","R. Sampaio e Pina, 24 - 26",1099-044,Lisboa,Lisboa,Lisboa,,Smooth FM,"R. Sampaio e Pina, 24-26",1099-044,Lisboa,Lisboa,Lisboa,,103.0,Temático - Musical,Local,Setúbal,Barreiro,Miguel Cruz,Teresa Mota,,salvador.ribeiro@bauermedia.pt,08-05-2039
423216,14-04-2004,"Bmhaudio Portugal Holdings, Unipessoal, Lda. & Comandita","R. Sampaio e Pina, 24 - 26",1099-044,Lisboa,Lisboa,Lisboa,,Smooth FM Figueiró,"R. Sampaio e Pina, 24-26",1099-044,Lisboa,Lisboa,Lisboa,,92.8,Temático - Musical,Local,Leiria,Figueiró dos Vinhos,Miguel Cruz,Teresa Mota,SMOOTHFI,salvador.ribeiro@bauermedia.pt,22-12-2039
423216,14-04-2004,"Bmhaudio Portugal Holdings, Unipessoal, Lda. & Comandita","R. Sampaio e Pina, 24 - 26",1099-044,Lisboa,Lisboa,Lisboa,,Smooth FM Lisboa,"R. Sampaio e Pina,  24-26",1099-044,Lisboa,Lisboa,Lisboa,,96.6,Temático - Musical,Local,Lisboa,Lisboa,Miguel Cruz,Teresa Mota,,salvador.ribeiro@bauermedia.pt,05-03-2039
423216,14-04-2004,"Bmhaudio Portugal Holdings, Unipessoal, Lda. & Comandita","R. Sampaio e Pina, 24 - 26",1099-044,Lisboa,Lisboa,Lisboa,,Smooth FM Matosinhos,"R. Sampaio e Pina, 24/26",1099-044,Lisboa,Lisboa,Lisboa,,89.5,Temático - Musical,Local,Porto,Matosinhos,Miguel Cruz,Teresa Mota,,salvador.ribeiro@bauermedia.pt,29-03-2039
423216,14-04-2004,"Bmhaudio Portugal Holdings, Unipessoal, Lda. & Comandita","R. Sampaio e Pina, 24 - 26",1099-044,Lisboa,Lisboa,Lisboa,,Smooth FM Santarém,"R. Sampaio e Pina, 24-26",1099-044,Lisboa,Lisboa,Lisboa,,97.7,Temático - Musical,Local,Santarém,Santarém,Miguel Cruz,Teresa Mota,,salvador.ribeiro@bauermedia.pt,08-05-2039
423218,14-04-2004,"Rádio Escuro, CRL","Rua José Martins, 28-30",3650-220,Vila Nova de Paiva,Vila Nova de Paiva,Viseu,,Rádio Escuro,"Rua José Martins, 28-30",3650-220,Vila Nova de Paiva,Vila Nova de Paiva,Viseu,,98.0,Generalista,Local,Viseu,Vila Nova de Paiva,Rui Chaves,José Luís Araújo,R ESCURO,radioescuro@gmail.com,29-03-2039
423219,15-04-2004,"Rádio Ilha, Lda.",Rua B-EST 25 de Abril,9760-403,Praia da Vitória,Praia da Vitória,Ilha Terceira,Região Autónoma dos Açores,Top FM - Praia da Vitória,Canada da Francesa 29,9700-590,Angra do Heroísmo,Angra do Heroísmo,Ilha Terceira,Região Autónoma dos Açores,106.6,Generalista,Local,Ilha Terceira,Praia da Vitória,João Saavedra Bruges da Paz,Jorge Manuel Pereira Brum Pacheco,_T_O_P_,gerencia@mytopfm.pt,05-03-2039
423221,26-04-2004,"Baobad - Comunicações e Publicações, S.A.","Av. Visconde de Barreiros, 89, 4º",4470-151,Maia,Maia,Porto,,Metropolitana FM 96.2  ,Santo António da Charneca - Quinta do Abrantes,2835-683,Santo António da Charneca,Barreiro,Setúbal,,96.2,Temático - Musical,Local,Setúbal,Barreiro,Angélica Maria Corgo Santos da Nova,Angélica Maria Corgo Santos da Nova,RADIOMFM,administrativos@canal5.pt,08-05-2039
423221,26-04-2004,"Baobad - Comunicações e Publicações, S.A.","Av. Visconde de Barreiros, 89, 4º",4470-151,Maia,Maia,Porto,,Observador 88.1,"R. 11 de Outubro, 178 - Apartado 15",3700-210,São João da Madeira,São João da Madeira,Aveiro,,88.1,Temático - Informativo,Local,Aveiro,São João da Madeira,Angélica Santos,Angélica Santos,OBSRVDOR,administrativos@canal5.pt,14-11-2030
423222,04-06-2004,"Jornal da Trofa, Lda.","Av. Visconde de Barreiros, 89, 5.º",4470-151,Maia,Maia,Porto,,Rádio NoAr,"Av. Visconde de Barreiros, 89 - 5º",4470-151,Maia,Maia,Porto,,107.8,Temático - Musical,Local,Porto,Santo Tirso,José Augusto Teixeira Gomes,Angélica Maria Corgo Santos da Nova,R.NOAR,administrativos@canal5.pt,08-05-2039
423223,08-06-2004,"Rádio 90 FM, Coimbra - Radiodifusão, Lda","Quinta do Bom Pastor, Estrada da Buraca, 8-12",1549-025,Lisboa,Lisboa,Lisboa,,Mega Hits - Coimbra,"Estádio EFAPEL - Cidade de Coimbra, Camarote 17,  R. D. Manuel I, 78",3030-320,Coimbra,Coimbra,Coimbra,,90.0,Temático - Musical,Local,Coimbra,Coimbra,Nelson de Carvalho Cunha,José Pedro Leal Gonçalves,,paula.matos@rmultimedia.pt,29-03-2039
423226,26-04-2004,"Rádio Metropolitana - Comunicação Social, Lda","R. António Luís Gomes, 138 - C",4400-125,Vila Nova de Gaia,Vila Nova de Gaia,Porto,,Mega Hits Porto,"R. António Luís Gomes, 138 C",4400-125,Vila Nova de Gaia,Vila Nova de Gaia,Porto,,90.6,Temático - Musical,Local,Porto,Gondomar,Nelson de Carvalho Cunha,José Pedro Leal Gonçalves,,paula.matos@rmultimedia.pt,08-05-2039
423227,02-07-2004,"Rádio Comercial dos Açores, Lda","R. Dr. Bruno Tavares Carreiro, 34 - 2º - Ilha de S. Miguel",9500-055,Ponta Delgada,Ponta Delgada,Ilha de São Miguel,Região Autónoma dos Açores,Rádio Comercial dos Açores,"R. Dr. Bruno Tavares Carreiro, 34 - 2º",9500-055,Ponta Delgada,Ponta Delgada,Ilha de São Miguel,Região Autónoma dos Açores,99.4,Temático - Informativo,Local,Ilha de São Miguel,Ponta Delgada,Vítor Santos,Vítor Santos,,carla.ferreirinha@noticiasilimitadas.pt,05-03-2039
423228,07-07-2004,"Empresa do Jornal O Correio de Fafe, Lda","R. João XXIII, 23, 1º",4820-135,Fafe,Fafe,Braga,,M80 Minho,"R. Sampaio e Pina, 24/26",1099-044,Lisboa,Lisboa,Lisboa,,103.8,Temático - Musical,Local,Braga,Fafe,Miguel Cruz,Teresa Mota,M80MINHO,emarinho-5081p@adv.oa.pt,08-05-2039
423229,07-07-2004,"Lamegráfica - Sociedade Comercial e Editorial, Lda.","Av. Marquês de Soveral, 69",5130-321,São João da Pesqueira,São João da Pesqueira,Viseu,,Radio Voz do Douro,"Av. Marquês de Soveral, 69",5130-321,São João da Pesqueira,São João da Pesqueira,Viseu,,99.4,Generalista,Local,Viseu,São João da Pesqueira,Manuel Henrique Teixeira Santana,Manuel Henrique Teixeira Santana,,vozdodouro@gmail.com,22-05-2026
423230,19-07-2004,"Cooperativa de Produções Radiofónicas Rádio Limite de Castro Daire, CRL",Av. Maria Alcina Fadista - Complexo Desportivo de Castro Daire,3600-199,Castro Daire,Castro Daire,Viseu,,Rádio Limite,Av. Maria Alcina Fadista - Complexo Desportivo de Castro Daire,3600-199,Castro Daire,Castro Daire,Viseu,,89.0,Generalista,Local,Viseu,Castro Daire,Gil Peres,Gil Peres,R.LIMITE,geral.radiolimite@gmail.com,05-03-2039
423231,21-07-2004,"V.D.R.F. - Electrónica, Audio e Equipamento de Telecomunicações, Lda","Av. Visconde de Barreiros, 89 - 5º",4470-151,Maia,Maia,Porto,,Metropolitana FM 96.3,"Av. Visconde de Barreiros, 89 - 5º",4470-151,Maia,Maia,Porto,,96.3,Temático - Musical,Local,Aveiro,Espinho,Angélica Maria Corgo dos Santos da Nova,Angélica Maria Corgo dos Santos da Nova,RADIOMFM,administrativos@canal5.pt,05-03-2039
423232,06-08-2004,"Cooperativa de Difusão Cultural Jorgense, C.R.L.","R. Cunha da Silveira, 25",9800-531,Velas,Velas,Ilha de São Jorge,Região Autónoma dos Açores,Rádio Lumena,"R. Cunha da Silveira, 25",9800-531,Velas,Velas,Ilha de São Jorge,Região Autónoma dos Açores,107.1,Generalista,Local,Ilha de São Jorge,Velas,Norberto Luís,Mark Marques,R.LUMENA,radiolumena@gmail.com,05-03-2039
423233,12-10-2004,"RS - Rádio Singa, CRL",B. Novo do Castelo - Edifício Camarário - 1 E -  Apartado 60,7900-110,Ferreira do Alentejo,Ferreira do Alentejo,Beja,,Rádio Singa,B. Novo do Castelo - Edifício Camarário - 1 E,7900-110,Ferreira do Alentejo,Ferreira do Alentejo,Beja,,104,Generalista,Local,Beja,Ferreira do Alentejo,António Carlos da Cruz Toscano,Justino Engana,SINGA FM,geral@singafm.com,05-03-2039
423235,16-11-2004,"Rádio Independente de Aveiro - Cooperativa de Radiodifusão, CRL","Av. Lourenço Peixinho, 173 - 8.º",3800-167,Aveiro,Aveiro,Aveiro,,Cidade FM Aveiro,"Av. Lourenço Peixinho, 173 - 8º",3800-167,Aveiro,Aveiro,Aveiro,,105.6,Temático - Musical,Local,Aveiro,Aveiro,José Armando Leite,Teresa Mota,CIDADEFM,105.6@radio.fm,08-05-2039
423236,25-11-2004,"Notícias 2000 FM - Actividade de Radiodifusão Sonora, Lda","R. Dr. Fernão de Ornelas, 56 - 3.º",9054-514,Funchal,Funchal,Ilha da Madeira,Região Autónoma da Madeira,Estação Rádio Madeira - TSF Madeira,"R. Dr. Fernão de Ornelas, 56 - 3º",9050-021,Funchal,Funchal,Ilha da Madeira,Região Autónoma da Madeira,100.0,Temático - Informativo,Local,Ilha da Madeira,Funchal,Ricardo Miguel Oliveira,Ricardo Miguel Oliveira,TSF.MAD,direccao@tsfmadeira.pt,05-03-2039
423237,02-02-2005,"Fercorber - Madeiras e Materiais de Construção, Lda.","Av. São Domingos, 51",3280-013,Castanheira de Pêra,Castanheira de Pêra,Leiria,,Pampilhosa 97.8 FM,"Av. São Domingos, 51",3280-013,Castanheira de Pêra,Castanheira de Pêra,Leiria,,97.8,Generalista,Local,Coimbra,Pampilhosa da Serra,Manuela do Carmo Gonçalves Freire,Manuela do Carmo Gonçalves Freire,,castanheirense@ip.pt,13-12-2026
423237,02-02-2005,"Fercorber - Madeiras e Materiais de Construção, Lda.","Av. São Domingos, 51",3280-013,Castanheira de Pêra,Castanheira de Pêra,Leiria,,São Miguel 93.5 FM,"Av. São Domingos, 51 - 2º",3280-013,Castanheira de Pêra,Castanheira de Pêra,Leiria,,"93,4",Generalista,Local,Coimbra,Penela,Manuela do Carmo Gonçalves Freire,Manuela do Carmo Gonçalves Freire,,castanheirense@ip.pt,02-04-2027
423238,02-02-2005,"TSF - Rádio Jornal Lisboa, Lda","R. Tomás da Fonseca, Torre E, 3.º",1600-209,Lisboa,Lisboa,Lisboa,,TSF,"R. Tomás da Fonseca, Torre E, 3.º",1600-209,Lisboa,Lisboa,Lisboa,,89.5,Temático - Informativo,Local,Lisboa,Lisboa,Vítor Santos,Vítor Santos,TSF,carla.ferreirinha@noticiasilimitadas.pt,05-03-2039
423241,17-03-2005,AAUMinho - Associação Académica da Universidade do Minho,"R. D. Pedro V, 88 - 1.º andar",4710-374,Braga,Braga,Braga,,Rádio Universitária do Minho,Travessa do Carmo,4700-370,Braga,Braga,Braga,,97.5,Generalista,Local,Braga,Braga,Elisabete Machado da Apresentação,Ariana Azevedo,RUM,sec.adm@rum.pt,08-05-2039
423242,28-04-2005,"Rádio Comercial de Almeirim, Lda.","Pcta. Salgueiro Maia, 9-10",2080-049,Almeirim,Almeirim,Santarém,,RCA - Ribatejo,"Pcta. Salgueiro Maia, 9-10",2080-049,Almeirim,Almeirim,Santarém,,104.0,Generalista,Local,Santarém,Almeirim,Manuel Toito Charana,Sérgio António Teodósio,RCA -  R,geral@rcaribatejo.com,22-12-2039
423243,07-06-2005,"Cooperativa de Radiodifusão Brigantia, CRL","Av. Sá Carneiro, 155 - Edifício Celas - S/Cv - Frações H/I",5300-252,Bragança,Bragança,Bragança,,Rádio Brigantia,"Av. Sá Carneiro, 155 - Edifício Celas - S/Cv - Frações H/I",5300-252,Bragança,Bragança,Bragança,,97.7,Generalista,Local,Bragança,Bragança,Rui Manuel Fernandes Tavares Mouta,Carina Alexandra Pires Alves,BRIGNTIA,radiobrigantia@pressnordeste.pt,21-05-2039
423259,13-02-2007,"Rádio Clube de Ourém, Lda.","Estrada da Batalha, Jogadouro",2495-405,Fátima,Ourém,Santarém,,Rádio Canção Nova,"Estrada da Batalha, Lugar do Jogadouro s/n",2495-405,Fátima,Ourém,Santarém,,"103,7 MHz",Temático - Religiosa Católica/Cristã,Local,Santarém,Ourém,José Manuel da Conceição Simões,José Manuel da Conceição Simões,CAN NOVA,direcaoradio@cancaonova.pt,29-03-2039
423260,05-03-2007,"Foz do Mondego - Meios de Radiodifusão, Lda","R. de Traz da Alfandega, 1-A",3080-063,Figueira da Foz,Figueira da Foz,Coimbra,,Foz do Mondego Radio,"R. de Traz da Alfandega, 1-A",3080-063,Figueira da Foz,Figueira da Foz,Coimbra,,99.1,Generalista,Local,Coimbra,Figueira da Foz,Sara Vanessa da Silva Joaquim,Fernando Santos Dias,F FOZ,geral@rfmondego.pt,08-05-2039
423261,07-03-2007,"Horizontes Planos - Informação e Comunicação, Unipessoal, Lda.","R. Coutinho Pais, 25 A",2770-180,Terrugem,Oeiras,Lisboa,,Antena Sul - Almodôvar,"Parque Industrial e Tecnológico de Évora - R. da Agricultura, 19",7005-349,Évora,Évora,Évora,,90.4,Generalista,Local,Beja,Almodôvar,José Paulo do Carmo Peres,José Manuel Duarte de Matos,ANT.SUL,geral@recordfm.pt,27-04-2039
423261,07-03-2007,"Horizontes Planos - Informação e Comunicação, Unipessoal, Lda.","R. Coutinho Pais, 25 A",2770-180,Terrugem,Oeiras,Lisboa,,Antena Sul - Rádio Jornal,"Parque Industrial e Tecnológico de Évora - R. da Agricultura, 19",7005-349,Évora,Évora,Évora,,95.5,Generalista,Local,Évora,Viana do Alentejo,José Paulo do Carmo Peres,José Manuel Duarte de Matos,ANT.SUL,geral@recordfm.pt,13-06-2040
423263,15-03-2007,"Rádio Gilão Tavira - Cooperativa de Radiodifusão, C.R.L.","Largo de Santa Ana, 1",8800-406,Tavira,Tavira,Faro,,Rádio Gilão,"Largo de Santana, 1",8800-701,Tavira,Tavira,Faro,,94.8,Generalista,Local,Faro,Tavira,Sérgio Miguel Rodrigues Viana Baptista,Ana Cristina Martins Guerreiro Horta,GILÃO FM,geral@radiogilao.pt,21-05-2039
423264,12-07-2007,"Cooperativa Rádio Clube de Loulé, CRL","R. Major Olival, Edif. Charlot - Bloco A - 8º",8100-601,Loulé,Loulé,Faro,,Cidade FM Algarve,"R. Sampaio e Pina, 24",1099-044,Lisboa,Lisboa,Lisboa,,99.7,Temático - Musical,Local,Faro,Loulé,Estêvão Raminhos,Teresa Mota,CIDAD AG,direccaorcl@gmail.com,08-05-2039
423265,29-10-2007,"Radiurbe - Produção e Comércio de Publicidade Rádio Unipessoal, Lda","Edifício Onda Parque  - Avenida D. Manuel I, 14",9370-135,Calheta,Calheta (Madeira),Ilha da Madeira,Região Autónoma da Madeira,Radio Calheta,"Av. D. Manuel I, Edificio Onda Parque",9370-135,Calheta,Calheta (Madeira),Ilha da Madeira,Região Autónoma da Madeira,98.8,Generalista,Local,Ilha da Madeira,Calheta (Madeira),Miguel Amaro Melim Guarda,Miguel Amaro Melim Guarda,RCALHETA,radiocalheta@gmail.com,19-02-2041
423266,25-03-2008,"Ecos da Raia - Publicidade e Rádio, Lda.","Quinta da Oliveira, Ent. 2 - r/c Dtº",4950-425,Mazedo,Monção,Viana do Castelo,,Rádio Ecos da Raia,"Quinta da Oliveira, Ent. 2 - r/c Dtº",4950-425,Mazedo,Monção,Viana do Castelo,,92.8,Generalista,Local,Viana do Castelo,Monção,Fátima Sílvia da Luz Pereira,Miguel Pedro Braga Teixeira da Rocha,,radiomoncao@gmail.com,29-03-2039
423267,17-04-2008,"SPN - Sociedade Produtora de Notícias, Lda.","R. dos Netos, 23",9000-051,Funchal,Funchal,Ilha da Madeira,Região Autónoma da Madeira,Rádio Popular da Madeira,"R. Estados Unidos da América, 146-150",9000-090,Funchal,Funchal,Ilha da Madeira,Região Autónoma da Madeira,101.0,Generalista,Local,Ilha da Madeira,Câmara de Lobos,Nuno Agostinho,José Ferdinando Alves,RPOPULAR,recepcao@somagesconta.pt,05-03-2039
423268,16-05-2008,"Oficina de Video, Lda.","R. Major Monteiro Leite, s/n Edif. S. Sebastião, Fração H",4690-040,Cinfães,Cinfães,Viseu,,Rádio Montemuro,"R. Major Monteiro Leite, s/n Edif. S. Sebastião, Fração H",4690-040,Cinfães,Cinfães,Viseu,,87.8,Generalista,Local,Viseu,Cinfães,Fernando Teixeira Machado,António Remuge,MONTMURO,info.radiomontemuro@gmail.com,22-12-2039
423270,16-06-2008,"Rádio Cartaxo, CRL","R. Professor Manuel Bernardo das Neves, 32 R/C Dt. Loja",2070-112,Cartaxo,Cartaxo,Santarém,,Tejo Rádio Jornal,"R. Professor Manuel Bernardo das Neves, 32 R/C Dt. Loja",2070-112,Cartaxo,Cartaxo,Santarém,,102.9,Generalista,Local,Santarém,Cartaxo,Joaquim Palmela,Joaquim Palmela,CARTAXO,radiocartaxo@gmail.com,05-03-2039
423271,16-06-2008,"Rádio Riba Távora, Moimenta da Beira, Cooperativa de Produções Radiofónicas, CRL",Ed. Sócio Cultural da Alagoa,3620-339,Moimenta da Beira,Moimenta da Beira,Viseu,,Rádio Riba - Távora,Av. Dr. Lima Gomes,3620-339,Moimenta da Beira,Moimenta da Beira,Viseu,,90.5,Generalista,Local,Viseu,Moimenta da Beira,Verissimo Coutinho dos Santos,Verissimo Coutinho dos Santos,RRTAVORA,rrtavora@hotmail.com,29-03-2039
423272,30-06-2008,"Rádio Clube de Pombal, CRL","R. dos Bombeiros Voluntários, 31 - R/C Esq.",3100-481,Pombal,Pombal,Leiria,,Rádio Clube de Pombal,"R. dos Bombeiros Voluntários, 31 - R/C Esq.",3100-481,Pombal,Pombal,Leiria,,97,Generalista,Local,Leiria,Pombal,Luis Miguel Monteiro Valentim,Nuno Tomaz Oliveira,POMBAL97,geral@pombal97.com,08-05-2039
423273,30-06-2008,"Fernando Moura, Unipessoal Lda.","R. Irene Lisboa, 48 - R/C Dto.",2630-246,Arruda dos Vinhos,Arruda dos Vinhos,Lisboa,,Rádio Vida,"R. Irene Lisboa, 48 - R/C Dto.",2630-246,Arruda dos Vinhos,Arruda dos Vinhos,Lisboa,,97.1,Generalista,Local,Lisboa,Arruda dos Vinhos,Ricardo Jardim,Ricardo Jardim,VIDA FM,geral@vidafm.com,04-07-2027
423274,17-07-2008,"TLA/Telefonia Local de Aljustrel-Cooperativa de Informação e Cultura, CRL","R. S. João de Deus, 21",7600-116,Aljustrel,Aljustrel,Beja,,TLA/Telefonia Local  Aljustrel,"R. S. João de Deus, 21",7600-116,Aljustrel,Aljustrel,Beja,,92.6,Generalista,Local,Beja,Aljustrel,António Manuel Cecilia Silvério,Jorge Manuel Viegas Palma,ALJUSTRL,geral@tlaradio.net,13-06-2040
423276,26-09-2008,93.8 ON FM - Cooperativa de Responsabilidade Limitada,"R. Ana Maria Bastos, Bloco 1 - 7 e 8",2560-306,Torres Vedras,Torres Vedras,Lisboa,,Rádio 93.8 ON FM,R. Campo da Bola,2560-306,Torres Vedras,Torres Vedras,Lisboa,,93.8,Generalista,Local,Lisboa,Torres Vedras,Rui Miguel Veloso Silva,Elisabete Santos Silva,ON FM,geral@onfm.pt,08-05-2039
423279,17-11-2008,"Rádio Comercial da Linha - Sociedade de Radiodifusão de Oeiras, Lda.","R. Pêro da Covilhã, 36",1400-297,Lisboa,Lisboa,Lisboa,,Oxigénio,"R. Pêro da Covilhã, 34",1400-297,Lisboa,Lisboa,Lisboa,,102.6,Temático - Musical,Local,Lisboa,Oeiras,Carlos Cardoso,Diego Armés dos Santos,OXIGENIO,geral@oxigenio.fm,29-03-2039
423280,06-01-2009,"RO - Edições e Publicidade, Sociedade Unipessoal, Ldª","Quinta do Bom Pastor, Estrada da Buraca, 8-12",1549-025,Lisboa,Lisboa,Lisboa,,Mega Hits Sintra,"R. Ivens, 14",1249-180,Lisboa,Lisboa,Lisboa,,88.0,Temático - Musical,Local,Lisboa,Sintra,Nelson de Carvalho Cunha,José Pedro Leal Gonçalves,,info@rr.pt,29-03-2039
423281,12-01-2009,"MG - Rádio e Comunicação da Marinha Grande, Lda","Tv. Vieira de Leiria, 9",2430-276,Marinha Grande,Marinha Grande,Leiria,,Rádio Clube Marinhense,"Tv. Vieira de Leiria, 9",2430-276,Marinha Grande,Marinha Grande,Leiria,,96,Generalista,Local,Leiria,Marinha Grande,António José Lopes Ferreira,Carla Joana Martins Fragoso,RCM,rcm@jornaldamarinha.pt,21-05-2039
423283,13-01-2009,"Soncentro - Emissora de Radio, Lda.","Av. Alberto Sampaio, 132 - 2.º",3510-028,Viseu,Viseu,Viseu,,Rádio Jornal do Centro,"Av. Alberto Sampaio, nº132 - 2º",3510-028,Viseu,Viseu,Viseu,,98.9,Generalista,Local,Viseu,Carregal do Sal,João Vinhas,João Vinhas,RJCENTRO,correio@radiojornaldocentro.pt,22-12-2039
423284,13-01-2009,"Rádio Clube Aguiarense, C.R.L.","R. Dr. Abilio Ribeiro, Bloco 5 - Loja 2",5450-267,Parada de Aguiar,Vila Pouca de Aguiar,Vila Real,,Rádio Clube Aguiarense,"Lugar do Campo da Porta, Bloco 5 - Loja 2",5450-004,Vila Pouca de Aguiar,Vila Pouca de Aguiar,Vila Real,,95.5,Generalista,Local,Vila Real,Vila Pouca de Aguiar,Luís Miguel Roçadas,Filipe Ribeiro,RCA,jobarroso1@sapo.pt,29-03-2039
423286,13-01-2009,"SIRS - Sociedade Independente de Radiodifusão Sonora, S.A.",Lugar de Espido - Via Norte,4470-177,Maia,Maia,Porto,,Rádio Nova,"Praça Coronel Pacheco, 2",4050-453,Porto,Porto,Porto,,98.9,Temático - Musical,Local,Porto,Porto,José Joaquim Parente da Mota,Manuel da Costa Leal,R.NOVA,nova@radionova.fm,05-03-2039
423287,16-01-2009,"Moviface - Meios Publicitários, Lda","Estrada da Portela, 73 - 1º Escr. 9/10",2790-124,Carnaxide,Oeiras,Lisboa,,Rádio Maria Porto,"Estrada da Portela, 73 - Piso 1 - Esc. 9/10",2790-124,Carnaxide,Oeiras,Lisboa,,100.8,Generalista,Local,Porto,Maia,Marco Fernando da Silva Luis,Cláudia Margarida Assunção Leite Santos Mirra,SIMPORTO,controlo.gestao@radiomaria.pt,08-05-2039
423288,16-01-2009,"Saldida FM - Rádio, Informação e Cultura, CRL","R. da Junta de Freguesia do Monte,8",3870-289,Monte,Murtosa,Aveiro,,Saldida FM,"R. da Junta de Freguesia do Monte, 8",3870-289,Monte,Murtosa,Aveiro,,98.1,Generalista,Local,Aveiro,Murtosa,Vítor Domingos Santos Mousinho,Pedro Miguel Carvalho dos Santos,SFM,geral@radiosfm.pt,29-03-2039
423291,26-01-2009,"Lusocanal - Radiodifusão, Lda.","R. Pêro da Covilhã, 36",1400-297,Lisboa,Lisboa,Lisboa,,Radar,"R. Pero Covilhã, 34",1400-297,Lisboa,Lisboa,Lisboa,,97.8,Temático - Musical,Local,Setúbal,Almada,Ricardo Guerra,Diego Armés dos Santos,RADAR,ricardoguerra@lusocanal.pt,29-03-2039
423292,26-01-2009,"Rádio Bragançana R.B.A., CRL","Av. Águedo de Oliveira, 6 - R/C-  Dto.",5300-077,Bragança,Bragança,Bragança,,M80 Bragança,"R. Sampaio e Pina, 24/26",1099-044,Lisboa,Lisboa,Lisboa,,89.2,Temático - Musical,Local,Bragança,Bragança,Lionel Alberto Guedes,Francisco Pinto,RBA,info@rba.pt,21-05-2039
423293,26-01-2009,"Sociedade de Radiodifusão Graciosense, Lda.","R. do Corpo Santo, 37",9880-368,Santa Cruz da Graciosa,Santa Cruz da Graciosa,Ilha da Graciosa,Região Autónoma dos Açores,Rádio Graciosa,"R. do Corpo Santo, 37",9880-368,Santa Cruz da Graciosa,Santa Cruz da Graciosa,Ilha da Graciosa,Região Autónoma dos Açores,107.90,Generalista,Local,Ilha da Graciosa,Santa Cruz da Graciosa,Mário Travanca,Mário Travanca,GRACIOSA,radio@sapo.pt,05-03-2039
423294,29-01-2009,"Posto Emissor de Radiodifusão do Funchal, Lda.","R. Ponte de São Lázaro, 3",9000-027,Funchal,Funchal,Ilha da Madeira,Região Autónoma da Madeira,Posto Emissor do Funchal - Canal 1,"R. Dr. Fernão de Ornelas, 35 - 4º piso",9050-021,Funchal,Funchal,Ilha da Madeira,Região Autónoma da Madeira,1530KHz,Generalista,Regional,,,Luís Manuel de Sousa Lemos Gomes,Vera Luza,-,radiopef@pef.pt,28-12-2040
423294,29-01-2009,"Posto Emissor de Radiodifusão do Funchal, Lda.","R. Ponte de São Lázaro, 3",9000-027,Funchal,Funchal,Ilha da Madeira,Região Autónoma da Madeira,Posto Emissor do Funchal - Canal 2,"Rua Dr. Fernão de Ornelas, 35 4º Piso",9050-021,Funchal,Funchal,Ilha da Madeira,Região Autónoma da Madeira,92.00,Generalista,Local,Ilha da Madeira,Funchal,Luis Manuel de Sousa Lemos Gomes,Vera Luza,PEFFM,radiopef@pef.pt,28-12-2040
423295,11-02-2009,"Cooperativa do Ramo de Cultura Denominada Ecos do Norte, CRL","R. Adolfo Coutinho de Medeiros, 24",9600-516,Ribeira Grande,Ribeira Grande,Ilha de São Miguel,Região Autónoma dos Açores,Rádio Nova Cidade,"R. Manuel Augusto Amaral, 1D, 2º Dto",9500-222,Ponta Delgada,Ponta Delgada,Ilha de São Miguel,Região Autónoma dos Açores,105.5,Generalista,Local,Ilha de São Miguel,Ribeira Grande,Mário Travanca,Mário Travanca,RNC,,24-03-2039
423296,12-02-2009,"Rádio Clube de Gondomar - Serviço de Radiodifusão Local, Unipessoal, Lda","R. Viriato, 25 - 4.º Esq.",1050-234,Lisboa,Lisboa,Lisboa,,SW (Gondomar),"Rua Viriato, 25 - 4.º Esq.",1050-234,Lisboa,Lisboa,Lisboa,,102.7,Temático - Musical,Local,Porto,Gondomar,Paulo Jorge Rolo,Antonieta Lopes da Costa,SW,marta.montez@gmail.com,08-05-2039
423304,09-03-2009,"Lezíria - Comunicação Social, SA","Quinta de Sto. Amaro, Bl. A, Lt. 2, Lj. B",2600-065,Vila Franca de Xira,Vila Franca de Xira,Lisboa,,Rádio Lezíria,"Quinta de Sto. Amaro, Bl. A, Lt. 2, Lj. B",2600-065,Vila Franca de Xira,Vila Franca de Xira,Lisboa,,89.1,Generalista,Local,Lisboa,Vila Franca de Xira,Marcelo Emidio Lopes Neves,José Valentim Peixe,LEZIRIA,danyel@radioleziria.com,08-05-2039
423306,14-04-2009,"Rádio Elmo, Lda.","R. Dr. António Seixas, 22",6400-323,Pinhel,Pinhel,Guarda,,Rádio Elmo,"R. Dr. António Seixas, 22",6400-323,Pinhel,Pinhel,Guarda,,99.1,Generalista,Local,Guarda,Pinhel,Ana Margarida Lopes Varela Reis,Ana Margarida Lopes Varela Reis,ELMO FM,geral@radioelmo.com,29-03-2039
423309,23-04-2009,"Rádio Horizonte Tejo - Radiodifusão, Comunicação e Meios, Unipessoal, Lda.","R. da Boa Vista, Lote 20 - R/C",2695-027,Bobadela,Loures,Lisboa,,Rádio Observador Lisboa,"Rua João Saraiva, 7 A",1700-248,Lisboa,Lisboa,Lisboa,,92.8,Temático - Informativo,Local,Lisboa,Loures,Angélica Maria Corgo Santos da Nova,Angélica Maria Corgo Santos da Nova,OBSRVDOR,administrativos@canal5.pt,29-03-2039
423310,28-04-2009,"Cooperativa de Informação e Divulgação Rádio Amador de Canas de Senhorim, C.R.L.","EN 321, Palácio do Gelo Shopping, Lj. 321, Piso 3",3500-606,Viseu,Viseu,Viseu,,Estação Diária,"EN 321, Palácio do Gelo Shopping, Lj. 321, Piso 3",3500-060,Viseu,Viseu,Viseu,,96.8,Generalista,Local,Viseu,Nelas,José Alberto Ribeiro,António Gil Peres,WWW968FM,geral@968.fm,29-03-2039
423312,26-06-2009,"RS - Rádio Seixal, Lda.","Av. 1º de Maio, 35 - 5º D",2845-583,Paivas,Seixal,Setúbal,,RDS,"Av. 1º de Maio, 35 - 3º C",2845-583,Paivas,Seixal,Setúbal,,87.6,Generalista,Local,Setúbal,Seixal,Líster Manuel da Silva,Pedro Carvalho,RDS,geral@rds.pt,08-05-2039
423313,09-07-2009,"ERA - Emissora Regional de Amarante, Lda.","R. João Pinto Ribeiro, 186, Fração AX",4600-035,Amarante,Amarante,Porto,,ERA FM,"R. João Pinto Ribeiro, 186, Fração AX",4600-035,Amarante,Amarante,Porto,,92.7,Generalista,Local,Porto,Amarante,Julia Maria Costa Lopes Gonçalves,Alcino Fernandes de Oliveira e Silva,ERA-FM,geral.erafm@gmail.com,08-05-2039
423314,27-07-2009,"Rádio Cultural de Cerveira - Cooperativa de Radiodifusão, CRL",Av. José Luciano de Castro,4920-277,Vila Nova de Cerveira,Vila Nova de Cerveira,Viana do Castelo,,Rádio Cultural de Cerveira,Av. Luciano de Castro,4920-277,Vila Nova de Cerveira,Vila Nova de Cerveira,Viana do Castelo,,93.6,Generalista,Local,Viana do Castelo,Vila Nova de Cerveira,Rui Vaz Carpinteira,Sara Natércia Fontaínhas Carpinteira,CERVEIRA,rccerveira@sapo.pt,29-03-2039
423315,08-10-2009,"TSF - Cooperativa Rádio Jornal do Algarve, CRL","R. Tomás da Fonseca, Torre E, 3.º",1600-209,Lisboa,Lisboa,Lisboa,,TSF,"R. Tomás da Fonseca, Torre E, 3.º",1600-209,Lisboa,Lisboa,Lisboa,,101.6,Temático - Informativo,Local,Faro,Faro,Vítor Santos,Vítor Santos,,carla.ferreirinha@noticiasilimitadas.pt,08-05-2039
423316,06-11-2009,"Hora H - Agência Global de Comunicação, Unipessoal, Lda","Av. Porto de Pesca, 1, Bombeiros Voluntários de Peniche",2520-208,Peniche,Peniche,Leiria,,102FM Rádio,"R. Ramiro Matos Bilhau, 10 - 3.º Esq.",2520-486,Peniche,Peniche,Leiria,,102.0,Generalista,Local,Leiria,Peniche,Nuno Jorge Santos Martins,José Monteiro Henriques da Rocha,,102fm@sapo.pt,29-03-2039
423317,06-11-2009,"Rádio Planalto, CRL","Urbanização Fonte Nova, 2, 2º",5200-229,Mogadouro,Mogadouro,Bragança,,M80 Mogadouro,"R. Sampaio e Pina, 24/26",1099-044,Lisboa,Lisboa,Lisboa,,93.1,Temático - Musical,Local,Bragança,Mogadouro,Lionel Alberto Guedes,Francisco Pinto,,m80.rba@gmail.com,29-03-2039
423319,13-11-2009,"Radio Club de Armamar - Produções Radiofónicas, Unipessoal, Lda.","Av. 8 de Setembro, Mercado Municipal Loja G",5110-121,Armamar,Armamar,Viseu,,Rádio Club de Armamar,"Av. 8 de Setembro, Mercado Municipal Loja G",5110-121,Armamar,Armamar,Viseu,,92.3,Generalista,Local,Viseu,Armamar,David Gouveia Cardoso,David Cardoso,RARMAMAR,radioarmamar@net.sapo.pt,22-12-2039
423320,07-04-2010,"Rádio Mértola, Lda.","R. Mira Serra, Caixa Postal 7821",7750-013,Alcaria Ruiva,Mértola,Beja,,Rádio Mértola,"Av. D. João VI, 105, R/c Dto.",8700-145,Olhão,Olhão,Faro,,95.2,Generalista,Local,Beja,Mértola,Hélder Santos,Daniel Vieira,,geral@radiomertola.pt,06-02-2041
423323,18-05-2011,"Rádio Clube da Mêda, Lda",Av. dos Estados Unidos da América,6430-176,Meda,Meda,Guarda,,Mêda FM,"R. do Mercado, Edic.4 - Piso 2",6430-193,Meda,Meda,Guarda,,96.6,Generalista,Local,Guarda,Meda,António Carlos Pereira dos Santos,José Luis Araújo,MEDA FM,,13-06-2040
423324,25-05-2011,Comissão de Melhoramentos de Esmoriz,"Av. 29 de Março, 515",3885-517,Esmoriz,Ovar,Aveiro,,Rádio Voz de Esmoriz,"Av. 29 de Março, 515",3885-517,Esmoriz,Ovar,Aveiro,,93.1,Generalista,Local,Aveiro,Ovar,Rui Filipe Monteiro Soares,João António Veiga da Cruz,,geral@avozdeesmoriz.pt,08-05-2039
423325,14-07-2011,"Ecos das Flores - Actividades de Rádio e Televisão, Lda","R. Manuel Augusto Amaral, 1D - 1º Esq.",9500-222,Ponta Delgada,Ponta Delgada,Ilha de São Miguel,Região Autónoma dos Açores,Canal FM Flores,"Rua Manuel Augusto  Amaral, 1 D - 1º Esq.",9500-222,Ponta Delgada,Ponta Delgada,Ilha de São Miguel,Região Autónoma dos Açores,104.5,Generalista,Local,Ilha das Flores,Santa Cruz das Flores,Mário Travanca,Mário Travanca,,radio@canal.fm,13-06-2040
423326,20-07-2011,"RCChaves Rádio Clube de Chaves FM, Unipessoal, Lda","Bairro da Adega Cooperativa, 35",5335-102,Rebordelo,Vinhais,Bragança,,Rádio Regional de Valpaços,"R. França Júnior, 615",4450-137,Matosinhos,Matosinhos,Porto,,100.2,Generalista,Local,Vila Real,Valpaços,Vitor José Gonçalves Fernandes,Vitor José Gonçalves Fernandes,REGIONAL,geral@radioregional.pt,22-12-2039
423326,20-07-2011,"RCChaves Rádio Clube de Chaves FM, Unipessoal, Lda","Bairro da Adega Cooperativa, 35",5335-102,Rebordelo,Vinhais,Bragança,,Rádio Regional Sabrosa,"R. França Júnior, 615",4450-137,Matosinhos,Matosinhos,Porto,,94.5,Generalista,Local,Vila Real,Sabrosa,Vitor José Gonçalves Fernandes,Vitor José Gonçalves Fernandes,REGIONAL,geral@radioregional.pt,10-04-2041
423326,20-07-2011,"RCChaves Rádio Clube de Chaves FM, Unipessoal, Lda","Bairro da Adega Cooperativa, 35",5335-102,Rebordelo,Vinhais,Bragança,,Rádio Regional Vimioso,"R. França Júnior, 615",4450-137,Matosinhos,Matosinhos,Porto,,91.5,Generalista,Local,Bragança,Vimioso,Vitor José Gonçalves Fernandes,Vitor José Gonçalves Fernandes,REGIONAL,geral@radioregional.pt,06-11-2040
423327,26-09-2011,"Rádio Cais, CRL","R. Dr. Tibério d'Àvila Brasil, 8",9940-301,São Roque do Pico,São Roque do Pico,Ilha do Pico,Região Autónoma dos Açores,Rádio Cais 106. 1FM,"R. Dr. Tibério d´Ávila Brasil, 8",9940-365,São Roque do Pico,São Roque do Pico,Ilha do Pico,Região Autónoma dos Açores,106.1,Generalista,Local,Ilha do Pico,São Roque do Pico,Susana Manuela Linhares Andrade Leal,Célia Manuela Soares Machado,rcm96-MG,radiocais@sapo.pt,06-11-2040
423330,17-10-2012,"Rádio Clube das Lajes do Pico - A Voz da Montanha, CRL","R. de São Pedro, 9",9930-136,Lajes do Pico,Lajes do Pico,Ilha do Pico,Região Autónoma dos Açores,Rádio Montanha,"R. de São Pedro, 9",9930-129,Lajes do Pico,Lajes do Pico,Ilha do Pico,Região Autónoma dos Açores,104.7,Generalista,Local,Ilha do Pico,Lajes do Pico,Fernando Cardoso,Milton Dias,MONTANHA,radiomontanha@gmail.com,13-06-2040
423331,01-03-2013,"Narrativas & Melodias, Lda.","Rua Álvaro Ferreira Alves, 28",2855-591,Santa Marta do Pinhal,Seixal,Setúbal,,RDS 94.2,"Av. 1ºde Maio, 35, 3ºB",2845-583,Amora,Seixal,Setúbal,,94.2,Generalista,Local,Lisboa,Cadaval,Lister Manuel da Silva,Pedro Carvalho,RDS 94.2,radiomaisoeste@listermais.pt,06-11-2040
423332,11-04-2013,"Rádio João Bosco, Lda.","Lugar de Vilarinho do Tanha, S/N",5000-011,Vilarinho de Tanha,Vila Real,Vila Real,,Rádio D. Bosco FM (Lamego),Lugar de Vilarinho do Tanha,5000-011,Vilarinho de Tanha,Vila Real,Vila Real,,94.1,Temático - Musical,Local,Viseu,Lamego,Paulo Jorge Aires Ribeiro,Paulo Jorge Ribeiro,RDS94.00,radiodombosco@sapo.pt,21-05-2039
423332,11-04-2013,"Rádio João Bosco, Lda.","Lugar de Vilarinho do Tanha, S/N",5000-011,Vilarinho de Tanha,Vila Real,Vila Real,,Rádio D. Bosco FM (Trancoso),Lugar de Vilarinho do Tanha,5000-011,Vilarinho de Tanha,Vila Real,Vila Real,,92.1,Temático - Musical,Local,Guarda,Trancoso,Paulo Jorge Aires Ribeiro,Paulo Jorge Ribeiro,,radiodombosco@sapo.pt,29-03-2039
423339,12-07-2013,"Rádio Notícias - Produções e Publicidade, SA","R. Tomás da Fonseca, Torre E, 3.º",1600-209,Lisboa,Lisboa,Lisboa,,TSF/Press,"R. Gonçalo Cristovão, Edifício ""JN""",4000-269,Porto,Porto,Porto,,,Temático - Informativo,Regional,,Norte,Nuno Filipe Domingues,Nuno Filipe Domingues,,carla.ferreirinha@noticiasilimitadas.pt,22-06-2027
423343,18-11-2013,"Palavras Originais, Lda.","R. dos Chilões, 1 R/C",7350-078,Elvas,Elvas,Portalegre,,Rádio Campo Maior,"R. dos Chilões, 1 R/C",7350-078,Elvas,Elvas,Portalegre,,95.9,Generalista,Local,Portalegre,Campo Maior,Sandra Maria Figueiredo de Almeida Matoso,Jorge Bento Sousa,RCM,r.campomaior@gmail.com,01-05-2026
423344,14-02-2014,"Rede Regional de Radiodifusão RCI, Lda.","R. da Estrada Velha, 15",3515-331,Viseu,Viseu,Viseu,,RCI,"R. Dr. Luís Ferreira (Do Comércio), 58 - 3º, Sala 6",3500-110,Viseu,Viseu,Viseu,,105.5,Generalista,Local,Viseu,Viseu,Anacleto Abreu Raimundo,Amadeu Araújo,RCI,info@rci.pt,08-05-2039
423344,14-02-2014,"Rede Regional de Radiodifusão RCI, Lda.","R. da Estrada Velha, 15",3515-331,Viseu,Viseu,Viseu,,RCS - Rádio Cultura de Seia,"R. Dr. Luis Ferreira (Do Comércio), 58 - 3º andar, Sala 6",3500-110,Viseu,Viseu,Viseu,,93.6,Generalista,Local,Guarda,Seia,Anacleto Abreu Raimundo,Amadeu Araújo,RCS,info@rci.pt,27-04-2039
423347,19-05-2014,"Próvotexto Unipessoal, Lda.","Av. Xavier Teixeira , Edif. Nova York, Bl 1 - 1º andar, escritório 4",5400-569,Chaves,Chaves,Vila Real,,Chaves FM,"Av. Xavier Teixeira , Edif. Nova York, Bl 1 - 1º andar, escritório 4",5400-569,Chaves,Chaves,Vila Real,,93.5,Generalista,Local,Vila Real,Chaves,Manuel Cruz,Paulo Vilela Azevedo,,chavesfm@hotmail.com,21-05-2039
423348,28-04-2015,"Cooperativa Nova Paivense FM, CRL","R. Ferreira de Castro, 50",4550-128,Castelo de Paiva,Castelo de Paiva,Aveiro,,Rádio Independente Paivense,"R. Ferreira de Castro, 50",4550-128,Castelo de Paiva,Castelo de Paiva,Aveiro,,99.5,Generalista,Local,Aveiro,Castelo de Paiva,Emanuel Damas,Emanuel Damas,,geral@paivensefm.info,05-03-2039
423349,20-05-2015,"Rádio JL FM, Unipessoal, Lda.","R. de Santo António, 4/6",6000-180,Castelo Branco,Castelo Branco,Castelo Branco,,Urbana FM,"R. de Santo António, 4/6",6000-180,Castelo Branco,Castelo Branco,Castelo Branco,,100.8,Generalista,Local,Castelo Branco,Castelo Branco,José Valente dos Santos Pires,Maria Irene Poças dos Santos,,marketing@radio-urbana.pt,08-05-2039
423352,31-05-2016,"Cortiçol - Cooperativa de Informação e Cultura, CRL.","R. Ema Júlio Valente, 36",7780-188,Castro Verde,Castro Verde,Beja,,Rádio Castrense,"R. Ema Júlio Valente, 36 r/c",7780-188,Castro Verde,Castro Verde,Beja,,93.0,Generalista,Local,Beja,Castro Verde,Nelson Medeiros,Rui Rosa,,direccao@corticol.eu,05-03-2039
423353,12-08-2016,"Match FM, Unipessoal, Lda.","R. do Iroma, 13",7005-485,Évora,Évora,Évora,,TDS Ponte de Sor,"Rua do Iroma, 13",7005-413,Évora,Évora,Évora,,96,Generalista,Local,Portalegre,Ponte de Sor,Amilcar Matos,Carla Correia,TDS,dialogohabil@gmail.com,29-03-2039
423354,20-12-2016,"DiálogoHábil, Unipessoal, Lda.","Travessa João Rosa, 5A",7005-665,Évora,Évora,Évora,,TDS - Telefonia do Sul,"R. do Iroma, 13",7005-413,Évora,Évora,Évora,,93.9,Generalista,Local,Setúbal,Alcácer do Sal,Amílcar Nuno Caraça de Matos,Carla Correia,TDS,dialogohabil@gmail.com,05-03-2039
423356,14-03-2019,"Narrativas e Ficções - Unipessoal, Lda.","R. do Vale, 1",2565-774,Melroeira,Torres Vedras,Lisboa,,Radioeste,"R. Princesa Maria Benedita, 4, Cave",2560-359,Torres Vedras,Torres Vedras,Lisboa,,97.8,Generalista,Local,Lisboa,Torres Vedras,Hugo Filipe Martins Simões,Rodolfo Nunes Soares dos Reis,RADIOEST,geral@radioeste.pt,08-05-2039
423357,29-05-2020,"Código Suplente, Lda.",Sítio do Carvoeiro,8375-024,Carvoeiro,Silves,Faro,,Rádio Portimão,"Urb. do Fojo, Lt. 44, Lj. B",8500-772,Portimão,Portimão,Faro,,106.5,Generalista,Local,Faro,Portimão,Isabel Maria Ferreira Costa,Rui Manuel Bernardino Vieira,,costa.algarve.isabel@hotmail.com,21-05-2039
423358,15-09-2020,"COM+Comunicação, Lda.","R. Dom João V, 24 Leap Center, Espaço Amoreiras - Centro Empresarial",1250-091,Lisboa,Lisboa,Lisboa,,Caima-Azeméis FM Rádio,"Largo Luís de Camões, Edificio Rainha - 4º Piso",3720-232,Oliveira de Azeméis,Oliveira de Azeméis,Aveiro,,89.7,Generalista,Local,Aveiro,Oliveira de Azeméis,Maria dos Anjos de Oliveira Costa,Eduardo de Oliveira Costa,AZFM,geral@com-mais.pt,08-05-2039
423359,30-03-2022,"Quarteto das Letras Unipessoal, Lda.","Av. Visconde de Barreiros, 89 - 4º",4470-151,Maia,Maia,Porto,,Rádio NoAr Azeméis,"Av. Visconde de Barreiros, 89 - 5º",4470-151,Maia,Maia,Porto,,97.1,Temático - Musical,Local,Aveiro,Oliveira de Azeméis,José Augusto Teixeira Gomes,Angélica Maria Corgo Santos da Nova,R.NOAR,administrativos@canal5.pt,08-05-2039
423360,24-11-2022,"Benfica FM, Unipessoal Lda.","Avenida Eusébio da Silva Ferreira - Estádio do Sport Lisboa e Benfica, Porta 18",1500-313,Lisboa,Lisboa,Lisboa,,Golo FM (Bombarral),"R. do Salgueirô, 69 - Centro Empresarial NFM",4585-208,Gandra,Paredes,Porto,,94.8,Temático - Desportivo Informativo,Local,Leiria,Bombarral,José João Vinhas da Silva,José João Vinhas da Silva,GOLOFM,egomes@slbenfica.pt,05-03-2039
423362,30-11-2023,"Sintonia Feirense - Publicidade e Marketing, Lda.","Avenida Dr. Francisco Sá Carneiro, Edifício Paçô Parque E, 1º drt.",4520-617,Paçô,Santa Maria da Feira,Aveiro,,Sintonia Feirense,"Av. 5 de outubro, Edif. Fonte Santa, 4",4520-162,Santa Maria da Feira,Santa Maria da Feira,Aveiro,,92.0,Generalista,Local,Aveiro,Santa Maria da Feira,Paula Albuquerque,Filipa Gomes,SINTONIA,geral@radiosintonia.pt,08-05-2039
423365,14-03-2024,"Justpoetic, Lda","Rua 1º de Maio, 81 - 1º, Loja B",7300-205,Portalegre,Portalegre,Portalegre,,Rádio Cávado,"R. Dom Afonso, 198",4750-222,Barcelos,Barcelos,Braga,,102.4,Generalista,Local,Braga,Barcelos,Eduardo Costa,Eduardo Costa,,justpoetic2024@gmail.com,08-05-2039
423367,20-11-2024,Rádio Voz de Reguengos de Monsaraz CRL,Campo 25 de abril,7200-389,Reguengos de Monsaraz,Reguengos de Monsaraz,Évora,,Rádio Voz de Reguengos,Campo 25 de Abril,7200-368,Reguengos de Monsaraz,Reguengos de Monsaraz,Évora,,99.0,Generalista,Local,Évora,Reguengos de Monsaraz,Paulo Fernando Chumbo Marcão,Rui Miguel Balancho Lopes,VOZ.REG.,radio.reguengos@gmail.com,29-03-2039
423368,02-02-2026,"TVC Televisão do Centro, Lda.","R. do Calvário, 19",3750-836,Valongo do Vouga,Águeda,Aveiro,,Rádio Caria,Edifício da Junta de Freguesia de Caria,6250-111,Caria,Belmonte,Castelo Branco,,102.5,Generalista,Local,Castelo Branco,Belmonte,Nuno Soares,Sara Soares,R.CARIA,nunosoares@tvc.pt,05-03-2039
423369,16-06-2026,Opacajanela – Unipessoal Lda,"R. Álvaro Ferreira Alves, 28",2855-591,Santa Marta do Pinhal,Seixal,Setúbal,,RACAB - Rádio Castelo Branco,"Av. 1º de Maio, 89 - 1º Esq.",6000-086,Castelo Branco,Castelo Branco,Castelo Branco,,92.00,Generalista,Local,Castelo Branco,Castelo Branco,Ricardo Luís Pires Coelho,Ricardo Luís Pires Coelho,RCBRANCO,,08-05-2039